MFR URL,Ref URL 1,Ref URL 2,Ref URL 3,Ref URL 4,Ref URL 5,PART_NUMBER,Dept,Class,Fine,SKU - MY_PART_NUMBER,Mfg_Part_Num,Part_Desc,E1_Brand,Unilog_Brand,DIB_Brand,Part_Manuf,MANUFACTURER_NAME,BRAND_NAME,TRADE_NAME,MANUFACTURER_PART_NUMBER,ALTERNATE_PART_NUMBER,Classpath,MOBILE_DESC,INVOICE_DESC,SHORT_DESC,LONG_DESC1,RETAIL_DESC,MARKETING_DESCRIPTION,ITEM_FEATURES_1,ITEM_FEATURES_2,ITEM_FEATURES_3,ITEM_FEATURES_4,ITEM_FEATURES_5,ITEM_FEATURES_6,ITEM_FEATURES_7,ITEM_FEATURES_8,ITEM_FEATURES_9,ITEM_FEATURES_10,ITEM_FEATURES_11,ITEM_FEATURES_12,ITEM_FEATURES_13,ITEM_FEATURES_14,ITEM_FEATURES_15,ITEM_FEATURES_16,ITEM_FEATURES_17,ITEM_FEATURES_18,ITEM_FEATURES_19,ITEM_FEATURES_20,With,Standard/Approvals,Prop 65,Application,Includes,Product Name,ATTRIBUTE_LABEL 1,ATTRIBUTE_VALUE 1,ATTRIBUTE_UOM 1,ATTRIBUTE_LABEL 2,ATTRIBUTE_VALUE 2,ATTRIBUTE_UOM 2,ATTRIBUTE_LABEL 3,ATTRIBUTE_VALUE 3,ATTRIBUTE_UOM 3,ATTRIBUTE_LABEL 4,ATTRIBUTE_VALUE 4,ATTRIBUTE_UOM 4,ATTRIBUTE_LABEL 5,ATTRIBUTE_VALUE 5,ATTRIBUTE_UOM 5,ATTRIBUTE_LABEL 6,ATTRIBUTE_VALUE 6,ATTRIBUTE_UOM 6,ATTRIBUTE_LABEL 7,ATTRIBUTE_VALUE 7,ATTRIBUTE_UOM 7,ATTRIBUTE_LABEL 8,ATTRIBUTE_VALUE 8,ATTRIBUTE_UOM 8,ATTRIBUTE_LABEL 9,ATTRIBUTE_VALUE 9,ATTRIBUTE_UOM 9,ATTRIBUTE_LABEL 10,ATTRIBUTE_VALUE 10,ATTRIBUTE_UOM 10,ATTRIBUTE_LABEL 11,ATTRIBUTE_VALUE 11,ATTRIBUTE_UOM 11,ATTRIBUTE_LABEL 12,ATTRIBUTE_VALUE 12,ATTRIBUTE_UOM 12,ATTRIBUTE_LABEL 13,ATTRIBUTE_VALUE 13,ATTRIBUTE_UOM 13,ATTRIBUTE_LABEL 14,ATTRIBUTE_VALUE 14,ATTRIBUTE_UOM 14,ATTRIBUTE_LABEL 15,ATTRIBUTE_VALUE 15,ATTRIBUTE_UOM 15,ATTRIBUTE_LABEL 16,ATTRIBUTE_VALUE 16,ATTRIBUTE_UOM 16,ATTRIBUTE_LABEL 17,ATTRIBUTE_VALUE 17,ATTRIBUTE_UOM 17,ATTRIBUTE_LABEL 18,ATTRIBUTE_VALUE 18,ATTRIBUTE_UOM 18,ATTRIBUTE_LABEL 19,ATTRIBUTE_VALUE 19,ATTRIBUTE_UOM 19,ATTRIBUTE_LABEL 20,ATTRIBUTE_VALUE 20,ATTRIBUTE_UOM 20,ATTRIBUTE_LABEL 21,ATTRIBUTE_VALUE 21,ATTRIBUTE_UOM 21,ATTRIBUTE_LABEL 22,ATTRIBUTE_VALUE 22,ATTRIBUTE_UOM 22,ATTRIBUTE_LABEL 23,ATTRIBUTE_VALUE 23,ATTRIBUTE_UOM 23,ATTRIBUTE_LABEL 24,ATTRIBUTE_VALUE 24,ATTRIBUTE_UOM 24,ATTRIBUTE_LABEL 25,ATTRIBUTE_VALUE 25,ATTRIBUTE_UOM 25,ATTRIBUTE_LABEL 26,ATTRIBUTE_VALUE 26,ATTRIBUTE_UOM 26,ATTRIBUTE_LABEL 27,ATTRIBUTE_VALUE 27,ATTRIBUTE_UOM 27,ATTRIBUTE_LABEL 28,ATTRIBUTE_VALUE 28,ATTRIBUTE_UOM 28,ATTRIBUTE_LABEL 29,ATTRIBUTE_VALUE 29,ATTRIBUTE_UOM 29,ATTRIBUTE_LABEL 30,ATTRIBUTE_VALUE 30,ATTRIBUTE_UOM 30,ATTRIBUTE_LABEL 31,ATTRIBUTE_VALUE 31,ATTRIBUTE_UOM 31,ATTRIBUTE_LABEL 32,ATTRIBUTE_VALUE 32,ATTRIBUTE_UOM 32,ATTRIBUTE_LABEL 33,ATTRIBUTE_VALUE 33,ATTRIBUTE_UOM 33,ATTRIBUTE_LABEL 34,ATTRIBUTE_VALUE 34,ATTRIBUTE_UOM 34,ATTRIBUTE_LABEL 35,ATTRIBUTE_VALUE 35,ATTRIBUTE_UOM 35,ATTRIBUTE_LABEL 36,ATTRIBUTE_VALUE 36,ATTRIBUTE_UOM 36,ATTRIBUTE_LABEL 37,ATTRIBUTE_VALUE 37,ATTRIBUTE_UOM 37,ATTRIBUTE_LABEL 38,ATTRIBUTE_VALUE 38,ATTRIBUTE_UOM 38,ATTRIBUTE_LABEL 39,ATTRIBUTE_VALUE 39,ATTRIBUTE_UOM 39,ATTRIBUTE_LABEL 40,ATTRIBUTE_VALUE 40,ATTRIBUTE_UOM 40,ATTRIBUTE_LABEL 41,ATTRIBUTE_VALUE 41,ATTRIBUTE_UOM 41,ATTRIBUTE_LABEL 42,ATTRIBUTE_VALUE 42,ATTRIBUTE_UOM 42,ATTRIBUTE_LABEL 43,ATTRIBUTE_VALUE 43,ATTRIBUTE_UOM 43,ATTRIBUTE_LABEL 44,ATTRIBUTE_VALUE 44,ATTRIBUTE_UOM 44,ATTRIBUTE_LABEL 45,ATTRIBUTE_VALUE 45,ATTRIBUTE_UOM 45,ATTRIBUTE_LABEL 46,ATTRIBUTE_VALUE 46,ATTRIBUTE_UOM 46,ATTRIBUTE_LABEL 47,ATTRIBUTE_VALUE 47,ATTRIBUTE_UOM 47,ATTRIBUTE_LABEL 48,ATTRIBUTE_VALUE 48,ATTRIBUTE_UOM 48,ATTRIBUTE_LABEL 49,ATTRIBUTE_VALUE 49,ATTRIBUTE_UOM 49,ATTRIBUTE_LABEL 50,ATTRIBUTE_VALUE 50,ATTRIBUTE_UOM 50,UPC,EAN,GTIN,UNSPSC,Warranty,List Price,Selling Qty,Selling UOM,Standard Packaging Information,LENGTH,LENGTH_UOM,HEIGHT,HEIGHT_UOM,WIDTH,WIDTH_UOM,WEIGHT,WEIGHT_UOM,VOLUME,VOLUME_UOM,Product Image,Alternate Image 1,Alternate Image 2,Alternate Image 3,Alternate Image 4,SDS,SDS_1,Warranty Information,Catalog,Specification Sheet,Instruction/Installation Manual,Service Manual,Owners/User Manual,Line Drawing,MTR,RoHS,Full Engineering Drawing,Energy Star Guide,Technical Bulletin,Submittal,Compatibility Chart,Size Chart,Product Label/Insert,Video Link,Video Link 1,Country Of Origin,Discontinued,Actual Image (Yes/No)
,,,,,,,Tools & Equipment,Power Tool Accessories,"Sanding Belts, Discs & Sheets",,DCB518ASTS06G,"DCB518ASTS06G Diablo 1/2""x18"" - Sanding Belt 6pc",-- Unbranded --,-- No Unilog Brand --,-- No DIB Brand --,Freud Inc (2435),Freud Inc,Diablo,,DCB518ASTS06G,,Tools & Equipment>Power Tool Accessories>Coated Abrasives,"Freud Inc Diablo, Sanding Belt, DCB518ASTS06G, 1/2""x18"", 6pc Quantity","SANDING BELT 1/2""X18"" 6PC","Diablo DCB518ASTS06G Sanding Belt, 1/2""x18"", 6pc Quantity","Diablo Sanding Belt, 1/2""x18"", 6pc Quantity","Sanding Belt, 1/2""x18"", 6pc Quantity",,,,,,,,,,,,,,,,,,,,,,,,,,,Sanding Belt,Product Name,Sanding Belt,,Brand,Diablo,,Material,,,Color,,,Size,"1/2""x18""",,Quantity,6pc,,,,,,,,,,,,,,,,,,,,,,,,,,,,,,,,,,,,,,,,,,,,,,,,,,,,,,,,,,,,,,,,,,,,,,,,,,,,,,,,,,,,,,,,,,,,,,,,,,,,,,,,,,,,,,,,,,,,,,,,,,,,,,,,,,,,,,,,,31191500,,,6,PK,,,,,,,,,,,,,,,,,,,,,,,,,,,,,,,,,,,,,,,
,,,,,,,Tools & Equipment,Power Tool Accessories,"Sanding Belts, Discs & Sheets",,3MABR-7100075678,3M 775L Stikit Film P150 - Cubitron II 50 Disc/Box,-- Unbranded --,-- No Unilog Brand --,-- No DIB Brand --,Jam Industrial Supply LLC (JAMIN),Jam Industrial Supply LLC,3M,,3MABR-7100075678,,Tools & Equipment>Power Tool Accessories>Coated Abrasives,"Jam Industrial Supply LLC 3M, Stikit Film P150, 3MABR-7100075678",STIKIT FILM P150,"3M 3MABR-7100075678 Stikit Film P150, 50 Disc/Box Quantity","3M Stikit Film P150, 50 Disc/Box Quantity","Stikit Film P150, 50 Disc/Box Quantity",,,,,,,,,,,,,,,,,,,,,,,,,,,Stikit Film P150,Product Name,Stikit Film P150,,Brand,3,m,Material,,,Color,,,Size,,,Quantity,50 Disc/Box,,,,,,,,,,,,,,,,,,,,,,,,,,,,,,,,,,,,,,,,,,,,,,,,,,,,,,,,,,,,,,,,,,,,,,,,,,,,,,,,,,,,,,,,,,,,,,,,,,,,,,,,,,,,,,,,,,,,,,,,,,,,,,,,,,,,,,,,,31191500,,,,,,,,,,,,,,,,,,,,,,,,,,,,,,,,,,,,,,,,,,,
,,,,,,,Tools & Equipment,Power Tool Accessories,"Sanding Belts, Discs & Sheets",,3MABR-7100045865,3M 775L Stikit Film P120 - Cubitron II 50 Disc/Box,-- Unbranded --,-- No Unilog Brand --,-- No DIB Brand --,Jam Industrial Supply LLC (JAMIN),Jam Industrial Supply LLC,3M,,3MABR-7100045865,,Tools & Equipment>Power Tool Accessories>Coated Abrasives,"Jam Industrial Supply LLC 3M, Stikit Film P120, 3MABR-7100045865",STIKIT FILM P120,"3M 3MABR-7100045865 Stikit Film P120, Cubitron II, 50 Disc/Box Quantity","3M Stikit Film P120, Cubitron II, 50 Disc/Box Quantity","Stikit Film P120, Cubitron II, 50 Disc/Box Quantity",,,,,,,,,,,,,,,,,,,,,,,,,,,Stikit Film P120,Product Name,Stikit Film P120,,Brand,3,m,Material,Cubitron II,,Color,,,Size,,,Quantity,50 Disc/Box,,,,,,,,,,,,,,,,,,,,,,,,,,,,,,,,,,,,,,,,,,,,,,,,,,,,,,,,,,,,,,,,,,,,,,,,,,,,,,,,,,,,,,,,,,,,,,,,,,,,,,,,,,,,,,,,,,,,,,,,,,,,,,,,,,,,,,,,,31191500,,,,,,,,,,,,,,,,,,,,,,,,,,,,,,,,,,,,,,,,,,,
,,,,,,,Tools & Equipment,Power Tool Accessories,"Sanding Belts, Discs & Sheets",,3MABR-7100048736,3M 775L Stikit Film P80 - Cubitron II 50 Disc/Box,-- Unbranded --,-- No Unilog Brand --,-- No DIB Brand --,Jam Industrial Supply LLC (JAMIN),Jam Industrial Supply LLC,3M,,3MABR-7100048736,,Tools & Equipment>Power Tool Accessories>Coated Abrasives,"Jam Industrial Supply LLC 3M, Stikit Film P80, 3MABR-7100048736",STIKIT FILM P80,"3M 3MABR-7100048736 Stikit Film P80, Cubitron II, 50 Disc/Box Quantity","3M Stikit Film P80, Cubitron II, 50 Disc/Box Quantity","Stikit Film P80, Cubitron II, 50 Disc/Box Quantity",,,,,,,,,,,,,,,,,,,,,,,,,,,Stikit Film P80,Product Name,Stikit Film P80,,Brand,3,m,Material,Cubitron II,,Color,,,Size,,,Quantity,50 Disc/Box,,,,,,,,,,,,,,,,,,,,,,,,,,,,,,,,,,,,,,,,,,,,,,,,,,,,,,,,,,,,,,,,,,,,,,,,,,,,,,,,,,,,,,,,,,,,,,,,,,,,,,,,,,,,,,,,,,,,,,,,,,,,,,,,,,,,,,,,,31191500,,,,,,,,,,,,,,,,,,,,,,,,,,,,,,,,,,,,,,,,,,,
,,,,,,,Tools & Equipment,Power Tool Accessories,"Sanding Belts, Discs & Sheets",,3MABR-7100075690,3M 775L Stikit Film P180 - Cubitron II 50 Disc/Box,-- Unbranded --,-- No Unilog Brand --,-- No DIB Brand --,Jam Industrial Supply LLC (JAMIN),Jam Industrial Supply LLC,3M,,3MABR-7100075690,,Tools & Equipment>Power Tool Accessories>Coated Abrasives,"Jam Industrial Supply LLC 3M, Stikit Film P180, 3MABR-7100075690",STIKIT FILM P180,"3M 3MABR-7100075690 Stikit Film P180, Cubitron II, 50 Disc/Box Quantity","3M Stikit Film P180, Cubitron II, 50 Disc/Box Quantity","Stikit Film P180, Cubitron II, 50 Disc/Box Quantity",,,,,,,,,,,,,,,,,,,,,,,,,,,Stikit Film P180,Product Name,Stikit Film P180,,Brand,3,m,Material,Cubitron II,,Color,,,Size,,,Quantity,50 Disc/Box,,,,,,,,,,,,,,,,,,,,,,,,,,,,,,,,,,,,,,,,,,,,,,,,,,,,,,,,,,,,,,,,,,,,,,,,,,,,,,,,,,,,,,,,,,,,,,,,,,,,,,,,,,,,,,,,,,,,,,,,,,,,,,,,,,,,,,,,,31191500,,,,,,,,,,,,,,,,,,,,,,,,,,,,,,,,,,,,,,,,,,,
,,,,,,,Tools & Equipment,Power Tool Accessories,"Sanding Belts, Discs & Sheets",,3MABR-7100075692,3M 775L Stikit Film P220 - Cubitron II 50 Disc/Box,-- Unbranded --,-- No Unilog Brand --,-- No DIB Brand --,Jam Industrial Supply LLC (JAMIN),Jam Industrial Supply LLC,3M,,3MABR-7100075692,,Tools & Equipment>Power Tool Accessories>Coated Abrasives,"Jam Industrial Supply LLC 3M, Stikit Film P220, 3MABR-7100075692",STIKIT FILM P220,"3M 3MABR-7100075692 Stikit Film P220, 50 Disc/Box Quantity","3M Stikit Film P220, 50 Disc/Box Quantity","Stikit Film P220, 50 Disc/Box Quantity",,,,,,,,,,,,,,,,,,,,,,,,,,,Stikit Film P220,Product Name,Stikit Film P220,,Brand,3,m,Material,,,Color,,,Size,,,Quantity,50 Disc/Box,,,,,,,,,,,,,,,,,,,,,,,,,,,,,,,,,,,,,,,,,,,,,,,,,,,,,,,,,,,,,,,,,,,,,,,,,,,,,,,,,,,,,,,,,,,,,,,,,,,,,,,,,,,,,,,,,,,,,,,,,,,,,,,,,,,,,,,,,31191500,,,,,,,,,,,,,,,,,,,,,,,,,,,,,,,,,,,,,,,,,,,
,,,,,,,Tools & Equipment,Power Tool Accessories,"Sanding Belts, Discs & Sheets",,3MABR-7100145365,3M 775L Stikit Film P320 - Cubitron II 50 Disc/Box,-- Unbranded --,-- No Unilog Brand --,-- No DIB Brand --,Jam Industrial Supply LLC (JAMIN),Jam Industrial Supply LLC,3M,,3MABR-7100145365,,Tools & Equipment>Power Tool Accessories>Coated Abrasives,"Jam Industrial Supply LLC 3M, Stikit Film P320, 3MABR-7100145365",STIKIT FILM P320,"3M 3MABR-7100145365 Stikit Film P320, Cubitron II, 50 Disc/Box Quantity","3M Stikit Film P320, Cubitron II, 50 Disc/Box Quantity","Stikit Film P320, Cubitron II, 50 Disc/Box Quantity",,,,,,,,,,,,,,,,,,,,,,,,,,,Stikit Film P320,Product Name,Stikit Film P320,,Brand,3,m,Material,Cubitron II,,Color,,,Size,,,Quantity,50 Disc/Box,,,,,,,,,,,,,,,,,,,,,,,,,,,,,,,,,,,,,,,,,,,,,,,,,,,,,,,,,,,,,,,,,,,,,,,,,,,,,,,,,,,,,,,,,,,,,,,,,,,,,,,,,,,,,,,,,,,,,,,,,,,,,,,,,,,,,,,,,31191500,,,,,,,,,,,,,,,,,,,,,,,,,,,,,,,,,,,,,,,,,,,
,,,,,,,Tools & Equipment,Power Tool Accessories,"Sanding Belts, Discs & Sheets",,5B-332-080,"5B-332-080 HIOLIT 5"" P80",-- Unbranded --,-- No Unilog Brand --,-- No DIB Brand --,Mirka Abrasives Inc (MIRUS),Mirka Abrasives Inc,HIOLIT,,5B-332-080,,Tools & Equipment>Power Tool Accessories>Coated Abrasives,"Mirka Abrasives Inc HIOLIT, HIOLIT, 5B-332-080, 5"" P80","HIOLIT 5"" P80","HIOLIT 5B-332-080 HIOLIT, 5"" P80","HIOLIT HIOLIT, 5"" P80","HIOLIT, 5"" P80",,,,,,,,,,,,,,,,,,,,,,,,,,,HIOLIT,Product Name,HIOLIT,,Brand,HIOLIT,,Material,,,Color,,,Size,"5"" P80",,Quantity,,,,,,,,,,,,,,,,,,,,,,,,,,,,,,,,,,,,,,,,,,,,,,,,,,,,,,,,,,,,,,,,,,,,,,,,,,,,,,,,,,,,,,,,,,,,,,,,,,,,,,,,,,,,,,,,,,,,,,,,,,,,,,,,,,,,,,,,,,31191500,,,,,,,,,,,,,,,,,,,,,,,,,,,,,,,,,,,,,,,,,,,
,,,,,,,Tools & Equipment,Power Tool Accessories,"Sanding Belts, Discs & Sheets",,5B-332-120,"5B-332-120 HIOLIT 5"" P120",-- Unbranded --,-- No Unilog Brand --,-- No DIB Brand --,Mirka Abrasives Inc (MIRUS),Mirka Abrasives Inc,HIOLIT,,5B-332-120,,Tools & Equipment>Power Tool Accessories>Coated Abrasives,"Mirka Abrasives Inc HIOLIT, 5B-332-120 HIOLIT 5"" P120, 5B-332-120","5B-332-120 HIOLIT 5"" P120","HIOLIT 5B-332-120 5B-332-120 HIOLIT 5"" P120","HIOLIT 5B-332-120 HIOLIT 5"" P120","5B-332-120 HIOLIT 5"" P120",,,,,,,,,,,,,,,,,,,,,,,,,,,"5B-332-120 HIOLIT 5"" P120",Product Name,"5B-332-120 HIOLIT 5"" P120",,Brand,HIOLIT,,Material,,,Color,,,Size,,,Quantity,,,,,,,,,,,,,,,,,,,,,,,,,,,,,,,,,,,,,,,,,,,,,,,,,,,,,,,,,,,,,,,,,,,,,,,,,,,,,,,,,,,,,,,,,,,,,,,,,,,,,,,,,,,,,,,,,,,,,,,,,,,,,,,,,,,,,,,,,,31191500,,,,,,,,,,,,,,,,,,,,,,,,,,,,,,,,,,,,,,,,,,,
,,,,,,,Tools & Equipment,Power Tool Accessories,"Sanding Belts, Discs & Sheets",,9A-570-240,9A-570-240 Abranet 2.75x30,-- Unbranded --,-- No Unilog Brand --,-- No DIB Brand --,Mirka Abrasives Inc (MIRUS),Mirka Abrasives Inc,,,9A-570-240,,Tools & Equipment>Power Tool Accessories>Coated Abrasives,"Mirka Abrasives Inc, Abranet, 9A-570-240, 2.75x30",ABRANET 2.75X30,"9A-570-240 Abranet, 2.75x30","Abranet, 2.75x30","Abranet, 2.75x30",,,,,,,,,,,,,,,,,,,,,,,,,,,Abranet,Product Name,Abranet,,Brand,,,Material,,,Color,,,Size,2.75x30,,Quantity,,,,,,,,,,,,,,,,,,,,,,,,,,,,,,,,,,,,,,,,,,,,,,,,,,,,,,,,,,,,,,,,,,,,,,,,,,,,,,,,,,,,,,,,,,,,,,,,,,,,,,,,,,,,,,,,,,,,,,,,,,,,,,,,,,,,,,,,,,31191500,,,,,,,,,,,,,,,,,,,,,,,,,,,,,,,,,,,,,,,,,,,
,,,,,,,Tools & Equipment,Power Tool Accessories,"Sanding Belts, Discs & Sheets",,9A-570-320,9A-570-320 Abranet 2.75x30,-- Unbranded --,-- No Unilog Brand --,-- No DIB Brand --,Mirka Abrasives Inc (MIRUS),Mirka Abrasives Inc,,,9A-570-320,,Tools & Equipment>Power Tool Accessories>Coated Abrasives,"Mirka Abrasives Inc, Abranet, 9A-570-320, 2.75x30",ABRANET 2.75X30,"9A-570-320 Abranet, 2.75x30","Abranet, 2.75x30","Abranet, 2.75x30",,,,,,,,,,,,,,,,,,,,,,,,,,,Abranet,Product Name,Abranet,,Brand,,,Material,2.75x30,,Color,,,Size,,,Quantity,,,,,,,,,,,,,,,,,,,,,,,,,,,,,,,,,,,,,,,,,,,,,,,,,,,,,,,,,,,,,,,,,,,,,,,,,,,,,,,,,,,,,,,,,,,,,,,,,,,,,,,,,,,,,,,,,,,,,,,,,,,,,,,,,,,,,,,,,,31191500,,,,,,,,,,,,,,,,,,,,,,,,,,,,,,,,,,,,,,,,,,,
,,,,,,,Tools & Equipment,Power Tool Accessories,Cut-Off & Grinding Wheels,,DBD090094101F,"DBD090094101F Diablo 9"" - Metal Cut-Off Disc",-- Unbranded --,-- No Unilog Brand --,-- No DIB Brand --,Freud Inc (2435),Freud Inc,,,DBD090094101F,,Tools & Equipment>Power Tool Accessories>Abrasive Wheels,"Freud Inc, Cut-Off Wheel, DBD090094101F, 9 in Diameter, metal Application",CUT-OFF WHEEL 9IN METAL CUT-OFF 1,"DBD090094101F Cut-Off Wheel, 9 in Diameter, metal Application, cut-off Wheel Type, 1 Quantity","Cut-Off Wheel, 9 in Diameter, metal Application, cut-off Wheel Type, 1 Quantity","Cut-Off Wheel, 9 in Diameter, metal Application, cut-off Wheel Type, 1 Quantity",,9 in,,,,,,,,,,,,,,,,,,,,,,,metal,,,Diameter,9,in,Thickness,,,Arbor Size,,,Application,metal,,Wheel Type,cut-off,,Abrasive,,,Maximum Speed,,,Quantity,1,,,,,,,,,,,,,,,,,,,,,,,,,,,,,,,,,,,,,,,,,,,,,,,,,,,,,,,,,,,,,,,,,,,,,,,,,,,,,,,,,,,,,,,,,,,,,,,,,,,,,,,,,,,,,,,,,,,,,,,,,,,,,,,,,,,23101500,,,1,EA,,,,,,,,,,,,,,,,,,,,,,,,,,,,,,,,,,,,,,,
,,,,,,,Tools & Equipment,Power Tool Accessories,Cut-Off & Grinding Wheels,,DBDS12125A01F,"DBDS12125A01F Diablo 12"" - Steel Demon Metal Cut-Off Disc",-- Unbranded --,-- No Unilog Brand --,-- No DIB Brand --,Freud Inc (2435),Freud Inc,,,DBDS12125A01F,,Tools & Equipment>Power Tool Accessories>Abrasive Wheels,"Freud Inc, Cut-Off Wheel, DBDS12125A01F, 12 in Diameter, steel Application",CUT-OFF WHEEL 12IN STEEL CUT-OFF 1,"DBDS12125A01F Cut-Off Wheel, 12 in Diameter, steel Application, cut-off Wheel Type, 1 Quantity","Cut-Off Wheel, 12 in Diameter, steel Application, cut-off Wheel Type, 1 Quantity","Cut-Off Wheel, 12 in Diameter, steel Application, cut-off Wheel Type, 1 Quantity",,12 in,,,,,,,,,,,,,,,,,,,,,,,steel,,,Diameter,12,in,Thickness,,,Arbor Size,,,Application,steel,,Wheel Type,cut-off,,Abrasive,,,Maximum Speed,,,Quantity,1,,,,,,,,,,,,,,,,,,,,,,,,,,,,,,,,,,,,,,,,,,,,,,,,,,,,,,,,,,,,,,,,,,,,,,,,,,,,,,,,,,,,,,,,,,,,,,,,,,,,,,,,,,,,,,,,,,,,,,,,,,,,,,,,,,,23101500,,,1,EA,,,,,,,,,,,,,,,,,,,,,,,,,,,,,,,,,,,,,,,
,,,,,,,Tools & Equipment,Power Tool Accessories,Cut-Off & Grinding Wheels,,DBDS12125G01F,"DBDS12125G01F Diablo 12""x20mm - Speed Demon Metal Cut-Off Disc",-- Unbranded --,-- No Unilog Brand --,-- No DIB Brand --,Freud Inc (2435),Freud Inc,,,DBDS12125G01F,,Tools & Equipment>Power Tool Accessories>Abrasive Wheels,"Freud Inc, Cut-Off Wheel, DBDS12125G01F, 12 in Diameter, 20 mm Thickness",CUT-OFF WHEEL 12IN 20MM METAL CUT-OFF,"DBDS12125G01F Cut-Off Wheel, 12 in Diameter, 20 mm Thickness, metal Application, cut-off Wheel Type","Cut-Off Wheel, 12 in Diameter, 20 mm Thickness, metal Application, cut-off Wheel Type, Metal Cut-Off Disc Abrasive","Cut-Off Wheel, 12 in Diameter, 20 mm Thickness, metal Application, cut-off Wheel Type, Metal Cut-Off Disc Abrasive",,12 in,20 mm,,,,,,,,,,,,,,,,,,,,,,metal,,,Diameter,12,in,Thickness,20,mm,Arbor Size,,,Application,metal,,Wheel Type,cut-off,,Abrasive,Metal Cut-Off Disc,,Maximum Speed,,,Quantity,,,,,,,,,,,,,,,,,,,,,,,,,,,,,,,,,,,,,,,,,,,,,,,,,,,,,,,,,,,,,,,,,,,,,,,,,,,,,,,,,,,,,,,,,,,,,,,,,,,,,,,,,,,,,,,,,,,,,,,,,,,,,,,,,,,,23101500,,,,,,,,,,,,,,,,,,,,,,,,,,,,,,,,,,,,,,,,,,,
,,,,,,,Tools & Equipment,Power Tool Accessories,Cut-Off & Grinding Wheels,,DBDS14125A01F,"DBDS14125A01F Diablo 14""x1"" - Steel Demon Metal Cut-Off Disc",-- Unbranded --,-- No Unilog Brand --,-- No DIB Brand --,Freud Inc (2435),Freud Inc,,,DBDS14125A01F,,Tools & Equipment>Power Tool Accessories>Abrasive Wheels,"Freud Inc, Cut-Off Wheel, DBDS14125A01F, 14 in Diameter, 1 in Thickness",CUT-OFF WHEEL 14IN 1IN STEEL CUT-OFF 1,"DBDS14125A01F Cut-Off Wheel, 14 in Diameter, 1 in Thickness, steel Application, cut-off Wheel Type, 1 Quantity","Cut-Off Wheel, 14 in Diameter, 1 in Thickness, steel Application, cut-off Wheel Type, 1 Quantity","Cut-Off Wheel, 14 in Diameter, 1 in Thickness, steel Application, cut-off Wheel Type, 1 Quantity",,14 in,1 in,,,,,,,,,,,,,,,,,,,,,,steel,,,Diameter,14,in,Thickness,1,in,Arbor Size,,,Application,steel,,Wheel Type,cut-off,,Abrasive,,,Maximum Speed,,,Quantity,1,,,,,,,,,,,,,,,,,,,,,,,,,,,,,,,,,,,,,,,,,,,,,,,,,,,,,,,,,,,,,,,,,,,,,,,,,,,,,,,,,,,,,,,,,,,,,,,,,,,,,,,,,,,,,,,,,,,,,,,,,,,,,,,,,,,23101500,,,1,EA,,,,,,,,,,,,,,,,,,,,,,,,,,,,,,,,,,,,,,,
,,,,,,,Tools & Equipment,Power Tool Accessories,Cut-Off & Grinding Wheels,,DBDS14125G01F,"DBDS14125G01F Diablo 14""x20mm - Steel Demon Metal Cut-Off Disc",-- Unbranded --,-- No Unilog Brand --,-- No DIB Brand --,Freud Inc (2435),Freud Inc,,,DBDS14125G01F,,Tools & Equipment>Power Tool Accessories>Abrasive Wheels,"Freud Inc, Cut-Off Wheel, DBDS14125G01F, 14 in Diameter, 20 mm Thickness",CUT-OFF WHEEL 14IN 20MM STEEL CUT-OFF,"DBDS14125G01F Cut-Off Wheel, 14 in Diameter, 20 mm Thickness, steel Application, cut-off Wheel Type","Cut-Off Wheel, 14 in Diameter, 20 mm Thickness, steel Application, cut-off Wheel Type","Cut-Off Wheel, 14 in Diameter, 20 mm Thickness, steel Application, cut-off Wheel Type",,14 in,20 mm,,,,,,,,,,,,,,,,,,,,,,steel,,,Diameter,14,in,Thickness,20,mm,Arbor Size,,,Application,steel,,Wheel Type,cut-off,,Abrasive,,,Maximum Speed,,,Quantity,,,,,,,,,,,,,,,,,,,,,,,,,,,,,,,,,,,,,,,,,,,,,,,,,,,,,,,,,,,,,,,,,,,,,,,,,,,,,,,,,,,,,,,,,,,,,,,,,,,,,,,,,,,,,,,,,,,,,,,,,,,,,,,,,,,,23101500,,,,,,,,,,,,,,,,,,,,,,,,,,,,,,,,,,,,,,,,,,,
,,,,,,,Tools & Equipment,Power Tool Accessories,Cut-Off & Grinding Wheels,,49-94-0013,"49-94-0013 Milw 5""x.045""x7/8"" Metal Cut Off Disc",-- Unbranded --,-- No Unilog Brand --,-- No DIB Brand --,Milwaukee Accessory (4031),Milwaukee Accessory,,,49-94-0013,,Tools & Equipment>Power Tool Accessories>Abrasive Wheels,"Milwaukee Accessory, Cut-Off Wheel, 49-94-0013, 5 in Diameter",CUT-OFF WHEEL 5IN .045IN 7/8IN METAL 1,"49-94-0013 Cut-Off Wheel, 5 in Diameter, .045 in Thickness, 7/8 in Arbor Size, metal Application, cut-off Wheel Type","Cut-Off Wheel, 5 in Diameter, .045 in Thickness, 7/8 in Arbor Size, metal Application, cut-off Wheel Type, 1 Quantity","Cut-Off Wheel, 5 in Diameter, .045 in Thickness, 7/8 in Arbor Size, metal Application, cut-off Wheel Type, 1 Quantity",,5 in,.045 in,7/8 in,,,,,,,,,,,,,,,,,,,,,metal,,,Diameter,5,in,Thickness,.045,in,Arbor Size,7/8,in,Application,metal,,Wheel Type,cut-off,,Abrasive,,,Maximum Speed,,,Quantity,1,,,,,,,,,,,,,,,,,,,,,,,,,,,,,,,,,,,,,,,,,,,,,,,,,,,,,,,,,,,,,,,,,,,,,,,,,,,,,,,,,,,,,,,,,,,,,,,,,,,,,,,,,,,,,,,,,,,,,,,,,,,,,,,,,,,23101500,,,1,EA,,,,,,,,,,,,,,,,,,,,,,,,,,,,,,,,,,,,,,,
,,,,,,,Tools & Equipment,Power Tool Accessories,Cut-Off & Grinding Wheels,,49-94-0029,"49-94-0029 Milw 6-1/2""x1/8""x5/8"" DKO Metal Cut Off Disc",-- Unbranded --,-- No Unilog Brand --,-- No DIB Brand --,Milwaukee Accessory (4031),Milwaukee Accessory,,,49-94-0029,,Tools & Equipment>Power Tool Accessories>Abrasive Wheels,"Milwaukee Accessory, Cut-Off Wheel, 49-94-0029, 6-1/2 in Diameter",CUT-OFF WHEEL 6-1/2IN 1/8IN 5/8IN METAL,"49-94-0029 Cut-Off Wheel, 6-1/2 in Diameter, 1/8 in Thickness, 5/8 in Arbor Size, metal Application, cut-off Wheel Type","Cut-Off Wheel, 6-1/2 in Diameter, 1/8 in Thickness, 5/8 in Arbor Size, metal Application, cut-off Wheel Type, 1 Quantity","Cut-Off Wheel, 6-1/2 in Diameter, 1/8 in Thickness, 5/8 in Arbor Size, metal Application, cut-off Wheel Type, 1 Quantity",,6-1/2 in,1/8 in,5/8 in,,,,,,,,,,,,,,,,,,,,,metal,,,Diameter,6-1/2,in,Thickness,1/8,in,Arbor Size,5/8,in,Application,metal,,Wheel Type,cut-off,,Abrasive,,,Maximum Speed,,,Quantity,1,,,,,,,,,,,,,,,,,,,,,,,,,,,,,,,,,,,,,,,,,,,,,,,,,,,,,,,,,,,,,,,,,,,,,,,,,,,,,,,,,,,,,,,,,,,,,,,,,,,,,,,,,,,,,,,,,,,,,,,,,,,,,,,,,,,23101500,,,1,EA,,,,,,,,,,,,,,,,,,,,,,,,,,,,,,,,,,,,,,,
,,,,,,,Tools & Equipment,Power Tool Accessories,Cut-Off & Grinding Wheels,,49-94-0033,"49-94-0033 Milw 7""x1/16""x7/8"" Metal Cut Off Disc",-- Unbranded --,-- No Unilog Brand --,-- No DIB Brand --,Milwaukee Accessory (4031),Milwaukee Accessory,,,49-94-0033,,Tools & Equipment>Power Tool Accessories>Abrasive Wheels,"Milwaukee Accessory, Cut-Off Wheel, 49-94-0033, 7 in Diameter",CUT-OFF WHEEL 7IN 1/16IN 7/8IN METAL 1,"49-94-0033 Cut-Off Wheel, 7 in Diameter, 1/16 in Thickness, 7/8 in Arbor Size, metal Application, cut-off Wheel Type","Cut-Off Wheel, 7 in Diameter, 1/16 in Thickness, 7/8 in Arbor Size, metal Application, cut-off Wheel Type, 1 Quantity","Cut-Off Wheel, 7 in Diameter, 1/16 in Thickness, 7/8 in Arbor Size, metal Application, cut-off Wheel Type, 1 Quantity",,7 in,1/16 in,7/8 in,,,,,,,,,,,,,,,,,,,,,metal,,,Diameter,7,in,Thickness,1/16,in,Arbor Size,7/8,in,Application,metal,,Wheel Type,cut-off,,Abrasive,,,Maximum Speed,,,Quantity,1,,,,,,,,,,,,,,,,,,,,,,,,,,,,,,,,,,,,,,,,,,,,,,,,,,,,,,,,,,,,,,,,,,,,,,,,,,,,,,,,,,,,,,,,,,,,,,,,,,,,,,,,,,,,,,,,,,,,,,,,,,,,,,,,,,,23101500,,,1,EA,,,,,,,,,,,,,,,,,,,,,,,,,,,,,,,,,,,,,,,
,,,,,,,Tools & Equipment,Power Tool Accessories,Cut-Off & Grinding Wheels,,49-94-0001,"49-94-0001 Milw 4""x.040""x5/8"" Metal Cut Off Disc",-- Unbranded --,-- No Unilog Brand --,-- No DIB Brand --,Milwaukee Accessory (4031),Milwaukee Accessory,,,49-94-0001,,Tools & Equipment>Power Tool Accessories>Abrasive Wheels,"Milwaukee Accessory, Cut-Off Wheel, 49-94-0001, 4 in Diameter",CUT-OFF WHEEL 4IN .040IN 5/8IN METAL 1,"49-94-0001 Cut-Off Wheel, 4 in Diameter, .040 in Thickness, 5/8 in Arbor Size, metal Application, cut-off Wheel Type","Cut-Off Wheel, 4 in Diameter, .040 in Thickness, 5/8 in Arbor Size, metal Application, cut-off Wheel Type, 1 Quantity","Cut-Off Wheel, 4 in Diameter, .040 in Thickness, 5/8 in Arbor Size, metal Application, cut-off Wheel Type, 1 Quantity",,4 in,.040 in,5/8 in,,,,,,,,,,,,,,,,,,,,,metal,,,Diameter,4,in,Thickness,.040,in,Arbor Size,5/8,in,Application,metal,,Wheel Type,cut-off,,Abrasive,,,Maximum Speed,,,Quantity,1,,,,,,,,,,,,,,,,,,,,,,,,,,,,,,,,,,,,,,,,,,,,,,,,,,,,,,,,,,,,,,,,,,,,,,,,,,,,,,,,,,,,,,,,,,,,,,,,,,,,,,,,,,,,,,,,,,,,,,,,,,,,,,,,,,,23101500,,,1,EA,,,,,,,,,,,,,,,,,,,,,,,,,,,,,,,,,,,,,,,
,,,,,,,Tools & Equipment,Power Tool Accessories,Cut-Off & Grinding Wheels,,49-94-0039,"49-94-0039 Milw 7""x1/8""x5/8"" DKO Metal Cut Off Disc",-- Unbranded --,-- No Unilog Brand --,-- No DIB Brand --,Milwaukee Accessory (4031),Milwaukee Accessory,,,49-94-0039,,Tools & Equipment>Power Tool Accessories>Abrasive Wheels,"Milwaukee Accessory, Cut-Off Wheel, 49-94-0039, 7 in Diameter",CUT-OFF WHEEL 7IN 1/8IN 5/8IN METAL 1,"49-94-0039 Cut-Off Wheel, 7 in Diameter, 1/8 in Thickness, 5/8 in Arbor Size, metal Application, cut-off Wheel Type","Cut-Off Wheel, 7 in Diameter, 1/8 in Thickness, 5/8 in Arbor Size, metal Application, cut-off Wheel Type, 1 Quantity","Cut-Off Wheel, 7 in Diameter, 1/8 in Thickness, 5/8 in Arbor Size, metal Application, cut-off Wheel Type, 1 Quantity",,7 in,1/8 in,5/8 in,,,,,,,,,,,,,,,,,,,,,metal,,,Diameter,7,in,Thickness,1/8,in,Arbor Size,5/8,in,Application,metal,,Wheel Type,cut-off,,Abrasive,,,Maximum Speed,,,Quantity,1,,,,,,,,,,,,,,,,,,,,,,,,,,,,,,,,,,,,,,,,,,,,,,,,,,,,,,,,,,,,,,,,,,,,,,,,,,,,,,,,,,,,,,,,,,,,,,,,,,,,,,,,,,,,,,,,,,,,,,,,,,,,,,,,,,,23101500,,,1,EA,,,,,,,,,,,,,,,,,,,,,,,,,,,,,,,,,,,,,,,
,,,,,,,Tools & Equipment,Power Tool Accessories,Cut-Off & Grinding Wheels,,49-94-0043,"49-94-0043 Milw 9""x3/32""x7/8"" Metal Cut Off Disc",-- Unbranded --,-- No Unilog Brand --,-- No DIB Brand --,Milwaukee Accessory (4031),Milwaukee Accessory,,,49-94-0043,,Tools & Equipment>Power Tool Accessories>Abrasive Wheels,"Milwaukee Accessory, Cut-Off Wheel, 49-94-0043, 9 in Diameter",CUT-OFF WHEEL 9IN 3/32IN 7/8IN METAL,"49-94-0043 Cut-Off Wheel, 9 in Diameter, 3/32 in Thickness, 7/8 in Arbor Size, metal Application, cut-off Wheel Type","Cut-Off Wheel, 9 in Diameter, 3/32 in Thickness, 7/8 in Arbor Size, metal Application, cut-off Wheel Type","Cut-Off Wheel, 9 in Diameter, 3/32 in Thickness, 7/8 in Arbor Size, metal Application, cut-off Wheel Type",,9 in,3/32 in,7/8 in,,,,,,,,,,,,,,,,,,,,,metal,,,Diameter,9,in,Thickness,3/32,in,Arbor Size,7/8,in,Application,metal,,Wheel Type,cut-off,,Abrasive,,,Maximum Speed,,,Quantity,,,,,,,,,,,,,,,,,,,,,,,,,,,,,,,,,,,,,,,,,,,,,,,,,,,,,,,,,,,,,,,,,,,,,,,,,,,,,,,,,,,,,,,,,,,,,,,,,,,,,,,,,,,,,,,,,,,,,,,,,,,,,,,,,,,,23101500,,,,,,,,,,,,,,,,,,,,,,,,,,,,,,,,,,,,,,,,,,,
,,,,,,,Tools & Equipment,Power Tool Accessories,Cut-Off & Grinding Wheels,,49-94-0048,"49-94-0048 Milw 12""x7/64""x1"" Metal Cut Off Disc General Purpose",-- Unbranded --,-- No Unilog Brand --,-- No DIB Brand --,Milwaukee Accessory (4031),Milwaukee Accessory,,,49-94-0048,,Tools & Equipment>Power Tool Accessories>Abrasive Wheels,"Milwaukee Accessory, Cut-Off Wheel, 49-94-0048, 12 in Diameter",CUT-OFF WHEEL 12IN 7/64IN 1IN METAL,"49-94-0048 Cut-Off Wheel, 12 in Diameter, 7/64 in Thickness, 1 in Arbor Size, metal Application, cut-off Wheel Type","Cut-Off Wheel, 12 in Diameter, 7/64 in Thickness, 1 in Arbor Size, metal Application, cut-off Wheel Type, General Purpose Quantity","Cut-Off Wheel, 12 in Diameter, 7/64 in Thickness, 1 in Arbor Size, metal Application, cut-off Wheel Type",,12 in,7/64 in,1 in,,,,,,,,,,,,,,,,,,,,,metal,,,Diameter,12,in,Thickness,7/64,in,Arbor Size,1,in,Application,metal,,Wheel Type,cut-off,,Abrasive,,,Maximum Speed,,,Quantity,General Purpose,,,,,,,,,,,,,,,,,,,,,,,,,,,,,,,,,,,,,,,,,,,,,,,,,,,,,,,,,,,,,,,,,,,,,,,,,,,,,,,,,,,,,,,,,,,,,,,,,,,,,,,,,,,,,,,,,,,,,,,,,,,,,,,,,,,23101500,,,,,,,,,,,,,,,,,,,,,,,,,,,,,,,,,,,,,,,,,,,
,,,,,,,Tools & Equipment,Power Tool Accessories,Cut-Off & Grinding Wheels,,49-94-0053,"49-94-0053 Milw 12""x1/8""x1"" Metal Cut Off Disc",-- Unbranded --,-- No Unilog Brand --,-- No DIB Brand --,Milwaukee Accessory (4031),Milwaukee Accessory,,,49-94-0053,,Tools & Equipment>Power Tool Accessories>Abrasive Wheels,"Milwaukee Accessory, Cut-Off Wheel, 49-94-0053, 12 in Diameter",CUT-OFF WHEEL 12IN 1/8IN 1IN METAL 1,"49-94-0053 Cut-Off Wheel, 12 in Diameter, 1/8 in Thickness, 1 in Arbor Size, metal Application, cut-off Wheel Type","Cut-Off Wheel, 12 in Diameter, 1/8 in Thickness, 1 in Arbor Size, metal Application, cut-off Wheel Type, 1 Quantity","Cut-Off Wheel, 12 in Diameter, 1/8 in Thickness, 1 in Arbor Size, metal Application, cut-off Wheel Type, 1 Quantity",,12 in,1/8 in,1 in,,,,,,,,,,,,,,,,,,,,,metal,,,Diameter,12,in,Thickness,1/8,in,Arbor Size,1,in,Application,metal,,Wheel Type,cut-off,,Abrasive,,,Maximum Speed,,,Quantity,1,,,,,,,,,,,,,,,,,,,,,,,,,,,,,,,,,,,,,,,,,,,,,,,,,,,,,,,,,,,,,,,,,,,,,,,,,,,,,,,,,,,,,,,,,,,,,,,,,,,,,,,,,,,,,,,,,,,,,,,,,,,,,,,,,,,23101500,,,1,EA,,,,,,,,,,,,,,,,,,,,,,,,,,,,,,,,,,,,,,,
,,,,,,,Tools & Equipment,Power Tool Accessories,Cut-Off & Grinding Wheels,,49-94-0058,"49-94-0058 Milw 12""x1/8""x20mm Metal Cut Off Disc",-- Unbranded --,-- No Unilog Brand --,-- No DIB Brand --,Milwaukee Accessory (4031),Milwaukee Accessory,,,49-94-0058,,Tools & Equipment>Power Tool Accessories>Abrasive Wheels,"Milwaukee Accessory, Cut-Off Wheel, 49-94-0058, 12 in Diameter",CUT-OFF WHEEL 12IN 1/8IN 20MM METAL 1,"49-94-0058 Cut-Off Wheel, 12 in Diameter, 1/8 in Thickness, 20 mm Arbor Size, metal Application, cut-off Wheel Type","Cut-Off Wheel, 12 in Diameter, 1/8 in Thickness, 20 mm Arbor Size, metal Application, cut-off Wheel Type, 1 Quantity","Cut-Off Wheel, 12 in Diameter, 1/8 in Thickness, 20 mm Arbor Size, metal Application, cut-off Wheel Type, 1 Quantity",,12 in,1/8 in,20 mm,,,,,,,,,,,,,,,,,,,,,metal,,,Diameter,12,in,Thickness,1/8,in,Arbor Size,20,mm,Application,metal,,Wheel Type,cut-off,,Abrasive,,,Maximum Speed,,,Quantity,1,,,,,,,,,,,,,,,,,,,,,,,,,,,,,,,,,,,,,,,,,,,,,,,,,,,,,,,,,,,,,,,,,,,,,,,,,,,,,,,,,,,,,,,,,,,,,,,,,,,,,,,,,,,,,,,,,,,,,,,,,,,,,,,,,,,23101500,,,1,EA,,,,,,,,,,,,,,,,,,,,,,,,,,,,,,,,,,,,,,,
,,,,,,,Tools & Equipment,Power Tool Accessories,Cut-Off & Grinding Wheels,,49-94-0063,"49-94-0063 Milw 14""x7/64""x1"" Metal Cut Off Disc General Purpose",-- Unbranded --,-- No Unilog Brand --,-- No DIB Brand --,Milwaukee Accessory (4031),Milwaukee Accessory,,,49-94-0063,,Tools & Equipment>Power Tool Accessories>Abrasive Wheels,"Milwaukee Accessory, Cut-Off Wheel, 49-94-0063, 14 in Diameter",CUT-OFF WHEEL 14IN 7/64IN 1IN METAL,"49-94-0063 Cut-Off Wheel, 14 in Diameter, 7/64 in Thickness, 1 in Arbor Size, metal Application, cut-off Wheel Type","Cut-Off Wheel, 14 in Diameter, 7/64 in Thickness, 1 in Arbor Size, metal Application, cut-off Wheel Type, General Purpose Quantity","Cut-Off Wheel, 14 in Diameter, 7/64 in Thickness, 1 in Arbor Size, metal Application, cut-off Wheel Type",,14 in,7/64 in,1 in,,,,,,,,,,,,,,,,,,,,,metal,,,Diameter,14,in,Thickness,7/64,in,Arbor Size,1,in,Application,metal,,Wheel Type,cut-off,,Abrasive,,,Maximum Speed,,,Quantity,General Purpose,,,,,,,,,,,,,,,,,,,,,,,,,,,,,,,,,,,,,,,,,,,,,,,,,,,,,,,,,,,,,,,,,,,,,,,,,,,,,,,,,,,,,,,,,,,,,,,,,,,,,,,,,,,,,,,,,,,,,,,,,,,,,,,,,,,23101500,,,,,,,,,,,,,,,,,,,,,,,,,,,,,,,,,,,,,,,,,,,
,,,,,,,Tools & Equipment,Power Tool Accessories,Cut-Off & Grinding Wheels,,49-94-0068,"49-94-0068 Milw 14""x1/8""x20mm Metal Cut Off Disc",-- Unbranded --,-- No Unilog Brand --,-- No DIB Brand --,Milwaukee Accessory (4031),Milwaukee Accessory,,,49-94-0068,,Tools & Equipment>Power Tool Accessories>Abrasive Wheels,"Milwaukee Accessory, Cut-Off Wheel, 49-94-0068, 14 in Diameter",CUT-OFF WHEEL 14IN 1/8IN 20MM METAL 1,"49-94-0068 Cut-Off Wheel, 14 in Diameter, 1/8 in Thickness, 20 mm Arbor Size, metal Application, cut-off Wheel Type","Cut-Off Wheel, 14 in Diameter, 1/8 in Thickness, 20 mm Arbor Size, metal Application, cut-off Wheel Type, 1 Quantity","Cut-Off Wheel, 14 in Diameter, 1/8 in Thickness, 20 mm Arbor Size, metal Application, cut-off Wheel Type, 1 Quantity",,14 in,1/8 in,20 mm,,,,,,,,,,,,,,,,,,,,,metal,,,Diameter,14,in,Thickness,1/8,in,Arbor Size,20,mm,Application,metal,,Wheel Type,cut-off,,Abrasive,,,Maximum Speed,,,Quantity,1,,,,,,,,,,,,,,,,,,,,,,,,,,,,,,,,,,,,,,,,,,,,,,,,,,,,,,,,,,,,,,,,,,,,,,,,,,,,,,,,,,,,,,,,,,,,,,,,,,,,,,,,,,,,,,,,,,,,,,,,,,,,,,,,,,,23101500,,,1,EA,,,,,,,,,,,,,,,,,,,,,,,,,,,,,,,,,,,,,,,
,,,,,,,Tools & Equipment,Power Tool Accessories,Cut-Off & Grinding Wheels,,49-94-0073,"49-94-0073 Milw 14""x1/8""x1"" Metal Cut Off Disc",-- Unbranded --,-- No Unilog Brand --,-- No DIB Brand --,Milwaukee Accessory (4031),Milwaukee Accessory,,,49-94-0073,,Tools & Equipment>Power Tool Accessories>Abrasive Wheels,"Milwaukee Accessory, Cut-Off Wheel, 49-94-0073, 14 in Diameter",CUT-OFF WHEEL 14IN 1/8IN 1IN METAL 1,"49-94-0073 Cut-Off Wheel, 14 in Diameter, 1/8 in Thickness, 1 in Arbor Size, metal Application, cut-off Wheel Type","Cut-Off Wheel, 14 in Diameter, 1/8 in Thickness, 1 in Arbor Size, metal Application, cut-off Wheel Type, 1 Quantity","Cut-Off Wheel, 14 in Diameter, 1/8 in Thickness, 1 in Arbor Size, metal Application, cut-off Wheel Type, 1 Quantity",,14 in,1/8 in,1 in,,,,,,,,,,,,,,,,,,,,,metal,,,Diameter,14,in,Thickness,1/8,in,Arbor Size,1,in,Application,metal,,Wheel Type,cut-off,,Abrasive,,,Maximum Speed,,,Quantity,1,,,,,,,,,,,,,,,,,,,,,,,,,,,,,,,,,,,,,,,,,,,,,,,,,,,,,,,,,,,,,,,,,,,,,,,,,,,,,,,,,,,,,,,,,,,,,,,,,,,,,,,,,,,,,,,,,,,,,,,,,,,,,,,,,,,23101500,,,1,EA,,,,,,,,,,,,,,,,,,,,,,,,,,,,,,,,,,,,,,,
,,,,,,,Tools & Equipment,Power Tool Accessories,Cut-Off & Grinding Wheels,,49-94-0101,"49-94-0101 Milw 4-1/2""x.045""x7/8"" Perform+ Metal Cut Off Disc 10pc",-- Unbranded --,-- No Unilog Brand --,-- No DIB Brand --,Milwaukee Accessory (4031),Milwaukee Accessory,,,49-94-0101,,Tools & Equipment>Power Tool Accessories>Abrasive Wheels,"Milwaukee Accessory, Cut-Off Wheel, 49-94-0101, 4-1/2 in Diameter",CUT-OFF WHEEL 4-1/2IN .045IN 7/8IN 10 PC,"49-94-0101 Cut-Off Wheel, 4-1/2 in Diameter, .045 in Thickness, 7/8 in Arbor Size, 10 pc Quantity","Cut-Off Wheel, 4-1/2 in Diameter, .045 in Thickness, 7/8 in Arbor Size, 10 pc Quantity","Cut-Off Wheel, 4-1/2 in Diameter, .045 in Thickness, 7/8 in Arbor Size, 10 pc Quantity",,4-1/2 in,.045 in,7/8 in,,,,,,,,,,,,,,,,,,,,,,,,Diameter,4-1/2,in,Thickness,.045,in,Arbor Size,7/8,in,Application,,,Wheel Type,,,Abrasive,,,Maximum Speed,,,Quantity,10 pc,,,,,,,,,,,,,,,,,,,,,,,,,,,,,,,,,,,,,,,,,,,,,,,,,,,,,,,,,,,,,,,,,,,,,,,,,,,,,,,,,,,,,,,,,,,,,,,,,,,,,,,,,,,,,,,,,,,,,,,,,,,,,,,,,,,23101500,,,10,PK,,,,,,,,,,,,,,,,,,,,,,,,,,,,,,,,,,,,,,,
,,,,,,,Tools & Equipment,Power Tool Accessories,Cut-Off & Grinding Wheels,,49-94-0107,"49-94-0107 Milw 4-1/2""x.045""x7/8"" Performance+ Metal Cut Off Disc",-- Unbranded --,-- No Unilog Brand --,-- No DIB Brand --,Milwaukee Accessory (4031),Milwaukee Accessory,,,49-94-0107,,Tools & Equipment>Power Tool Accessories>Abrasive Wheels,"Milwaukee Accessory, Cut-Off Wheel, 49-94-0107, 4-1/2 in Diameter",CUT-OFF WHEEL 4-1/2IN .045IN 7/8IN METAL,"49-94-0107 Cut-Off Wheel, 4-1/2 in Diameter, .045 in Thickness, 7/8 in Arbor Size, metal Application","Cut-Off Wheel, 4-1/2 in Diameter, .045 in Thickness, 7/8 in Arbor Size, metal Application","Cut-Off Wheel, 4-1/2 in Diameter, .045 in Thickness, 7/8 in Arbor Size, metal Application",,4-1/2 in,.045 in,7/8 in,,,,,,,,,,,,,,,,,,,,,metal,,,Diameter,4-1/2,in,Thickness,.045,in,Arbor Size,7/8,in,Application,metal,,Wheel Type,,,Abrasive,,,Maximum Speed,,,Quantity,,,,,,,,,,,,,,,,,,,,,,,,,,,,,,,,,,,,,,,,,,,,,,,,,,,,,,,,,,,,,,,,,,,,,,,,,,,,,,,,,,,,,,,,,,,,,,,,,,,,,,,,,,,,,,,,,,,,,,,,,,,,,,,,,,,,23101500,,,,,,,,,,,,,,,,,,,,,,,,,,,,,,,,,,,,,,,,,,,
,,,,,,,Tools & Equipment,Power Tool Accessories,Cut-Off & Grinding Wheels,,49-94-0117,"49-94-0117 Milw 5""x.045""x7/8"" Performance+ Metal Cut Off Disc",-- Unbranded --,-- No Unilog Brand --,-- No DIB Brand --,Milwaukee Accessory (4031),Milwaukee Accessory,,,49-94-0117,,Tools & Equipment>Power Tool Accessories>Abrasive Wheels,"Milwaukee Accessory, Cut-Off Wheel, 49-94-0117, 5 in Diameter",CUT-OFF WHEEL 5IN .045IN 7/8IN METAL,"49-94-0117 Cut-Off Wheel, 5 in Diameter, .045 in Thickness, 7/8 in Arbor Size, metal Application, Performance+ Abrasive","Cut-Off Wheel, 5 in Diameter, .045 in Thickness, 7/8 in Arbor Size, metal Application, Performance+ Abrasive","Cut-Off Wheel, 5 in Diameter, .045 in Thickness, 7/8 in Arbor Size, metal Application, Performance+ Abrasive",,5 in,.045 in,7/8 in,,,,,,,,,,,,,,,,,,,,,metal,,,Diameter,5,in,Thickness,.045,in,Arbor Size,7/8,in,Application,metal,,Wheel Type,,,Abrasive,Performance+,,Maximum Speed,,,Quantity,,,,,,,,,,,,,,,,,,,,,,,,,,,,,,,,,,,,,,,,,,,,,,,,,,,,,,,,,,,,,,,,,,,,,,,,,,,,,,,,,,,,,,,,,,,,,,,,,,,,,,,,,,,,,,,,,,,,,,,,,,,,,,,,,,,,23101500,,,,,,,,,,,,,,,,,,,,,,,,,,,,,,,,,,,,,,,,,,,
,,,,,,,Tools & Equipment,Power Tool Accessories,Cut-Off & Grinding Wheels,,49-94-0123,"49-94-0123 Milw 6""x.045""x7/8"" Performance+ Metal Cut Off Disc",-- Unbranded --,-- No Unilog Brand --,-- No DIB Brand --,Milwaukee Accessory (4031),Milwaukee Accessory,,,49-94-0123,,Tools & Equipment>Power Tool Accessories>Abrasive Wheels,"Milwaukee Accessory, Cut-Off Wheel, 49-94-0123, 6 in Diameter",CUT-OFF WHEEL 6IN .045IN 7/8IN METAL,"49-94-0123 Cut-Off Wheel, 6 in Diameter, .045 in Thickness, 7/8 in Arbor Size, metal Application","Cut-Off Wheel, 6 in Diameter, .045 in Thickness, 7/8 in Arbor Size, metal Application","Cut-Off Wheel, 6 in Diameter, .045 in Thickness, 7/8 in Arbor Size, metal Application",,6 in,.045 in,7/8 in,,,,,,,,,,,,,,,,,,,,,metal,,,Diameter,6,in,Thickness,.045,in,Arbor Size,7/8,in,Application,metal,,Wheel Type,,,Abrasive,,,Maximum Speed,,,Quantity,,,,,,,,,,,,,,,,,,,,,,,,,,,,,,,,,,,,,,,,,,,,,,,,,,,,,,,,,,,,,,,,,,,,,,,,,,,,,,,,,,,,,,,,,,,,,,,,,,,,,,,,,,,,,,,,,,,,,,,,,,,,,,,,,,,,23101500,,,,,,,,,,,,,,,,,,,,,,,,,,,,,,,,,,,,,,,,,,,
,,,,,,,Tools & Equipment,Power Tool Accessories,Cut-Off & Grinding Wheels,,49-94-0023,"49-94-0023 Milw 6""x.045""x7/8"" Metal Cut Off Disc",-- Unbranded --,-- No Unilog Brand --,-- No DIB Brand --,Milwaukee Accessory (4031),Milwaukee Accessory,,,49-94-0023,,Tools & Equipment>Power Tool Accessories>Abrasive Wheels,"Milwaukee Accessory, Cut-Off Wheel, 49-94-0023, 6 in Diameter",CUT-OFF WHEEL 6IN .045IN 7/8IN METAL,"49-94-0023 Cut-Off Wheel, 6 in Diameter, .045 in Thickness, 7/8 in Arbor Size, metal Application, cut-off Wheel Type","Cut-Off Wheel, 6 in Diameter, .045 in Thickness, 7/8 in Arbor Size, metal Application, cut-off Wheel Type","Cut-Off Wheel, 6 in Diameter, .045 in Thickness, 7/8 in Arbor Size, metal Application, cut-off Wheel Type",,6 in,.045 in,7/8 in,,,,,,,,,,,,,,,,,,,,,metal,,,Diameter,6,in,Thickness,.045,in,Arbor Size,7/8,in,Application,metal,,Wheel Type,cut-off,,Abrasive,,,Maximum Speed,,,Quantity,,,,,,,,,,,,,,,,,,,,,,,,,,,,,,,,,,,,,,,,,,,,,,,,,,,,,,,,,,,,,,,,,,,,,,,,,,,,,,,,,,,,,,,,,,,,,,,,,,,,,,,,,,,,,,,,,,,,,,,,,,,,,,,,,,,,23101500,,,,,,,,,,,,,,,,,,,,,,,,,,,,,,,,,,,,,,,,,,,
,,,,,,,Tools & Equipment,Power Tool Accessories,Cut-Off & Grinding Wheels,,49-94-0121,"49-94-0121 Milw 6""x.045""x7/8"" Performance+ Metal Cut Off Disc 10pc",-- Unbranded --,-- No Unilog Brand --,-- No DIB Brand --,Milwaukee Accessory (4031),Milwaukee Accessory,,,49-94-0121,,Tools & Equipment>Power Tool Accessories>Abrasive Wheels,"Milwaukee Accessory, Cut-Off Wheel, 49-94-0121, 6 in Diameter",CUT-OFF WHEEL 6IN .045IN 7/8IN 10 PC,"49-94-0121 Cut-Off Wheel, 6 in Diameter, .045 in Thickness, 7/8 in Arbor Size, 10 pc Quantity","Cut-Off Wheel, 6 in Diameter, .045 in Thickness, 7/8 in Arbor Size, 10 pc Quantity","Cut-Off Wheel, 6 in Diameter, .045 in Thickness, 7/8 in Arbor Size, 10 pc Quantity",,6 in,.045 in,7/8 in,,,,,,,,,,,,,,,,,,,,,,,,Diameter,6,in,Thickness,.045,in,Arbor Size,7/8,in,Application,,,Wheel Type,,,Abrasive,,,Maximum Speed,,,Quantity,10 pc,,,,,,,,,,,,,,,,,,,,,,,,,,,,,,,,,,,,,,,,,,,,,,,,,,,,,,,,,,,,,,,,,,,,,,,,,,,,,,,,,,,,,,,,,,,,,,,,,,,,,,,,,,,,,,,,,,,,,,,,,,,,,,,,,,,23101500,,,10,PK,,,,,,,,,,,,,,,,,,,,,,,,,,,,,,,,,,,,,,,
,,,,,,,Tools & Equipment,Power Tool Accessories,Cut-Off & Grinding Wheels,,49-94-0127,"49-94-0127 Milw 6""x.045""x7/8"" Performance+Metal Cut Off Disc",-- Unbranded --,-- No Unilog Brand --,-- No DIB Brand --,Milwaukee Accessory (4031),Milwaukee Accessory,,,49-94-0127,,Tools & Equipment>Power Tool Accessories>Abrasive Wheels,"Milwaukee Accessory, Cut-Off Wheel, 49-94-0127, 6 in Diameter",CUT-OFF WHEEL 6IN .045IN 7/8IN METAL 1,"49-94-0127 Cut-Off Wheel, 6 in Diameter, .045 in Thickness, 7/8 in Arbor Size, metal Application, cut-off Wheel Type","Cut-Off Wheel, 6 in Diameter, .045 in Thickness, 7/8 in Arbor Size, metal Application, cut-off Wheel Type, 1 Quantity","Cut-Off Wheel, 6 in Diameter, .045 in Thickness, 7/8 in Arbor Size, metal Application, cut-off Wheel Type, 1 Quantity",,6 in,.045 in,7/8 in,,,,,,,,,,,,,,,,,,,,,metal,,,Diameter,6,in,Thickness,.045,in,Arbor Size,7/8,in,Application,metal,,Wheel Type,cut-off,,Abrasive,,,Maximum Speed,,,Quantity,1,,,,,,,,,,,,,,,,,,,,,,,,,,,,,,,,,,,,,,,,,,,,,,,,,,,,,,,,,,,,,,,,,,,,,,,,,,,,,,,,,,,,,,,,,,,,,,,,,,,,,,,,,,,,,,,,,,,,,,,,,,,,,,,,,,,23101500,,,1,EA,,,,,,,,,,,,,,,,,,,,,,,,,,,,,,,,,,,,,,,
,,,,,,,Tools & Equipment,Power Tool Accessories,Cut-Off & Grinding Wheels,,49-94-0137,"49-94-0137 Milw 7""x3/32""x7/8"" Performance+ Metal Cut Off Disc",-- Unbranded --,-- No Unilog Brand --,-- No DIB Brand --,Milwaukee Accessory (4031),Milwaukee Accessory,,,49-94-0137,,Tools & Equipment>Power Tool Accessories>Abrasive Wheels,"Milwaukee Accessory, Cut-Off Wheel, 49-94-0137, 7 in Diameter",CUT-OFF WHEEL 7IN 3/32IN 7/8IN METAL 1,"49-94-0137 Cut-Off Wheel, 7 in Diameter, 3/32 in Thickness, 7/8 in Arbor Size, metal Application, 7 RPM Maximum Speed","Cut-Off Wheel, 7 in Diameter, 3/32 in Thickness, 7/8 in Arbor Size, metal Application, 7 RPM Maximum Speed, 1 Quantity","Cut-Off Wheel, 7 in Diameter, 3/32 in Thickness, 7/8 in Arbor Size, metal Application, 7 RPM Maximum Speed, 1 Quantity",,7 in,3/32 in,7/8 in,7 RPM,,,,,,,,,,,,,,,,,,,,metal,,,Diameter,7,in,Thickness,3/32,in,Arbor Size,7/8,in,Application,metal,,Wheel Type,,,Abrasive,,,Maximum Speed,7,RPM,Quantity,1,,,,,,,,,,,,,,,,,,,,,,,,,,,,,,,,,,,,,,,,,,,,,,,,,,,,,,,,,,,,,,,,,,,,,,,,,,,,,,,,,,,,,,,,,,,,,,,,,,,,,,,,,,,,,,,,,,,,,,,,,,,,,,,,,,,23101500,,,1,EA,,,,,,,,,,,,,,,,,,,,,,,,,,,,,,,,,,,,,,,
,,,,,,,Tools & Equipment,Power Tool Accessories,Cut-Off & Grinding Wheels,,49-94-0160,"49-94-0160 Milw 14""x7/64""x1"" Performance+ Metal Cut Off Disc",-- Unbranded --,-- No Unilog Brand --,-- No DIB Brand --,Milwaukee Accessory (4031),Milwaukee Accessory,,,49-94-0160,,Tools & Equipment>Power Tool Accessories>Abrasive Wheels,"Milwaukee Accessory, Cut-Off Wheel, 49-94-0160, 14 in Diameter",CUT-OFF WHEEL 14IN 7/64IN 1IN METAL 1,"49-94-0160 Cut-Off Wheel, 14 in Diameter, 7/64 in Thickness, 1 in Arbor Size, metal Application, 14 RPM Maximum Speed","Cut-Off Wheel, 14 in Diameter, 7/64 in Thickness, 1 in Arbor Size, metal Application, 14 RPM Maximum Speed, 1 Quantity","Cut-Off Wheel, 14 in Diameter, 7/64 in Thickness, 1 in Arbor Size, metal Application, 14 RPM Maximum Speed, 1 Quantity",,14 in,7/64 in,1 in,14 RPM,,,,,,,,,,,,,,,,,,,,metal,,,Diameter,14,in,Thickness,7/64,in,Arbor Size,1,in,Application,metal,,Wheel Type,,,Abrasive,,,Maximum Speed,14,RPM,Quantity,1,,,,,,,,,,,,,,,,,,,,,,,,,,,,,,,,,,,,,,,,,,,,,,,,,,,,,,,,,,,,,,,,,,,,,,,,,,,,,,,,,,,,,,,,,,,,,,,,,,,,,,,,,,,,,,,,,,,,,,,,,,,,,,,,,,,23101500,,,1,EA,,,,,,,,,,,,,,,,,,,,,,,,,,,,,,,,,,,,,,,
,,,,,,,Tools & Equipment,Power Tool Accessories,Cut-Off & Grinding Wheels,,49-94-0223,"49-94-0223 Milw 6""x.045""x7/8"" Ceramic+ Metal Cut Off Disc",-- Unbranded --,-- No Unilog Brand --,-- No DIB Brand --,Milwaukee Accessory (4031),Milwaukee Accessory,,,49-94-0223,,Tools & Equipment>Power Tool Accessories>Abrasive Wheels,"Milwaukee Accessory, Cut-Off Wheel, 49-94-0223, 6 in Diameter",CUT-OFF WHEEL 6IN .045IN 7/8IN METAL,"49-94-0223 Cut-Off Wheel, 6 in Diameter, .045 in Thickness, 7/8 in Arbor Size, metal Application, Ceramic+ Wheel Type","Cut-Off Wheel, 6 in Diameter, .045 in Thickness, 7/8 in Arbor Size, metal Application, Ceramic+ Wheel Type","Cut-Off Wheel, 6 in Diameter, .045 in Thickness, 7/8 in Arbor Size, metal Application, Ceramic+ Wheel Type",,6 in,.045 in,7/8 in,,,,,,,,,,,,,,,,,,,,,metal,,,Diameter,6,in,Thickness,.045,in,Arbor Size,7/8,in,Application,metal,,Wheel Type,Ceramic+,,Abrasive,,,Maximum Speed,,,Quantity,,,,,,,,,,,,,,,,,,,,,,,,,,,,,,,,,,,,,,,,,,,,,,,,,,,,,,,,,,,,,,,,,,,,,,,,,,,,,,,,,,,,,,,,,,,,,,,,,,,,,,,,,,,,,,,,,,,,,,,,,,,,,,,,,,,,23101500,,,,,,,,,,,,,,,,,,,,,,,,,,,,,,,,,,,,,,,,,,,
,,,,,,,Tools & Equipment,Power Tool Accessories,Cut-Off & Grinding Wheels,,49-94-0445,"49-94-0445 Milw 10""x3/32""x5/8"" Performance+ Metal Cut Off Disc",-- Unbranded --,-- No Unilog Brand --,-- No DIB Brand --,Milwaukee Accessory (4031),Milwaukee Accessory,,,49-94-0445,,Tools & Equipment>Power Tool Accessories>Abrasive Wheels,"Milwaukee Accessory, Cut-Off Wheel, 49-94-0445, 10 in Diameter",CUT-OFF WHEEL 10IN 3/32IN 5/8IN METAL,"49-94-0445 Cut-Off Wheel, 10 in Diameter, 3/32 in Thickness, 5/8 in Arbor Size, metal Application","Cut-Off Wheel, 10 in Diameter, 3/32 in Thickness, 5/8 in Arbor Size, metal Application","Cut-Off Wheel, 10 in Diameter, 3/32 in Thickness, 5/8 in Arbor Size, metal Application",,10 in,3/32 in,5/8 in,,,,,,,,,,,,,,,,,,,,,metal,,,Diameter,10,in,Thickness,3/32,in,Arbor Size,5/8,in,Application,metal,,Wheel Type,,,Abrasive,,,Maximum Speed,,,Quantity,,,,,,,,,,,,,,,,,,,,,,,,,,,,,,,,,,,,,,,,,,,,,,,,,,,,,,,,,,,,,,,,,,,,,,,,,,,,,,,,,,,,,,,,,,,,,,,,,,,,,,,,,,,,,,,,,,,,,,,,,,,,,,,,,,,,23101500,,,,,,,,,,,,,,,,,,,,,,,,,,,,,,,,,,,,,,,,,,,
,,,,,,,Tools & Equipment,Power Tool Accessories,Cut-Off & Grinding Wheels,,49-94-0803,"49-94-0803 Milw 4-1/2""x1/8""x7/8"" Dual Metal Cut and Grind Disc",-- Unbranded --,-- No Unilog Brand --,-- No DIB Brand --,Milwaukee Accessory (4031),Milwaukee Accessory,,,49-94-0803,,Tools & Equipment>Power Tool Accessories>Abrasive Wheels,"Milwaukee Accessory, Cut-Off Wheel, 49-94-0803, 4-1/2 in Diameter",CUT-OFF WHEEL 4-1/2IN 1/8IN 7/8IN 1,"49-94-0803 Cut-Off Wheel, 4-1/2 in Diameter, 1/8 in Thickness, 7/8 in Arbor Size, Cut and Grind Application","Cut-Off Wheel, 4-1/2 in Diameter, 1/8 in Thickness, 7/8 in Arbor Size, Cut and Grind Application, Dual Metal Wheel Type, 1 Quantity","Cut-Off Wheel, 4-1/2 in Diameter, 1/8 in Thickness, 7/8 in Arbor Size, Cut and Grind Application, Dual Metal Wheel Type",,4-1/2 in,1/8 in,7/8 in,,,,,,,,,,,,,,,,,,,,,Cut and Grind,,,Diameter,4-1/2,in,Thickness,1/8,in,Arbor Size,7/8,in,Application,Cut and Grind,,Wheel Type,Dual Metal,,Abrasive,,,Maximum Speed,,,Quantity,1,,,,,,,,,,,,,,,,,,,,,,,,,,,,,,,,,,,,,,,,,,,,,,,,,,,,,,,,,,,,,,,,,,,,,,,,,,,,,,,,,,,,,,,,,,,,,,,,,,,,,,,,,,,,,,,,,,,,,,,,,,,,,,,,,,,23101500,,,1,EA,,,,,,,,,,,,,,,,,,,,,,,,,,,,,,,,,,,,,,,
,,,,,,,Tools & Equipment,Power Tool Accessories,Cut-Off & Grinding Wheels,,49-94-0903,"49-94-0903 Milw 4-1/2""x1/8""x7/8""Perform+Dual Metal Cut and Grind Disc",-- Unbranded --,-- No Unilog Brand --,-- No DIB Brand --,Milwaukee Accessory (4031),Milwaukee Accessory,,,49-94-0903,,Tools & Equipment>Power Tool Accessories>Abrasive Wheels,"Milwaukee Accessory, Cut-Off Wheel, 49-94-0903, 4-1/2 in Diameter",CUT-OFF WHEEL 4-1/2IN 1/8IN 7/8IN 1,"49-94-0903 Cut-Off Wheel, 4-1/2 in Diameter, 1/8 in Thickness, 7/8 in Arbor Size, Cut and Grind Application","Cut-Off Wheel, 4-1/2 in Diameter, 1/8 in Thickness, 7/8 in Arbor Size, Cut and Grind Application, Dual Metal Wheel Type, 1 Quantity","Cut-Off Wheel, 4-1/2 in Diameter, 1/8 in Thickness, 7/8 in Arbor Size, Cut and Grind Application, Dual Metal Wheel Type",,4-1/2 in,1/8 in,7/8 in,,,,,,,,,,,,,,,,,,,,,Cut and Grind,,,Diameter,4-1/2,in,Thickness,1/8,in,Arbor Size,7/8,in,Application,Cut and Grind,,Wheel Type,Dual Metal,,Abrasive,,,Maximum Speed,,,Quantity,1,,,,,,,,,,,,,,,,,,,,,,,,,,,,,,,,,,,,,,,,,,,,,,,,,,,,,,,,,,,,,,,,,,,,,,,,,,,,,,,,,,,,,,,,,,,,,,,,,,,,,,,,,,,,,,,,,,,,,,,,,,,,,,,,,,,23101500,,,1,EA,,,,,,,,,,,,,,,,,,,,,,,,,,,,,,,,,,,,,,,
,,,,,,,Tools & Equipment,Power Tool Accessories,Cut-Off & Grinding Wheels,,49-94-0907,"49-94-0907 Milw 4-1/2""x1/8""x5/8-11""Perform+Dual Metal Cut n Grind Disc",-- Unbranded --,-- No Unilog Brand --,-- No DIB Brand --,Milwaukee Accessory (4031),Milwaukee Accessory,,,49-94-0907,,Tools & Equipment>Power Tool Accessories>Abrasive Wheels,"Milwaukee Accessory, Cut-Off Wheel, 49-94-0907, 4-1/2 in Diameter",CUT-OFF WHEEL 4-1/2IN 1/8IN 1,"49-94-0907 Cut-Off Wheel, 4-1/2 in Diameter, 1/8 in Thickness, 0.625 -11 Arbor Size, Cut n Grind Application","Cut-Off Wheel, 4-1/2 in Diameter, 1/8 in Thickness, 0.625 -11 Arbor Size, Cut n Grind Application, Dual Metal Wheel Type, 1 Quantity","Cut-Off Wheel, 4-1/2 in Diameter, 1/8 in Thickness, 0.625 -11 Arbor Size, Cut n Grind Application, Dual Metal Wheel Type",,4-1/2 in,1/8 in,,,,,,,,,,,,,,,,,,,,,,Cut n Grind,,,Diameter,4-1/2,in,Thickness,1/8,in,Arbor Size,0.625 -11,,Application,Cut n Grind,,Wheel Type,Dual Metal,,Abrasive,,,Maximum Speed,,,Quantity,1,,,,,,,,,,,,,,,,,,,,,,,,,,,,,,,,,,,,,,,,,,,,,,,,,,,,,,,,,,,,,,,,,,,,,,,,,,,,,,,,,,,,,,,,,,,,,,,,,,,,,,,,,,,,,,,,,,,,,,,,,,,,,,,,,,,23101500,,,1,EA,,,,,,,,,,,,,,,,,,,,,,,,,,,,,,,,,,,,,,,
,,,,,,,Tools & Equipment,Power Tool Accessories,Cut-Off & Grinding Wheels,,49-94-0923,"49-94-0923 Milw 6""x1/8""x7/8"" Perform+Dual Metal Cut and Grind Disc",-- Unbranded --,-- No Unilog Brand --,-- No DIB Brand --,Milwaukee Accessory (4031),Milwaukee Accessory,,,49-94-0923,,Tools & Equipment>Power Tool Accessories>Abrasive Wheels,"Milwaukee Accessory, Cut-Off Wheel, 49-94-0923, 6 in Diameter",CUT-OFF WHEEL 6IN 1/8IN 7/8IN 1,"49-94-0923 Cut-Off Wheel, 6 in Diameter, 1/8 in Thickness, 7/8 in Arbor Size, Cut and Grind Application","Cut-Off Wheel, 6 in Diameter, 1/8 in Thickness, 7/8 in Arbor Size, Cut and Grind Application, Perform+Dual Metal Wheel Type, 1 Quantity","Cut-Off Wheel, 6 in Diameter, 1/8 in Thickness, 7/8 in Arbor Size, Cut and Grind Application",,6 in,1/8 in,7/8 in,,,,,,,,,,,,,,,,,,,,,Cut and Grind,,,Diameter,6,in,Thickness,1/8,in,Arbor Size,7/8,in,Application,Cut and Grind,,Wheel Type,Perform+Dual Metal,,Abrasive,,,Maximum Speed,,,Quantity,1,,,,,,,,,,,,,,,,,,,,,,,,,,,,,,,,,,,,,,,,,,,,,,,,,,,,,,,,,,,,,,,,,,,,,,,,,,,,,,,,,,,,,,,,,,,,,,,,,,,,,,,,,,,,,,,,,,,,,,,,,,,,,,,,,,,23101500,,,1,EA,,,,,,,,,,,,,,,,,,,,,,,,,,,,,,,,,,,,,,,
,,,,,,,Tools & Equipment,Power Tool Accessories,Cut-Off & Grinding Wheels,,49-94-1900,"49-94-1900 Milw 4""x1/8""x5/8"" Masonry Cut Off Disc",-- Unbranded --,-- No Unilog Brand --,-- No DIB Brand --,Milwaukee Accessory (4031),Milwaukee Accessory,,,49-94-1900,,Tools & Equipment>Power Tool Accessories>Abrasive Wheels,"Milwaukee Accessory, Cut-Off Wheel, 49-94-1900, 4 in Diameter",CUT-OFF WHEEL 4IN 1/8IN 5/8IN MASONRY 1,"49-94-1900 Cut-Off Wheel, 4 in Diameter, 1/8 in Thickness, 5/8 in Arbor Size, masonry Application, cut-off Wheel Type","Cut-Off Wheel, 4 in Diameter, 1/8 in Thickness, 5/8 in Arbor Size, masonry Application, cut-off Wheel Type, 1 Quantity","Cut-Off Wheel, 4 in Diameter, 1/8 in Thickness, 5/8 in Arbor Size, masonry Application, cut-off Wheel Type, 1 Quantity",,4 in,1/8 in,5/8 in,,,,,,,,,,,,,,,,,,,,,masonry,,,Diameter,4,in,Thickness,1/8,in,Arbor Size,5/8,in,Application,masonry,,Wheel Type,cut-off,,Abrasive,,,Maximum Speed,,,Quantity,1,,,,,,,,,,,,,,,,,,,,,,,,,,,,,,,,,,,,,,,,,,,,,,,,,,,,,,,,,,,,,,,,,,,,,,,,,,,,,,,,,,,,,,,,,,,,,,,,,,,,,,,,,,,,,,,,,,,,,,,,,,,,,,,,,,,23101500,,,1,EA,,,,,,,,,,,,,,,,,,,,,,,,,,,,,,,,,,,,,,,
,,,,,,,Tools & Equipment,Power Tool Accessories,Cut-Off & Grinding Wheels,,49-94-1905,"49-94-1905 Milw 4-1/2""x1/8""x7/8"" Masonry Cut Off Disc",-- Unbranded --,-- No Unilog Brand --,-- No DIB Brand --,Milwaukee Accessory (4031),Milwaukee Accessory,,,49-94-1905,,Tools & Equipment>Power Tool Accessories>Abrasive Wheels,"Milwaukee Accessory, Cut-Off Wheel, 49-94-1905, 4-1/2 in Diameter",CUT-OFF WHEEL 4-1/2IN 1/8IN 7/8IN 1,"49-94-1905 Cut-Off Wheel, 4-1/2 in Diameter, 1/8 in Thickness, 7/8 in Arbor Size, masonry Application","Cut-Off Wheel, 4-1/2 in Diameter, 1/8 in Thickness, 7/8 in Arbor Size, masonry Application, cut-off Wheel Type, 1 Quantity","Cut-Off Wheel, 4-1/2 in Diameter, 1/8 in Thickness, 7/8 in Arbor Size, masonry Application, cut-off Wheel Type",,4-1/2 in,1/8 in,7/8 in,,,,,,,,,,,,,,,,,,,,,masonry,,,Diameter,4-1/2,in,Thickness,1/8,in,Arbor Size,7/8,in,Application,masonry,,Wheel Type,cut-off,,Abrasive,,,Maximum Speed,,,Quantity,1,,,,,,,,,,,,,,,,,,,,,,,,,,,,,,,,,,,,,,,,,,,,,,,,,,,,,,,,,,,,,,,,,,,,,,,,,,,,,,,,,,,,,,,,,,,,,,,,,,,,,,,,,,,,,,,,,,,,,,,,,,,,,,,,,,,23101500,,,1,EA,,,,,,,,,,,,,,,,,,,,,,,,,,,,,,,,,,,,,,,
,,,,,,,Tools & Equipment,Power Tool Accessories,Cut-Off & Grinding Wheels,,49-94-1915,"49-94-1915 Milw 6-1/2""x1/8""x5/8"" DKO Masonry Cut Off Disc",-- Unbranded --,-- No Unilog Brand --,-- No DIB Brand --,Milwaukee Accessory (4031),Milwaukee Accessory,,,49-94-1915,,Tools & Equipment>Power Tool Accessories>Abrasive Wheels,"Milwaukee Accessory, Cut-Off Wheel, 49-94-1915, 6-1/2 in Diameter",CUT-OFF WHEEL 6-1/2IN 1/8IN 5/8IN 1,"49-94-1915 Cut-Off Wheel, 6-1/2 in Diameter, 1/8 in Thickness, 5/8 in Arbor Size, masonry Application","Cut-Off Wheel, 6-1/2 in Diameter, 1/8 in Thickness, 5/8 in Arbor Size, masonry Application, cut-off Wheel Type, 1 Quantity","Cut-Off Wheel, 6-1/2 in Diameter, 1/8 in Thickness, 5/8 in Arbor Size, masonry Application, cut-off Wheel Type",,6-1/2 in,1/8 in,5/8 in,,,,,,,,,,,,,,,,,,,,,masonry,,,Diameter,6-1/2,in,Thickness,1/8,in,Arbor Size,5/8,in,Application,masonry,,Wheel Type,cut-off,,Abrasive,,,Maximum Speed,,,Quantity,1,,,,,,,,,,,,,,,,,,,,,,,,,,,,,,,,,,,,,,,,,,,,,,,,,,,,,,,,,,,,,,,,,,,,,,,,,,,,,,,,,,,,,,,,,,,,,,,,,,,,,,,,,,,,,,,,,,,,,,,,,,,,,,,,,,,23101500,,,1,EA,,,,,,,,,,,,,,,,,,,,,,,,,,,,,,,,,,,,,,,
,,,,,,,Tools & Equipment,Power Tool Accessories,Cut-Off & Grinding Wheels,,49-94-1920,"49-94-1920 Milw 7""x1/8""x5/8"" DKO Masonry Cut Off Disc",-- Unbranded --,-- No Unilog Brand --,-- No DIB Brand --,Milwaukee Accessory (4031),Milwaukee Accessory,,,49-94-1920,,Tools & Equipment>Power Tool Accessories>Abrasive Wheels,"Milwaukee Accessory, Cut-Off Wheel, 49-94-1920, 7 in Diameter",CUT-OFF WHEEL 7IN 1/8IN 5/8IN MASONRY 1,"49-94-1920 Cut-Off Wheel, 7 in Diameter, 1/8 in Thickness, 5/8 in Arbor Size, masonry Application, cut-off Wheel Type","Cut-Off Wheel, 7 in Diameter, 1/8 in Thickness, 5/8 in Arbor Size, masonry Application, cut-off Wheel Type, 1 Quantity","Cut-Off Wheel, 7 in Diameter, 1/8 in Thickness, 5/8 in Arbor Size, masonry Application, cut-off Wheel Type, 1 Quantity",,7 in,1/8 in,5/8 in,,,,,,,,,,,,,,,,,,,,,masonry,,,Diameter,7,in,Thickness,1/8,in,Arbor Size,5/8,in,Application,masonry,,Wheel Type,cut-off,,Abrasive,,,Maximum Speed,,,Quantity,1,,,,,,,,,,,,,,,,,,,,,,,,,,,,,,,,,,,,,,,,,,,,,,,,,,,,,,,,,,,,,,,,,,,,,,,,,,,,,,,,,,,,,,,,,,,,,,,,,,,,,,,,,,,,,,,,,,,,,,,,,,,,,,,,,,,23101500,,,1,EA,,,,,,,,,,,,,,,,,,,,,,,,,,,,,,,,,,,,,,,
,,,,,,,Tools & Equipment,Power Tool Accessories,Cut-Off & Grinding Wheels,,49-94-1925,"49-94-1925 Milw 10""x1/8""x5/8"" Masonry Cut Off Disc",-- Unbranded --,-- No Unilog Brand --,-- No DIB Brand --,Milwaukee Accessory (4031),Milwaukee Accessory,,,49-94-1925,,Tools & Equipment>Power Tool Accessories>Abrasive Wheels,"Milwaukee Accessory, Cut-Off Wheel, 49-94-1925, 10 in Diameter",CUT-OFF WHEEL 10IN 1/8IN 5/8IN MASONRY 1,"49-94-1925 Cut-Off Wheel, 10 in Diameter, 1/8 in Thickness, 5/8 in Arbor Size, masonry Application, cut-off Wheel Type","Cut-Off Wheel, 10 in Diameter, 1/8 in Thickness, 5/8 in Arbor Size, masonry Application, cut-off Wheel Type, 1 Quantity","Cut-Off Wheel, 10 in Diameter, 1/8 in Thickness, 5/8 in Arbor Size, masonry Application, cut-off Wheel Type, 1 Quantity",,10 in,1/8 in,5/8 in,,,,,,,,,,,,,,,,,,,,,masonry,,,Diameter,10,in,Thickness,1/8,in,Arbor Size,5/8,in,Application,masonry,,Wheel Type,cut-off,,Abrasive,,,Maximum Speed,,,Quantity,1,,,,,,,,,,,,,,,,,,,,,,,,,,,,,,,,,,,,,,,,,,,,,,,,,,,,,,,,,,,,,,,,,,,,,,,,,,,,,,,,,,,,,,,,,,,,,,,,,,,,,,,,,,,,,,,,,,,,,,,,,,,,,,,,,,,23101500,,,1,EA,,,,,,,,,,,,,,,,,,,,,,,,,,,,,,,,,,,,,,,
,,,,,,,Tools & Equipment,Power Tool Accessories,Cut-Off & Grinding Wheels,,49-94-1935,"49-94-1935 Milw 12""x1/8""x1"" Masonry Cut Off Disc",-- Unbranded --,-- No Unilog Brand --,-- No DIB Brand --,Milwaukee Accessory (4031),Milwaukee Accessory,,,49-94-1935,,Tools & Equipment>Power Tool Accessories>Abrasive Wheels,"Milwaukee Accessory, Cut-Off Wheel, 49-94-1935, 12 in Diameter",CUT-OFF WHEEL 12IN 1/8IN 1IN MASONRY 1,"49-94-1935 Cut-Off Wheel, 12 in Diameter, 1/8 in Thickness, 1 in Arbor Size, masonry Application, cut-off Wheel Type","Cut-Off Wheel, 12 in Diameter, 1/8 in Thickness, 1 in Arbor Size, masonry Application, cut-off Wheel Type, 1 Quantity","Cut-Off Wheel, 12 in Diameter, 1/8 in Thickness, 1 in Arbor Size, masonry Application, cut-off Wheel Type, 1 Quantity",,12 in,1/8 in,1 in,,,,,,,,,,,,,,,,,,,,,masonry,,,Diameter,12,in,Thickness,1/8,in,Arbor Size,1,in,Application,masonry,,Wheel Type,cut-off,,Abrasive,,,Maximum Speed,,,Quantity,1,,,,,,,,,,,,,,,,,,,,,,,,,,,,,,,,,,,,,,,,,,,,,,,,,,,,,,,,,,,,,,,,,,,,,,,,,,,,,,,,,,,,,,,,,,,,,,,,,,,,,,,,,,,,,,,,,,,,,,,,,,,,,,,,,,,23101500,,,1,EA,,,,,,,,,,,,,,,,,,,,,,,,,,,,,,,,,,,,,,,
,,,,,,,Tools & Equipment,Power Tool Accessories,Cut-Off & Grinding Wheels,,49-94-1940,"49-94-1940 Milw 14""x1/8""x1"" Masonry Cut Off Disc",-- Unbranded --,-- No Unilog Brand --,-- No DIB Brand --,Milwaukee Accessory (4031),Milwaukee Accessory,,,49-94-1940,,Tools & Equipment>Power Tool Accessories>Abrasive Wheels,"Milwaukee Accessory, Cut-Off Wheel, 49-94-1940, 14 in Diameter",CUT-OFF WHEEL 14IN 1/8IN 1IN MASONRY 1,"49-94-1940 Cut-Off Wheel, 14 in Diameter, 1/8 in Thickness, 1 in Arbor Size, masonry Application, cut-off Wheel Type","Cut-Off Wheel, 14 in Diameter, 1/8 in Thickness, 1 in Arbor Size, masonry Application, cut-off Wheel Type, 1 Quantity","Cut-Off Wheel, 14 in Diameter, 1/8 in Thickness, 1 in Arbor Size, masonry Application, cut-off Wheel Type, 1 Quantity",,14 in,1/8 in,1 in,,,,,,,,,,,,,,,,,,,,,masonry,,,Diameter,14,in,Thickness,1/8,in,Arbor Size,1,in,Application,masonry,,Wheel Type,cut-off,,Abrasive,,,Maximum Speed,,,Quantity,1,,,,,,,,,,,,,,,,,,,,,,,,,,,,,,,,,,,,,,,,,,,,,,,,,,,,,,,,,,,,,,,,,,,,,,,,,,,,,,,,,,,,,,,,,,,,,,,,,,,,,,,,,,,,,,,,,,,,,,,,,,,,,,,,,,,23101500,,,1,EA,,,,,,,,,,,,,,,,,,,,,,,,,,,,,,,,,,,,,,,
,,,,,,,Tools & Equipment,Power Tool Accessories,Cut-Off & Grinding Wheels,,49-94-0501,"49-94-0501 Milw 4""x1/4""x5/8"" Metal Grinding Wheel",-- Unbranded --,-- No Unilog Brand --,-- No DIB Brand --,Milwaukee Accessory (4031),Milwaukee Accessory,,,49-94-0501,,Tools & Equipment>Power Tool Accessories>Abrasive Wheels,"Milwaukee Accessory, Cut-Off Wheel, 49-94-0501, 4 in Diameter",CUT-OFF WHEEL 4IN 1/4IN 5/8IN METAL 1,"49-94-0501 Cut-Off Wheel, 4 in Diameter, 1/4 in Thickness, 5/8 in Arbor Size, metal Application, grinding Wheel Type","Cut-Off Wheel, 4 in Diameter, 1/4 in Thickness, 5/8 in Arbor Size, metal Application, grinding Wheel Type, 1 Quantity","Cut-Off Wheel, 4 in Diameter, 1/4 in Thickness, 5/8 in Arbor Size, metal Application, grinding Wheel Type, 1 Quantity",,4 in,1/4 in,5/8 in,,,,,,,,,,,,,,,,,,,,,metal,,,Diameter,4,in,Thickness,1/4,in,Arbor Size,5/8,in,Application,metal,,Wheel Type,grinding,,Abrasive,,,Maximum Speed,,,Quantity,1,,,,,,,,,,,,,,,,,,,,,,,,,,,,,,,,,,,,,,,,,,,,,,,,,,,,,,,,,,,,,,,,,,,,,,,,,,,,,,,,,,,,,,,,,,,,,,,,,,,,,,,,,,,,,,,,,,,,,,,,,,,,,,,,,,,23101500,,,1,EA,,,,,,,,,,,,,,,,,,,,,,,,,,,,,,,,,,,,,,,
,,,,,,,Tools & Equipment,Power Tool Accessories,Cut-Off & Grinding Wheels,,49-94-0503,"49-94-0503 Milw 4-1/2""x1/4""x7/8"" Metal Grinding Wheel",-- Unbranded --,-- No Unilog Brand --,-- No DIB Brand --,Milwaukee Accessory (4031),Milwaukee Accessory,,,49-94-0503,,Tools & Equipment>Power Tool Accessories>Abrasive Wheels,"Milwaukee Accessory, Cut-Off Wheel, 49-94-0503, 4-1/2 in Diameter",CUT-OFF WHEEL 4-1/2IN 1/4IN 7/8IN METAL,"49-94-0503 Cut-Off Wheel, 4-1/2 in Diameter, 1/4 in Thickness, 7/8 in Arbor Size, metal Application, grinding Wheel Type","Cut-Off Wheel, 4-1/2 in Diameter, 1/4 in Thickness, 7/8 in Arbor Size, metal Application, grinding Wheel Type, 1 Quantity","Cut-Off Wheel, 4-1/2 in Diameter, 1/4 in Thickness, 7/8 in Arbor Size, metal Application, grinding Wheel Type",,4-1/2 in,1/4 in,7/8 in,,,,,,,,,,,,,,,,,,,,,metal,,,Diameter,4-1/2,in,Thickness,1/4,in,Arbor Size,7/8,in,Application,metal,,Wheel Type,grinding,,Abrasive,,,Maximum Speed,,,Quantity,1,,,,,,,,,,,,,,,,,,,,,,,,,,,,,,,,,,,,,,,,,,,,,,,,,,,,,,,,,,,,,,,,,,,,,,,,,,,,,,,,,,,,,,,,,,,,,,,,,,,,,,,,,,,,,,,,,,,,,,,,,,,,,,,,,,,23101500,,,1,EA,,,,,,,,,,,,,,,,,,,,,,,,,,,,,,,,,,,,,,,
,,,,,,,Tools & Equipment,Power Tool Accessories,Cut-Off & Grinding Wheels,,49-94-0523,"49-94-0523 Milw 6""x1/4""x7/8"" Metal Grinding Wheel",-- Unbranded --,-- No Unilog Brand --,-- No DIB Brand --,Milwaukee Accessory (4031),Milwaukee Accessory,,,49-94-0523,,Tools & Equipment>Power Tool Accessories>Abrasive Wheels,"Milwaukee Accessory, Cut-Off Wheel, 49-94-0523, 6 in Diameter",CUT-OFF WHEEL 6IN 1/4IN 7/8IN METAL 1,"49-94-0523 Cut-Off Wheel, 6 in Diameter, 1/4 in Thickness, 7/8 in Arbor Size, metal Application, grinding Wheel Type","Cut-Off Wheel, 6 in Diameter, 1/4 in Thickness, 7/8 in Arbor Size, metal Application, grinding Wheel Type, 1 Quantity","Cut-Off Wheel, 6 in Diameter, 1/4 in Thickness, 7/8 in Arbor Size, metal Application, grinding Wheel Type, 1 Quantity",,6 in,1/4 in,7/8 in,,,,,,,,,,,,,,,,,,,,,metal,,,Diameter,6,in,Thickness,1/4,in,Arbor Size,7/8,in,Application,metal,,Wheel Type,grinding,,Abrasive,,,Maximum Speed,,,Quantity,1,,,,,,,,,,,,,,,,,,,,,,,,,,,,,,,,,,,,,,,,,,,,,,,,,,,,,,,,,,,,,,,,,,,,,,,,,,,,,,,,,,,,,,,,,,,,,,,,,,,,,,,,,,,,,,,,,,,,,,,,,,,,,,,,,,,23101500,,,1,EA,,,,,,,,,,,,,,,,,,,,,,,,,,,,,,,,,,,,,,,
,,,,,,,Tools & Equipment,Power Tool Accessories,Cut-Off & Grinding Wheels,,49-94-1955,"49-94-1955 Milw 4-1/2""x1/4""x7/8"" Masonry Grinding Wheel",-- Unbranded --,-- No Unilog Brand --,-- No DIB Brand --,Milwaukee Accessory (4031),Milwaukee Accessory,,,49-94-1955,,Tools & Equipment>Power Tool Accessories>Abrasive Wheels,"Milwaukee Accessory, Cut-Off Wheel, 49-94-1955, 4-1/2 in Diameter",CUT-OFF WHEEL 4-1/2IN 1/4IN 7/8IN 1,"49-94-1955 Cut-Off Wheel, 4-1/2 in Diameter, 1/4 in Thickness, 7/8 in Arbor Size, masonry Application","Cut-Off Wheel, 4-1/2 in Diameter, 1/4 in Thickness, 7/8 in Arbor Size, masonry Application, grinding Wheel Type, 1 Quantity","Cut-Off Wheel, 4-1/2 in Diameter, 1/4 in Thickness, 7/8 in Arbor Size, masonry Application, grinding Wheel Type",,4-1/2 in,1/4 in,7/8 in,,,,,,,,,,,,,,,,,,,,,masonry,,,Diameter,4-1/2,in,Thickness,1/4,in,Arbor Size,7/8,in,Application,masonry,,Wheel Type,grinding,,Abrasive,,,Maximum Speed,,,Quantity,1,,,,,,,,,,,,,,,,,,,,,,,,,,,,,,,,,,,,,,,,,,,,,,,,,,,,,,,,,,,,,,,,,,,,,,,,,,,,,,,,,,,,,,,,,,,,,,,,,,,,,,,,,,,,,,,,,,,,,,,,,,,,,,,,,,,23101500,,,1,EA,,,,,,,,,,,,,,,,,,,,,,,,,,,,,,,,,,,,,,,
,,,,,,,Tools & Equipment,Power Tool Accessories,Cut-Off & Grinding Wheels,,49-94-1965,"49-94-1965 Milw 7""x1/4""x7/8"" Masonry Grinding Wheel",-- Unbranded --,-- No Unilog Brand --,-- No DIB Brand --,Milwaukee Accessory (4031),Milwaukee Accessory,,,49-94-1965,,Tools & Equipment>Power Tool Accessories>Abrasive Wheels,"Milwaukee Accessory, Cut-Off Wheel, 49-94-1965, 7 in Diameter",CUT-OFF WHEEL 7IN 1/4IN 7/8IN MASONRY 1,"49-94-1965 Cut-Off Wheel, 7 in Diameter, 1/4 in Thickness, 7/8 in Arbor Size, masonry Application, grinding Wheel Type","Cut-Off Wheel, 7 in Diameter, 1/4 in Thickness, 7/8 in Arbor Size, masonry Application, grinding Wheel Type, 1 Quantity","Cut-Off Wheel, 7 in Diameter, 1/4 in Thickness, 7/8 in Arbor Size, masonry Application, grinding Wheel Type, 1 Quantity",,7 in,1/4 in,7/8 in,,,,,,,,,,,,,,,,,,,,,masonry,,,Diameter,7,in,Thickness,1/4,in,Arbor Size,7/8,in,Application,masonry,,Wheel Type,grinding,,Abrasive,,,Maximum Speed,,,Quantity,1,,,,,,,,,,,,,,,,,,,,,,,,,,,,,,,,,,,,,,,,,,,,,,,,,,,,,,,,,,,,,,,,,,,,,,,,,,,,,,,,,,,,,,,,,,,,,,,,,,,,,,,,,,,,,,,,,,,,,,,,,,,,,,,,,,,23101500,,,1,EA,,,,,,,,,,,,,,,,,,,,,,,,,,,,,,,,,,,,,,,
,,,,,,,Tools & Equipment,Power Tool Accessories,Cut-Off & Grinding Wheels,,49-94-0513,"49-94-0513 Milw 5""x1/4""x7/8"" Metal Grinding Wheel",-- Unbranded --,-- No Unilog Brand --,-- No DIB Brand --,Milwaukee Accessory (4031),Milwaukee Accessory,,,49-94-0513,,Tools & Equipment>Power Tool Accessories>Abrasive Wheels,"Milwaukee Accessory, Cut-Off Wheel, 49-94-0513, 5 in Diameter",CUT-OFF WHEEL 5IN 1/4IN 7/8IN METAL 1,"49-94-0513 Cut-Off Wheel, 5 in Diameter, 1/4 in Thickness, 7/8 in Arbor Size, metal Application, grinding Wheel Type","Cut-Off Wheel, 5 in Diameter, 1/4 in Thickness, 7/8 in Arbor Size, metal Application, grinding Wheel Type, 1 Quantity","Cut-Off Wheel, 5 in Diameter, 1/4 in Thickness, 7/8 in Arbor Size, metal Application, grinding Wheel Type, 1 Quantity",,5 in,1/4 in,7/8 in,,,,,,,,,,,,,,,,,,,,,metal,,,Diameter,5,in,Thickness,1/4,in,Arbor Size,7/8,in,Application,metal,,Wheel Type,grinding,,Abrasive,,,Maximum Speed,,,Quantity,1,,,,,,,,,,,,,,,,,,,,,,,,,,,,,,,,,,,,,,,,,,,,,,,,,,,,,,,,,,,,,,,,,,,,,,,,,,,,,,,,,,,,,,,,,,,,,,,,,,,,,,,,,,,,,,,,,,,,,,,,,,,,,,,,,,,23101500,,,1,EA,,,,,,,,,,,,,,,,,,,,,,,,,,,,,,,,,,,,,,,
,,,,,,,Tools & Equipment,Power Tool Accessories,Cut-Off & Grinding Wheels,,49-94-0533,"49-94-0533 Milw 7""x1/4""x7/8"" Metal Grinding Wheel",-- Unbranded --,-- No Unilog Brand --,-- No DIB Brand --,Milwaukee Accessory (4031),Milwaukee Accessory,,,49-94-0533,,Tools & Equipment>Power Tool Accessories>Abrasive Wheels,"Milwaukee Accessory, Cut-Off Wheel, 49-94-0533, 7 in Diameter",CUT-OFF WHEEL 7IN 1/4IN 7/8IN METAL 1,"49-94-0533 Cut-Off Wheel, 7 in Diameter, 1/4 in Thickness, 7/8 in Arbor Size, metal Application, grinding Wheel Type","Cut-Off Wheel, 7 in Diameter, 1/4 in Thickness, 7/8 in Arbor Size, metal Application, grinding Wheel Type, 1 Quantity","Cut-Off Wheel, 7 in Diameter, 1/4 in Thickness, 7/8 in Arbor Size, metal Application, grinding Wheel Type, 1 Quantity",,7 in,1/4 in,7/8 in,,,,,,,,,,,,,,,,,,,,,metal,,,Diameter,7,in,Thickness,1/4,in,Arbor Size,7/8,in,Application,metal,,Wheel Type,grinding,,Abrasive,,,Maximum Speed,,,Quantity,1,,,,,,,,,,,,,,,,,,,,,,,,,,,,,,,,,,,,,,,,,,,,,,,,,,,,,,,,,,,,,,,,,,,,,,,,,,,,,,,,,,,,,,,,,,,,,,,,,,,,,,,,,,,,,,,,,,,,,,,,,,,,,,,,,,,23101500,,,1,EA,,,,,,,,,,,,,,,,,,,,,,,,,,,,,,,,,,,,,,,
,,,,,,,Tools & Equipment,Power Tool Accessories,"Sanding Belts, Discs & Sheets",,DFBLBLOMFN01G,DFBLBLOMFN01G Diablo 220 Grit - Flat Edge Sanding Sponge,-- Unbranded --,-- No Unilog Brand --,-- No DIB Brand --,Freud Inc (2435),Freud Inc,Diablo,,DFBLBLOMFN01G,,Tools & Equipment>Power Tool Accessories>Coated Abrasives,"Freud Inc Diablo, Sanding Sponge, DFBLBLOMFN01G, 220 grit, Flat Edge",SANDING SPONGE 220GRIT 220GRIT,"Diablo DFBLBLOMFN01G Sanding Sponge, 220 grit, Flat Edge, DFBLBLOMFN01G, 220 grit Quantity","Diablo Sanding Sponge, 220 grit, Flat Edge, DFBLBLOMFN01G, 220 grit Quantity","Sanding Sponge, 220 grit, Flat Edge, DFBLBLOMFN01G, 220 grit Quantity",,220 grit,,,,,,,,,,,,,,,,,,,,,,,,,Sanding Sponge,Product Name,Sanding Sponge,,Brand,Diablo,,Material,220,grit,Color,Flat Edge,,Size,DFBLBLOMFN01G,,Quantity,220,grit,,,,,,,,,,,,,,,,,,,,,,,,,,,,,,,,,,,,,,,,,,,,,,,,,,,,,,,,,,,,,,,,,,,,,,,,,,,,,,,,,,,,,,,,,,,,,,,,,,,,,,,,,,,,,,,,,,,,,,,,,,,,,,,,,,,,,,,,31191500,,,,,,,,,,,,,,,,,,,,,,,,,,,,,,,,,,,,,,,,,,,
,,,,,,,Building Materials,Adhesives & Sealants,Tapes & Flashing,,1700-1PK-BB40,3/4x60' Vinyl Elect Tape,-- Unbranded --,-- No Unilog Brand --,3M,3 M Co (5293),3 M Co,3M,,1700-1PK-BB40,,"Building Materials>Adhesives, Sealants & Tape>Tape","3 M Co 3M, Vinyl Elect Tape, 1700-1PK-BB40, Vinyl, 3/4x60'",VINYL ELECT TAPE VINYL 3/4X60',"3M 1700-1PK-BB40 Vinyl Elect Tape, Vinyl, 3/4x60'","3M Vinyl Elect Tape, Vinyl, 3/4x60'","Vinyl Elect Tape, Vinyl, 3/4x60'",,,,,,,,,,,,,,,,,,,,,,,,,,,Vinyl Elect Tape,Product Name,Vinyl Elect Tape,,Brand,,,Material,Vinyl,,Color,,,Size,3/4x60',,Quantity,,,,,,,,,,,,,,,,,,,,,,,,,,,,,,,,,,,,,,,,,,,,,,,,,,,,,,,,,,,,,,,,,,,,,,,,,,,,,,,,,,,,,,,,,,,,,,,,,,,,,,,,,,,,,,,,,,,,,,,,,,,,,,,,,,,,,,,,,,31201500,,,,,,,,,,,,,,,,,,,,,,,,,,,,,,,,,,,,,,,,,,,
,,,,,,,Building Materials,Adhesives & Sealants,Tapes & Flashing,,ASH-40-40-04,1.5x1.5x13' Legacy Emseal Tape,-- Unbranded --,-- No Unilog Brand --,-- No DIB Brand --,Emseal Joint Systems Ltd (EMSJO),Emseal Joint Systems Ltd,Legacy,,ASH-40-40-04,,"Building Materials>Adhesives, Sealants & Tape>Tape","Emseal Joint Systems Ltd Legacy, Emseal Tape, ASH-40-40-04, Tape",EMSEAL TAPE TAPE,"Legacy ASH-40-40-04 Emseal Tape, Tape, 1.5x1.5x13'","Legacy Emseal Tape, Tape, 1.5x1.5x13'","Emseal Tape, Tape, 1.5x1.5x13'",,,,,,,,,,,,,,,,,,,,,,,,,,,Emseal Tape,Product Name,Emseal Tape,,Brand,Legacy,,Material,Tape,,Color,,,Size,1.5x1.5x13',,Quantity,,,,,,,,,,,,,,,,,,,,,,,,,,,,,,,,,,,,,,,,,,,,,,,,,,,,,,,,,,,,,,,,,,,,,,,,,,,,,,,,,,,,,,,,,,,,,,,,,,,,,,,,,,,,,,,,,,,,,,,,,,,,,,,,,,,,,,,,,,31201500,,,,,,,,,,,,,,,,,,,,,,,,,,,,,,,,,,,,,,,,,,,
,,,,,,,Appliances,Large Appliances,Major Kitchen & Laundry Appliances,,KDFM404KPS,KDFM404KPS Dishwasher SS,-- Unbranded --,-- No Unilog Brand --,-- No DIB Brand --,Appliance Dealers Cooperative (APPDE),Appliance Dealers Cooperative,,,KDFM404KPS,,Appliances & Consumer Electronics>Kitchen Appliances>Major Appliances,"Appliance Dealers Cooperative, Dishwasher, KPS, KDFM404KPS, 404 CF Capacity",DISHWASHER 404CF SST,"KPS KDFM404KPS Dishwasher, 404 CF Capacity, stainless steel","Dishwasher, KPS, 404 CF Capacity, stainless steel","KPS Dishwasher, 404 CF Capacity, stainless steel",,404 CF,,,,,,,,,,,,,,,,,,,,,,,,,Dishwasher,Product Name,dishwasher,,Series,KPS,,Capacity,404,CF,Voltage Rating,,,Amperage Rating,,,Width,,,Mounting Type,,,Fuel Type,,,Sound Level,,,Color,stainless steel,,,,,,,,,,,,,,,,,,,,,,,,,,,,,,,,,,,,,,,,,,,,,,,,,,,,,,,,,,,,,,,,,,,,,,,,,,,,,,,,,,,,,,,,,,,,,,,,,,,,,,,,,,,,,,,,,,,,,,,,,,,,,52141500,,,,,,,,,,,,,,404,CF,,,,,,,,,,,,,,,,,,,,,,,,,,,,
,,,,,,,Appliances,Large Appliances,Major Kitchen & Laundry Appliances,,PDSH4816AF,PDSH4816AF Dishwasher SS - Display Only,-- Unbranded --,-- No Unilog Brand --,-- No DIB Brand --,Appliance Dealers Cooperative (APPDE),Appliance Dealers Cooperative,,,PDSH4816AF,,Appliances & Consumer Electronics>Kitchen Appliances>Major Appliances,"Appliance Dealers Cooperative, Dishwasher, PDSH4816AF, stainless steel",DISHWASHER SST,"PDSH4816AF Dishwasher, stainless steel","Dishwasher, stainless steel","Dishwasher, stainless steel",,,,,,,,,,,,,,,,,,,,,,,,,,,Dishwasher,Product Name,dishwasher,,Series,,,Capacity,,,Voltage Rating,,,Amperage Rating,,,Width,,,Mounting Type,,,Fuel Type,,,Sound Level,,,Color,stainless steel,,,,,,,,,,,,,,,,,,,,,,,,,,,,,,,,,,,,,,,,,,,,,,,,,,,,,,,,,,,,,,,,,,,,,,,,,,,,,,,,,,,,,,,,,,,,,,,,,,,,,,,,,,,,,,,,,,,,,,,,,,,,,52141500,,,,,,,,,,,,,,,,,,,,,,,,,,,,,,,,,,,,,,,,,,,
,,,,,,,Appliances,Large Appliances,Major Kitchen & Laundry Appliances,,PDT715SYVFS,PDT715SYVFS Ge Dishwasher SS,-- Unbranded --,-- No Unilog Brand --,-- No DIB Brand --,Appliance Dealers Cooperative (APPDE),Appliance Dealers Cooperative,,,PDT715SYVFS,,Appliances & Consumer Electronics>Kitchen Appliances>Major Appliances,"Appliance Dealers Cooperative, Dishwasher, PDT715SYVFS",DISHWASHER,PDT715SYVFS Dishwasher,Dishwasher,Dishwasher,,,,,,,,,,,,,,,,,,,,,,,,,,,Dishwasher,Product Name,dishwasher,,Series,,,Capacity,,,Voltage Rating,,,Amperage Rating,,,Width,,,Mounting Type,,,Fuel Type,,,Sound Level,,,Color,,,,,,,,,,,,,,,,,,,,,,,,,,,,,,,,,,,,,,,,,,,,,,,,,,,,,,,,,,,,,,,,,,,,,,,,,,,,,,,,,,,,,,,,,,,,,,,,,,,,,,,,,,,,,,,,,,,,,,,,,,,,,,52141500,,,,,,,,,,,,,,,,,,,,,,,,,,,,,,,,,,,,,,,,,,,
,,,,,,,Appliances,Large Appliances,Major Kitchen & Laundry Appliances,,LDPH5554D,LDPH5554D LG Dishwasher BSS,-- Unbranded --,-- No Unilog Brand --,-- No DIB Brand --,Appliance Dealers Cooperative (APPDE),Appliance Dealers Cooperative,,,LDPH5554D,,Appliances & Consumer Electronics>Kitchen Appliances>Major Appliances,"Appliance Dealers Cooperative, Dishwasher, BSS, LDPH5554D",DISHWASHER,BSS LDPH5554D Dishwasher,"Dishwasher, BSS",BSS Dishwasher,,,,,,,,,,,,,,,,,,,,,,,,,,,Dishwasher,Product Name,dishwasher,,Series,BSS,,Capacity,,,Voltage Rating,,,Amperage Rating,,,Width,,,Mounting Type,,,Fuel Type,,,Sound Level,,,Color,,,,,,,,,,,,,,,,,,,,,,,,,,,,,,,,,,,,,,,,,,,,,,,,,,,,,,,,,,,,,,,,,,,,,,,,,,,,,,,,,,,,,,,,,,,,,,,,,,,,,,,,,,,,,,,,,,,,,,,,,,,,,,52141500,,,,,,,,,,,,,,,,,,,,,,,,,,,,,,,,,,,,,,,,,,,
,,,,,,,Appliances,Large Appliances,Major Kitchen & Laundry Appliances,,WDTS7024RZ,WDTS7024RZ Dishwasher SS - Display Only,-- Unbranded --,-- No Unilog Brand --,-- No DIB Brand --,Appliance Dealers Cooperative (APPDE),Appliance Dealers Cooperative,,,WDTS7024RZ,,Appliances & Consumer Electronics>Kitchen Appliances>Major Appliances,"Appliance Dealers Cooperative, Dishwasher, WDTS7024RZ, WDTS7024RZ",DISHWASHER 24IN,"WDTS7024RZ WDTS7024RZ Dishwasher, 24 in Width","Dishwasher, WDTS7024RZ, 24 in Width","WDTS7024RZ Dishwasher, 24 in Width",,24 in,,,,,,,,,,,,,,,,,,,,,,,,,Dishwasher,Product Name,dishwasher,,Series,WDTS7024RZ,,Capacity,,,Voltage Rating,,,Amperage Rating,,,Width,24,in,Mounting Type,,,Fuel Type,,,Sound Level,,,Color,,,,,,,,,,,,,,,,,,,,,,,,,,,,,,,,,,,,,,,,,,,,,,,,,,,,,,,,,,,,,,,,,,,,,,,,,,,,,,,,,,,,,,,,,,,,,,,,,,,,,,,,,,,,,,,,,,,,,,,,,,,,,,52141500,,,,,,,,,,24,in,,,,,,,,,,,,,,,,,,,,,,,,,,,,,,,,
,,,,,,,Appliances,Large Appliances,Major Kitchen & Laundry Appliances,,PDD415PYYFS,PDD415PYYFS GE Dishwasher SS,-- Unbranded --,-- No Unilog Brand --,-- No DIB Brand --,Appliance Dealers Cooperative (APPDE),Appliance Dealers Cooperative,,,PDD415PYYFS,,Appliances & Consumer Electronics>Kitchen Appliances>Major Appliances,"Appliance Dealers Cooperative, Dishwasher, PDD415PYYFS",DISHWASHER,PDD415PYYFS Dishwasher,Dishwasher,Dishwasher,,,,,,,,,,,,,,,,,,,,,,,,,,,Dishwasher,Product Name,dishwasher,,Series,,,Capacity,,,Voltage Rating,,,Amperage Rating,,,Width,,,Mounting Type,,,Fuel Type,,,Sound Level,,,Color,,,,,,,,,,,,,,,,,,,,,,,,,,,,,,,,,,,,,,,,,,,,,,,,,,,,,,,,,,,,,,,,,,,,,,,,,,,,,,,,,,,,,,,,,,,,,,,,,,,,,,,,,,,,,,,,,,,,,,,,,,,,,,52141500,,,,,,,,,,,,,,,,,,,,,,,,,,,,,,,,,,,,,,,,,,,
,,,,,,,Appliances,Large Appliances,Major Kitchen & Laundry Appliances,,KDTS424SBE,KDTS424SBE Kitchen Aid Dishwasher Bk,-- Unbranded --,-- No Unilog Brand --,-- No DIB Brand --,Appliance Dealers Cooperative (APPDE),Appliance Dealers Cooperative,,,KDTS424SBE,,Appliances & Consumer Electronics>Kitchen Appliances>Major Appliances,"Appliance Dealers Cooperative, Dishwasher, KDTS424SBE, 24 in Width",DISHWASHER 24IN,"KDTS424SBE Dishwasher, 24 in Width","Dishwasher, 24 in Width","Dishwasher, 24 in Width",,24 in,,,,,,,,,,,,,,,,,,,,,,,,,Dishwasher,Product Name,dishwasher,,Series,,,Capacity,,,Voltage Rating,,,Amperage Rating,,,Width,24,in,Mounting Type,,,Fuel Type,,,Sound Level,,,Color,,,,,,,,,,,,,,,,,,,,,,,,,,,,,,,,,,,,,,,,,,,,,,,,,,,,,,,,,,,,,,,,,,,,,,,,,,,,,,,,,,,,,,,,,,,,,,,,,,,,,,,,,,,,,,,,,,,,,,,,,,,,,,52141500,,,,,,,,,,24,in,,,,,,,,,,,,,,,,,,,,,,,,,,,,,,,,
,,,,,,,Appliances,Large Appliances,Major Kitchen & Laundry Appliances,,KDTS324SPS,KDTS324SPS Kitchen Aid Dishwasher SS,-- Unbranded --,-- No Unilog Brand --,-- No DIB Brand --,Appliance Dealers Cooperative (APPDE),Appliance Dealers Cooperative,,,KDTS324SPS,,Appliances & Consumer Electronics>Kitchen Appliances>Major Appliances,"Appliance Dealers Cooperative, Dishwasher, KDTS324SPS, 24 in Width",DISHWASHER 24IN,"KDTS324SPS Dishwasher, 24 in Width","Dishwasher, 24 in Width","Dishwasher, 24 in Width",,24 in,,,,,,,,,,,,,,,,,,,,,,,,,Dishwasher,Product Name,dishwasher,,Series,,,Capacity,,,Voltage Rating,,,Amperage Rating,,,Width,24,in,Mounting Type,,,Fuel Type,,,Sound Level,,,Color,,,,,,,,,,,,,,,,,,,,,,,,,,,,,,,,,,,,,,,,,,,,,,,,,,,,,,,,,,,,,,,,,,,,,,,,,,,,,,,,,,,,,,,,,,,,,,,,,,,,,,,,,,,,,,,,,,,,,,,,,,,,,,52141500,,,,,,,,,,24,in,,,,,,,,,,,,,,,,,,,,,,,,,,,,,,,,
,,,,,,,Appliances,Large Appliances,Major Kitchen & Laundry Appliances,,KDPS624SJP,KDPS624SJP Dishwasher Juniper - Display Only,-- Unbranded --,-- No Unilog Brand --,-- No DIB Brand --,Appliance Dealers Cooperative (APPDE),Appliance Dealers Cooperative,,,KDPS624SJP,,Appliances & Consumer Electronics>Kitchen Appliances>Major Appliances,"Appliance Dealers Cooperative, Dishwasher, Juniper, KDPS624SJP",DISHWASHER 24IN,"Juniper KDPS624SJP Dishwasher, 24 in Width","Dishwasher, Juniper, 24 in Width","Juniper Dishwasher, 24 in Width",,24 in,,,,,,,,,,,,,,,,,,,,,,,,,Dishwasher,Product Name,dishwasher,,Series,Juniper,,Capacity,,,Voltage Rating,,,Amperage Rating,,,Width,24,in,Mounting Type,,,Fuel Type,,,Sound Level,,,Color,,,,,,,,,,,,,,,,,,,,,,,,,,,,,,,,,,,,,,,,,,,,,,,,,,,,,,,,,,,,,,,,,,,,,,,,,,,,,,,,,,,,,,,,,,,,,,,,,,,,,,,,,,,,,,,,,,,,,,,,,,,,,,52141500,,,,,,,,,,24,in,,,,,,,,,,,,,,,,,,,,,,,,,,,,,,,,
,,,,,,,Appliances,Large Appliances,Major Kitchen & Laundry Appliances,,KDTS624SBE,KDTS624SBE Dishwasher BO Display Only,-- Unbranded --,-- No Unilog Brand --,-- No DIB Brand --,Appliance Dealers Cooperative (APPDE),Appliance Dealers Cooperative,,,KDTS624SBE,,Appliances & Consumer Electronics>Kitchen Appliances>Major Appliances,"Appliance Dealers Cooperative, Dishwasher, BO, KDTS624SBE, 24 in Width",DISHWASHER 24IN,"BO KDTS624SBE Dishwasher, 24 in Width","Dishwasher, BO, 24 in Width","BO Dishwasher, 24 in Width",,24 in,,,,,,,,,,,,,,,,,,,,,,,,,Dishwasher,Product Name,dishwasher,,Series,BO,,Capacity,,,Voltage Rating,,,Amperage Rating,,,Width,24,in,Mounting Type,,,Fuel Type,,,Sound Level,,,Color,,,,,,,,,,,,,,,,,,,,,,,,,,,,,,,,,,,,,,,,,,,,,,,,,,,,,,,,,,,,,,,,,,,,,,,,,,,,,,,,,,,,,,,,,,,,,,,,,,,,,,,,,,,,,,,,,,,,,,,,,,,,,,52141500,,,,,,,,,,24,in,,,,,,,,,,,,,,,,,,,,,,,,,,,,,,,,
,,,,,,,,,,,D519127,D519127 Heater Kit,-- Unbranded --,-- No Unilog Brand --,-- No DIB Brand --,V & V Appliance Parts Inc (VVAPP),V & V Appliance Parts Inc,,,D519127,,,"V & V Appliance Parts Inc, Heater Kit, D519127",HEATER KIT,D519127 Heater Kit,Heater Kit,Heater Kit,,,,,,,,,,,,,,,,,,,,,,,,,,,Heater Kit,Product Name,Heater Kit,,Brand,,,Material,,,Color,,,Size,,,Quantity,,,,,,,,,,,,,,,,,,,,,,,,,,,,,,,,,,,,,,,,,,,,,,,,,,,,,,,,,,,,,,,,,,,,,,,,,,,,,,,,,,,,,,,,,,,,,,,,,,,,,,,,,,,,,,,,,,,,,,,,,,,,,,,,,,,,,,,,,,,,,,,,,,,,,,,,,,,,,,,,,,,,,,,,,,,,,,,,,,,,,
,,,,,,,Appliances,Large Appliances,Major Kitchen & Laundry Appliances,,DF7004WE,DF7004WE Speed Queen Elect Dryer Wh,-- Unbranded --,-- No Unilog Brand --,-- No DIB Brand --,Appliance Dealers Cooperative (APPDE),Appliance Dealers Cooperative,,,DF7004WE,,Appliances & Consumer Electronics>Kitchen Appliances>Major Appliances,"Appliance Dealers Cooperative, Dryer, DF7004WE",DRYER,DF7004WE Dryer,Dryer,Dryer,,,,,,,,,,,,,,,,,,,,,,,,,,,Dryer,Product Name,dryer,,Series,,,Capacity,,,Voltage Rating,,,Amperage Rating,,,Width,,,Mounting Type,,,Fuel Type,,,Sound Level,,,Color,,,,,,,,,,,,,,,,,,,,,,,,,,,,,,,,,,,,,,,,,,,,,,,,,,,,,,,,,,,,,,,,,,,,,,,,,,,,,,,,,,,,,,,,,,,,,,,,,,,,,,,,,,,,,,,,,,,,,,,,,,,,,,52141500,,,,,,,,,,,,,,,,,,,,,,,,,,,,,,,,,,,,,,,,,,,
,,,,,,,Appliances,Large Appliances,Major Kitchen & Laundry Appliances,,DR7004BE,DR7004BE SQ Elect Dryer Bk,-- Unbranded --,-- No Unilog Brand --,-- No DIB Brand --,Appliance Dealers Cooperative (APPDE),Appliance Dealers Cooperative,,,DR7004BE,,Appliances & Consumer Electronics>Kitchen Appliances>Major Appliances,"Appliance Dealers Cooperative, Dryer, square, DR7004BE",DRYER,square DR7004BE Dryer,"Dryer, square",square Dryer,,,,,,,,,,,,,,,,,,,,,,,,,,,Dryer,Product Name,dryer,,Series,square,,Capacity,,,Voltage Rating,,,Amperage Rating,,,Width,,,Mounting Type,,,Fuel Type,,,Sound Level,,,Color,,,,,,,,,,,,,,,,,,,,,,,,,,,,,,,,,,,,,,,,,,,,,,,,,,,,,,,,,,,,,,,,,,,,,,,,,,,,,,,,,,,,,,,,,,,,,,,,,,,,,,,,,,,,,,,,,,,,,,,,,,,,,,52141500,,,,,,,,,,,,,,,,,,,,,,,,,,,,,,,,,,,,,,,,,,,
,,,,,,,Appliances,Large Appliances,Major Kitchen & Laundry Appliances,,DV2000WE,DV2000WE SQ Elect Dryer Wh,-- Unbranded --,-- No Unilog Brand --,-- No DIB Brand --,Appliance Dealers Cooperative (APPDE),Appliance Dealers Cooperative,,,DV2000WE,,Appliances & Consumer Electronics>Kitchen Appliances>Major Appliances,"Appliance Dealers Cooperative, Dryer, DV2000WE",DRYER,DV2000WE Dryer,Dryer,Dryer,,,,,,,,,,,,,,,,,,,,,,,,,,,Dryer,Product Name,dryer,,Series,,,Capacity,,,Voltage Rating,,,Amperage Rating,,,Width,,,Mounting Type,,,Fuel Type,,,Sound Level,,,Color,,,,,,,,,,,,,,,,,,,,,,,,,,,,,,,,,,,,,,,,,,,,,,,,,,,,,,,,,,,,,,,,,,,,,,,,,,,,,,,,,,,,,,,,,,,,,,,,,,,,,,,,,,,,,,,,,,,,,,,,,,,,,,52141500,,,,,,,,,,,,,,,,,,,,,,,,,,,,,,,,,,,,,,,,,,,
,,,,,,,Appliances,Large Appliances,Major Kitchen & Laundry Appliances,,DC5004WE,DC5004WE SQ Elect Dryer Wh,-- Unbranded --,-- No Unilog Brand --,-- No DIB Brand --,Appliance Dealers Cooperative (APPDE),Appliance Dealers Cooperative,,,DC5004WE,,Appliances & Consumer Electronics>Kitchen Appliances>Major Appliances,"Appliance Dealers Cooperative, Dryer, square, DC5004WE",DRYER,square DC5004WE Dryer,"Dryer, square",square Dryer,,,,,,,,,,,,,,,,,,,,,,,,,,,Dryer,Product Name,dryer,,Series,square,,Capacity,,,Voltage Rating,,,Amperage Rating,,,Width,,,Mounting Type,,,Fuel Type,,,Sound Level,,,Color,,,,,,,,,,,,,,,,,,,,,,,,,,,,,,,,,,,,,,,,,,,,,,,,,,,,,,,,,,,,,,,,,,,,,,,,,,,,,,,,,,,,,,,,,,,,,,,,,,,,,,,,,,,,,,,,,,,,,,,,,,,,,,52141500,,,,,,,,,,,,,,,,,,,,,,,,,,,,,,,,,,,,,,,,,,,
,,,,,,,Appliances,Large Appliances,Major Kitchen & Laundry Appliances,,DC5004BE,DC5004BE SQ Elect Dryer Bk,-- Unbranded --,-- No Unilog Brand --,-- No DIB Brand --,Appliance Dealers Cooperative (APPDE),Appliance Dealers Cooperative,,,DC5004BE,,Appliances & Consumer Electronics>Kitchen Appliances>Major Appliances,"Appliance Dealers Cooperative, Dryer, square, DC5004BE",DRYER,square DC5004BE Dryer,"Dryer, square",square Dryer,,,,,,,,,,,,,,,,,,,,,,,,,,,Dryer,Product Name,dryer,,Series,square,,Capacity,,,Voltage Rating,,,Amperage Rating,,,Width,,,Mounting Type,,,Fuel Type,,,Sound Level,,,Color,,,,,,,,,,,,,,,,,,,,,,,,,,,,,,,,,,,,,,,,,,,,,,,,,,,,,,,,,,,,,,,,,,,,,,,,,,,,,,,,,,,,,,,,,,,,,,,,,,,,,,,,,,,,,,,,,,,,,,,,,,,,,,52141500,,,,,,,,,,,,,,,,,,,,,,,,,,,,,,,,,,,,,,,,,,,
,,,,,,,Appliances,Large Appliances,Major Kitchen & Laundry Appliances,,WKE100HWA,WKE100HWA LG Laundry Center Wh - Display,-- Unbranded --,-- No Unilog Brand --,-- No DIB Brand --,Appliance Dealers Cooperative (APPDE),Appliance Dealers Cooperative,,,WKE100HWA,,Appliances & Consumer Electronics>Kitchen Appliances>Major Appliances,"Appliance Dealers Cooperative, Laundry Center, white, WKE100HWA",LAUNDRY CENTER DISPLAY,"white WKE100HWA Laundry Center, Display Mounting Type","Laundry Center, white, Display Mounting Type","white Laundry Center, Display Mounting Type",,,,,,,,,,,,,,,,,,,,,,,,,,,Laundry Center,Product Name,laundry center,,Series,white,,Capacity,,,Voltage Rating,,,Amperage Rating,,,Width,,,Mounting Type,Display,,Fuel Type,,,Sound Level,,,Color,,,,,,,,,,,,,,,,,,,,,,,,,,,,,,,,,,,,,,,,,,,,,,,,,,,,,,,,,,,,,,,,,,,,,,,,,,,,,,,,,,,,,,,,,,,,,,,,,,,,,,,,,,,,,,,,,,,,,,,,,,,,,,52141500,,,,,,,,,,,,,,,,,,,,,,,,,,,,,,,,,,,,,,,,,,,
,,,,,,,Appliances,Large Appliances,Major Kitchen & Laundry Appliances,,FF7011WN,FF7011WN Speed Queen Washer Wh,-- Unbranded --,-- No Unilog Brand --,-- No DIB Brand --,Appliance Dealers Cooperative (APPDE),Appliance Dealers Cooperative,,,FF7011WN,,Appliances & Consumer Electronics>Kitchen Appliances>Major Appliances,"Appliance Dealers Cooperative, Washer, FF7011WN",WASHER,FF7011WN Washer,Washer,Washer,,,,,,,,,,,,,,,,,,,,,,,,,,,Washer,Product Name,washer,,Series,,,Capacity,,,Voltage Rating,,,Amperage Rating,,,Width,,,Mounting Type,,,Fuel Type,,,Sound Level,,,Color,,,,,,,,,,,,,,,,,,,,,,,,,,,,,,,,,,,,,,,,,,,,,,,,,,,,,,,,,,,,,,,,,,,,,,,,,,,,,,,,,,,,,,,,,,,,,,,,,,,,,,,,,,,,,,,,,,,,,,,,,,,,,,52141500,,,,,,,,,,,,,,,,,,,,,,,,,,,,,,,,,,,,,,,,,,,
,,,,,,,Appliances,Large Appliances,Major Kitchen & Laundry Appliances,,PTD70GBPTDG,PTD70GBPTDG GE Gas Dryer DG,-- Unbranded --,-- No Unilog Brand --,-- No DIB Brand --,Appliance Dealers Cooperative (APPDE),Appliance Dealers Cooperative,,,PTD70GBPTDG,,Appliances & Consumer Electronics>Kitchen Appliances>Major Appliances,"Appliance Dealers Cooperative, Dryer, PTD70GBPTDG, gas Fuel Type",DRYER GAS,"PTD70GBPTDG Dryer, gas Fuel Type, PTD70GBPTDG","Dryer, gas Fuel Type, PTD70GBPTDG","Dryer, gas Fuel Type, PTD70GBPTDG",,,,,,,,,,,,,,,,,,,,,,,,,,,Dryer,Product Name,dryer,,Series,,,Capacity,,,Voltage Rating,,,Amperage Rating,,,Width,,,Mounting Type,,,Fuel Type,gas,,Sound Level,,,Color,PTD70GBPTDG,,,,,,,,,,,,,,,,,,,,,,,,,,,,,,,,,,,,,,,,,,,,,,,,,,,,,,,,,,,,,,,,,,,,,,,,,,,,,,,,,,,,,,,,,,,,,,,,,,,,,,,,,,,,,,,,,,,,,,,,,,,,,52141500,,,,,,,,,,,,,,,,,,,,,,,,,,,,,,,,,,,,,,,,,,,
,,,,,,,Appliances,Large Appliances,Major Kitchen & Laundry Appliances,,PTD70GBSTWS,PTD70GBSTWS GE Gas Dryer Wh,-- Unbranded --,-- No Unilog Brand --,-- No DIB Brand --,Appliance Dealers Cooperative (APPDE),Appliance Dealers Cooperative,,,PTD70GBSTWS,,Appliances & Consumer Electronics>Kitchen Appliances>Major Appliances,"Appliance Dealers Cooperative, Dryer, PTD70GBSTWS, gas Fuel Type",DRYER GAS,"PTD70GBSTWS Dryer, gas Fuel Type","Dryer, gas Fuel Type","Dryer, gas Fuel Type",,,,,,,,,,,,,,,,,,,,,,,,,,,Dryer,Product Name,dryer,,Series,,,Capacity,,,Voltage Rating,,,Amperage Rating,,,Width,,,Mounting Type,,,Fuel Type,gas,,Sound Level,,,Color,,,,,,,,,,,,,,,,,,,,,,,,,,,,,,,,,,,,,,,,,,,,,,,,,,,,,,,,,,,,,,,,,,,,,,,,,,,,,,,,,,,,,,,,,,,,,,,,,,,,,,,,,,,,,,,,,,,,,,,,,,,,,,52141500,,,,,,,,,,,,,,,,,,,,,,,,,,,,,,,,,,,,,,,,,,,
,,,,,,,Appliances,Large Appliances,Major Kitchen & Laundry Appliances,,DR5004WG,DR5004WG SQ Gas Dryer Wh,-- Unbranded --,-- No Unilog Brand --,-- No DIB Brand --,Appliance Dealers Cooperative (APPDE),Appliance Dealers Cooperative,,,DR5004WG,,Appliances & Consumer Electronics>Kitchen Appliances>Major Appliances,"Appliance Dealers Cooperative, Dryer, DR5004WG, gas Fuel Type",DRYER GAS,"DR5004WG Dryer, gas Fuel Type","Dryer, gas Fuel Type","Dryer, gas Fuel Type",,,,,,,,,,,,,,,,,,,,,,,,,,,Dryer,Product Name,dryer,,Series,,,Capacity,,,Voltage Rating,,,Amperage Rating,,,Width,,,Mounting Type,,,Fuel Type,gas,,Sound Level,,,Color,,,,,,,,,,,,,,,,,,,,,,,,,,,,,,,,,,,,,,,,,,,,,,,,,,,,,,,,,,,,,,,,,,,,,,,,,,,,,,,,,,,,,,,,,,,,,,,,,,,,,,,,,,,,,,,,,,,,,,,,,,,,,,52141500,,,,,,,,,,,,,,,,,,,,,,,,,,,,,,,,,,,,,,,,,,,
,,,,,,,Appliances,Large Appliances,Major Kitchen & Laundry Appliances,,DR7004BG,DR7004BG SQ Gas Dryer Bk,-- Unbranded --,-- No Unilog Brand --,-- No DIB Brand --,Appliance Dealers Cooperative (APPDE),Appliance Dealers Cooperative,,,DR7004BG,,Appliances & Consumer Electronics>Kitchen Appliances>Major Appliances,"Appliance Dealers Cooperative, Dryer, DR7004BG, gas Fuel Type",DRYER GAS 70DBA,"DR7004BG Dryer, gas Fuel Type, 70 dBA Sound Level","Dryer, gas Fuel Type, 70 dBA Sound Level","Dryer, gas Fuel Type, 70 dBA Sound Level",,70 dBA,,,,,,,,,,,,,,,,,,,,,,,,,Dryer,Product Name,dryer,,Series,,,Capacity,,,Voltage Rating,,,Amperage Rating,,,Width,,,Mounting Type,,,Fuel Type,gas,,Sound Level,70,dBA,Color,,,,,,,,,,,,,,,,,,,,,,,,,,,,,,,,,,,,,,,,,,,,,,,,,,,,,,,,,,,,,,,,,,,,,,,,,,,,,,,,,,,,,,,,,,,,,,,,,,,,,,,,,,,,,,,,,,,,,,,,,,,,,,52141500,,,,,,,,,,,,,,,,,,,,,,,,,,,,,,,,,,,,,,,,,,,
,,,,,,,Appliances,Large Appliances,Major Kitchen & Laundry Appliances,,DR7004WG,DR7004WG SQ Gas Dryer Wh,-- Unbranded --,-- No Unilog Brand --,-- No DIB Brand --,Appliance Dealers Cooperative (APPDE),Appliance Dealers Cooperative,,,DR7004WG,,Appliances & Consumer Electronics>Kitchen Appliances>Major Appliances,"Appliance Dealers Cooperative, Dryer, square, DR7004WG, gas Fuel Type",DRYER GAS,"square DR7004WG Dryer, gas Fuel Type","Dryer, square, gas Fuel Type","square Dryer, gas Fuel Type",,,,,,,,,,,,,,,,,,,,,,,,,,,Dryer,Product Name,dryer,,Series,square,,Capacity,,,Voltage Rating,,,Amperage Rating,,,Width,,,Mounting Type,,,Fuel Type,gas,,Sound Level,,,Color,,,,,,,,,,,,,,,,,,,,,,,,,,,,,,,,,,,,,,,,,,,,,,,,,,,,,,,,,,,,,,,,,,,,,,,,,,,,,,,,,,,,,,,,,,,,,,,,,,,,,,,,,,,,,,,,,,,,,,,,,,,,,,52141500,,,,,,,,,,,,,,,,,,,,,,,,,,,,,,,,,,,,,,,,,,,
,,,,,,,Appliances,Large Appliances,Major Kitchen & Laundry Appliances,,DV2000WG,DV2000WG SQ Gas Dryer Wh,-- Unbranded --,-- No Unilog Brand --,-- No DIB Brand --,Appliance Dealers Cooperative (APPDE),Appliance Dealers Cooperative,,,DV2000WG,,Appliances & Consumer Electronics>Kitchen Appliances>Major Appliances,"Appliance Dealers Cooperative, Dryer, DV2000WG, gas Fuel Type",DRYER GAS,"DV2000WG Dryer, gas Fuel Type","Dryer, gas Fuel Type","Dryer, gas Fuel Type",,,,,,,,,,,,,,,,,,,,,,,,,,,Dryer,Product Name,dryer,,Series,,,Capacity,,,Voltage Rating,,,Amperage Rating,,,Width,,,Mounting Type,,,Fuel Type,gas,,Sound Level,,,Color,,,,,,,,,,,,,,,,,,,,,,,,,,,,,,,,,,,,,,,,,,,,,,,,,,,,,,,,,,,,,,,,,,,,,,,,,,,,,,,,,,,,,,,,,,,,,,,,,,,,,,,,,,,,,,,,,,,,,,,,,,,,,,52141500,,,,,,,,,,,,,,,,,,,,,,,,,,,,,,,,,,,,,,,,,,,
,,,,,,,Appliances,Large Appliances,Major Kitchen & Laundry Appliances,,DC5004WG,DC5004WG SQ Gas Dryer Wh,-- Unbranded --,-- No Unilog Brand --,-- No DIB Brand --,Appliance Dealers Cooperative (APPDE),Appliance Dealers Cooperative,,,DC5004WG,,Appliances & Consumer Electronics>Kitchen Appliances>Major Appliances,"Appliance Dealers Cooperative, Dryer, DC5004WG, gas Fuel Type",DRYER GAS,"DC5004WG Dryer, gas Fuel Type","Dryer, gas Fuel Type","Dryer, gas Fuel Type",,,,,,,,,,,,,,,,,,,,,,,,,,,Dryer,Product Name,dryer,,Series,,,Capacity,,,Voltage Rating,,,Amperage Rating,,,Width,,,Mounting Type,,,Fuel Type,gas,,Sound Level,,,Color,,,,,,,,,,,,,,,,,,,,,,,,,,,,,,,,,,,,,,,,,,,,,,,,,,,,,,,,,,,,,,,,,,,,,,,,,,,,,,,,,,,,,,,,,,,,,,,,,,,,,,,,,,,,,,,,,,,,,,,,,,,,,,52141500,,,,,,,,,,,,,,,,,,,,,,,,,,,,,,,,,,,,,,,,,,,
,,,,,,,Appliances,Large Appliances,Major Kitchen & Laundry Appliances,,DC5004BG,DC5004BG SQ Gas Dryer Bk,-- Unbranded --,-- No Unilog Brand --,-- No DIB Brand --,Appliance Dealers Cooperative (APPDE),Appliance Dealers Cooperative,,,DC5004BG,,Appliances & Consumer Electronics>Kitchen Appliances>Major Appliances,"Appliance Dealers Cooperative, Dryer, DC5004BG, gas Fuel Type",DRYER GAS,"DC5004BG Dryer, gas Fuel Type","Dryer, gas Fuel Type","Dryer, gas Fuel Type",,,,,,,,,,,,,,,,,,,,,,,,,,,Dryer,Product Name,dryer,,Series,,,Capacity,,,Voltage Rating,,,Amperage Rating,,,Width,,,Mounting Type,,,Fuel Type,gas,,Sound Level,,,Color,,,,,,,,,,,,,,,,,,,,,,,,,,,,,,,,,,,,,,,,,,,,,,,,,,,,,,,,,,,,,,,,,,,,,,,,,,,,,,,,,,,,,,,,,,,,,,,,,,,,,,,,,,,,,,,,,,,,,,,,,,,,,,52141500,,,,,,,,,,,,,,,,,,,,,,,,,,,,,,,,,,,,,,,,,,,
,,,,,,,Appliances,Large Appliances,Major Kitchen & Laundry Appliances,,PTW705BSTWS,PTW705BSTWS GE Washer Wh,-- Unbranded --,-- No Unilog Brand --,-- No DIB Brand --,Appliance Dealers Cooperative (APPDE),Appliance Dealers Cooperative,,,PTW705BSTWS,,Appliances & Consumer Electronics>Kitchen Appliances>Major Appliances,"Appliance Dealers Cooperative, Washer, PTW705BSTWS",WASHER,PTW705BSTWS Washer,Washer,Washer,,,,,,,,,,,,,,,,,,,,,,,,,,,Washer,Product Name,washer,,Series,,,Capacity,,,Voltage Rating,,,Amperage Rating,,,Width,,,Mounting Type,,,Fuel Type,,,Sound Level,,,Color,,,,,,,,,,,,,,,,,,,,,,,,,,,,,,,,,,,,,,,,,,,,,,,,,,,,,,,,,,,,,,,,,,,,,,,,,,,,,,,,,,,,,,,,,,,,,,,,,,,,,,,,,,,,,,,,,,,,,,,,,,,,,,52141500,,,,,,,,,,,,,,,,,,,,,,,,,,,,,,,,,,,,,,,,,,,
,,,,,,,Appliances,Large Appliances,Major Kitchen & Laundry Appliances,,MVWP586GW,MVWP586GW Washer Wh - Display,-- Unbranded --,-- No Unilog Brand --,-- No DIB Brand --,Appliance Dealers Cooperative (APPDE),Appliance Dealers Cooperative,,,MVWP586GW,,Appliances & Consumer Electronics>Kitchen Appliances>Major Appliances,"Appliance Dealers Cooperative, Washer, MVWP586GW",WASHER,MVWP586GW Washer,Washer,Washer,,,,,,,,,,,,,,,,,,,,,,,,,,,Washer,Product Name,washer,,Series,,,Capacity,,,Voltage Rating,,,Amperage Rating,,,Width,,,Mounting Type,,,Fuel Type,,,Sound Level,,,Color,,,,,,,,,,,,,,,,,,,,,,,,,,,,,,,,,,,,,,,,,,,,,,,,,,,,,,,,,,,,,,,,,,,,,,,,,,,,,,,,,,,,,,,,,,,,,,,,,,,,,,,,,,,,,,,,,,,,,,,,,,,,,,52141500,,,,,,,,,,,,,,,,,,,,,,,,,,,,,,,,,,,,,,,,,,,
,,,,,,,Appliances,Large Appliances,Major Kitchen & Laundry Appliances,,TV2000WN,TV2000WN SQ Elect Washer,-- Unbranded --,-- No Unilog Brand --,-- No DIB Brand --,Appliance Dealers Cooperative (APPDE),Appliance Dealers Cooperative,,,TV2000WN,,Appliances & Consumer Electronics>Kitchen Appliances>Major Appliances,"Appliance Dealers Cooperative, Washer, TV2000WN",WASHER,TV2000WN Washer,Washer,Washer,,,,,,,,,,,,,,,,,,,,,,,,,,,Washer,Product Name,washer,,Series,,,Capacity,,,Voltage Rating,,,Amperage Rating,,,Width,,,Mounting Type,,,Fuel Type,,,Sound Level,,,Color,,,,,,,,,,,,,,,,,,,,,,,,,,,,,,,,,,,,,,,,,,,,,,,,,,,,,,,,,,,,,,,,,,,,,,,,,,,,,,,,,,,,,,,,,,,,,,,,,,,,,,,,,,,,,,,,,,,,,,,,,,,,,,52141500,,,,,,,,,,,,,,,,,,,,,,,,,,,,,,,,,,,,,,,,,,,
,,,,,,,Appliances,Large Appliances,Major Kitchen & Laundry Appliances,,TC5003BN,TC5003BN SQ Washer Bk,-- Unbranded --,-- No Unilog Brand --,-- No DIB Brand --,Appliance Dealers Cooperative (APPDE),Appliance Dealers Cooperative,,,TC5003BN,,Appliances & Consumer Electronics>Kitchen Appliances>Major Appliances,"Appliance Dealers Cooperative, Washer, TC5003BN",WASHER,TC5003BN Washer,Washer,Washer,,,,,,,,,,,,,,,,,,,,,,,,,,,Washer,Product Name,washer,,Series,,,Capacity,,,Voltage Rating,,,Amperage Rating,,,Width,,,Mounting Type,,,Fuel Type,,,Sound Level,,,Color,,,,,,,,,,,,,,,,,,,,,,,,,,,,,,,,,,,,,,,,,,,,,,,,,,,,,,,,,,,,,,,,,,,,,,,,,,,,,,,,,,,,,,,,,,,,,,,,,,,,,,,,,,,,,,,,,,,,,,,,,,,,,,52141500,,,,,,,,,,,,,,,,,,,,,,,,,,,,,,,,,,,,,,,,,,,
,,,,,,,Appliances,Large Appliances,Major Kitchen & Laundry Appliances,,TR7006WN,TR7006WN Speed Queen Washer Wh,-- Unbranded --,-- No Unilog Brand --,-- No DIB Brand --,Appliance Dealers Cooperative (APPDE),Appliance Dealers Cooperative,,,TR7006WN,,Appliances & Consumer Electronics>Kitchen Appliances>Major Appliances,"Appliance Dealers Cooperative, Washer, TR7006WN",WASHER,TR7006WN Washer,Washer,Washer,,,,,,,,,,,,,,,,,,,,,,,,,,,Washer,Product Name,washer,,Series,,,Capacity,,,Voltage Rating,,,Amperage Rating,,,Width,,,Mounting Type,,,Fuel Type,,,Sound Level,,,Color,,,,,,,,,,,,,,,,,,,,,,,,,,,,,,,,,,,,,,,,,,,,,,,,,,,,,,,,,,,,,,,,,,,,,,,,,,,,,,,,,,,,,,,,,,,,,,,,,,,,,,,,,,,,,,,,,,,,,,,,,,,,,,52141500,,,,,,,,,,,,,,,,,,,,,,,,,,,,,,,,,,,,,,,,,,,
,,,,,,,Appliances,Large Appliances,Major Kitchen & Laundry Appliances,,TR7006BN,TR7006BN Speed Queen Washer Bk,-- Unbranded --,-- No Unilog Brand --,-- No DIB Brand --,Appliance Dealers Cooperative (APPDE),Appliance Dealers Cooperative,,,TR7006BN,,Appliances & Consumer Electronics>Kitchen Appliances>Major Appliances,"Appliance Dealers Cooperative, Washer, TR7006BN",WASHER,TR7006BN Washer,Washer,Washer,,,,,,,,,,,,,,,,,,,,,,,,,,,Washer,Product Name,washer,,Series,,,Capacity,,,Voltage Rating,,,Amperage Rating,,,Width,,,Mounting Type,,,Fuel Type,,,Sound Level,,,Color,,,,,,,,,,,,,,,,,,,,,,,,,,,,,,,,,,,,,,,,,,,,,,,,,,,,,,,,,,,,,,,,,,,,,,,,,,,,,,,,,,,,,,,,,,,,,,,,,,,,,,,,,,,,,,,,,,,,,,,,,,,,,,52141500,,,,,,,,,,,,,,,,,,,,,,,,,,,,,,,,,,,,,,,,,,,
,,,,,,,Appliances,Large Appliances,Major Kitchen & Laundry Appliances,,TR5006WN,TR5006WN Speed Queen Washer Wh,-- Unbranded --,-- No Unilog Brand --,-- No DIB Brand --,Appliance Dealers Cooperative (APPDE),Appliance Dealers Cooperative,,,TR5006WN,,Appliances & Consumer Electronics>Kitchen Appliances>Major Appliances,"Appliance Dealers Cooperative, Washer, TR5006WN",WASHER,TR5006WN Washer,Washer,Washer,,,,,,,,,,,,,,,,,,,,,,,,,,,Washer,Product Name,washer,,Series,,,Capacity,,,Voltage Rating,,,Amperage Rating,,,Width,,,Mounting Type,,,Fuel Type,,,Sound Level,,,Color,,,,,,,,,,,,,,,,,,,,,,,,,,,,,,,,,,,,,,,,,,,,,,,,,,,,,,,,,,,,,,,,,,,,,,,,,,,,,,,,,,,,,,,,,,,,,,,,,,,,,,,,,,,,,,,,,,,,,,,,,,,,,,52141500,,,,,,,,,,,,,,,,,,,,,,,,,,,,,,,,,,,,,,,,,,,
,,,,,,,,,,,05134545001,9516 Kneeling Pad& Bttl Opener,-- Unbranded --,-- No Unilog Brand --,-- No DIB Brand --,Wera Tools NA Inc (WERTO),Wera Tools NA Inc,,,05134545001,,,"Wera Tools NA Inc, Kneeling Pad& Bttl Opener, 05134545001",KNEELING PAD& BTTL OPENER,05134545001 Kneeling Pad& Bttl Opener,Kneeling Pad& Bttl Opener,Kneeling Pad& Bttl Opener,,,,,,,,,,,,,,,,,,,,,,,,,,,Kneeling Pad& Bttl Opener,Product Name,Kneeling Pad& Bttl Opener,,Brand,,,Material,,,Color,,,Size,,,Quantity,,,,,,,,,,,,,,,,,,,,,,,,,,,,,,,,,,,,,,,,,,,,,,,,,,,,,,,,,,,,,,,,,,,,,,,,,,,,,,,,,,,,,,,,,,,,,,,,,,,,,,,,,,,,,,,,,,,,,,,,,,,,,,,,,,,,,,,,,,,,,,,,,,,,,,,,,,,,,,,,,,,,,,,,,,,,,,,,,,,,,
,,,,,,,,,,,LNL65301,LNL65301 Digital Tire Pressure - Inflator Gauge,-- Unbranded --,-- No Unilog Brand --,-- No DIB Brand --,-,,LNL,,LNL65301,,,"LNL, Digital Tire Pressure - Inflator Gauge, LNL65301",DIGITAL TIRE PRESSURE - INFLATOR GAUGE,LNL LNL65301 Digital Tire Pressure - Inflator Gauge,LNL Digital Tire Pressure - Inflator Gauge,Digital Tire Pressure - Inflator Gauge,,,,,,,,,,,,,,,,,,,,,,,,,,,Digital Tire Pressure - Inflator Gauge,Product Name,Digital Tire Pressure - Inflator Gauge,,Brand,LNL,,Material,,,Color,,,Size,,,Quantity,,,,,,,,,,,,,,,,,,,,,,,,,,,,,,,,,,,,,,,,,,,,,,,,,,,,,,,,,,,,,,,,,,,,,,,,,,,,,,,,,,,,,,,,,,,,,,,,,,,,,,,,,,,,,,,,,,,,,,,,,,,,,,,,,,,,,,,,,,,,,,,,,,,,,,,,,,,,,,,,,,,,,,,,,,,,,,,,,,,,,
,,,,,,,Building Materials,Concrete & Masonry,Mortar & Grout,,25-A,Charcoal Black 25-A Mortar - Type N,-- Unbranded --,-- No Unilog Brand --,-- No DIB Brand --,Rees Cast Stone Company (REECA),Rees Cast Stone Company,,,25-A,,"Building Materials>Concrete, Cement & Masonry>Mortar","Rees Cast Stone Company, Mortar, 25-A, Charcoal Black, 25-A",MORTAR 25-A,"25-A Mortar, Charcoal Black, 25-A","Mortar, Charcoal Black, 25-A","Mortar, Charcoal Black, 25-A",,,,,,,,,,,,,,,,,,,,,,,,,,,Mortar,Product Name,Mortar,,Brand,,,Material,,,Color,Charcoal Black,,Size,25-A,,Quantity,,,,,,,,,,,,,,,,,,,,,,,,,,,,,,,,,,,,,,,,,,,,,,,,,,,,,,,,,,,,,,,,,,,,,,,,,,,,,,,,,,,,,,,,,,,,,,,,,,,,,,,,,,,,,,,,,,,,,,,,,,,,,,,,,,,,,,,,,,30111600,,,,,,,,,,,,,,,,,,,,,,,,,,,,,,,,,,,,,,,,,,,
,,,,,,,Building Materials,Concrete & Masonry,Mortar & Grout,,38-E,Dark Chocolate 38-E Mortar - Type N,-- Unbranded --,-- No Unilog Brand --,-- No DIB Brand --,Rees Cast Stone Company (REECA),Rees Cast Stone Company,Dark Chocolate,,38-E,,"Building Materials>Concrete, Cement & Masonry>Mortar","Rees Cast Stone Company Dark Chocolate, Mortar, 38-E, 38-E, N",MORTAR 38-E N,"Dark Chocolate 38-E Mortar, 38-E, N","Dark Chocolate Mortar, 38-E, N","Mortar, 38-E, N",,,,,,,,,,,,,,,,,,,,,,,,,,,Mortar,Product Name,Mortar,,Brand,Dark Chocolate,,Material,38-E,,Color,N,,Size,,,Quantity,,,,,,,,,,,,,,,,,,,,,,,,,,,,,,,,,,,,,,,,,,,,,,,,,,,,,,,,,,,,,,,,,,,,,,,,,,,,,,,,,,,,,,,,,,,,,,,,,,,,,,,,,,,,,,,,,,,,,,,,,,,,,,,,,,,,,,,,,,30111600,,,,,,,,,,,,,,,,,,,,,,,,,,,,,,,,,,,,,,,,,,,
,,,,,,,Building Materials,Concrete & Masonry,Mortar & Grout,,59-J,Light Buff 59-J Mortar - Type N,-- Unbranded --,-- No Unilog Brand --,-- No DIB Brand --,Rees Cast Stone Company (REECA),Rees Cast Stone Company,,,59-J,,"Building Materials>Concrete, Cement & Masonry>Mortar","Rees Cast Stone Company, Light Buff 59-J Mortar, 59-J",LIGHT BUFF 59-J MORTAR,59-J Light Buff 59-J Mortar,Light Buff 59-J Mortar,Light Buff 59-J Mortar,,,,,,,,,,,,,,,,,,,,,,,,,,,Light Buff 59-j Mortar,Product Name,Light Buff 59-J Mortar,,Brand,,,Material,,,Color,,,Size,,,Quantity,,,,,,,,,,,,,,,,,,,,,,,,,,,,,,,,,,,,,,,,,,,,,,,,,,,,,,,,,,,,,,,,,,,,,,,,,,,,,,,,,,,,,,,,,,,,,,,,,,,,,,,,,,,,,,,,,,,,,,,,,,,,,,,,,,,,,,,,,,30111600,,,,,,,,,,,,,,,,,,,,,,,,,,,,,,,,,,,,,,,,,,,
,,,,,,,Building Materials,Concrete & Masonry,Mortar & Grout,,44-A,Light Chocolate 44-A Mortar - Type N,-- Unbranded --,-- No Unilog Brand --,-- No DIB Brand --,Rees Cast Stone Company (REECA),Rees Cast Stone Company,Light Chocolate,,44-A,,"Building Materials>Concrete, Cement & Masonry>Mortar","Rees Cast Stone Company Light Chocolate, Mortar, 44-A, 44-A, N",MORTAR 44-A N,"Light Chocolate 44-A Mortar, 44-A, N","Light Chocolate Mortar, 44-A, N","Mortar, 44-A, N",,,,,,,,,,,,,,,,,,,,,,,,,,,Mortar,Product Name,Mortar,,Brand,Light Chocolate,,Material,44-A,,Color,N,,Size,,,Quantity,,,,,,,,,,,,,,,,,,,,,,,,,,,,,,,,,,,,,,,,,,,,,,,,,,,,,,,,,,,,,,,,,,,,,,,,,,,,,,,,,,,,,,,,,,,,,,,,,,,,,,,,,,,,,,,,,,,,,,,,,,,,,,,,,,,,,,,,,,30111600,,,,,,,,,,,,,,,,,,,,,,,,,,,,,,,,,,,,,,,,,,,
,,,,,,,Building Materials,Decking & Railing,Railing Systems & Components,,543302126,6' Wh Select T-Rail Kit Horiz - w/Sq Composite Balusters,TREX,-- No Unilog Brand --,-- No DIB Brand --,U S Lumber (3073),U S Lumber,TREX,,543302126,,Building Materials>Decking & Porch>Railing,"U S Lumber TREX, T-Rail, 543302126, composite, kit Assembly",T-RAIL COMP KIT,"TREX 543302126 T-Rail, composite, kit Assembly","TREX T-Rail, composite, kit Assembly","T-Rail, composite, kit Assembly",,,,,,,,,,,,,,,,,,,,,,,,,,,T-Rail,Product Name,T-Rail,,Length,,,Height,,,Material,composite,,Baluster Style,,,Orientation,,,Color,,,Assembly,kit,,,,,,,,,,,,,,,,,,,,,,,,,,,,,,,,,,,,,,,,,,,,,,,,,,,,,,,,,,,,,,,,,,,,,,,,,,,,,,,,,,,,,,,,,,,,,,,,,,,,,,,,,,,,,,,,,,,,,,,,,,,,,,,,,,,30151800,,,,,,,,,,,,,,,,,,,,,,,,,,,,,,,,,,,,,,,,,,,
,,,,,,,Building Materials,Decking & Railing,Railing Systems & Components,,543302146,8' Wh Select T-Rail Kit Horiz - w/Sq Composite Balusters,TREX,-- No Unilog Brand --,-- No DIB Brand --,U S Lumber (3073),U S Lumber,TREX,,543302146,,Building Materials>Decking & Porch>Railing,"U S Lumber TREX, T-Rail, 543302146, composite, kit Assembly",T-RAIL COMP KIT,"TREX 543302146 T-Rail, composite, kit Assembly","TREX T-Rail, composite, kit Assembly","T-Rail, composite, kit Assembly",,,,,,,,,,,,,,,,,,,,,,,,,,,T-Rail,Product Name,T-Rail,,Length,,,Height,,,Material,composite,,Baluster Style,,,Orientation,,,Color,,,Assembly,kit,,,,,,,,,,,,,,,,,,,,,,,,,,,,,,,,,,,,,,,,,,,,,,,,,,,,,,,,,,,,,,,,,,,,,,,,,,,,,,,,,,,,,,,,,,,,,,,,,,,,,,,,,,,,,,,,,,,,,,,,,,,,,,,,,,,30151800,,,,,,,,,,,,,,,,,,,,,,,,,,,,,,,,,,,,,,,,,,,
,,,,,,,Building Materials,Decking & Railing,Railing Systems & Components,,73019603,Finyline Wh 6' Fl Rail Kit Sq,-- Unbranded --,-- No Unilog Brand --,-- No DIB Brand --,-,,,,73019603,,Building Materials>Decking & Porch>Railing,"Railing System, 73019603, 36 in Height, Wh, square Baluster Style",RAILING SYSTEM 36IN WH SQUARE FL KIT,"73019603 Railing System, 36 in Height, Wh, square Baluster Style, Fl Orientation, kit Assembly","Railing System, 36 in Height, Wh, square Baluster Style, Fl Orientation, kit Assembly","Railing System, 36 in Height, Wh, square Baluster Style, Fl Orientation, kit Assembly",,36 in,,,,,,,,,,,,,,,,,,,,,,,,,,Product Name,,,Length,,,Height,36,in,Material,Wh,,Baluster Style,square,,Orientation,Fl,,Color,,,Assembly,kit,,,,,,,,,,,,,,,,,,,,,,,,,,,,,,,,,,,,,,,,,,,,,,,,,,,,,,,,,,,,,,,,,,,,,,,,,,,,,,,,,,,,,,,,,,,,,,,,,,,,,,,,,,,,,,,,,,,,,,,,,,,,,,,,,,,30151800,,,,,,,,36,in,,,,,,,,,,,,,,,,,,,,,,,,,,,,,,,,,,
,,,,,,,Building Materials,Decking & Railing,Railing Systems & Components,,73019652,Finyline Wh 8' Fl Rail Kit Sq,-- Unbranded --,-- No Unilog Brand --,-- No DIB Brand --,-,,,,73019652,,Building Materials>Decking & Porch>Railing,"Rail Kit, 73019652, 42 in Height, Fl Orientation, Wh Assembly",RAIL KIT 42IN FL WH,"73019652 Rail Kit, 42 in Height, Fl Orientation, Wh Assembly","Rail Kit, 42 in Height, Fl Orientation, Wh Assembly","Rail Kit, 42 in Height, Fl Orientation, Wh Assembly",,42 in,,,,,,,,,,,,,,,,,,,,,,,,,Rail Kit,Product Name,rail kit,,Length,,,Height,42,in,Material,,,Baluster Style,,,Orientation,Fl,,Color,,,Assembly,Wh,,,,,,,,,,,,,,,,,,,,,,,,,,,,,,,,,,,,,,,,,,,,,,,,,,,,,,,,,,,,,,,,,,,,,,,,,,,,,,,,,,,,,,,,,,,,,,,,,,,,,,,,,,,,,,,,,,,,,,,,,,,,,,,,,,,30151800,,,,,,,,42,in,,,,,,,,,,,,,,,,,,,,,,,,,,,,,,,,,,
,,,,,,,Building Materials,Decking & Railing,Railing Systems & Components,,73019517,Finyline Wh 10' Fl Rail Kit Sq,-- Unbranded --,-- No Unilog Brand --,-- No DIB Brand --,-,,,,73019517,,Building Materials>Decking & Porch>Railing,"Railing System, 73019517, 36 in Height, Wh, square Baluster Style",RAILING SYSTEM 36IN WH SQUARE FL KIT,"73019517 Railing System, 36 in Height, Wh, square Baluster Style, Fl Orientation, kit Assembly","Railing System, 36 in Height, Wh, square Baluster Style, Fl Orientation, kit Assembly","Railing System, 36 in Height, Wh, square Baluster Style, Fl Orientation, kit Assembly",,36 in,,,,,,,,,,,,,,,,,,,,,,,,,,Product Name,,,Length,,,Height,36,in,Material,Wh,,Baluster Style,square,,Orientation,Fl,,Color,,,Assembly,kit,,,,,,,,,,,,,,,,,,,,,,,,,,,,,,,,,,,,,,,,,,,,,,,,,,,,,,,,,,,,,,,,,,,,,,,,,,,,,,,,,,,,,,,,,,,,,,,,,,,,,,,,,,,,,,,,,,,,,,,,,,,,,,,,,,,30151800,,,,,,,,36,in,,,,,,,,,,,,,,,,,,,,,,,,,,,,,,,,,,
,,,,,,,Building Materials,Decking & Railing,Railing Systems & Components,,73019602,Finyline Wh 6' Fl Rail Kit Rd - w/Black Alum Balusters,-- Unbranded --,-- No Unilog Brand --,-- No DIB Brand --,-,,,,73019602,,Building Materials>Decking & Porch>Railing,"Rail Kit, 73019602, 36 in Height, aluminum, Fl Baluster Style",RAIL KIT 36IN ALUM FL RD BLK KIT,"73019602 Rail Kit, 36 in Height, aluminum, Fl Baluster Style, Rd Orientation, Black, kit Assembly","Rail Kit, 36 in Height, aluminum, Fl Baluster Style, Rd Orientation, Black, kit Assembly","Rail Kit, 36 in Height, aluminum, Fl Baluster Style, Rd Orientation, Black, kit Assembly",,36 in,,,,,,,,,,,,,,,,,,,,,,,,,Rail Kit,Product Name,rail kit,,Length,,,Height,36,in,Material,aluminum,,Baluster Style,Fl,,Orientation,Rd,,Color,Black,,Assembly,kit,,,,,,,,,,,,,,,,,,,,,,,,,,,,,,,,,,,,,,,,,,,,,,,,,,,,,,,,,,,,,,,,,,,,,,,,,,,,,,,,,,,,,,,,,,,,,,,,,,,,,,,,,,,,,,,,,,,,,,,,,,,,,,,,,,,30151800,,,,,,,,36,in,,,,,,,,,,,,,,,,,,,,,,,,,,,,,,,,,,
,,,,,,,Building Materials,Decking & Railing,Railing Systems & Components,,73019651,Finyline Wh 8' Fl Rail Kit Rd - w/Black Alum Balusters,-- Unbranded --,-- No Unilog Brand --,-- No DIB Brand --,-,,,,73019651,,Building Materials>Decking & Porch>Railing,"Rail Kit, 73019651, 42 in Height, aluminum, Black Baluster Style",RAIL KIT 42IN ALUM BLK FL BLK,"73019651 Rail Kit, 42 in Height, aluminum, Black Baluster Style, Fl Orientation, Black, w/Black Alum Balusters Assembly","Rail Kit, 42 in Height, aluminum, Black Baluster Style, Fl Orientation, Black, w/Black Alum Balusters Assembly","Rail Kit, 42 in Height, aluminum, Black Baluster Style, Fl Orientation, Black, w/Black Alum Balusters Assembly",,42 in,,,,,,,,,,,,,,,,,,,,,,,,,Rail Kit,Product Name,rail kit,,Length,,,Height,42,in,Material,aluminum,,Baluster Style,Black,,Orientation,Fl,,Color,Black,,Assembly,w/Black Alum Balusters,,,,,,,,,,,,,,,,,,,,,,,,,,,,,,,,,,,,,,,,,,,,,,,,,,,,,,,,,,,,,,,,,,,,,,,,,,,,,,,,,,,,,,,,,,,,,,,,,,,,,,,,,,,,,,,,,,,,,,,,,,,,,,,,,,,30151800,,,,,,,,42,in,,,,,,,,,,,,,,,,,,,,,,,,,,,,,,,,,,
,,,,,,,Building Materials,Decking & Railing,Railing Systems & Components,,73019516,Finyline Wh 10' Fl Rail Kit Rd - w/Black Alum Balusters,-- Unbranded --,-- No Unilog Brand --,-- No DIB Brand --,-,,,,73019516,,Building Materials>Decking & Porch>Railing,"Rail Kit, 73019516, 10 ' Fl Length, 36 in Height, aluminum, Black Baluster Style",RAIL KIT 10 ' FL 36IN ALUM BLK RD BLK WH,"73019516 Rail Kit, 10 ' Fl Length, 36 in Height, aluminum, Black Baluster Style, Rd Orientation, Black, Wh Assembly","Rail Kit, 10 ' Fl Length, 36 in Height, aluminum, Black Baluster Style, Rd Orientation, Black, Wh Assembly","Rail Kit, 10 ' Fl Length, 36 in Height, aluminum, Black Baluster Style, Rd Orientation, Black, Wh Assembly",,36 in,,,,,,,,,,,,,,,,,,,,,,,,,Rail Kit,Product Name,rail kit,,Length,10 ' Fl,,Height,36,in,Material,aluminum,,Baluster Style,Black,,Orientation,Rd,,Color,Black,,Assembly,Wh,,,,,,,,,,,,,,,,,,,,,,,,,,,,,,,,,,,,,,,,,,,,,,,,,,,,,,,,,,,,,,,,,,,,,,,,,,,,,,,,,,,,,,,,,,,,,,,,,,,,,,,,,,,,,,,,,,,,,,,,,,,,,,,,,,,30151800,,,,,,10 ' Fl,,36,in,,,,,,,,,,,,,,,,,,,,,,,,,,,,,,,,,,
,,,,,,,Building Materials,Decking & Railing,Railing Systems & Components,,543300256,6' Black Select Classic Horiz - Rail w/Rnd Black Alum Baluster,TREX,-- No Unilog Brand --,-- No DIB Brand --,Boise Cascade Building Materials (BOICA),Boise Cascade Building Materials,TREX,,543300256,,Building Materials>Decking & Porch>Railing,"Boise Cascade Building Materials TREX, Rail, 543300256, aluminum",RAIL ALUM ROUND BLK,"TREX 543300256 Rail, aluminum, round Baluster Style, Black, Select Classic Horiz Assembly","TREX Rail, aluminum, round Baluster Style, Black, Select Classic Horiz Assembly","Rail, aluminum, round Baluster Style, Black, Select Classic Horiz Assembly",,,,,,,,,,,,,,,,,,,,,,,,,,,Rail,Product Name,Rail,,Length,,,Height,,,Material,aluminum,,Baluster Style,round,,Orientation,,,Color,Black,,Assembly,Select Classic Horiz,,,,,,,,,,,,,,,,,,,,,,,,,,,,,,,,,,,,,,,,,,,,,,,,,,,,,,,,,,,,,,,,,,,,,,,,,,,,,,,,,,,,,,,,,,,,,,,,,,,,,,,,,,,,,,,,,,,,,,,,,,,,,,,,,,,30151800,,,,,,,,,,,,,,,,,,,,,,,,,,,,,,,,,,,,,,,,,,,
,,,,,,,Building Materials,Decking & Railing,Railing Systems & Components,,543300276,8' Black Select Classic Horiz - Rail w/Rnd Black Alum Baluster,TREX,-- No Unilog Brand --,-- No DIB Brand --,Boise Cascade Building Materials (BOICA),Boise Cascade Building Materials,TREX,,543300276,,Building Materials>Decking & Porch>Railing,"Boise Cascade Building Materials TREX, Rail, 543300276, aluminum",RAIL ALUM ROUND BLK,"TREX 543300276 Rail, aluminum, round Baluster Style, Black, Select Classic Horiz Assembly","TREX Rail, aluminum, round Baluster Style, Black, Select Classic Horiz Assembly","Rail, aluminum, round Baluster Style, Black, Select Classic Horiz Assembly",,,,,,,,,,,,,,,,,,,,,,,,,,,Rail,Product Name,Rail,,Length,,,Height,,,Material,aluminum,,Baluster Style,round,,Orientation,,,Color,Black,,Assembly,Select Classic Horiz,,,,,,,,,,,,,,,,,,,,,,,,,,,,,,,,,,,,,,,,,,,,,,,,,,,,,,,,,,,,,,,,,,,,,,,,,,,,,,,,,,,,,,,,,,,,,,,,,,,,,,,,,,,,,,,,,,,,,,,,,,,,,,,,,,,30151800,,,,,,,,,,,,,,,,,,,,,,,,,,,,,,,,,,,,,,,,,,,
,,,,,,,,,,,73045028,Custom Finyline Wh Gate Sq Bal,-- Unbranded --,-- No Unilog Brand --,-- No DIB Brand --,-,,,,73045028,,,"Wh Gate Sq Bal, 73045028",WH GATE SQ BAL,73045028 Wh Gate Sq Bal,Wh Gate Sq Bal,Wh Gate Sq Bal,,,,,,,,,,,,,,,,,,,,,,,,,,,Wh Gate Sq Bal,Product Name,Wh Gate Sq Bal,,Brand,,,Material,,,Color,,,Size,,,Quantity,,,,,,,,,,,,,,,,,,,,,,,,,,,,,,,,,,,,,,,,,,,,,,,,,,,,,,,,,,,,,,,,,,,,,,,,,,,,,,,,,,,,,,,,,,,,,,,,,,,,,,,,,,,,,,,,,,,,,,,,,,,,,,,,,,,,,,,,,,,,,,,,,,,,,,,,,,,,,,,,,,,,,,,,,,,,,,,,,,,,,
,,,,,,,Building Materials,Decking & Railing,Railing Systems & Components,,73045031,Custom Finyline Wh Gate Rd - w/Black Alum Balusters,-- Unbranded --,-- No Unilog Brand --,-- No DIB Brand --,-,,,,73045031,,Building Materials>Decking & Porch>Railing,"Gate, 73045031, 36 in Height, aluminum, Black Baluster Style",GATE 36IN ALUM BLK BLK,"73045031 Gate, 36 in Height, aluminum, Black Baluster Style, Black","Gate, 36 in Height, aluminum, Black Baluster Style, Black","Gate, 36 in Height, aluminum, Black Baluster Style, Black",,36 in,,,,,,,,,,,,,,,,,,,,,,,,,Gate,Product Name,gate,,Length,,,Height,36,in,Material,aluminum,,Baluster Style,Black,,Orientation,,,Color,Black,,Assembly,,,,,,,,,,,,,,,,,,,,,,,,,,,,,,,,,,,,,,,,,,,,,,,,,,,,,,,,,,,,,,,,,,,,,,,,,,,,,,,,,,,,,,,,,,,,,,,,,,,,,,,,,,,,,,,,,,,,,,,,,,,,,,,,,,,,30151800,,,,,,,,36,in,,,,,,,,,,,,,,,,,,,,,,,,,,,,,,,,,,
,,,,,,,Building Materials,Decking & Railing,Railing Systems & Components,,543340126,"6'x36"" Select Alm w/Sq Bal Hor - Assembled Black Rail Panel",TREX,-- No Unilog Brand --,-- No DIB Brand --,Boise Cascade Building Materials (BOICA),Boise Cascade Building Materials,TREX,,543340126,,Building Materials>Decking & Porch>Railing,"Boise Cascade Building Materials TREX, Select Alm, 543340126",SELECT ALM 36IN ALUM SQUARE BLK,"TREX 543340126 Select Alm, 36 in Height, aluminum, square Baluster Style, horizontal Orientation, Black","TREX Select Alm, 36 in Height, aluminum, square Baluster Style, horizontal Orientation, Black, assembled Assembly","Select Alm, 36 in Height, aluminum, square Baluster Style, horizontal Orientation, Black, assembled Assembly",,36 in,,,,,,,,,,,,,,,,,,,,,,,,,Select Alm,Product Name,Select Alm,,Length,,,Height,36,in,Material,aluminum,,Baluster Style,square,,Orientation,horizontal,,Color,Black,,Assembly,assembled,,,,,,,,,,,,,,,,,,,,,,,,,,,,,,,,,,,,,,,,,,,,,,,,,,,,,,,,,,,,,,,,,,,,,,,,,,,,,,,,,,,,,,,,,,,,,,,,,,,,,,,,,,,,,,,,,,,,,,,,,,,,,,,,,,,30151800,,,,,,,,36,in,,,,,,,,,,,,,,,,,,,,,,,,,,,,,,,,,,
,,,,,,,Building Materials,Decking & Railing,Railing Systems & Components,,543340127,"6'x36"" Select Alm w/Sq Bal Str - Assembled Black Rail Panel",TREX,-- No Unilog Brand --,-- No DIB Brand --,Boise Cascade Building Materials (BOICA),Boise Cascade Building Materials,TREX,,543340127,,Building Materials>Decking & Porch>Railing,"Boise Cascade Building Materials TREX, Select Alm, 543340127",SELECT ALM 36IN ALUM SQUARE STAIR BLK,"TREX 543340127 Select Alm, 36 in Height, aluminum, square Baluster Style, stair Orientation, Black, assembled Assembly","TREX Select Alm, 36 in Height, aluminum, square Baluster Style, stair Orientation, Black, assembled Assembly","Select Alm, 36 in Height, aluminum, square Baluster Style, stair Orientation, Black, assembled Assembly",,36 in,,,,,,,,,,,,,,,,,,,,,,,,,Select Alm,Product Name,Select Alm,,Length,,,Height,36,in,Material,aluminum,,Baluster Style,square,,Orientation,stair,,Color,Black,,Assembly,assembled,,,,,,,,,,,,,,,,,,,,,,,,,,,,,,,,,,,,,,,,,,,,,,,,,,,,,,,,,,,,,,,,,,,,,,,,,,,,,,,,,,,,,,,,,,,,,,,,,,,,,,,,,,,,,,,,,,,,,,,,,,,,,,,,,,,30151800,,,,,,,,36,in,,,,,,,,,,,,,,,,,,,,,,,,,,,,,,,,,,
,,,,,,,Building Materials,Decking & Railing,Railing Systems & Components,,543340146,"8'x36"" Select Alm w/Sq Bal Hor - Assembled Black Rail Panel",TREX,-- No Unilog Brand --,-- No DIB Brand --,Boise Cascade Building Materials (BOICA),Boise Cascade Building Materials,TREX,,543340146,,Building Materials>Decking & Porch>Railing,"Boise Cascade Building Materials TREX, Select Alm, 543340146",SELECT ALM 36IN ALUM SQUARE BLK,"TREX 543340146 Select Alm, 36 in Height, aluminum, square Baluster Style, horizontal Orientation, Black","TREX Select Alm, 36 in Height, aluminum, square Baluster Style, horizontal Orientation, Black, assembled Assembly","Select Alm, 36 in Height, aluminum, square Baluster Style, horizontal Orientation, Black, assembled Assembly",,36 in,,,,,,,,,,,,,,,,,,,,,,,,,Select Alm,Product Name,Select Alm,,Length,,,Height,36,in,Material,aluminum,,Baluster Style,square,,Orientation,horizontal,,Color,Black,,Assembly,assembled,,,,,,,,,,,,,,,,,,,,,,,,,,,,,,,,,,,,,,,,,,,,,,,,,,,,,,,,,,,,,,,,,,,,,,,,,,,,,,,,,,,,,,,,,,,,,,,,,,,,,,,,,,,,,,,,,,,,,,,,,,,,,,,,,,,30151800,,,,,,,,36,in,,,,,,,,,,,,,,,,,,,,,,,,,,,,,,,,,,
,,,,,,,Building Materials,Decking & Railing,Railing Systems & Components,,543340147,"8'x36"" Select Alm w/Sq Bal Str - Assembled Black Rail Panel",TREX,-- No Unilog Brand --,-- No DIB Brand --,Boise Cascade Building Materials (BOICA),Boise Cascade Building Materials,TREX,,543340147,,Building Materials>Decking & Porch>Railing,"Boise Cascade Building Materials TREX, Select Alm, 543340147",SELECT ALM 36IN ALUM SQUARE STAIR BLK,"TREX 543340147 Select Alm, 36 in Height, aluminum, square Baluster Style, stair Orientation, Black, assembled Assembly","TREX Select Alm, 36 in Height, aluminum, square Baluster Style, stair Orientation, Black, assembled Assembly","Select Alm, 36 in Height, aluminum, square Baluster Style, stair Orientation, Black, assembled Assembly",,36 in,,,,,,,,,,,,,,,,,,,,,,,,,Select Alm,Product Name,Select Alm,,Length,,,Height,36,in,Material,aluminum,,Baluster Style,square,,Orientation,stair,,Color,Black,,Assembly,assembled,,,,,,,,,,,,,,,,,,,,,,,,,,,,,,,,,,,,,,,,,,,,,,,,,,,,,,,,,,,,,,,,,,,,,,,,,,,,,,,,,,,,,,,,,,,,,,,,,,,,,,,,,,,,,,,,,,,,,,,,,,,,,,,,,,,30151800,,,,,,,,36,in,,,,,,,,,,,,,,,,,,,,,,,,,,,,,,,,,,
,,,,,,,Building Materials,Decking & Railing,Composite & PVC Decking,,ADB15516CS,1x6-16' Coastline Sq Edge - Vintage Azek PVC Decking,TIMBERTECH,-- No Unilog Brand --,-- No DIB Brand --,Parksite (6151),Parksite,TIMBERTECH,,ADB15516CS,,Building Materials>Decking & Porch>Deck Boards,"Parksite TIMBERTECH, Composite Decking, ADB15516CS, 1 in Nominal Thickness",COMPOSITE DECKING 1IN 6IN 16FT PVC AZEK,"TIMBERTECH ADB15516CS Composite Decking, 1 in Nominal Thickness, 6 in Nominal Width, 16 ft Length, PVC","TIMBERTECH Composite Decking, 1 in Nominal Thickness, 6 in Nominal Width, 16 ft Length, PVC, square edge Edge Profile, Vintage, Coastline Collection, Azek Board Type, Vintage Surface","Composite Decking, 1 in Nominal Thickness, 6 in Nominal Width, 16 ft Length, PVC, square edge Edge Profile, Vintage",,1 in,6 in,16 ft,,,,,,,,,,,,,,,,,,,,,,,,Nominal Thickness,1,in,Nominal Width,6,in,Length,16,ft,Material,PVC,,Edge Profile,square edge,,Color,Vintage,,Collection,Coastline,,Board Type,Azek,,Surface,Vintage,,,,,,,,,,,,,,,,,,,,,,,,,,,,,,,,,,,,,,,,,,,,,,,,,,,,,,,,,,,,,,,,,,,,,,,,,,,,,,,,,,,,,,,,,,,,,,,,,,,,,,,,,,,,,,,,,,,,,,,,,,,,,,,,30103604,,,,,,16,ft,,,6,in,,,,,,,,,,,,,,,,,,,,,,,,,,,,,,,,
,,,,,,,Building Materials,Decking & Railing,Composite & PVC Decking,,ADB15520CS,1x6-20' Coastline Sq Edge - Vintage Azek PVC Decking,TIMBERTECH,-- No Unilog Brand --,-- No DIB Brand --,Parksite (6151),Parksite,TIMBERTECH,,ADB15520CS,,Building Materials>Decking & Porch>Deck Boards,"Parksite TIMBERTECH, Composite Decking, ADB15520CS, 1 in Nominal Thickness",COMPOSITE DECKING 1IN 6IN 20FT PVC AZEK,"TIMBERTECH ADB15520CS Composite Decking, 1 in Nominal Thickness, 6 in Nominal Width, 20 ft Length, PVC","TIMBERTECH Composite Decking, 1 in Nominal Thickness, 6 in Nominal Width, 20 ft Length, PVC, square edge Edge Profile, Coastline, Vintage Collection, Azek Board Type","Composite Decking, 1 in Nominal Thickness, 6 in Nominal Width, 20 ft Length, PVC, square edge Edge Profile, Coastline",,1 in,6 in,20 ft,,,,,,,,,,,,,,,,,,,,,,,,Nominal Thickness,1,in,Nominal Width,6,in,Length,20,ft,Material,PVC,,Edge Profile,square edge,,Color,Coastline,,Collection,Vintage,,Board Type,Azek,,Surface,,,,,,,,,,,,,,,,,,,,,,,,,,,,,,,,,,,,,,,,,,,,,,,,,,,,,,,,,,,,,,,,,,,,,,,,,,,,,,,,,,,,,,,,,,,,,,,,,,,,,,,,,,,,,,,,,,,,,,,,,,,,,,,,,30103604,,,,,,20,ft,,,6,in,,,,,,,,,,,,,,,,,,,,,,,,,,,,,,,,
,,,,,,,Building Materials,Decking & Railing,Composite & PVC Decking,,ADB15516EW,1x6-16' English Walnut Sq Edge - Vintage Azek PVC Decking,TIMBERTECH,-- No Unilog Brand --,-- No DIB Brand --,Parksite (6151),Parksite,TIMBERTECH,,ADB15516EW,,Building Materials>Decking & Porch>Deck Boards,"Parksite TIMBERTECH, Composite Decking, ADB15516EW, 1 in Nominal Thickness",COMPOSITE DECKING 1IN 6IN 16FT PVC AZEK,"TIMBERTECH ADB15516EW Composite Decking, 1 in Nominal Thickness, 6 in Nominal Width, 16 ft Length, PVC","TIMBERTECH Composite Decking, 1 in Nominal Thickness, 6 in Nominal Width, 16 ft Length, PVC, square edge Edge Profile, English Walnut, Vintage Collection, Azek Board Type","Composite Decking, 1 in Nominal Thickness, 6 in Nominal Width, 16 ft Length, PVC, square edge Edge Profile",,1 in,6 in,16 ft,,,,,,,,,,,,,,,,,,,,,,,,Nominal Thickness,1,in,Nominal Width,6,in,Length,16,ft,Material,PVC,,Edge Profile,square edge,,Color,English Walnut,,Collection,Vintage,,Board Type,Azek,,Surface,,,,,,,,,,,,,,,,,,,,,,,,,,,,,,,,,,,,,,,,,,,,,,,,,,,,,,,,,,,,,,,,,,,,,,,,,,,,,,,,,,,,,,,,,,,,,,,,,,,,,,,,,,,,,,,,,,,,,,,,,,,,,,,,,30103604,,,,,,16,ft,,,6,in,,,,,,,,,,,,,,,,,,,,,,,,,,,,,,,,
,,,,,,,Building Materials,Decking & Railing,Composite & PVC Decking,,ADB15520EW,1x6-20' English Walnut Sq Edge - Vintage Azek PVC Decking,TIMBERTECH,-- No Unilog Brand --,-- No DIB Brand --,Parksite (6151),Parksite,TIMBERTECH,,ADB15520EW,,Building Materials>Decking & Porch>Deck Boards,"Parksite TIMBERTECH, Composite Decking, ADB15520EW, 1 in Nominal Thickness",COMPOSITE DECKING 1IN 6IN 20FT PVC AZEK,"TIMBERTECH ADB15520EW Composite Decking, 1 in Nominal Thickness, 6 in Nominal Width, 20 ft Length, PVC","TIMBERTECH Composite Decking, 1 in Nominal Thickness, 6 in Nominal Width, 20 ft Length, PVC, square edge Edge Profile, English Walnut, Vintage Collection, Azek Board Type","Composite Decking, 1 in Nominal Thickness, 6 in Nominal Width, 20 ft Length, PVC, square edge Edge Profile",,1 in,6 in,20 ft,,,,,,,,,,,,,,,,,,,,,,,,Nominal Thickness,1,in,Nominal Width,6,in,Length,20,ft,Material,PVC,,Edge Profile,square edge,,Color,English Walnut,,Collection,Vintage,,Board Type,Azek,,Surface,,,,,,,,,,,,,,,,,,,,,,,,,,,,,,,,,,,,,,,,,,,,,,,,,,,,,,,,,,,,,,,,,,,,,,,,,,,,,,,,,,,,,,,,,,,,,,,,,,,,,,,,,,,,,,,,,,,,,,,,,,,,,,,,,30103604,,,,,,20,ft,,,6,in,,,,,,,,,,,,,,,,,,,,,,,,,,,,,,,,
,,,,,,,Building Materials,Decking & Railing,Composite & PVC Decking,,ADB15516MH,1x6-16' Mahogany Sq Edge - Vintage Azek PVC Decking,TIMBERTECH,-- No Unilog Brand --,-- No DIB Brand --,Parksite (6151),Parksite,TIMBERTECH,,ADB15516MH,,Building Materials>Decking & Porch>Deck Boards,"Parksite TIMBERTECH, Composite Decking, ADB15516MH, 1 in Nominal Thickness",COMPOSITE DECKING 1IN 6IN 16FT PVC AZEK,"TIMBERTECH ADB15516MH Composite Decking, 1 in Nominal Thickness, 6 in Nominal Width, 16 ft Length, PVC","TIMBERTECH Composite Decking, 1 in Nominal Thickness, 6 in Nominal Width, 16 ft Length, PVC, square edge Edge Profile, Vintage, Azek Collection, decking Board Type, Mahogany Surface","Composite Decking, 1 in Nominal Thickness, 6 in Nominal Width, 16 ft Length, PVC, square edge Edge Profile, Vintage",,1 in,6 in,16 ft,,,,,,,,,,,,,,,,,,,,,,,,Nominal Thickness,1,in,Nominal Width,6,in,Length,16,ft,Material,PVC,,Edge Profile,square edge,,Color,Vintage,,Collection,Azek,,Board Type,decking,,Surface,Mahogany,,,,,,,,,,,,,,,,,,,,,,,,,,,,,,,,,,,,,,,,,,,,,,,,,,,,,,,,,,,,,,,,,,,,,,,,,,,,,,,,,,,,,,,,,,,,,,,,,,,,,,,,,,,,,,,,,,,,,,,,,,,,,,,,30103604,,,,,,16,ft,,,6,in,,,,,,,,,,,,,,,,,,,,,,,,,,,,,,,,
,,,,,,,Building Materials,Decking & Railing,Composite & PVC Decking,,ADB15520MH,1x6-20' Mahogany Sq Edge - Vintage Azek PVC Decking,TIMBERTECH,-- No Unilog Brand --,-- No DIB Brand --,Parksite (6151),Parksite,TIMBERTECH,,ADB15520MH,,Building Materials>Decking & Porch>Deck Boards,"Parksite TIMBERTECH, Composite Decking, ADB15520MH, 1 in Nominal Thickness",COMPOSITE DECKING 1IN 6IN 20FT PVC AZEK,"TIMBERTECH ADB15520MH Composite Decking, 1 in Nominal Thickness, 6 in Nominal Width, 20 ft Length, PVC","TIMBERTECH Composite Decking, 1 in Nominal Thickness, 6 in Nominal Width, 20 ft Length, PVC, square edge Edge Profile, Vintage, Azek Collection, decking Board Type, Mahogany Surface","Composite Decking, 1 in Nominal Thickness, 6 in Nominal Width, 20 ft Length, PVC, square edge Edge Profile, Vintage",,1 in,6 in,20 ft,,,,,,,,,,,,,,,,,,,,,,,,Nominal Thickness,1,in,Nominal Width,6,in,Length,20,ft,Material,PVC,,Edge Profile,square edge,,Color,Vintage,,Collection,Azek,,Board Type,decking,,Surface,Mahogany,,,,,,,,,,,,,,,,,,,,,,,,,,,,,,,,,,,,,,,,,,,,,,,,,,,,,,,,,,,,,,,,,,,,,,,,,,,,,,,,,,,,,,,,,,,,,,,,,,,,,,,,,,,,,,,,,,,,,,,,,,,,,,,,30103604,,,,,,20,ft,,,6,in,,,,,,,,,,,,,,,,,,,,,,,,,,,,,,,,
,,,,,,,Building Materials,Decking & Railing,Composite & PVC Decking,,ADB15516WT,1x6-16' Weathered Teak Sq Edge - Vintage Azek PVC Decking,TIMBERTECH,-- No Unilog Brand --,-- No DIB Brand --,Parksite (6151),Parksite,TIMBERTECH,,ADB15516WT,,Building Materials>Decking & Porch>Deck Boards,"Parksite TIMBERTECH, Composite Decking, ADB15516WT, 1 in Nominal Thickness",COMPOSITE DECKING 1IN 6IN 16FT PVC AZEK,"TIMBERTECH ADB15516WT Composite Decking, 1 in Nominal Thickness, 6 in Nominal Width, 16 ft Length, PVC","TIMBERTECH Composite Decking, 1 in Nominal Thickness, 6 in Nominal Width, 16 ft Length, PVC, square edge Edge Profile, Weathered Teak, Vintage Collection, Azek Board Type","Composite Decking, 1 in Nominal Thickness, 6 in Nominal Width, 16 ft Length, PVC, square edge Edge Profile",,1 in,6 in,16 ft,,,,,,,,,,,,,,,,,,,,,,,,Nominal Thickness,1,in,Nominal Width,6,in,Length,16,ft,Material,PVC,,Edge Profile,square edge,,Color,Weathered Teak,,Collection,Vintage,,Board Type,Azek,,Surface,,,,,,,,,,,,,,,,,,,,,,,,,,,,,,,,,,,,,,,,,,,,,,,,,,,,,,,,,,,,,,,,,,,,,,,,,,,,,,,,,,,,,,,,,,,,,,,,,,,,,,,,,,,,,,,,,,,,,,,,,,,,,,,,,30103604,,,,,,16,ft,,,6,in,,,,,,,,,,,,,,,,,,,,,,,,,,,,,,,,
,,,,,,,Building Materials,Decking & Railing,Composite & PVC Decking,,ADB15520WT,1x6-20' Weathered Teak Sq Edge - Vintage Azek PVC Decking,TIMBERTECH,-- No Unilog Brand --,-- No DIB Brand --,Parksite (6151),Parksite,TIMBERTECH,,ADB15520WT,,Building Materials>Decking & Porch>Deck Boards,"Parksite TIMBERTECH, Composite Decking, ADB15520WT, 1 in Nominal Thickness",COMPOSITE DECKING 1IN 6IN 20FT PVC AZEK,"TIMBERTECH ADB15520WT Composite Decking, 1 in Nominal Thickness, 6 in Nominal Width, 20 ft Length, PVC","TIMBERTECH Composite Decking, 1 in Nominal Thickness, 6 in Nominal Width, 20 ft Length, PVC, square edge Edge Profile, Weathered Teak, Vintage Collection, Azek Board Type","Composite Decking, 1 in Nominal Thickness, 6 in Nominal Width, 20 ft Length, PVC, square edge Edge Profile",,1 in,6 in,20 ft,,,,,,,,,,,,,,,,,,,,,,,,Nominal Thickness,1,in,Nominal Width,6,in,Length,20,ft,Material,PVC,,Edge Profile,square edge,,Color,Weathered Teak,,Collection,Vintage,,Board Type,Azek,,Surface,,,,,,,,,,,,,,,,,,,,,,,,,,,,,,,,,,,,,,,,,,,,,,,,,,,,,,,,,,,,,,,,,,,,,,,,,,,,,,,,,,,,,,,,,,,,,,,,,,,,,,,,,,,,,,,,,,,,,,,,,,,,,,,,,30103604,,,,,,20,ft,,,6,in,,,,,,,,,,,,,,,,,,,,,,,,,,,,,,,,
,,,,,,,Building Materials,Decking & Railing,Composite & PVC Decking,,AGB15512CS,1x6-12' Coastline Grooved - Vintage Azek PVC Decking,TIMBERTECH,-- No Unilog Brand --,-- No DIB Brand --,Parksite (6151),Parksite,TIMBERTECH,,AGB15512CS,,Building Materials>Decking & Porch>Deck Boards,"Parksite TIMBERTECH, Composite Decking, AGB15512CS, 1 in Nominal Thickness",COMPOSITE DECKING 1IN 6IN 12FT PVC AZEK,"TIMBERTECH AGB15512CS Composite Decking, 1 in Nominal Thickness, 6 in Nominal Width, 12 ft Length, PVC","TIMBERTECH Composite Decking, 1 in Nominal Thickness, 6 in Nominal Width, 12 ft Length, PVC, grooved Edge Profile, Coastline, Vintage Collection, Azek Board Type","Composite Decking, 1 in Nominal Thickness, 6 in Nominal Width, 12 ft Length, PVC, grooved Edge Profile, Coastline",,1 in,6 in,12 ft,,,,,,,,,,,,,,,,,,,,,,,,Nominal Thickness,1,in,Nominal Width,6,in,Length,12,ft,Material,PVC,,Edge Profile,grooved,,Color,Coastline,,Collection,Vintage,,Board Type,Azek,,Surface,,,,,,,,,,,,,,,,,,,,,,,,,,,,,,,,,,,,,,,,,,,,,,,,,,,,,,,,,,,,,,,,,,,,,,,,,,,,,,,,,,,,,,,,,,,,,,,,,,,,,,,,,,,,,,,,,,,,,,,,,,,,,,,,,30103604,,,,,,12,ft,,,6,in,,,,,,,,,,,,,,,,,,,,,,,,,,,,,,,,
,,,,,,,Building Materials,Decking & Railing,Composite & PVC Decking,,AGB15516CS,1x6-16' Coastline Grooved - Vintage Azek PVC Decking,TIMBERTECH,-- No Unilog Brand --,-- No DIB Brand --,Parksite (6151),Parksite,TIMBERTECH,,AGB15516CS,,Building Materials>Decking & Porch>Deck Boards,"Parksite TIMBERTECH, Composite Decking, AGB15516CS, 1 in Nominal Thickness",COMPOSITE DECKING 1IN 6IN 16FT PVC AZEK,"TIMBERTECH AGB15516CS Composite Decking, 1 in Nominal Thickness, 6 in Nominal Width, 16 ft Length, PVC","TIMBERTECH Composite Decking, 1 in Nominal Thickness, 6 in Nominal Width, 16 ft Length, PVC, grooved Edge Profile, Vintage, Coastline Collection, Azek Board Type","Composite Decking, 1 in Nominal Thickness, 6 in Nominal Width, 16 ft Length, PVC, grooved Edge Profile, Vintage",,1 in,6 in,16 ft,,,,,,,,,,,,,,,,,,,,,,,,Nominal Thickness,1,in,Nominal Width,6,in,Length,16,ft,Material,PVC,,Edge Profile,grooved,,Color,Vintage,,Collection,Coastline,,Board Type,Azek,,Surface,,,,,,,,,,,,,,,,,,,,,,,,,,,,,,,,,,,,,,,,,,,,,,,,,,,,,,,,,,,,,,,,,,,,,,,,,,,,,,,,,,,,,,,,,,,,,,,,,,,,,,,,,,,,,,,,,,,,,,,,,,,,,,,,,30103604,,,,,,16,ft,,,6,in,,,,,,,,,,,,,,,,,,,,,,,,,,,,,,,,
,,,,,,,Building Materials,Decking & Railing,Composite & PVC Decking,,AGB15520CS,1x6-20' Coastline Grooved - Vintage Azek PVC Decking,TIMBERTECH,-- No Unilog Brand --,-- No DIB Brand --,Parksite (6151),Parksite,TIMBERTECH,,AGB15520CS,,Building Materials>Decking & Porch>Deck Boards,"Parksite TIMBERTECH, Composite Decking, AGB15520CS, 1 in Nominal Thickness",COMPOSITE DECKING 1IN 6IN 20FT PVC AZEK,"TIMBERTECH AGB15520CS Composite Decking, 1 in Nominal Thickness, 6 in Nominal Width, 20 ft Length, PVC","TIMBERTECH Composite Decking, 1 in Nominal Thickness, 6 in Nominal Width, 20 ft Length, PVC, grooved Edge Profile, Vintage, Coastline Collection, Azek Board Type, Vintage Surface","Composite Decking, 1 in Nominal Thickness, 6 in Nominal Width, 20 ft Length, PVC, grooved Edge Profile, Vintage",,1 in,6 in,20 ft,,,,,,,,,,,,,,,,,,,,,,,,Nominal Thickness,1,in,Nominal Width,6,in,Length,20,ft,Material,PVC,,Edge Profile,grooved,,Color,Vintage,,Collection,Coastline,,Board Type,Azek,,Surface,Vintage,,,,,,,,,,,,,,,,,,,,,,,,,,,,,,,,,,,,,,,,,,,,,,,,,,,,,,,,,,,,,,,,,,,,,,,,,,,,,,,,,,,,,,,,,,,,,,,,,,,,,,,,,,,,,,,,,,,,,,,,,,,,,,,,30103604,,,,,,20,ft,,,6,in,,,,,,,,,,,,,,,,,,,,,,,,,,,,,,,,
,,,,,,,Building Materials,Decking & Railing,Composite & PVC Decking,,AGB15512EW,1x6-12' English Walnut Grooved - Vintage Azek PVC Decking,TIMBERTECH,-- No Unilog Brand --,-- No DIB Brand --,Parksite (6151),Parksite,TIMBERTECH,,AGB15512EW,,Building Materials>Decking & Porch>Deck Boards,"Parksite TIMBERTECH, Composite Decking, AGB15512EW, 1 in Nominal Thickness",COMPOSITE DECKING 1IN 6IN 12FT PVC AZEK,"TIMBERTECH AGB15512EW Composite Decking, 1 in Nominal Thickness, 6 in Nominal Width, 12 ft Length, PVC","TIMBERTECH Composite Decking, 1 in Nominal Thickness, 6 in Nominal Width, 12 ft Length, PVC, grooved Edge Profile, English Walnut, Vintage Collection, Azek Board Type, Grooved Surface","Composite Decking, 1 in Nominal Thickness, 6 in Nominal Width, 12 ft Length, PVC, grooved Edge Profile, English Walnut",,1 in,6 in,12 ft,,,,,,,,,,,,,,,,,,,,,,,,Nominal Thickness,1,in,Nominal Width,6,in,Length,12,ft,Material,PVC,,Edge Profile,grooved,,Color,English Walnut,,Collection,Vintage,,Board Type,Azek,,Surface,Grooved,,,,,,,,,,,,,,,,,,,,,,,,,,,,,,,,,,,,,,,,,,,,,,,,,,,,,,,,,,,,,,,,,,,,,,,,,,,,,,,,,,,,,,,,,,,,,,,,,,,,,,,,,,,,,,,,,,,,,,,,,,,,,,,,30103604,,,,,,12,ft,,,6,in,,,,,,,,,,,,,,,,,,,,,,,,,,,,,,,,
,,,,,,,Building Materials,Decking & Railing,Composite & PVC Decking,,AGB15516EW,1x6-16' English Walnut Grooved - Vintage Azek PVC Decking,TIMBERTECH,-- No Unilog Brand --,-- No DIB Brand --,Parksite (6151),Parksite,TIMBERTECH,,AGB15516EW,,Building Materials>Decking & Porch>Deck Boards,"Parksite TIMBERTECH, Composite Decking, AGB15516EW, 1 in Nominal Thickness",COMPOSITE DECKING 1IN 6IN 16FT PVC AZEK,"TIMBERTECH AGB15516EW Composite Decking, 1 in Nominal Thickness, 6 in Nominal Width, 16 ft Length, PVC","TIMBERTECH Composite Decking, 1 in Nominal Thickness, 6 in Nominal Width, 16 ft Length, PVC, grooved Edge Profile, English Walnut, Vintage Collection, Azek Board Type, Grooved Surface","Composite Decking, 1 in Nominal Thickness, 6 in Nominal Width, 16 ft Length, PVC, grooved Edge Profile, English Walnut",,1 in,6 in,16 ft,,,,,,,,,,,,,,,,,,,,,,,,Nominal Thickness,1,in,Nominal Width,6,in,Length,16,ft,Material,PVC,,Edge Profile,grooved,,Color,English Walnut,,Collection,Vintage,,Board Type,Azek,,Surface,Grooved,,,,,,,,,,,,,,,,,,,,,,,,,,,,,,,,,,,,,,,,,,,,,,,,,,,,,,,,,,,,,,,,,,,,,,,,,,,,,,,,,,,,,,,,,,,,,,,,,,,,,,,,,,,,,,,,,,,,,,,,,,,,,,,,30103604,,,,,,16,ft,,,6,in,,,,,,,,,,,,,,,,,,,,,,,,,,,,,,,,
,,,,,,,Building Materials,Decking & Railing,Composite & PVC Decking,,AGB15520EW,1x6-20' English Walnut Grooved - Vintage Azek PVC Decking,TIMBERTECH,-- No Unilog Brand --,-- No DIB Brand --,Parksite (6151),Parksite,TIMBERTECH,,AGB15520EW,,Building Materials>Decking & Porch>Deck Boards,"Parksite TIMBERTECH, Composite Decking, AGB15520EW, 1 in Nominal Thickness",COMPOSITE DECKING 1IN 6IN 20FT PVC AZEK,"TIMBERTECH AGB15520EW Composite Decking, 1 in Nominal Thickness, 6 in Nominal Width, 20 ft Length, PVC","TIMBERTECH Composite Decking, 1 in Nominal Thickness, 6 in Nominal Width, 20 ft Length, PVC, grooved Edge Profile, English Walnut, Vintage Collection, Azek Board Type, Grooved Surface","Composite Decking, 1 in Nominal Thickness, 6 in Nominal Width, 20 ft Length, PVC, grooved Edge Profile, English Walnut",,1 in,6 in,20 ft,,,,,,,,,,,,,,,,,,,,,,,,Nominal Thickness,1,in,Nominal Width,6,in,Length,20,ft,Material,PVC,,Edge Profile,grooved,,Color,English Walnut,,Collection,Vintage,,Board Type,Azek,,Surface,Grooved,,,,,,,,,,,,,,,,,,,,,,,,,,,,,,,,,,,,,,,,,,,,,,,,,,,,,,,,,,,,,,,,,,,,,,,,,,,,,,,,,,,,,,,,,,,,,,,,,,,,,,,,,,,,,,,,,,,,,,,,,,,,,,,,30103604,,,,,,20,ft,,,6,in,,,,,,,,,,,,,,,,,,,,,,,,,,,,,,,,
,,,,,,,Building Materials,Decking & Railing,Composite & PVC Decking,,AGB15512MH,1x6-12' Mahogany Grooved - Vintage Azek PVC Decking,TIMBERTECH,-- No Unilog Brand --,-- No DIB Brand --,Parksite (6151),Parksite,TIMBERTECH,,AGB15512MH,,Building Materials>Decking & Porch>Deck Boards,"Parksite TIMBERTECH, Composite Decking, AGB15512MH, 1 in Nominal Thickness",COMPOSITE DECKING 1IN 6IN 12FT PVC AZEK,"TIMBERTECH AGB15512MH Composite Decking, 1 in Nominal Thickness, 6 in Nominal Width, 12 ft Length, PVC","TIMBERTECH Composite Decking, 1 in Nominal Thickness, 6 in Nominal Width, 12 ft Length, PVC, grooved Edge Profile, Vintage, Azek Collection, Mahogany Board Type, Grooved Surface","Composite Decking, 1 in Nominal Thickness, 6 in Nominal Width, 12 ft Length, PVC, grooved Edge Profile, Vintage",,1 in,6 in,12 ft,,,,,,,,,,,,,,,,,,,,,,,,Nominal Thickness,1,in,Nominal Width,6,in,Length,12,ft,Material,PVC,,Edge Profile,grooved,,Color,Vintage,,Collection,Azek,,Board Type,Mahogany,,Surface,Grooved,,,,,,,,,,,,,,,,,,,,,,,,,,,,,,,,,,,,,,,,,,,,,,,,,,,,,,,,,,,,,,,,,,,,,,,,,,,,,,,,,,,,,,,,,,,,,,,,,,,,,,,,,,,,,,,,,,,,,,,,,,,,,,,,30103604,,,,,,12,ft,,,6,in,,,,,,,,,,,,,,,,,,,,,,,,,,,,,,,,
,,,,,,,Building Materials,Decking & Railing,Composite & PVC Decking,,AGB15516MH,1x6-16' Mahogany Grooved - Vintage Azek PVC Decking,TIMBERTECH,-- No Unilog Brand --,-- No DIB Brand --,Parksite (6151),Parksite,TIMBERTECH,,AGB15516MH,,Building Materials>Decking & Porch>Deck Boards,"Parksite TIMBERTECH, Composite Decking, AGB15516MH, 1 in Nominal Thickness",COMPOSITE DECKING 1IN 6IN 16FT PVC AZEK,"TIMBERTECH AGB15516MH Composite Decking, 1 in Nominal Thickness, 6 in Nominal Width, 16 ft Length, PVC","TIMBERTECH Composite Decking, 1 in Nominal Thickness, 6 in Nominal Width, 16 ft Length, PVC, grooved Edge Profile, Vintage, Azek Board Type, Mahogany Surface","Composite Decking, 1 in Nominal Thickness, 6 in Nominal Width, 16 ft Length, PVC, grooved Edge Profile, Vintage",,1 in,6 in,16 ft,,,,,,,,,,,,,,,,,,,,,,,,Nominal Thickness,1,in,Nominal Width,6,in,Length,16,ft,Material,PVC,,Edge Profile,grooved,,Color,Vintage,,Collection,,,Board Type,Azek,,Surface,Mahogany,,,,,,,,,,,,,,,,,,,,,,,,,,,,,,,,,,,,,,,,,,,,,,,,,,,,,,,,,,,,,,,,,,,,,,,,,,,,,,,,,,,,,,,,,,,,,,,,,,,,,,,,,,,,,,,,,,,,,,,,,,,,,,,,30103604,,,,,,16,ft,,,6,in,,,,,,,,,,,,,,,,,,,,,,,,,,,,,,,,
,,,,,,,Building Materials,Decking & Railing,Composite & PVC Decking,,AGB15520MH,1x6-20' Mahogany Grooved - Vintage Azek PVC Decking,TIMBERTECH,-- No Unilog Brand --,-- No DIB Brand --,Parksite (6151),Parksite,TIMBERTECH,,AGB15520MH,,Building Materials>Decking & Porch>Deck Boards,"Parksite TIMBERTECH, Composite Decking, AGB15520MH, 1 in Nominal Thickness",COMPOSITE DECKING 1IN 6IN 20FT PVC AZEK,"TIMBERTECH AGB15520MH Composite Decking, 1 in Nominal Thickness, 6 in Nominal Width, 20 ft Length, PVC","TIMBERTECH Composite Decking, 1 in Nominal Thickness, 6 in Nominal Width, 20 ft Length, PVC, grooved Edge Profile, Vintage, Azek Collection, Mahogany Board Type, Grooved Surface","Composite Decking, 1 in Nominal Thickness, 6 in Nominal Width, 20 ft Length, PVC, grooved Edge Profile, Vintage",,1 in,6 in,20 ft,,,,,,,,,,,,,,,,,,,,,,,,Nominal Thickness,1,in,Nominal Width,6,in,Length,20,ft,Material,PVC,,Edge Profile,grooved,,Color,Vintage,,Collection,Azek,,Board Type,Mahogany,,Surface,Grooved,,,,,,,,,,,,,,,,,,,,,,,,,,,,,,,,,,,,,,,,,,,,,,,,,,,,,,,,,,,,,,,,,,,,,,,,,,,,,,,,,,,,,,,,,,,,,,,,,,,,,,,,,,,,,,,,,,,,,,,,,,,,,,,,30103604,,,,,,20,ft,,,6,in,,,,,,,,,,,,,,,,,,,,,,,,,,,,,,,,
,,,,,,,Building Materials,Decking & Railing,Composite & PVC Decking,,AGB15512WT,1x6-12' Weathered Teak Grooved - Vintage Azek PVC Decking,TIMBERTECH,-- No Unilog Brand --,-- No DIB Brand --,Parksite (6151),Parksite,TIMBERTECH,,AGB15512WT,,Building Materials>Decking & Porch>Deck Boards,"Parksite TIMBERTECH, Composite Decking, AGB15512WT, 1 in Nominal Thickness",COMPOSITE DECKING 1IN 6IN 12FT PVC,"TIMBERTECH AGB15512WT Composite Decking, 1 in Nominal Thickness, 6 in Nominal Width, 12 ft Length, PVC","TIMBERTECH Composite Decking, 1 in Nominal Thickness, 6 in Nominal Width, 12 ft Length, PVC, grooved Edge Profile, Weathered Teak, Vintage Collection, decking Board Type, Grooved Surface","Composite Decking, 1 in Nominal Thickness, 6 in Nominal Width, 12 ft Length, PVC, grooved Edge Profile, Weathered Teak",,1 in,6 in,12 ft,,,,,,,,,,,,,,,,,,,,,,,,Nominal Thickness,1,in,Nominal Width,6,in,Length,12,ft,Material,PVC,,Edge Profile,grooved,,Color,Weathered Teak,,Collection,Vintage,,Board Type,decking,,Surface,Grooved,,,,,,,,,,,,,,,,,,,,,,,,,,,,,,,,,,,,,,,,,,,,,,,,,,,,,,,,,,,,,,,,,,,,,,,,,,,,,,,,,,,,,,,,,,,,,,,,,,,,,,,,,,,,,,,,,,,,,,,,,,,,,,,,30103604,,,,,,12,ft,,,6,in,,,,,,,,,,,,,,,,,,,,,,,,,,,,,,,,
,,,,,,,Building Materials,Decking & Railing,Composite & PVC Decking,,AGB15516WT,1x6-16' Weathered Teak Grooved - Vintage Azek PVC Decking,TIMBERTECH,-- No Unilog Brand --,-- No DIB Brand --,Parksite (6151),Parksite,TIMBERTECH,,AGB15516WT,,Building Materials>Decking & Porch>Deck Boards,"Parksite TIMBERTECH, Composite Decking, AGB15516WT, 1 in Nominal Thickness",COMPOSITE DECKING 1IN 6IN 16FT PVC AZEK,"TIMBERTECH AGB15516WT Composite Decking, 1 in Nominal Thickness, 6 in Nominal Width, 16 ft Length, PVC","TIMBERTECH Composite Decking, 1 in Nominal Thickness, 6 in Nominal Width, 16 ft Length, PVC, grooved Edge Profile, Weathered Teak, Vintage Collection, Azek Board Type, Grooved Surface","Composite Decking, 1 in Nominal Thickness, 6 in Nominal Width, 16 ft Length, PVC, grooved Edge Profile, Weathered Teak",,1 in,6 in,16 ft,,,,,,,,,,,,,,,,,,,,,,,,Nominal Thickness,1,in,Nominal Width,6,in,Length,16,ft,Material,PVC,,Edge Profile,grooved,,Color,Weathered Teak,,Collection,Vintage,,Board Type,Azek,,Surface,Grooved,,,,,,,,,,,,,,,,,,,,,,,,,,,,,,,,,,,,,,,,,,,,,,,,,,,,,,,,,,,,,,,,,,,,,,,,,,,,,,,,,,,,,,,,,,,,,,,,,,,,,,,,,,,,,,,,,,,,,,,,,,,,,,,,30103604,,,,,,16,ft,,,6,in,,,,,,,,,,,,,,,,,,,,,,,,,,,,,,,,
,,,,,,,Building Materials,Decking & Railing,Composite & PVC Decking,,AGB15520WT,1x6-20' Weathered Teak Grooved - Vintage Azek PVC Decking,TIMBERTECH,-- No Unilog Brand --,-- No DIB Brand --,Parksite (6151),Parksite,TIMBERTECH,,AGB15520WT,,Building Materials>Decking & Porch>Deck Boards,"Parksite TIMBERTECH, Composite Decking, AGB15520WT, 1 in Nominal Thickness",COMPOSITE DECKING 1IN 6IN 20FT PVC AZEK,"TIMBERTECH AGB15520WT Composite Decking, 1 in Nominal Thickness, 6 in Nominal Width, 20 ft Length, PVC","TIMBERTECH Composite Decking, 1 in Nominal Thickness, 6 in Nominal Width, 20 ft Length, PVC, grooved Edge Profile, Weathered Teak, Vintage Collection, Azek Board Type, Grooved Surface","Composite Decking, 1 in Nominal Thickness, 6 in Nominal Width, 20 ft Length, PVC, grooved Edge Profile, Weathered Teak",,1 in,6 in,20 ft,,,,,,,,,,,,,,,,,,,,,,,,Nominal Thickness,1,in,Nominal Width,6,in,Length,20,ft,Material,PVC,,Edge Profile,grooved,,Color,Weathered Teak,,Collection,Vintage,,Board Type,Azek,,Surface,Grooved,,,,,,,,,,,,,,,,,,,,,,,,,,,,,,,,,,,,,,,,,,,,,,,,,,,,,,,,,,,,,,,,,,,,,,,,,,,,,,,,,,,,,,,,,,,,,,,,,,,,,,,,,,,,,,,,,,,,,,,,,,,,,,,,30103604,,,,,,20,ft,,,6,in,,,,,,,,,,,,,,,,,,,,,,,,,,,,,,,,
,,,,,,,Building Materials,Decking & Railing,Composite & PVC Decking,,ADB15516AW,1x6-16' American Walnut Sq Edg - Landmark Azek PVC Decking,TIMBERTECH,-- No Unilog Brand --,-- No DIB Brand --,Parksite (6151),Parksite,TIMBERTECH,,ADB15516AW,,Building Materials>Decking & Porch>Deck Boards,"Parksite TIMBERTECH, Composite Decking, ADB15516AW, 1 in Nominal Thickness",COMPOSITE DECKING 1IN 6IN 16FT PVC AZEK,"TIMBERTECH ADB15516AW Composite Decking, 1 in Nominal Thickness, 6 in Nominal Width, 16 ft Length, PVC","TIMBERTECH Composite Decking, 1 in Nominal Thickness, 6 in Nominal Width, 16 ft Length, PVC, Sq Edg Edge Profile, American Walnut, Landmark Collection, Azek Board Type","Composite Decking, 1 in Nominal Thickness, 6 in Nominal Width, 16 ft Length, PVC, Sq Edg Edge Profile, American Walnut",,1 in,6 in,16 ft,,,,,,,,,,,,,,,,,,,,,,,,Nominal Thickness,1,in,Nominal Width,6,in,Length,16,ft,Material,PVC,,Edge Profile,Sq Edg,,Color,American Walnut,,Collection,Landmark,,Board Type,Azek,,Surface,,,,,,,,,,,,,,,,,,,,,,,,,,,,,,,,,,,,,,,,,,,,,,,,,,,,,,,,,,,,,,,,,,,,,,,,,,,,,,,,,,,,,,,,,,,,,,,,,,,,,,,,,,,,,,,,,,,,,,,,,,,,,,,,,30103604,,,,,,16,ft,,,6,in,,,,,,,,,,,,,,,,,,,,,,,,,,,,,,,,
,,,,,,,Building Materials,Decking & Railing,Composite & PVC Decking,,ADB15520AW,1x6-20' American Walnut Sq Edg - Landmark Azek PVC Decking,TIMBERTECH,-- No Unilog Brand --,-- No DIB Brand --,Parksite (6151),Parksite,TIMBERTECH,,ADB15520AW,,Building Materials>Decking & Porch>Deck Boards,"Parksite TIMBERTECH, Composite Decking, ADB15520AW, 1 in Nominal Thickness",COMPOSITE DECKING 1IN 6IN 20FT PVC AZEK,"TIMBERTECH ADB15520AW Composite Decking, 1 in Nominal Thickness, 6 in Nominal Width, 20 ft Length, PVC","TIMBERTECH Composite Decking, 1 in Nominal Thickness, 6 in Nominal Width, 20 ft Length, PVC, Sq Edg Edge Profile, American Walnut, Landmark Collection, Azek Board Type","Composite Decking, 1 in Nominal Thickness, 6 in Nominal Width, 20 ft Length, PVC, Sq Edg Edge Profile, American Walnut",,1 in,6 in,20 ft,,,,,,,,,,,,,,,,,,,,,,,,Nominal Thickness,1,in,Nominal Width,6,in,Length,20,ft,Material,PVC,,Edge Profile,Sq Edg,,Color,American Walnut,,Collection,Landmark,,Board Type,Azek,,Surface,,,,,,,,,,,,,,,,,,,,,,,,,,,,,,,,,,,,,,,,,,,,,,,,,,,,,,,,,,,,,,,,,,,,,,,,,,,,,,,,,,,,,,,,,,,,,,,,,,,,,,,,,,,,,,,,,,,,,,,,,,,,,,,,,30103604,,,,,,20,ft,,,6,in,,,,,,,,,,,,,,,,,,,,,,,,,,,,,,,,
,,,,,,,Building Materials,Decking & Railing,Composite & PVC Decking,,ADB15516CG,1x6-16' Castle Gate Sq Edge - Landmark Azek PVC Decking,TIMBERTECH,-- No Unilog Brand --,-- No DIB Brand --,Parksite (6151),Parksite,TIMBERTECH,,ADB15516CG,,Building Materials>Decking & Porch>Deck Boards,"Parksite TIMBERTECH, Composite Decking, ADB15516CG, 1 in Nominal Thickness",COMPOSITE DECKING 1IN 6IN 16FT PVC AZEK,"TIMBERTECH ADB15516CG Composite Decking, 1 in Nominal Thickness, 6 in Nominal Width, 16 ft Length, PVC","TIMBERTECH Composite Decking, 1 in Nominal Thickness, 6 in Nominal Width, 16 ft Length, PVC, square edge Edge Profile, Landmark, Azek Collection, Castle Gate Board Type, Gate Surface","Composite Decking, 1 in Nominal Thickness, 6 in Nominal Width, 16 ft Length, PVC, square edge Edge Profile, Landmark",,1 in,6 in,16 ft,,,,,,,,,,,,,,,,,,,,,,,,Nominal Thickness,1,in,Nominal Width,6,in,Length,16,ft,Material,PVC,,Edge Profile,square edge,,Color,Landmark,,Collection,Azek,,Board Type,Castle Gate,,Surface,Gate,,,,,,,,,,,,,,,,,,,,,,,,,,,,,,,,,,,,,,,,,,,,,,,,,,,,,,,,,,,,,,,,,,,,,,,,,,,,,,,,,,,,,,,,,,,,,,,,,,,,,,,,,,,,,,,,,,,,,,,,,,,,,,,,30103604,,,,,,16,ft,,,6,in,,,,,,,,,,,,,,,,,,,,,,,,,,,,,,,,
,,,,,,,Building Materials,Decking & Railing,Composite & PVC Decking,,ADB15520CG,1x6-20' Castle Gate Sq Edge - Landmark Azek PVC Decking,TIMBERTECH,-- No Unilog Brand --,-- No DIB Brand --,Parksite (6151),Parksite,TIMBERTECH,,ADB15520CG,,Building Materials>Decking & Porch>Deck Boards,"Parksite TIMBERTECH, Composite Decking, ADB15520CG, 1 in Nominal Thickness",COMPOSITE DECKING 1IN 6IN 20FT PVC,"TIMBERTECH ADB15520CG Composite Decking, 1 in Nominal Thickness, 6 in Nominal Width, 20 ft Length, PVC","TIMBERTECH Composite Decking, 1 in Nominal Thickness, 6 in Nominal Width, 20 ft Length, PVC, square edge Edge Profile, Castle Gate, Landmark Collection, decking Board Type, Castle Gate Surface","Composite Decking, 1 in Nominal Thickness, 6 in Nominal Width, 20 ft Length, PVC, square edge Edge Profile, Castle Gate",,1 in,6 in,20 ft,,,,,,,,,,,,,,,,,,,,,,,,Nominal Thickness,1,in,Nominal Width,6,in,Length,20,ft,Material,PVC,,Edge Profile,square edge,,Color,Castle Gate,,Collection,Landmark,,Board Type,decking,,Surface,Castle Gate,,,,,,,,,,,,,,,,,,,,,,,,,,,,,,,,,,,,,,,,,,,,,,,,,,,,,,,,,,,,,,,,,,,,,,,,,,,,,,,,,,,,,,,,,,,,,,,,,,,,,,,,,,,,,,,,,,,,,,,,,,,,,,,,30103604,,,,,,20,ft,,,6,in,,,,,,,,,,,,,,,,,,,,,,,,,,,,,,,,
,,,,,,,Building Materials,Decking & Railing,Composite & PVC Decking,,ADB15516FW,1x6-16' French White Oak Sq Ed - Landmark Azek PVC Decking,TIMBERTECH,-- No Unilog Brand --,-- No DIB Brand --,Parksite (6151),Parksite,TIMBERTECH,,ADB15516FW,,Building Materials>Decking & Porch>Deck Boards,"Parksite TIMBERTECH, Composite Decking, ADB15516FW, 1 in Nominal Thickness",COMPOSITE DECKING 1IN 6IN 16FT PVC SQ ED,"TIMBERTECH ADB15516FW Composite Decking, 1 in Nominal Thickness, 6 in Nominal Width, 16 ft Length, PVC","TIMBERTECH Composite Decking, 1 in Nominal Thickness, 6 in Nominal Width, 16 ft Length, PVC, Sq Ed Edge Profile, French White Oak, Landmark Collection, Azek Board Type","Composite Decking, 1 in Nominal Thickness, 6 in Nominal Width, 16 ft Length, PVC, Sq Ed Edge Profile, French White Oak",,1 in,6 in,16 ft,,,,,,,,,,,,,,,,,,,,,,,,Nominal Thickness,1,in,Nominal Width,6,in,Length,16,ft,Material,PVC,,Edge Profile,Sq Ed,,Color,French White Oak,,Collection,Landmark,,Board Type,Azek,,Surface,,,,,,,,,,,,,,,,,,,,,,,,,,,,,,,,,,,,,,,,,,,,,,,,,,,,,,,,,,,,,,,,,,,,,,,,,,,,,,,,,,,,,,,,,,,,,,,,,,,,,,,,,,,,,,,,,,,,,,,,,,,,,,,,,30103604,,,,,,16,ft,,,6,in,,,,,,,,,,,,,,,,,,,,,,,,,,,,,,,,
,,,,,,,Building Materials,Decking & Railing,Composite & PVC Decking,,ADB15520FW,1x6-20' French White Oak Sq Ed - Landmark Azek PVC Decking,TIMBERTECH,-- No Unilog Brand --,-- No DIB Brand --,Parksite (6151),Parksite,TIMBERTECH,,ADB15520FW,,Building Materials>Decking & Porch>Deck Boards,"Parksite TIMBERTECH, Composite Decking, ADB15520FW, 1 in Nominal Thickness",COMPOSITE DECKING 1IN 6IN 20FT PVC SQ ED,"TIMBERTECH ADB15520FW Composite Decking, 1 in Nominal Thickness, 6 in Nominal Width, 20 ft Length, PVC","TIMBERTECH Composite Decking, 1 in Nominal Thickness, 6 in Nominal Width, 20 ft Length, PVC, Sq Ed Edge Profile, French White Oak, Landmark Collection, Azek Board Type","Composite Decking, 1 in Nominal Thickness, 6 in Nominal Width, 20 ft Length, PVC, Sq Ed Edge Profile, French White Oak",,1 in,6 in,20 ft,,,,,,,,,,,,,,,,,,,,,,,,Nominal Thickness,1,in,Nominal Width,6,in,Length,20,ft,Material,PVC,,Edge Profile,Sq Ed,,Color,French White Oak,,Collection,Landmark,,Board Type,Azek,,Surface,,,,,,,,,,,,,,,,,,,,,,,,,,,,,,,,,,,,,,,,,,,,,,,,,,,,,,,,,,,,,,,,,,,,,,,,,,,,,,,,,,,,,,,,,,,,,,,,,,,,,,,,,,,,,,,,,,,,,,,,,,,,,,,,,30103604,,,,,,20,ft,,,6,in,,,,,,,,,,,,,,,,,,,,,,,,,,,,,,,,
,,,,,,,Building Materials,Decking & Railing,Composite & PVC Decking,,AGB15512AW,1x6-12' American Walnut Groove - Landmark Azek PVC Decking,TIMBERTECH,-- No Unilog Brand --,-- No DIB Brand --,Parksite (6151),Parksite,TIMBERTECH,,AGB15512AW,,Building Materials>Decking & Porch>Deck Boards,"Parksite TIMBERTECH, Composite Decking, AGB15512AW, 1 in Nominal Thickness",COMPOSITE DECKING 1IN 6IN 12FT PVC AZEK,"TIMBERTECH AGB15512AW Composite Decking, 1 in Nominal Thickness, 6 in Nominal Width, 12 ft Length, PVC","TIMBERTECH Composite Decking, 1 in Nominal Thickness, 6 in Nominal Width, 12 ft Length, PVC, grooved Edge Profile, American Walnut, Landmark Collection, Azek Board Type, Groove Surface","Composite Decking, 1 in Nominal Thickness, 6 in Nominal Width, 12 ft Length, PVC, grooved Edge Profile, American Walnut",,1 in,6 in,12 ft,,,,,,,,,,,,,,,,,,,,,,,,Nominal Thickness,1,in,Nominal Width,6,in,Length,12,ft,Material,PVC,,Edge Profile,grooved,,Color,American Walnut,,Collection,Landmark,,Board Type,Azek,,Surface,Groove,,,,,,,,,,,,,,,,,,,,,,,,,,,,,,,,,,,,,,,,,,,,,,,,,,,,,,,,,,,,,,,,,,,,,,,,,,,,,,,,,,,,,,,,,,,,,,,,,,,,,,,,,,,,,,,,,,,,,,,,,,,,,,,,30103604,,,,,,12,ft,,,6,in,,,,,,,,,,,,,,,,,,,,,,,,,,,,,,,,
,,,,,,,Building Materials,Decking & Railing,Composite & PVC Decking,,AGB15516AW,1x6-16' American Walnut Groove - Landmark Azek PVC Decking,TIMBERTECH,-- No Unilog Brand --,-- No DIB Brand --,Parksite (6151),Parksite,TIMBERTECH,,AGB15516AW,,Building Materials>Decking & Porch>Deck Boards,"Parksite TIMBERTECH, Composite Decking, AGB15516AW, 1 in Nominal Thickness",COMPOSITE DECKING 1IN 6IN 16FT PVC AZEK,"TIMBERTECH AGB15516AW Composite Decking, 1 in Nominal Thickness, 6 in Nominal Width, 16 ft Length, PVC","TIMBERTECH Composite Decking, 1 in Nominal Thickness, 6 in Nominal Width, 16 ft Length, PVC, grooved Edge Profile, American Walnut, Landmark Collection, Azek Board Type, Groove Surface","Composite Decking, 1 in Nominal Thickness, 6 in Nominal Width, 16 ft Length, PVC, grooved Edge Profile, American Walnut",,1 in,6 in,16 ft,,,,,,,,,,,,,,,,,,,,,,,,Nominal Thickness,1,in,Nominal Width,6,in,Length,16,ft,Material,PVC,,Edge Profile,grooved,,Color,American Walnut,,Collection,Landmark,,Board Type,Azek,,Surface,Groove,,,,,,,,,,,,,,,,,,,,,,,,,,,,,,,,,,,,,,,,,,,,,,,,,,,,,,,,,,,,,,,,,,,,,,,,,,,,,,,,,,,,,,,,,,,,,,,,,,,,,,,,,,,,,,,,,,,,,,,,,,,,,,,,30103604,,,,,,16,ft,,,6,in,,,,,,,,,,,,,,,,,,,,,,,,,,,,,,,,
,,,,,,,Building Materials,Decking & Railing,Composite & PVC Decking,,AGB15520AW,1x6-20' American Walnut Groove - Landmark Azek PVC Decking,TIMBERTECH,-- No Unilog Brand --,-- No DIB Brand --,Parksite (6151),Parksite,TIMBERTECH,,AGB15520AW,,Building Materials>Decking & Porch>Deck Boards,"Parksite TIMBERTECH, Composite Decking, AGB15520AW, 1 in Nominal Thickness",COMPOSITE DECKING 1IN 6IN 20FT PVC AZEK,"TIMBERTECH AGB15520AW Composite Decking, 1 in Nominal Thickness, 6 in Nominal Width, 20 ft Length, PVC","TIMBERTECH Composite Decking, 1 in Nominal Thickness, 6 in Nominal Width, 20 ft Length, PVC, grooved Edge Profile, American Walnut, Landmark Collection, Azek Board Type, Groove Surface","Composite Decking, 1 in Nominal Thickness, 6 in Nominal Width, 20 ft Length, PVC, grooved Edge Profile, American Walnut",,1 in,6 in,20 ft,,,,,,,,,,,,,,,,,,,,,,,,Nominal Thickness,1,in,Nominal Width,6,in,Length,20,ft,Material,PVC,,Edge Profile,grooved,,Color,American Walnut,,Collection,Landmark,,Board Type,Azek,,Surface,Groove,,,,,,,,,,,,,,,,,,,,,,,,,,,,,,,,,,,,,,,,,,,,,,,,,,,,,,,,,,,,,,,,,,,,,,,,,,,,,,,,,,,,,,,,,,,,,,,,,,,,,,,,,,,,,,,,,,,,,,,,,,,,,,,,30103604,,,,,,20,ft,,,6,in,,,,,,,,,,,,,,,,,,,,,,,,,,,,,,,,
,,,,,,,Building Materials,Decking & Railing,Composite & PVC Decking,,AGB15512CG,1x6-12' Castle Gate Grooved - Landmark Azek PVC Decking,TIMBERTECH,-- No Unilog Brand --,-- No DIB Brand --,Parksite (6151),Parksite,TIMBERTECH,,AGB15512CG,,Building Materials>Decking & Porch>Deck Boards,"Parksite TIMBERTECH, Composite Decking, AGB15512CG, 1 in Nominal Thickness",COMPOSITE DECKING 1IN 6IN 12FT PVC AZEK,"TIMBERTECH AGB15512CG Composite Decking, 1 in Nominal Thickness, 6 in Nominal Width, 12 ft Length, PVC","TIMBERTECH Composite Decking, 1 in Nominal Thickness, 6 in Nominal Width, 12 ft Length, PVC, grooved Edge Profile, Castle Gate, Landmark Collection, Azek Board Type, Castle Gate Surface","Composite Decking, 1 in Nominal Thickness, 6 in Nominal Width, 12 ft Length, PVC, grooved Edge Profile, Castle Gate",,1 in,6 in,12 ft,,,,,,,,,,,,,,,,,,,,,,,,Nominal Thickness,1,in,Nominal Width,6,in,Length,12,ft,Material,PVC,,Edge Profile,grooved,,Color,Castle Gate,,Collection,Landmark,,Board Type,Azek,,Surface,Castle Gate,,,,,,,,,,,,,,,,,,,,,,,,,,,,,,,,,,,,,,,,,,,,,,,,,,,,,,,,,,,,,,,,,,,,,,,,,,,,,,,,,,,,,,,,,,,,,,,,,,,,,,,,,,,,,,,,,,,,,,,,,,,,,,,,30103604,,,,,,12,ft,,,6,in,,,,,,,,,,,,,,,,,,,,,,,,,,,,,,,,
,,,,,,,Building Materials,Decking & Railing,Composite & PVC Decking,,AGB15516CG,1x6-16' Castle Gate Grooved - Landmark Azek PVC Decking,TIMBERTECH,-- No Unilog Brand --,-- No DIB Brand --,Parksite (6151),Parksite,TIMBERTECH,,AGB15516CG,,Building Materials>Decking & Porch>Deck Boards,"Parksite TIMBERTECH, Composite Decking, AGB15516CG, 1 in Nominal Thickness",COMPOSITE DECKING 1IN 6IN 16FT PVC AZEK,"TIMBERTECH AGB15516CG Composite Decking, 1 in Nominal Thickness, 6 in Nominal Width, 16 ft Length, PVC","TIMBERTECH Composite Decking, 1 in Nominal Thickness, 6 in Nominal Width, 16 ft Length, PVC, grooved Edge Profile, Castle Gate, Landmark Collection, Azek Board Type, Castle Gate Surface","Composite Decking, 1 in Nominal Thickness, 6 in Nominal Width, 16 ft Length, PVC, grooved Edge Profile, Castle Gate",,1 in,6 in,16 ft,,,,,,,,,,,,,,,,,,,,,,,,Nominal Thickness,1,in,Nominal Width,6,in,Length,16,ft,Material,PVC,,Edge Profile,grooved,,Color,Castle Gate,,Collection,Landmark,,Board Type,Azek,,Surface,Castle Gate,,,,,,,,,,,,,,,,,,,,,,,,,,,,,,,,,,,,,,,,,,,,,,,,,,,,,,,,,,,,,,,,,,,,,,,,,,,,,,,,,,,,,,,,,,,,,,,,,,,,,,,,,,,,,,,,,,,,,,,,,,,,,,,,30103604,,,,,,16,ft,,,6,in,,,,,,,,,,,,,,,,,,,,,,,,,,,,,,,,
,,,,,,,Building Materials,Decking & Railing,Composite & PVC Decking,,AGB15520CG,1x6-20' Castle Gate Grooved - Landmark Azek PVC Decking,TIMBERTECH,-- No Unilog Brand --,-- No DIB Brand --,Parksite (6151),Parksite,TIMBERTECH,,AGB15520CG,,Building Materials>Decking & Porch>Deck Boards,"Parksite TIMBERTECH, Composite Decking, AGB15520CG, 1 in Nominal Thickness",COMPOSITE DECKING 1IN 6IN 20FT PVC AZEK,"TIMBERTECH AGB15520CG Composite Decking, 1 in Nominal Thickness, 6 in Nominal Width, 20 ft Length, PVC","TIMBERTECH Composite Decking, 1 in Nominal Thickness, 6 in Nominal Width, 20 ft Length, PVC, grooved Edge Profile, Landmark, Azek Collection, decking Board Type, Grooved Surface","Composite Decking, 1 in Nominal Thickness, 6 in Nominal Width, 20 ft Length, PVC, grooved Edge Profile, Landmark",,1 in,6 in,20 ft,,,,,,,,,,,,,,,,,,,,,,,,Nominal Thickness,1,in,Nominal Width,6,in,Length,20,ft,Material,PVC,,Edge Profile,grooved,,Color,Landmark,,Collection,Azek,,Board Type,decking,,Surface,Grooved,,,,,,,,,,,,,,,,,,,,,,,,,,,,,,,,,,,,,,,,,,,,,,,,,,,,,,,,,,,,,,,,,,,,,,,,,,,,,,,,,,,,,,,,,,,,,,,,,,,,,,,,,,,,,,,,,,,,,,,,,,,,,,,,30103604,,,,,,20,ft,,,6,in,,,,,,,,,,,,,,,,,,,,,,,,,,,,,,,,
,,,,,,,Building Materials,Decking & Railing,Composite & PVC Decking,,AGB15512FW,1x6-12' French White Oak Groov - Landmark Azek PVC Decking,TIMBERTECH,-- No Unilog Brand --,-- No DIB Brand --,Parksite (6151),Parksite,TIMBERTECH,,AGB15512FW,,Building Materials>Decking & Porch>Deck Boards,"Parksite TIMBERTECH, Composite Decking, AGB15512FW, 1 in Nominal Thickness",COMPOSITE DECKING 1IN 6IN 12FT PVC AZEK,"TIMBERTECH AGB15512FW Composite Decking, 1 in Nominal Thickness, 6 in Nominal Width, 12 ft Length, PVC","TIMBERTECH Composite Decking, 1 in Nominal Thickness, 6 in Nominal Width, 12 ft Length, PVC, grooved Edge Profile, French White Oak, Landmark Collection, Azek Board Type, French White Oak Surface","Composite Decking, 1 in Nominal Thickness, 6 in Nominal Width, 12 ft Length, PVC, grooved Edge Profile, French White Oak",,1 in,6 in,12 ft,,,,,,,,,,,,,,,,,,,,,,,,Nominal Thickness,1,in,Nominal Width,6,in,Length,12,ft,Material,PVC,,Edge Profile,grooved,,Color,French White Oak,,Collection,Landmark,,Board Type,Azek,,Surface,French White Oak,,,,,,,,,,,,,,,,,,,,,,,,,,,,,,,,,,,,,,,,,,,,,,,,,,,,,,,,,,,,,,,,,,,,,,,,,,,,,,,,,,,,,,,,,,,,,,,,,,,,,,,,,,,,,,,,,,,,,,,,,,,,,,,,30103604,,,,,,12,ft,,,6,in,,,,,,,,,,,,,,,,,,,,,,,,,,,,,,,,
,,,,,,,Building Materials,Decking & Railing,Composite & PVC Decking,,AGB15516FW,1x6-16' French White Oak Groov - Landmark Azek PVC Decking,TIMBERTECH,-- No Unilog Brand --,-- No DIB Brand --,Parksite (6151),Parksite,TIMBERTECH,,AGB15516FW,,Building Materials>Decking & Porch>Deck Boards,"Parksite TIMBERTECH, Composite Decking, AGB15516FW, 1 in Nominal Thickness",COMPOSITE DECKING 1IN 6IN 16FT PVC AZEK,"TIMBERTECH AGB15516FW Composite Decking, 1 in Nominal Thickness, 6 in Nominal Width, 16 ft Length, PVC","TIMBERTECH Composite Decking, 1 in Nominal Thickness, 6 in Nominal Width, 16 ft Length, PVC, grooved Edge Profile, French White Oak, Landmark Collection, Azek Board Type, French White Oak Surface","Composite Decking, 1 in Nominal Thickness, 6 in Nominal Width, 16 ft Length, PVC, grooved Edge Profile, French White Oak",,1 in,6 in,16 ft,,,,,,,,,,,,,,,,,,,,,,,,Nominal Thickness,1,in,Nominal Width,6,in,Length,16,ft,Material,PVC,,Edge Profile,grooved,,Color,French White Oak,,Collection,Landmark,,Board Type,Azek,,Surface,French White Oak,,,,,,,,,,,,,,,,,,,,,,,,,,,,,,,,,,,,,,,,,,,,,,,,,,,,,,,,,,,,,,,,,,,,,,,,,,,,,,,,,,,,,,,,,,,,,,,,,,,,,,,,,,,,,,,,,,,,,,,,,,,,,,,,30103604,,,,,,16,ft,,,6,in,,,,,,,,,,,,,,,,,,,,,,,,,,,,,,,,
,,,,,,,Building Materials,Decking & Railing,Composite & PVC Decking,,AGB15520FW,1x6-20' French White Oak Groov - Landmark Azek PVC Decking,TIMBERTECH,-- No Unilog Brand --,-- No DIB Brand --,Parksite (6151),Parksite,TIMBERTECH,,AGB15520FW,,Building Materials>Decking & Porch>Deck Boards,"Parksite TIMBERTECH, Composite Decking, AGB15520FW, 1 in Nominal Thickness",COMPOSITE DECKING 1IN 6IN 20FT PVC AZEK,"TIMBERTECH AGB15520FW Composite Decking, 1 in Nominal Thickness, 6 in Nominal Width, 20 ft Length, PVC","TIMBERTECH Composite Decking, 1 in Nominal Thickness, 6 in Nominal Width, 20 ft Length, PVC, grooved Edge Profile, French White Oak, Landmark Collection, Azek Board Type, French White Oak Surface","Composite Decking, 1 in Nominal Thickness, 6 in Nominal Width, 20 ft Length, PVC, grooved Edge Profile, French White Oak",,1 in,6 in,20 ft,,,,,,,,,,,,,,,,,,,,,,,,Nominal Thickness,1,in,Nominal Width,6,in,Length,20,ft,Material,PVC,,Edge Profile,grooved,,Color,French White Oak,,Collection,Landmark,,Board Type,Azek,,Surface,French White Oak,,,,,,,,,,,,,,,,,,,,,,,,,,,,,,,,,,,,,,,,,,,,,,,,,,,,,,,,,,,,,,,,,,,,,,,,,,,,,,,,,,,,,,,,,,,,,,,,,,,,,,,,,,,,,,,,,,,,,,,,,,,,,,,,30103604,,,,,,20,ft,,,6,in,,,,,,,,,,,,,,,,,,,,,,,,,,,,,,,,
,,,,,,,Building Materials,Decking & Railing,Composite & PVC Decking,,ADCB15516BS,1x6-16' Brownstone Sq Edge - Harvest Azek PVC Decking,TIMBERTECH,-- No Unilog Brand --,-- No DIB Brand --,Parksite (6151),Parksite,TIMBERTECH,,ADCB15516BS,,Building Materials>Decking & Porch>Deck Boards,"Parksite TIMBERTECH, Composite Decking, ADCB15516BS, 1 in Nominal Thickness",COMPOSITE DECKING 1IN 6IN 16FT PVC AZEK,"TIMBERTECH ADCB15516BS Composite Decking, 1 in Nominal Thickness, 6 in Nominal Width, 16 ft Length, PVC","TIMBERTECH Composite Decking, 1 in Nominal Thickness, 6 in Nominal Width, 16 ft Length, PVC, square edge Edge Profile, Brownstone, Harvest Collection, Azek Board Type, Harvest Azek PVC Decking Surface","Composite Decking, 1 in Nominal Thickness, 6 in Nominal Width, 16 ft Length, PVC, square edge Edge Profile, Brownstone",,1 in,6 in,16 ft,,,,,,,,,,,,,,,,,,,,,,,,Nominal Thickness,1,in,Nominal Width,6,in,Length,16,ft,Material,PVC,,Edge Profile,square edge,,Color,Brownstone,,Collection,Harvest,,Board Type,Azek,,Surface,Harvest Azek PVC Decking,,,,,,,,,,,,,,,,,,,,,,,,,,,,,,,,,,,,,,,,,,,,,,,,,,,,,,,,,,,,,,,,,,,,,,,,,,,,,,,,,,,,,,,,,,,,,,,,,,,,,,,,,,,,,,,,,,,,,,,,,,,,,,,,30103604,,,,,,16,ft,,,6,in,,,,,,,,,,,,,,,,,,,,,,,,,,,,,,,,
,,,,,,,Building Materials,Decking & Railing,Composite & PVC Decking,,ADCB15520BS,1x6-20' Brownstone Sq Edge - Harvest Azek PVC Decking,TIMBERTECH,-- No Unilog Brand --,-- No DIB Brand --,Parksite (6151),Parksite,TIMBERTECH,,ADCB15520BS,,Building Materials>Decking & Porch>Deck Boards,"Parksite TIMBERTECH, Composite Decking, ADCB15520BS, 1 in Nominal Thickness",COMPOSITE DECKING 1IN 6IN 20FT PVC AZEK,"TIMBERTECH ADCB15520BS Composite Decking, 1 in Nominal Thickness, 6 in Nominal Width, 20 ft Length, PVC","TIMBERTECH Composite Decking, 1 in Nominal Thickness, 6 in Nominal Width, 20 ft Length, PVC, square edge Edge Profile, Brownstone, Harvest Collection, Azek Board Type, Harvest Azek PVC Decking Surface","Composite Decking, 1 in Nominal Thickness, 6 in Nominal Width, 20 ft Length, PVC, square edge Edge Profile, Brownstone",,1 in,6 in,20 ft,,,,,,,,,,,,,,,,,,,,,,,,Nominal Thickness,1,in,Nominal Width,6,in,Length,20,ft,Material,PVC,,Edge Profile,square edge,,Color,Brownstone,,Collection,Harvest,,Board Type,Azek,,Surface,Harvest Azek PVC Decking,,,,,,,,,,,,,,,,,,,,,,,,,,,,,,,,,,,,,,,,,,,,,,,,,,,,,,,,,,,,,,,,,,,,,,,,,,,,,,,,,,,,,,,,,,,,,,,,,,,,,,,,,,,,,,,,,,,,,,,,,,,,,,,,30103604,,,,,,20,ft,,,6,in,,,,,,,,,,,,,,,,,,,,,,,,,,,,,,,,
,,,,,,,Building Materials,Decking & Railing,Composite & PVC Decking,,ADCB15516SG,1x6-16' Slate Gray Sq Edge - Harvest Azek PVC Decking,TIMBERTECH,-- No Unilog Brand --,-- No DIB Brand --,Parksite (6151),Parksite,TIMBERTECH,,ADCB15516SG,,Building Materials>Decking & Porch>Deck Boards,"Parksite TIMBERTECH, Composite Decking, ADCB15516SG, 1 in Nominal Thickness",COMPOSITE DECKING 1IN 6IN 16FT PVC AZEK,"TIMBERTECH ADCB15516SG Composite Decking, 1 in Nominal Thickness, 6 in Nominal Width, 16 ft Length, PVC","TIMBERTECH Composite Decking, 1 in Nominal Thickness, 6 in Nominal Width, 16 ft Length, PVC, square edge Edge Profile, Slate Gray, Harvest Collection, Azek Board Type","Composite Decking, 1 in Nominal Thickness, 6 in Nominal Width, 16 ft Length, PVC, square edge Edge Profile, Slate Gray",,1 in,6 in,16 ft,,,,,,,,,,,,,,,,,,,,,,,,Nominal Thickness,1,in,Nominal Width,6,in,Length,16,ft,Material,PVC,,Edge Profile,square edge,,Color,Slate Gray,,Collection,Harvest,,Board Type,Azek,,Surface,,,,,,,,,,,,,,,,,,,,,,,,,,,,,,,,,,,,,,,,,,,,,,,,,,,,,,,,,,,,,,,,,,,,,,,,,,,,,,,,,,,,,,,,,,,,,,,,,,,,,,,,,,,,,,,,,,,,,,,,,,,,,,,,,30103604,,,,,,16,ft,,,6,in,,,,,,,,,,,,,,,,,,,,,,,,,,,,,,,,
,,,,,,,Building Materials,Decking & Railing,Composite & PVC Decking,,ADCB15520SG,1x6-20' Slate Gray Sq Edge - Harvest Azek PVC Decking,TIMBERTECH,-- No Unilog Brand --,-- No DIB Brand --,Parksite (6151),Parksite,TIMBERTECH,,ADCB15520SG,,Building Materials>Decking & Porch>Deck Boards,"Parksite TIMBERTECH, Composite Decking, ADCB15520SG, 1 in Nominal Thickness",COMPOSITE DECKING 1IN 6IN 20FT PVC AZEK,"TIMBERTECH ADCB15520SG Composite Decking, 1 in Nominal Thickness, 6 in Nominal Width, 20 ft Length, PVC","TIMBERTECH Composite Decking, 1 in Nominal Thickness, 6 in Nominal Width, 20 ft Length, PVC, square edge Edge Profile, Slate Gray, Harvest Collection, Azek Board Type","Composite Decking, 1 in Nominal Thickness, 6 in Nominal Width, 20 ft Length, PVC, square edge Edge Profile, Slate Gray",,1 in,6 in,20 ft,,,,,,,,,,,,,,,,,,,,,,,,Nominal Thickness,1,in,Nominal Width,6,in,Length,20,ft,Material,PVC,,Edge Profile,square edge,,Color,Slate Gray,,Collection,Harvest,,Board Type,Azek,,Surface,,,,,,,,,,,,,,,,,,,,,,,,,,,,,,,,,,,,,,,,,,,,,,,,,,,,,,,,,,,,,,,,,,,,,,,,,,,,,,,,,,,,,,,,,,,,,,,,,,,,,,,,,,,,,,,,,,,,,,,,,,,,,,,,,30103604,,,,,,20,ft,,,6,in,,,,,,,,,,,,,,,,,,,,,,,,,,,,,,,,
,,,,,,,Building Materials,Decking & Railing,Composite & PVC Decking,,AGB15512BS,1x6-12' Brownstone Grooved - Harvest Azek PVC Decking,TIMBERTECH,-- No Unilog Brand --,-- No DIB Brand --,Parksite (6151),Parksite,TIMBERTECH,,AGB15512BS,,Building Materials>Decking & Porch>Deck Boards,"Parksite TIMBERTECH, Composite Decking, AGB15512BS, 1 in Nominal Thickness",COMPOSITE DECKING 1IN 6IN 12FT PVC AZEK,"TIMBERTECH AGB15512BS Composite Decking, 1 in Nominal Thickness, 6 in Nominal Width, 12 ft Length, PVC","TIMBERTECH Composite Decking, 1 in Nominal Thickness, 6 in Nominal Width, 12 ft Length, PVC, grooved Edge Profile, Brownstone, Harvest Collection, Azek Board Type, Grooved Surface","Composite Decking, 1 in Nominal Thickness, 6 in Nominal Width, 12 ft Length, PVC, grooved Edge Profile, Brownstone",,1 in,6 in,12 ft,,,,,,,,,,,,,,,,,,,,,,,,Nominal Thickness,1,in,Nominal Width,6,in,Length,12,ft,Material,PVC,,Edge Profile,grooved,,Color,Brownstone,,Collection,Harvest,,Board Type,Azek,,Surface,Grooved,,,,,,,,,,,,,,,,,,,,,,,,,,,,,,,,,,,,,,,,,,,,,,,,,,,,,,,,,,,,,,,,,,,,,,,,,,,,,,,,,,,,,,,,,,,,,,,,,,,,,,,,,,,,,,,,,,,,,,,,,,,,,,,,30103604,,,,,,12,ft,,,6,in,,,,,,,,,,,,,,,,,,,,,,,,,,,,,,,,
,,,,,,,Building Materials,Decking & Railing,Composite & PVC Decking,,AGB15516BS,1x6-16' Brownstone Grooved - Harvest Azek PVC Decking,TIMBERTECH,-- No Unilog Brand --,-- No DIB Brand --,Parksite (6151),Parksite,TIMBERTECH,,AGB15516BS,,Building Materials>Decking & Porch>Deck Boards,"Parksite TIMBERTECH, Composite Decking, AGB15516BS, 1 in Nominal Thickness",COMPOSITE DECKING 1IN 6IN 16FT PVC AZEK,"TIMBERTECH AGB15516BS Composite Decking, 1 in Nominal Thickness, 6 in Nominal Width, 16 ft Length, PVC","TIMBERTECH Composite Decking, 1 in Nominal Thickness, 6 in Nominal Width, 16 ft Length, PVC, grooved Edge Profile, Brownstone, Harvest Collection, Azek Board Type, Grooved Surface","Composite Decking, 1 in Nominal Thickness, 6 in Nominal Width, 16 ft Length, PVC, grooved Edge Profile, Brownstone",,1 in,6 in,16 ft,,,,,,,,,,,,,,,,,,,,,,,,Nominal Thickness,1,in,Nominal Width,6,in,Length,16,ft,Material,PVC,,Edge Profile,grooved,,Color,Brownstone,,Collection,Harvest,,Board Type,Azek,,Surface,Grooved,,,,,,,,,,,,,,,,,,,,,,,,,,,,,,,,,,,,,,,,,,,,,,,,,,,,,,,,,,,,,,,,,,,,,,,,,,,,,,,,,,,,,,,,,,,,,,,,,,,,,,,,,,,,,,,,,,,,,,,,,,,,,,,,30103604,,,,,,16,ft,,,6,in,,,,,,,,,,,,,,,,,,,,,,,,,,,,,,,,
,,,,,,,Building Materials,Decking & Railing,Composite & PVC Decking,,AGB15520BS,1x6-20' Brownstone Grooved - Harvest Azek PVC Decking,TIMBERTECH,-- No Unilog Brand --,-- No DIB Brand --,Parksite (6151),Parksite,TIMBERTECH,,AGB15520BS,,Building Materials>Decking & Porch>Deck Boards,"Parksite TIMBERTECH, Composite Decking, AGB15520BS, 1 in Nominal Thickness",COMPOSITE DECKING 1IN 6IN 20FT PVC AZEK,"TIMBERTECH AGB15520BS Composite Decking, 1 in Nominal Thickness, 6 in Nominal Width, 20 ft Length, PVC","TIMBERTECH Composite Decking, 1 in Nominal Thickness, 6 in Nominal Width, 20 ft Length, PVC, grooved Edge Profile, Brownstone, Harvest Collection, Azek Board Type","Composite Decking, 1 in Nominal Thickness, 6 in Nominal Width, 20 ft Length, PVC, grooved Edge Profile, Brownstone",,1 in,6 in,20 ft,,,,,,,,,,,,,,,,,,,,,,,,Nominal Thickness,1,in,Nominal Width,6,in,Length,20,ft,Material,PVC,,Edge Profile,grooved,,Color,Brownstone,,Collection,Harvest,,Board Type,Azek,,Surface,,,,,,,,,,,,,,,,,,,,,,,,,,,,,,,,,,,,,,,,,,,,,,,,,,,,,,,,,,,,,,,,,,,,,,,,,,,,,,,,,,,,,,,,,,,,,,,,,,,,,,,,,,,,,,,,,,,,,,,,,,,,,,,,,30103604,,,,,,20,ft,,,6,in,,,,,,,,,,,,,,,,,,,,,,,,,,,,,,,,
,,,,,,,Building Materials,Decking & Railing,Composite & PVC Decking,,AGB15512SG,1x6-12' Slate Gray Grooved - Harvest Azek PVC Decking,TIMBERTECH,-- No Unilog Brand --,-- No DIB Brand --,Parksite (6151),Parksite,TIMBERTECH,,AGB15512SG,,Building Materials>Decking & Porch>Deck Boards,"Parksite TIMBERTECH, Composite Decking, AGB15512SG, 1 in Nominal Thickness",COMPOSITE DECKING 1IN 6IN 12FT PVC AZEK,"TIMBERTECH AGB15512SG Composite Decking, 1 in Nominal Thickness, 6 in Nominal Width, 12 ft Length, PVC","TIMBERTECH Composite Decking, 1 in Nominal Thickness, 6 in Nominal Width, 12 ft Length, PVC, grooved Edge Profile, Slate Gray, Harvest Collection, Azek Board Type, Grooved Surface","Composite Decking, 1 in Nominal Thickness, 6 in Nominal Width, 12 ft Length, PVC, grooved Edge Profile, Slate Gray",,1 in,6 in,12 ft,,,,,,,,,,,,,,,,,,,,,,,,Nominal Thickness,1,in,Nominal Width,6,in,Length,12,ft,Material,PVC,,Edge Profile,grooved,,Color,Slate Gray,,Collection,Harvest,,Board Type,Azek,,Surface,Grooved,,,,,,,,,,,,,,,,,,,,,,,,,,,,,,,,,,,,,,,,,,,,,,,,,,,,,,,,,,,,,,,,,,,,,,,,,,,,,,,,,,,,,,,,,,,,,,,,,,,,,,,,,,,,,,,,,,,,,,,,,,,,,,,,30103604,,,,,,12,ft,,,6,in,,,,,,,,,,,,,,,,,,,,,,,,,,,,,,,,
,,,,,,,Building Materials,Decking & Railing,Composite & PVC Decking,,AGB15516SG,1x6-16' Slate Gray Grooved - Harvest Azek PVC Decking,TIMBERTECH,-- No Unilog Brand --,-- No DIB Brand --,Parksite (6151),Parksite,TIMBERTECH,,AGB15516SG,,Building Materials>Decking & Porch>Deck Boards,"Parksite TIMBERTECH, Composite Decking, AGB15516SG, 1 in Nominal Thickness",COMPOSITE DECKING 1IN 6IN 16FT PVC AZEK,"TIMBERTECH AGB15516SG Composite Decking, 1 in Nominal Thickness, 6 in Nominal Width, 16 ft Length, PVC","TIMBERTECH Composite Decking, 1 in Nominal Thickness, 6 in Nominal Width, 16 ft Length, PVC, grooved Edge Profile, Slate Gray, Harvest Collection, Azek Board Type, Grooved Surface","Composite Decking, 1 in Nominal Thickness, 6 in Nominal Width, 16 ft Length, PVC, grooved Edge Profile, Slate Gray",,1 in,6 in,16 ft,,,,,,,,,,,,,,,,,,,,,,,,Nominal Thickness,1,in,Nominal Width,6,in,Length,16,ft,Material,PVC,,Edge Profile,grooved,,Color,Slate Gray,,Collection,Harvest,,Board Type,Azek,,Surface,Grooved,,,,,,,,,,,,,,,,,,,,,,,,,,,,,,,,,,,,,,,,,,,,,,,,,,,,,,,,,,,,,,,,,,,,,,,,,,,,,,,,,,,,,,,,,,,,,,,,,,,,,,,,,,,,,,,,,,,,,,,,,,,,,,,,30103604,,,,,,16,ft,,,6,in,,,,,,,,,,,,,,,,,,,,,,,,,,,,,,,,
,,,,,,,Building Materials,Decking & Railing,Composite & PVC Decking,,AGB15520SG,1x6-20' Slate Gray Grooved - Harvest Azek PVC Decking,TIMBERTECH,-- No Unilog Brand --,-- No DIB Brand --,Parksite (6151),Parksite,TIMBERTECH,,AGB15520SG,,Building Materials>Decking & Porch>Deck Boards,"Parksite TIMBERTECH, Composite Decking, AGB15520SG, 1 in Nominal Thickness",COMPOSITE DECKING 1IN 6IN 20FT PVC AZEK,"TIMBERTECH AGB15520SG Composite Decking, 1 in Nominal Thickness, 6 in Nominal Width, 20 ft Length, PVC","TIMBERTECH Composite Decking, 1 in Nominal Thickness, 6 in Nominal Width, 20 ft Length, PVC, grooved Edge Profile, Slate Gray, Harvest Collection, Azek Board Type, Grooved Surface","Composite Decking, 1 in Nominal Thickness, 6 in Nominal Width, 20 ft Length, PVC, grooved Edge Profile, Slate Gray",,1 in,6 in,20 ft,,,,,,,,,,,,,,,,,,,,,,,,Nominal Thickness,1,in,Nominal Width,6,in,Length,20,ft,Material,PVC,,Edge Profile,grooved,,Color,Slate Gray,,Collection,Harvest,,Board Type,Azek,,Surface,Grooved,,,,,,,,,,,,,,,,,,,,,,,,,,,,,,,,,,,,,,,,,,,,,,,,,,,,,,,,,,,,,,,,,,,,,,,,,,,,,,,,,,,,,,,,,,,,,,,,,,,,,,,,,,,,,,,,,,,,,,,,,,,,,,,,30103604,,,,,,20,ft,,,6,in,,,,,,,,,,,,,,,,,,,,,,,,,,,,,,,,
,,,,,,,Building Materials,Decking & Railing,Composite & PVC Decking,,543140016,1nx6-16' Biscayne Sq Edge - Trex Transcend Lineage Decking,TREX,-- No Unilog Brand --,-- No DIB Brand --,U S Lumber (3073),U S Lumber,TREX,,543140016,,Building Materials>Decking & Porch>Deck Boards,"U S Lumber TREX, Composite Decking, 543140016, 1 in Nominal Thickness",COMPOSITE DECKING 1IN 6IN 16FT TREX,"TREX 543140016 Composite Decking, 1 in Nominal Thickness, 6 in Nominal Width, 16 ft Length, Trex","TREX Composite Decking, 1 in Nominal Thickness, 6 in Nominal Width, 16 ft Length, Trex, square edge Edge Profile, Biscayne, Transcend Lineage Collection, decking Board Type, Biscayne Surface","Composite Decking, 1 in Nominal Thickness, 6 in Nominal Width, 16 ft Length, Trex, square edge Edge Profile, Biscayne",,1 in,6 in,16 ft,,,,,,,,,,,,,,,,,,,,,,,,Nominal Thickness,1,in,Nominal Width,6,in,Length,16,ft,Material,Trex,,Edge Profile,square edge,,Color,Biscayne,,Collection,Transcend Lineage,,Board Type,decking,,Surface,Biscayne,,,,,,,,,,,,,,,,,,,,,,,,,,,,,,,,,,,,,,,,,,,,,,,,,,,,,,,,,,,,,,,,,,,,,,,,,,,,,,,,,,,,,,,,,,,,,,,,,,,,,,,,,,,,,,,,,,,,,,,,,,,,,,,,30103604,,,,,,16,ft,,,6,in,,,,,,,,,,,,,,,,,,,,,,,,,,,,,,,,
,,,,,,,Building Materials,Decking & Railing,Composite & PVC Decking,,543140020,1nx6-20' Biscayne Sq Edge - Trex Transcend Lineage Decking,TREX,-- No Unilog Brand --,-- No DIB Brand --,U S Lumber (3073),U S Lumber,TREX,,543140020,,Building Materials>Decking & Porch>Deck Boards,"U S Lumber TREX, Composite Decking, 543140020, 1 in Nominal Thickness",COMPOSITE DECKING 1IN 6IN 20FT TREX,"TREX 543140020 Composite Decking, 1 in Nominal Thickness, 6 in Nominal Width, 20 ft Length, Trex","TREX Composite Decking, 1 in Nominal Thickness, 6 in Nominal Width, 20 ft Length, Trex, square edge Edge Profile, Biscayne, Transcend Lineage Collection, decking Board Type, Biscayne Surface","Composite Decking, 1 in Nominal Thickness, 6 in Nominal Width, 20 ft Length, Trex, square edge Edge Profile, Biscayne",,1 in,6 in,20 ft,,,,,,,,,,,,,,,,,,,,,,,,Nominal Thickness,1,in,Nominal Width,6,in,Length,20,ft,Material,Trex,,Edge Profile,square edge,,Color,Biscayne,,Collection,Transcend Lineage,,Board Type,decking,,Surface,Biscayne,,,,,,,,,,,,,,,,,,,,,,,,,,,,,,,,,,,,,,,,,,,,,,,,,,,,,,,,,,,,,,,,,,,,,,,,,,,,,,,,,,,,,,,,,,,,,,,,,,,,,,,,,,,,,,,,,,,,,,,,,,,,,,,,30103604,,,,,,20,ft,,,6,in,,,,,,,,,,,,,,,,,,,,,,,,,,,,,,,,
,,,,,,,Building Materials,Decking & Railing,Composite & PVC Decking,,543142016,1nx6-16' Carmel Sq Edge - Trex Transcend Lineage Decking,TREX,-- No Unilog Brand --,-- No DIB Brand --,U S Lumber (3073),U S Lumber,TREX,,543142016,,Building Materials>Decking & Porch>Deck Boards,"U S Lumber TREX, Composite Decking, 543142016, 1 in Nominal Thickness",COMPOSITE DECKING 1IN 6IN 16FT TREX,"TREX 543142016 Composite Decking, 1 in Nominal Thickness, 6 in Nominal Width, 16 ft Length, Trex","TREX Composite Decking, 1 in Nominal Thickness, 6 in Nominal Width, 16 ft Length, Trex, square edge Edge Profile, Carmel, Transcend Lineage Collection, decking Board Type, Trex Transcend Lineage Decking Surface","Composite Decking, 1 in Nominal Thickness, 6 in Nominal Width, 16 ft Length, Trex, square edge Edge Profile, Carmel",,1 in,6 in,16 ft,,,,,,,,,,,,,,,,,,,,,,,,Nominal Thickness,1,in,Nominal Width,6,in,Length,16,ft,Material,Trex,,Edge Profile,square edge,,Color,Carmel,,Collection,Transcend Lineage,,Board Type,decking,,Surface,Trex Transcend Lineage Decking,,,,,,,,,,,,,,,,,,,,,,,,,,,,,,,,,,,,,,,,,,,,,,,,,,,,,,,,,,,,,,,,,,,,,,,,,,,,,,,,,,,,,,,,,,,,,,,,,,,,,,,,,,,,,,,,,,,,,,,,,,,,,,,,30103604,,,,,,16,ft,,,6,in,,,,,,,,,,,,,,,,,,,,,,,,,,,,,,,,
,,,,,,,Building Materials,Decking & Railing,Composite & PVC Decking,,543142020,1nx6-20' Carmel Sq Edge - Trex Transcend Lineage Decking,TREX,-- No Unilog Brand --,-- No DIB Brand --,U S Lumber (3073),U S Lumber,TREX,,543142020,,Building Materials>Decking & Porch>Deck Boards,"U S Lumber TREX, Composite Decking, 543142020, 1 in Nominal Thickness",COMPOSITE DECKING 1IN 6IN 20FT TREX,"TREX 543142020 Composite Decking, 1 in Nominal Thickness, 6 in Nominal Width, 20 ft Length, Trex","TREX Composite Decking, 1 in Nominal Thickness, 6 in Nominal Width, 20 ft Length, Trex, square edge Edge Profile, Carmel, Transcend Lineage Collection, decking Board Type, Trex Transcend Lineage Decking Surface","Composite Decking, 1 in Nominal Thickness, 6 in Nominal Width, 20 ft Length, Trex, square edge Edge Profile, Carmel",,1 in,6 in,20 ft,,,,,,,,,,,,,,,,,,,,,,,,Nominal Thickness,1,in,Nominal Width,6,in,Length,20,ft,Material,Trex,,Edge Profile,square edge,,Color,Carmel,,Collection,Transcend Lineage,,Board Type,decking,,Surface,Trex Transcend Lineage Decking,,,,,,,,,,,,,,,,,,,,,,,,,,,,,,,,,,,,,,,,,,,,,,,,,,,,,,,,,,,,,,,,,,,,,,,,,,,,,,,,,,,,,,,,,,,,,,,,,,,,,,,,,,,,,,,,,,,,,,,,,,,,,,,,30103604,,,,,,20,ft,,,6,in,,,,,,,,,,,,,,,,,,,,,,,,,,,,,,,,
,,,,,,,Building Materials,Decking & Railing,Composite & PVC Decking,,543144016,1nx6-16' Island Mist Sq Edge - Trex Transcend Lineage Decking,TREX,-- No Unilog Brand --,-- No DIB Brand --,U S Lumber (3073),U S Lumber,TREX,,543144016,,Building Materials>Decking & Porch>Deck Boards,"U S Lumber TREX, Composite Decking, 543144016, 1 in Nominal Thickness",COMPOSITE DECKING 1IN 6IN 16FT TREX,"TREX 543144016 Composite Decking, 1 in Nominal Thickness, 6 in Nominal Width, 16 ft Length, Trex","TREX Composite Decking, 1 in Nominal Thickness, 6 in Nominal Width, 16 ft Length, Trex, square edge Edge Profile, Island Mist, Transcend Lineage Collection, decking Board Type","Composite Decking, 1 in Nominal Thickness, 6 in Nominal Width, 16 ft Length, Trex, square edge Edge Profile, Island Mist",,1 in,6 in,16 ft,,,,,,,,,,,,,,,,,,,,,,,,Nominal Thickness,1,in,Nominal Width,6,in,Length,16,ft,Material,Trex,,Edge Profile,square edge,,Color,Island Mist,,Collection,Transcend Lineage,,Board Type,decking,,Surface,,,,,,,,,,,,,,,,,,,,,,,,,,,,,,,,,,,,,,,,,,,,,,,,,,,,,,,,,,,,,,,,,,,,,,,,,,,,,,,,,,,,,,,,,,,,,,,,,,,,,,,,,,,,,,,,,,,,,,,,,,,,,,,,,30103604,,,,,,16,ft,,,6,in,,,,,,,,,,,,,,,,,,,,,,,,,,,,,,,,
,,,,,,,Building Materials,Decking & Railing,Composite & PVC Decking,,543144020,1nx6-20' Island Mist Sq Edge - Trex Transcend Lineage Decking,TREX,-- No Unilog Brand --,-- No DIB Brand --,U S Lumber (3073),U S Lumber,TREX,,543144020,,Building Materials>Decking & Porch>Deck Boards,"U S Lumber TREX, Composite Decking, 543144020, 1 in Nominal Thickness",COMPOSITE DECKING 1IN 6IN 20FT TREX,"TREX 543144020 Composite Decking, 1 in Nominal Thickness, 6 in Nominal Width, 20 ft Length, Trex","TREX Composite Decking, 1 in Nominal Thickness, 6 in Nominal Width, 20 ft Length, Trex, square edge Edge Profile, Island Mist, Transcend Lineage Collection, decking Board Type","Composite Decking, 1 in Nominal Thickness, 6 in Nominal Width, 20 ft Length, Trex, square edge Edge Profile, Island Mist",,1 in,6 in,20 ft,,,,,,,,,,,,,,,,,,,,,,,,Nominal Thickness,1,in,Nominal Width,6,in,Length,20,ft,Material,Trex,,Edge Profile,square edge,,Color,Island Mist,,Collection,Transcend Lineage,,Board Type,decking,,Surface,,,,,,,,,,,,,,,,,,,,,,,,,,,,,,,,,,,,,,,,,,,,,,,,,,,,,,,,,,,,,,,,,,,,,,,,,,,,,,,,,,,,,,,,,,,,,,,,,,,,,,,,,,,,,,,,,,,,,,,,,,,,,,,,,30103604,,,,,,20,ft,,,6,in,,,,,,,,,,,,,,,,,,,,,,,,,,,,,,,,
,,,,,,,Building Materials,Decking & Railing,Composite & PVC Decking,,543143016,1nx6-16' Jasper Sq Edge - Trex Transcend Lineage Decking,TREX,-- No Unilog Brand --,-- No DIB Brand --,U S Lumber (3073),U S Lumber,TREX,,543143016,,Building Materials>Decking & Porch>Deck Boards,"U S Lumber TREX, Composite Decking, 543143016, 1 in Nominal Thickness",COMPOSITE DECKING 1IN 6IN 16FT TREX,"TREX 543143016 Composite Decking, 1 in Nominal Thickness, 6 in Nominal Width, 16 ft Length, Trex","TREX Composite Decking, 1 in Nominal Thickness, 6 in Nominal Width, 16 ft Length, Trex, square edge Edge Profile, Jasper, Transcend Lineage Collection, decking Board Type","Composite Decking, 1 in Nominal Thickness, 6 in Nominal Width, 16 ft Length, Trex, square edge Edge Profile, Jasper",,1 in,6 in,16 ft,,,,,,,,,,,,,,,,,,,,,,,,Nominal Thickness,1,in,Nominal Width,6,in,Length,16,ft,Material,Trex,,Edge Profile,square edge,,Color,Jasper,,Collection,Transcend Lineage,,Board Type,decking,,Surface,,,,,,,,,,,,,,,,,,,,,,,,,,,,,,,,,,,,,,,,,,,,,,,,,,,,,,,,,,,,,,,,,,,,,,,,,,,,,,,,,,,,,,,,,,,,,,,,,,,,,,,,,,,,,,,,,,,,,,,,,,,,,,,,,30103604,,,,,,16,ft,,,6,in,,,,,,,,,,,,,,,,,,,,,,,,,,,,,,,,
,,,,,,,Building Materials,Decking & Railing,Composite & PVC Decking,,543143020,1nx6-20' Jasper Sq Edge - Trex Transcend Lineage Decking,TREX,-- No Unilog Brand --,-- No DIB Brand --,U S Lumber (3073),U S Lumber,TREX,,543143020,,Building Materials>Decking & Porch>Deck Boards,"U S Lumber TREX, Composite Decking, 543143020, 1 in Nominal Thickness",COMPOSITE DECKING 1IN 6IN 20FT TREX,"TREX 543143020 Composite Decking, 1 in Nominal Thickness, 6 in Nominal Width, 20 ft Length, Trex","TREX Composite Decking, 1 in Nominal Thickness, 6 in Nominal Width, 20 ft Length, Trex, square edge Edge Profile, Jasper, Transcend Lineage Collection, decking Board Type","Composite Decking, 1 in Nominal Thickness, 6 in Nominal Width, 20 ft Length, Trex, square edge Edge Profile, Jasper",,1 in,6 in,20 ft,,,,,,,,,,,,,,,,,,,,,,,,Nominal Thickness,1,in,Nominal Width,6,in,Length,20,ft,Material,Trex,,Edge Profile,square edge,,Color,Jasper,,Collection,Transcend Lineage,,Board Type,decking,,Surface,,,,,,,,,,,,,,,,,,,,,,,,,,,,,,,,,,,,,,,,,,,,,,,,,,,,,,,,,,,,,,,,,,,,,,,,,,,,,,,,,,,,,,,,,,,,,,,,,,,,,,,,,,,,,,,,,,,,,,,,,,,,,,,,,30103604,,,,,,20,ft,,,6,in,,,,,,,,,,,,,,,,,,,,,,,,,,,,,,,,
,,,,,,,Building Materials,Decking & Railing,Composite & PVC Decking,,543141016,1nx6-16' Rainier Sq Edge - Trex Transcend Lineage Decking,TREX,-- No Unilog Brand --,-- No DIB Brand --,U S Lumber (3073),U S Lumber,TREX,,543141016,,Building Materials>Decking & Porch>Deck Boards,"U S Lumber TREX, Composite Decking, 543141016, 1 in Nominal Thickness",COMPOSITE DECKING 1IN 6IN 16FT TREX,"TREX 543141016 Composite Decking, 1 in Nominal Thickness, 6 in Nominal Width, 16 ft Length, Trex","TREX Composite Decking, 1 in Nominal Thickness, 6 in Nominal Width, 16 ft Length, Trex, square edge Edge Profile, Rainier, Transcend Lineage Collection, decking Board Type, Rainier Surface","Composite Decking, 1 in Nominal Thickness, 6 in Nominal Width, 16 ft Length, Trex, square edge Edge Profile, Rainier",,1 in,6 in,16 ft,,,,,,,,,,,,,,,,,,,,,,,,Nominal Thickness,1,in,Nominal Width,6,in,Length,16,ft,Material,Trex,,Edge Profile,square edge,,Color,Rainier,,Collection,Transcend Lineage,,Board Type,decking,,Surface,Rainier,,,,,,,,,,,,,,,,,,,,,,,,,,,,,,,,,,,,,,,,,,,,,,,,,,,,,,,,,,,,,,,,,,,,,,,,,,,,,,,,,,,,,,,,,,,,,,,,,,,,,,,,,,,,,,,,,,,,,,,,,,,,,,,,30103604,,,,,,16,ft,,,6,in,,,,,,,,,,,,,,,,,,,,,,,,,,,,,,,,
,,,,,,,Building Materials,Decking & Railing,Composite & PVC Decking,,543141020,1nx6-20' Rainier Sq Edge - Trex Transcend Lineage Decking,TREX,-- No Unilog Brand --,-- No DIB Brand --,U S Lumber (3073),U S Lumber,TREX,,543141020,,Building Materials>Decking & Porch>Deck Boards,"U S Lumber TREX, Composite Decking, 543141020, 1 in Nominal Thickness",COMPOSITE DECKING 1IN 6IN 20FT TREX,"TREX 543141020 Composite Decking, 1 in Nominal Thickness, 6 in Nominal Width, 20 ft Length, Trex","TREX Composite Decking, 1 in Nominal Thickness, 6 in Nominal Width, 20 ft Length, Trex, Rainier Sq Edge Edge Profile, Transcend Lineage, Transcend Collection, decking Board Type, Lineage Surface","Composite Decking, 1 in Nominal Thickness, 6 in Nominal Width, 20 ft Length, Trex, Rainier Sq Edge Edge Profile",,1 in,6 in,20 ft,,,,,,,,,,,,,,,,,,,,,,,,Nominal Thickness,1,in,Nominal Width,6,in,Length,20,ft,Material,Trex,,Edge Profile,Rainier Sq Edge,,Color,Transcend Lineage,,Collection,Transcend,,Board Type,decking,,Surface,Lineage,,,,,,,,,,,,,,,,,,,,,,,,,,,,,,,,,,,,,,,,,,,,,,,,,,,,,,,,,,,,,,,,,,,,,,,,,,,,,,,,,,,,,,,,,,,,,,,,,,,,,,,,,,,,,,,,,,,,,,,,,,,,,,,,30103604,,,,,,20,ft,,,6,in,,,,,,,,,,,,,,,,,,,,,,,,,,,,,,,,
,,,,,,,Building Materials,Decking & Railing,Composite & PVC Decking,,543140412,1nx6-12' Biscayne Grooved - Trex Transcend Lineage Decking,TREX,-- No Unilog Brand --,-- No DIB Brand --,U S Lumber (3073),U S Lumber,TREX,,543140412,,Building Materials>Decking & Porch>Deck Boards,"U S Lumber TREX, Composite Decking, 543140412, 1 in Nominal Thickness",COMPOSITE DECKING 1IN 6IN 12FT TREX,"TREX 543140412 Composite Decking, 1 in Nominal Thickness, 6 in Nominal Width, 12 ft Length, Trex, grooved Edge Profile","TREX Composite Decking, 1 in Nominal Thickness, 6 in Nominal Width, 12 ft Length, Trex, grooved Edge Profile, Biscayne, Transcend Lineage Collection, decking Board Type, Grooved Surface","Composite Decking, 1 in Nominal Thickness, 6 in Nominal Width, 12 ft Length, Trex, grooved Edge Profile, Biscayne",,1 in,6 in,12 ft,,,,,,,,,,,,,,,,,,,,,,,,Nominal Thickness,1,in,Nominal Width,6,in,Length,12,ft,Material,Trex,,Edge Profile,grooved,,Color,Biscayne,,Collection,Transcend Lineage,,Board Type,decking,,Surface,Grooved,,,,,,,,,,,,,,,,,,,,,,,,,,,,,,,,,,,,,,,,,,,,,,,,,,,,,,,,,,,,,,,,,,,,,,,,,,,,,,,,,,,,,,,,,,,,,,,,,,,,,,,,,,,,,,,,,,,,,,,,,,,,,,,,30103604,,,,,,12,ft,,,6,in,,,,,,,,,,,,,,,,,,,,,,,,,,,,,,,,
,,,,,,,Building Materials,Decking & Railing,Composite & PVC Decking,,543140416,1nx6-16' Biscayne Grooved - Trex Transcend Lineage Decking,TREX,-- No Unilog Brand --,-- No DIB Brand --,U S Lumber (3073),U S Lumber,TREX,,543140416,,Building Materials>Decking & Porch>Deck Boards,"U S Lumber TREX, Composite Decking, 543140416, 1 in Nominal Thickness",COMPOSITE DECKING 1IN 6IN 16FT TREX,"TREX 543140416 Composite Decking, 1 in Nominal Thickness, 6 in Nominal Width, 16 ft Length, Trex, grooved Edge Profile","TREX Composite Decking, 1 in Nominal Thickness, 6 in Nominal Width, 16 ft Length, Trex, grooved Edge Profile, Biscayne, Transcend Lineage Collection, decking Board Type, Grooved Surface","Composite Decking, 1 in Nominal Thickness, 6 in Nominal Width, 16 ft Length, Trex, grooved Edge Profile, Biscayne",,1 in,6 in,16 ft,,,,,,,,,,,,,,,,,,,,,,,,Nominal Thickness,1,in,Nominal Width,6,in,Length,16,ft,Material,Trex,,Edge Profile,grooved,,Color,Biscayne,,Collection,Transcend Lineage,,Board Type,decking,,Surface,Grooved,,,,,,,,,,,,,,,,,,,,,,,,,,,,,,,,,,,,,,,,,,,,,,,,,,,,,,,,,,,,,,,,,,,,,,,,,,,,,,,,,,,,,,,,,,,,,,,,,,,,,,,,,,,,,,,,,,,,,,,,,,,,,,,,30103604,,,,,,16,ft,,,6,in,,,,,,,,,,,,,,,,,,,,,,,,,,,,,,,,
,,,,,,,Building Materials,Decking & Railing,Composite & PVC Decking,,543140420,1nx6-20' Biscayne Grooved - Trex Transcend Lineage Decking,TREX,-- No Unilog Brand --,-- No DIB Brand --,U S Lumber (3073),U S Lumber,TREX,,543140420,,Building Materials>Decking & Porch>Deck Boards,"U S Lumber TREX, Composite Decking, 543140420, 1 in Nominal Thickness",COMPOSITE DECKING 1IN 6IN 20FT TREX,"TREX 543140420 Composite Decking, 1 in Nominal Thickness, 6 in Nominal Width, 20 ft Length, Trex, grooved Edge Profile","TREX Composite Decking, 1 in Nominal Thickness, 6 in Nominal Width, 20 ft Length, Trex, grooved Edge Profile, Biscayne, Transcend Lineage Collection, decking Board Type, Grooved Surface","Composite Decking, 1 in Nominal Thickness, 6 in Nominal Width, 20 ft Length, Trex, grooved Edge Profile, Biscayne",,1 in,6 in,20 ft,,,,,,,,,,,,,,,,,,,,,,,,Nominal Thickness,1,in,Nominal Width,6,in,Length,20,ft,Material,Trex,,Edge Profile,grooved,,Color,Biscayne,,Collection,Transcend Lineage,,Board Type,decking,,Surface,Grooved,,,,,,,,,,,,,,,,,,,,,,,,,,,,,,,,,,,,,,,,,,,,,,,,,,,,,,,,,,,,,,,,,,,,,,,,,,,,,,,,,,,,,,,,,,,,,,,,,,,,,,,,,,,,,,,,,,,,,,,,,,,,,,,,30103604,,,,,,20,ft,,,6,in,,,,,,,,,,,,,,,,,,,,,,,,,,,,,,,,
,,,,,,,Building Materials,Decking & Railing,Composite & PVC Decking,,543142412,1nx6-12' Carmel Grooved - Trex Transcend Lineage Decking,TREX,-- No Unilog Brand --,-- No DIB Brand --,U S Lumber (3073),U S Lumber,TREX,,543142412,,Building Materials>Decking & Porch>Deck Boards,"U S Lumber TREX, Composite Decking, 543142412, 1 in Nominal Thickness",COMPOSITE DECKING 1IN 6IN 12FT TREX,"TREX 543142412 Composite Decking, 1 in Nominal Thickness, 6 in Nominal Width, 12 ft Length, Trex, grooved Edge Profile","TREX Composite Decking, 1 in Nominal Thickness, 6 in Nominal Width, 12 ft Length, Trex, grooved Edge Profile, Carmel, Transcend Lineage Collection, decking Board Type, Grooved Surface","Composite Decking, 1 in Nominal Thickness, 6 in Nominal Width, 12 ft Length, Trex, grooved Edge Profile, Carmel",,1 in,6 in,12 ft,,,,,,,,,,,,,,,,,,,,,,,,Nominal Thickness,1,in,Nominal Width,6,in,Length,12,ft,Material,Trex,,Edge Profile,grooved,,Color,Carmel,,Collection,Transcend Lineage,,Board Type,decking,,Surface,Grooved,,,,,,,,,,,,,,,,,,,,,,,,,,,,,,,,,,,,,,,,,,,,,,,,,,,,,,,,,,,,,,,,,,,,,,,,,,,,,,,,,,,,,,,,,,,,,,,,,,,,,,,,,,,,,,,,,,,,,,,,,,,,,,,,30103604,,,,,,12,ft,,,6,in,,,,,,,,,,,,,,,,,,,,,,,,,,,,,,,,
,,,,,,,Building Materials,Decking & Railing,Composite & PVC Decking,,543142416,1nx6-16' Carmel Grooved - Trex Transcend Lineage Decking,TREX,-- No Unilog Brand --,-- No DIB Brand --,U S Lumber (3073),U S Lumber,TREX,,543142416,,Building Materials>Decking & Porch>Deck Boards,"U S Lumber TREX, Composite Decking, 543142416, 1 in Nominal Thickness",COMPOSITE DECKING 1IN 6IN 16FT TREX,"TREX 543142416 Composite Decking, 1 in Nominal Thickness, 6 in Nominal Width, 16 ft Length, Trex, grooved Edge Profile","TREX Composite Decking, 1 in Nominal Thickness, 6 in Nominal Width, 16 ft Length, Trex, grooved Edge Profile, Carmel, Transcend Lineage Collection, decking Board Type, Grooved Surface","Composite Decking, 1 in Nominal Thickness, 6 in Nominal Width, 16 ft Length, Trex, grooved Edge Profile, Carmel",,1 in,6 in,16 ft,,,,,,,,,,,,,,,,,,,,,,,,Nominal Thickness,1,in,Nominal Width,6,in,Length,16,ft,Material,Trex,,Edge Profile,grooved,,Color,Carmel,,Collection,Transcend Lineage,,Board Type,decking,,Surface,Grooved,,,,,,,,,,,,,,,,,,,,,,,,,,,,,,,,,,,,,,,,,,,,,,,,,,,,,,,,,,,,,,,,,,,,,,,,,,,,,,,,,,,,,,,,,,,,,,,,,,,,,,,,,,,,,,,,,,,,,,,,,,,,,,,,30103604,,,,,,16,ft,,,6,in,,,,,,,,,,,,,,,,,,,,,,,,,,,,,,,,
,,,,,,,Building Materials,Decking & Railing,Composite & PVC Decking,,543142420,1nx6-20' Carmel Grooved - Trex Transcend Lineage Decking,TREX,-- No Unilog Brand --,-- No DIB Brand --,U S Lumber (3073),U S Lumber,TREX,,543142420,,Building Materials>Decking & Porch>Deck Boards,"U S Lumber TREX, Composite Decking, 543142420, 1 in Nominal Thickness",COMPOSITE DECKING 1IN 6IN 20FT TREX,"TREX 543142420 Composite Decking, 1 in Nominal Thickness, 6 in Nominal Width, 20 ft Length, Trex, grooved Edge Profile","TREX Composite Decking, 1 in Nominal Thickness, 6 in Nominal Width, 20 ft Length, Trex, grooved Edge Profile, Carmel, Transcend Lineage Collection, decking Board Type, Grooved Surface","Composite Decking, 1 in Nominal Thickness, 6 in Nominal Width, 20 ft Length, Trex, grooved Edge Profile, Carmel",,1 in,6 in,20 ft,,,,,,,,,,,,,,,,,,,,,,,,Nominal Thickness,1,in,Nominal Width,6,in,Length,20,ft,Material,Trex,,Edge Profile,grooved,,Color,Carmel,,Collection,Transcend Lineage,,Board Type,decking,,Surface,Grooved,,,,,,,,,,,,,,,,,,,,,,,,,,,,,,,,,,,,,,,,,,,,,,,,,,,,,,,,,,,,,,,,,,,,,,,,,,,,,,,,,,,,,,,,,,,,,,,,,,,,,,,,,,,,,,,,,,,,,,,,,,,,,,,,30103604,,,,,,20,ft,,,6,in,,,,,,,,,,,,,,,,,,,,,,,,,,,,,,,,
,,,,,,,Building Materials,Decking & Railing,Composite & PVC Decking,,543144412,1nx6-12' Island Mist Grooved - Trex Transcend Lineage Decking,TREX,-- No Unilog Brand --,-- No DIB Brand --,U S Lumber (3073),U S Lumber,TREX,,543144412,,Building Materials>Decking & Porch>Deck Boards,"U S Lumber TREX, Composite Decking, 543144412, 1 in Nominal Thickness",COMPOSITE DECKING 1IN 6IN 12FT TREX,"TREX 543144412 Composite Decking, 1 in Nominal Thickness, 6 in Nominal Width, 12 ft Length, Trex, grooved Edge Profile","TREX Composite Decking, 1 in Nominal Thickness, 6 in Nominal Width, 12 ft Length, Trex, grooved Edge Profile, Island Mist, Transcend Lineage Collection, decking Board Type, Grooved Surface","Composite Decking, 1 in Nominal Thickness, 6 in Nominal Width, 12 ft Length, Trex, grooved Edge Profile, Island Mist",,1 in,6 in,12 ft,,,,,,,,,,,,,,,,,,,,,,,,Nominal Thickness,1,in,Nominal Width,6,in,Length,12,ft,Material,Trex,,Edge Profile,grooved,,Color,Island Mist,,Collection,Transcend Lineage,,Board Type,decking,,Surface,Grooved,,,,,,,,,,,,,,,,,,,,,,,,,,,,,,,,,,,,,,,,,,,,,,,,,,,,,,,,,,,,,,,,,,,,,,,,,,,,,,,,,,,,,,,,,,,,,,,,,,,,,,,,,,,,,,,,,,,,,,,,,,,,,,,,30103604,,,,,,12,ft,,,6,in,,,,,,,,,,,,,,,,,,,,,,,,,,,,,,,,
,,,,,,,Building Materials,Decking & Railing,Composite & PVC Decking,,543144416,1nx6-16' Island Mist Grooved - Trex Transcend Lineage Decking,TREX,-- No Unilog Brand --,-- No DIB Brand --,U S Lumber (3073),U S Lumber,TREX,,543144416,,Building Materials>Decking & Porch>Deck Boards,"U S Lumber TREX, Composite Decking, 543144416, 1 in Nominal Thickness",COMPOSITE DECKING 1IN 6IN 16FT TREX,"TREX 543144416 Composite Decking, 1 in Nominal Thickness, 6 in Nominal Width, 16 ft Length, Trex, grooved Edge Profile","TREX Composite Decking, 1 in Nominal Thickness, 6 in Nominal Width, 16 ft Length, Trex, grooved Edge Profile, Island Mist, Transcend Lineage Collection, decking Board Type, Grooved Surface","Composite Decking, 1 in Nominal Thickness, 6 in Nominal Width, 16 ft Length, Trex, grooved Edge Profile, Island Mist",,1 in,6 in,16 ft,,,,,,,,,,,,,,,,,,,,,,,,Nominal Thickness,1,in,Nominal Width,6,in,Length,16,ft,Material,Trex,,Edge Profile,grooved,,Color,Island Mist,,Collection,Transcend Lineage,,Board Type,decking,,Surface,Grooved,,,,,,,,,,,,,,,,,,,,,,,,,,,,,,,,,,,,,,,,,,,,,,,,,,,,,,,,,,,,,,,,,,,,,,,,,,,,,,,,,,,,,,,,,,,,,,,,,,,,,,,,,,,,,,,,,,,,,,,,,,,,,,,,30103604,,,,,,16,ft,,,6,in,,,,,,,,,,,,,,,,,,,,,,,,,,,,,,,,
,,,,,,,Building Materials,Decking & Railing,Composite & PVC Decking,,543144420,1nx6-20' Island Mist Grooved - Trex Transcend Lineage Decking,TREX,-- No Unilog Brand --,-- No DIB Brand --,U S Lumber (3073),U S Lumber,TREX,,543144420,,Building Materials>Decking & Porch>Deck Boards,"U S Lumber TREX, Composite Decking, 543144420, 1 in Nominal Thickness",COMPOSITE DECKING 1IN 6IN 20FT TREX,"TREX 543144420 Composite Decking, 1 in Nominal Thickness, 6 in Nominal Width, 20 ft Length, Trex, grooved Edge Profile","TREX Composite Decking, 1 in Nominal Thickness, 6 in Nominal Width, 20 ft Length, Trex, grooved Edge Profile, Island Mist, Transcend Lineage Collection, decking Board Type, Grooved Surface","Composite Decking, 1 in Nominal Thickness, 6 in Nominal Width, 20 ft Length, Trex, grooved Edge Profile, Island Mist",,1 in,6 in,20 ft,,,,,,,,,,,,,,,,,,,,,,,,Nominal Thickness,1,in,Nominal Width,6,in,Length,20,ft,Material,Trex,,Edge Profile,grooved,,Color,Island Mist,,Collection,Transcend Lineage,,Board Type,decking,,Surface,Grooved,,,,,,,,,,,,,,,,,,,,,,,,,,,,,,,,,,,,,,,,,,,,,,,,,,,,,,,,,,,,,,,,,,,,,,,,,,,,,,,,,,,,,,,,,,,,,,,,,,,,,,,,,,,,,,,,,,,,,,,,,,,,,,,,30103604,,,,,,20,ft,,,6,in,,,,,,,,,,,,,,,,,,,,,,,,,,,,,,,,
,,,,,,,Building Materials,Decking & Railing,Composite & PVC Decking,,543143412,1nx6-12' Jasper Grooved - Trex Transcend Lineage Decking,TREX,-- No Unilog Brand --,-- No DIB Brand --,U S Lumber (3073),U S Lumber,TREX,,543143412,,Building Materials>Decking & Porch>Deck Boards,"U S Lumber TREX, Composite Decking, 543143412, 1 in Nominal Thickness",COMPOSITE DECKING 1IN 6IN 12FT TREX,"TREX 543143412 Composite Decking, 1 in Nominal Thickness, 6 in Nominal Width, 12 ft Length, Trex, grooved Edge Profile","TREX Composite Decking, 1 in Nominal Thickness, 6 in Nominal Width, 12 ft Length, Trex, grooved Edge Profile, Jasper, Transcend Lineage Collection, decking Board Type, Grooved Surface","Composite Decking, 1 in Nominal Thickness, 6 in Nominal Width, 12 ft Length, Trex, grooved Edge Profile, Jasper",,1 in,6 in,12 ft,,,,,,,,,,,,,,,,,,,,,,,,Nominal Thickness,1,in,Nominal Width,6,in,Length,12,ft,Material,Trex,,Edge Profile,grooved,,Color,Jasper,,Collection,Transcend Lineage,,Board Type,decking,,Surface,Grooved,,,,,,,,,,,,,,,,,,,,,,,,,,,,,,,,,,,,,,,,,,,,,,,,,,,,,,,,,,,,,,,,,,,,,,,,,,,,,,,,,,,,,,,,,,,,,,,,,,,,,,,,,,,,,,,,,,,,,,,,,,,,,,,,30103604,,,,,,12,ft,,,6,in,,,,,,,,,,,,,,,,,,,,,,,,,,,,,,,,
,,,,,,,Building Materials,Decking & Railing,Composite & PVC Decking,,543143416,1nx6-16' Jasper Grooved - Trex Transcend Lineage Decking,TREX,-- No Unilog Brand --,-- No DIB Brand --,U S Lumber (3073),U S Lumber,TREX,,543143416,,Building Materials>Decking & Porch>Deck Boards,"U S Lumber TREX, Composite Decking, 543143416, 1 in Nominal Thickness",COMPOSITE DECKING 1IN 6IN 16FT TREX,"TREX 543143416 Composite Decking, 1 in Nominal Thickness, 6 in Nominal Width, 16 ft Length, Trex, grooved Edge Profile","TREX Composite Decking, 1 in Nominal Thickness, 6 in Nominal Width, 16 ft Length, Trex, grooved Edge Profile, Jasper, Transcend Lineage Collection, decking Board Type, Grooved Surface","Composite Decking, 1 in Nominal Thickness, 6 in Nominal Width, 16 ft Length, Trex, grooved Edge Profile, Jasper",,1 in,6 in,16 ft,,,,,,,,,,,,,,,,,,,,,,,,Nominal Thickness,1,in,Nominal Width,6,in,Length,16,ft,Material,Trex,,Edge Profile,grooved,,Color,Jasper,,Collection,Transcend Lineage,,Board Type,decking,,Surface,Grooved,,,,,,,,,,,,,,,,,,,,,,,,,,,,,,,,,,,,,,,,,,,,,,,,,,,,,,,,,,,,,,,,,,,,,,,,,,,,,,,,,,,,,,,,,,,,,,,,,,,,,,,,,,,,,,,,,,,,,,,,,,,,,,,,30103604,,,,,,16,ft,,,6,in,,,,,,,,,,,,,,,,,,,,,,,,,,,,,,,,
,,,,,,,Building Materials,Decking & Railing,Composite & PVC Decking,,543143420,1nx6-20' Jasper Grooved - Trex Transcend Lineage Decking,TREX,-- No Unilog Brand --,-- No DIB Brand --,U S Lumber (3073),U S Lumber,TREX,,543143420,,Building Materials>Decking & Porch>Deck Boards,"U S Lumber TREX, Composite Decking, 543143420, 1 in Nominal Thickness",COMPOSITE DECKING 1IN 6IN 20FT TREX,"TREX 543143420 Composite Decking, 1 in Nominal Thickness, 6 in Nominal Width, 20 ft Length, Trex, grooved Edge Profile","TREX Composite Decking, 1 in Nominal Thickness, 6 in Nominal Width, 20 ft Length, Trex, grooved Edge Profile, Jasper, Transcend Lineage Collection, decking Board Type, Grooved Surface","Composite Decking, 1 in Nominal Thickness, 6 in Nominal Width, 20 ft Length, Trex, grooved Edge Profile, Jasper",,1 in,6 in,20 ft,,,,,,,,,,,,,,,,,,,,,,,,Nominal Thickness,1,in,Nominal Width,6,in,Length,20,ft,Material,Trex,,Edge Profile,grooved,,Color,Jasper,,Collection,Transcend Lineage,,Board Type,decking,,Surface,Grooved,,,,,,,,,,,,,,,,,,,,,,,,,,,,,,,,,,,,,,,,,,,,,,,,,,,,,,,,,,,,,,,,,,,,,,,,,,,,,,,,,,,,,,,,,,,,,,,,,,,,,,,,,,,,,,,,,,,,,,,,,,,,,,,,30103604,,,,,,20,ft,,,6,in,,,,,,,,,,,,,,,,,,,,,,,,,,,,,,,,
,,,,,,,Building Materials,Decking & Railing,Composite & PVC Decking,,543141412,1nx6-12' Rainier Grooved - Trex Transcend Lineage Decking,TREX,-- No Unilog Brand --,-- No DIB Brand --,U S Lumber (3073),U S Lumber,TREX,,543141412,,Building Materials>Decking & Porch>Deck Boards,"U S Lumber TREX, Composite Decking, 543141412, 1 in Nominal Thickness",COMPOSITE DECKING 1IN 6IN 12FT TREX,"TREX 543141412 Composite Decking, 1 in Nominal Thickness, 6 in Nominal Width, 12 ft Length, Trex, grooved Edge Profile","TREX Composite Decking, 1 in Nominal Thickness, 6 in Nominal Width, 12 ft Length, Trex, grooved Edge Profile, Rainier, Transcend Lineage Collection, decking Board Type, Rainier Surface","Composite Decking, 1 in Nominal Thickness, 6 in Nominal Width, 12 ft Length, Trex, grooved Edge Profile, Rainier",,1 in,6 in,12 ft,,,,,,,,,,,,,,,,,,,,,,,,Nominal Thickness,1,in,Nominal Width,6,in,Length,12,ft,Material,Trex,,Edge Profile,grooved,,Color,Rainier,,Collection,Transcend Lineage,,Board Type,decking,,Surface,Rainier,,,,,,,,,,,,,,,,,,,,,,,,,,,,,,,,,,,,,,,,,,,,,,,,,,,,,,,,,,,,,,,,,,,,,,,,,,,,,,,,,,,,,,,,,,,,,,,,,,,,,,,,,,,,,,,,,,,,,,,,,,,,,,,,30103604,,,,,,12,ft,,,6,in,,,,,,,,,,,,,,,,,,,,,,,,,,,,,,,,
,,,,,,,Building Materials,Decking & Railing,Composite & PVC Decking,,543141416,1nx6-16' Rainier Grooved - Trex Transcend Lineage Decking,TREX,-- No Unilog Brand --,-- No DIB Brand --,U S Lumber (3073),U S Lumber,TREX,,543141416,,Building Materials>Decking & Porch>Deck Boards,"U S Lumber TREX, Composite Decking, 543141416, 1 in Nominal Thickness",COMPOSITE DECKING 1IN 6IN 16FT TREX,"TREX 543141416 Composite Decking, 1 in Nominal Thickness, 6 in Nominal Width, 16 ft Length, Trex, grooved Edge Profile","TREX Composite Decking, 1 in Nominal Thickness, 6 in Nominal Width, 16 ft Length, Trex, grooved Edge Profile, Rainier, Transcend Lineage Collection, decking Board Type, Rainier Surface","Composite Decking, 1 in Nominal Thickness, 6 in Nominal Width, 16 ft Length, Trex, grooved Edge Profile, Rainier",,1 in,6 in,16 ft,,,,,,,,,,,,,,,,,,,,,,,,Nominal Thickness,1,in,Nominal Width,6,in,Length,16,ft,Material,Trex,,Edge Profile,grooved,,Color,Rainier,,Collection,Transcend Lineage,,Board Type,decking,,Surface,Rainier,,,,,,,,,,,,,,,,,,,,,,,,,,,,,,,,,,,,,,,,,,,,,,,,,,,,,,,,,,,,,,,,,,,,,,,,,,,,,,,,,,,,,,,,,,,,,,,,,,,,,,,,,,,,,,,,,,,,,,,,,,,,,,,,30103604,,,,,,16,ft,,,6,in,,,,,,,,,,,,,,,,,,,,,,,,,,,,,,,,
,,,,,,,Building Materials,Decking & Railing,Composite & PVC Decking,,543141420,1nx6-20' Rainier Grooved - Trex Transcend Lineage Decking,TREX,-- No Unilog Brand --,-- No DIB Brand --,U S Lumber (3073),U S Lumber,TREX,,543141420,,Building Materials>Decking & Porch>Deck Boards,"U S Lumber TREX, Composite Decking, 543141420, 1 in Nominal Thickness",COMPOSITE DECKING 1IN 6IN 20FT TREX,"TREX 543141420 Composite Decking, 1 in Nominal Thickness, 6 in Nominal Width, 20 ft Length, Trex, grooved Edge Profile","TREX Composite Decking, 1 in Nominal Thickness, 6 in Nominal Width, 20 ft Length, Trex, grooved Edge Profile, Rainier, Transcend Lineage Collection, decking Board Type, Rainier Surface","Composite Decking, 1 in Nominal Thickness, 6 in Nominal Width, 20 ft Length, Trex, grooved Edge Profile, Rainier",,1 in,6 in,20 ft,,,,,,,,,,,,,,,,,,,,,,,,Nominal Thickness,1,in,Nominal Width,6,in,Length,20,ft,Material,Trex,,Edge Profile,grooved,,Color,Rainier,,Collection,Transcend Lineage,,Board Type,decking,,Surface,Rainier,,,,,,,,,,,,,,,,,,,,,,,,,,,,,,,,,,,,,,,,,,,,,,,,,,,,,,,,,,,,,,,,,,,,,,,,,,,,,,,,,,,,,,,,,,,,,,,,,,,,,,,,,,,,,,,,,,,,,,,,,,,,,,,,30103604,,,,,,20,ft,,,6,in,,,,,,,,,,,,,,,,,,,,,,,,,,,,,,,,
,,,,,,,Building Materials,Decking & Railing,Composite & PVC Decking,,1513703,1nx6-16' Hatteras Sq Edge - Trex Transcend Lineage Decking,TREX,-- No Unilog Brand --,-- No DIB Brand --,Boise Cascade Building Materials (BOICA),Boise Cascade Building Materials,TREX,,1513703,,Building Materials>Decking & Porch>Deck Boards,"Boise Cascade Building Materials TREX, Composite Decking, 1513703",COMPOSITE DECKING 1IN 6IN 16FT TREX,"TREX 1513703 Composite Decking, 1 in Nominal Thickness, 6 in Nominal Width, 16 ft Length, Trex, square edge Edge Profile","TREX Composite Decking, 1 in Nominal Thickness, 6 in Nominal Width, 16 ft Length, Trex, square edge Edge Profile, Hatteras, Transcend Lineage Collection, decking Board Type, Hatteras Surface","Composite Decking, 1 in Nominal Thickness, 6 in Nominal Width, 16 ft Length, Trex, square edge Edge Profile, Hatteras",,1 in,6 in,16 ft,,,,,,,,,,,,,,,,,,,,,,,,Nominal Thickness,1,in,Nominal Width,6,in,Length,16,ft,Material,Trex,,Edge Profile,square edge,,Color,Hatteras,,Collection,Transcend Lineage,,Board Type,decking,,Surface,Hatteras,,,,,,,,,,,,,,,,,,,,,,,,,,,,,,,,,,,,,,,,,,,,,,,,,,,,,,,,,,,,,,,,,,,,,,,,,,,,,,,,,,,,,,,,,,,,,,,,,,,,,,,,,,,,,,,,,,,,,,,,,,,,,,,,30103604,,,,,,16,ft,,,6,in,,,,,,,,,,,,,,,,,,,,,,,,,,,,,,,,
,,,,,,,Building Materials,Decking & Railing,Composite & PVC Decking,,1513704,1nx6-20' Hatteras Sq Edge - Trex Transcend Lineage Decking,TREX,-- No Unilog Brand --,-- No DIB Brand --,Boise Cascade Building Materials (BOICA),Boise Cascade Building Materials,TREX,,1513704,,Building Materials>Decking & Porch>Deck Boards,"Boise Cascade Building Materials TREX, Composite Decking, 1513704",COMPOSITE DECKING 1IN 6IN 20FT TREX,"TREX 1513704 Composite Decking, 1 in Nominal Thickness, 6 in Nominal Width, 20 ft Length, Trex, square edge Edge Profile","TREX Composite Decking, 1 in Nominal Thickness, 6 in Nominal Width, 20 ft Length, Trex, square edge Edge Profile, Hatteras, Transcend Lineage Collection, decking Board Type, Hatteras Surface","Composite Decking, 1 in Nominal Thickness, 6 in Nominal Width, 20 ft Length, Trex, square edge Edge Profile, Hatteras",,1 in,6 in,20 ft,,,,,,,,,,,,,,,,,,,,,,,,Nominal Thickness,1,in,Nominal Width,6,in,Length,20,ft,Material,Trex,,Edge Profile,square edge,,Color,Hatteras,,Collection,Transcend Lineage,,Board Type,decking,,Surface,Hatteras,,,,,,,,,,,,,,,,,,,,,,,,,,,,,,,,,,,,,,,,,,,,,,,,,,,,,,,,,,,,,,,,,,,,,,,,,,,,,,,,,,,,,,,,,,,,,,,,,,,,,,,,,,,,,,,,,,,,,,,,,,,,,,,,30103604,,,,,,20,ft,,,6,in,,,,,,,,,,,,,,,,,,,,,,,,,,,,,,,,
,,,,,,,Building Materials,Decking & Railing,Composite & PVC Decking,,1513705,1nx6-12' Hatteras Grooved - Trex Transcend Lineage Decking,TREX,-- No Unilog Brand --,-- No DIB Brand --,Boise Cascade Building Materials (BOICA),Boise Cascade Building Materials,TREX,,1513705,,Building Materials>Decking & Porch>Deck Boards,"Boise Cascade Building Materials TREX, Composite Decking, 1513705",COMPOSITE DECKING 1IN 6IN 12FT TREX,"TREX 1513705 Composite Decking, 1 in Nominal Thickness, 6 in Nominal Width, 12 ft Length, Trex, grooved Edge Profile","TREX Composite Decking, 1 in Nominal Thickness, 6 in Nominal Width, 12 ft Length, Trex, grooved Edge Profile, Hatteras, Transcend Lineage Collection, decking Board Type","Composite Decking, 1 in Nominal Thickness, 6 in Nominal Width, 12 ft Length, Trex, grooved Edge Profile, Hatteras",,1 in,6 in,12 ft,,,,,,,,,,,,,,,,,,,,,,,,Nominal Thickness,1,in,Nominal Width,6,in,Length,12,ft,Material,Trex,,Edge Profile,grooved,,Color,Hatteras,,Collection,Transcend Lineage,,Board Type,decking,,Surface,,,,,,,,,,,,,,,,,,,,,,,,,,,,,,,,,,,,,,,,,,,,,,,,,,,,,,,,,,,,,,,,,,,,,,,,,,,,,,,,,,,,,,,,,,,,,,,,,,,,,,,,,,,,,,,,,,,,,,,,,,,,,,,,,30103604,,,,,,12,ft,,,6,in,,,,,,,,,,,,,,,,,,,,,,,,,,,,,,,,
,,,,,,,Building Materials,Decking & Railing,Composite & PVC Decking,,1513706,1nx6-16' Hatteras Grooved - Trex Transcend Lineage Decking,TREX,-- No Unilog Brand --,-- No DIB Brand --,Boise Cascade Building Materials (BOICA),Boise Cascade Building Materials,TREX,,1513706,,Building Materials>Decking & Porch>Deck Boards,"Boise Cascade Building Materials TREX, Composite Decking, 1513706",COMPOSITE DECKING 1IN 6IN 16FT TREX,"TREX 1513706 Composite Decking, 1 in Nominal Thickness, 6 in Nominal Width, 16 ft Length, Trex, grooved Edge Profile","TREX Composite Decking, 1 in Nominal Thickness, 6 in Nominal Width, 16 ft Length, Trex, grooved Edge Profile, Hatteras, Transcend Lineage Collection, decking Board Type","Composite Decking, 1 in Nominal Thickness, 6 in Nominal Width, 16 ft Length, Trex, grooved Edge Profile, Hatteras",,1 in,6 in,16 ft,,,,,,,,,,,,,,,,,,,,,,,,Nominal Thickness,1,in,Nominal Width,6,in,Length,16,ft,Material,Trex,,Edge Profile,grooved,,Color,Hatteras,,Collection,Transcend Lineage,,Board Type,decking,,Surface,,,,,,,,,,,,,,,,,,,,,,,,,,,,,,,,,,,,,,,,,,,,,,,,,,,,,,,,,,,,,,,,,,,,,,,,,,,,,,,,,,,,,,,,,,,,,,,,,,,,,,,,,,,,,,,,,,,,,,,,,,,,,,,,,30103604,,,,,,16,ft,,,6,in,,,,,,,,,,,,,,,,,,,,,,,,,,,,,,,,
,,,,,,,Building Materials,Decking & Railing,Composite & PVC Decking,,1513707,1nx6-20' Hatteras Grooved - Trex Transcend Lineage Decking,TREX,-- No Unilog Brand --,-- No DIB Brand --,Boise Cascade Building Materials (BOICA),Boise Cascade Building Materials,TREX,,1513707,,Building Materials>Decking & Porch>Deck Boards,"Boise Cascade Building Materials TREX, Composite Decking, 1513707",COMPOSITE DECKING 1IN 6IN 20FT TREX,"TREX 1513707 Composite Decking, 1 in Nominal Thickness, 6 in Nominal Width, 20 ft Length, Trex, grooved Edge Profile","TREX Composite Decking, 1 in Nominal Thickness, 6 in Nominal Width, 20 ft Length, Trex, grooved Edge Profile, Hatteras, Transcend Lineage Collection, decking Board Type","Composite Decking, 1 in Nominal Thickness, 6 in Nominal Width, 20 ft Length, Trex, grooved Edge Profile, Hatteras",,1 in,6 in,20 ft,,,,,,,,,,,,,,,,,,,,,,,,Nominal Thickness,1,in,Nominal Width,6,in,Length,20,ft,Material,Trex,,Edge Profile,grooved,,Color,Hatteras,,Collection,Transcend Lineage,,Board Type,decking,,Surface,,,,,,,,,,,,,,,,,,,,,,,,,,,,,,,,,,,,,,,,,,,,,,,,,,,,,,,,,,,,,,,,,,,,,,,,,,,,,,,,,,,,,,,,,,,,,,,,,,,,,,,,,,,,,,,,,,,,,,,,,,,,,,,,,30103604,,,,,,20,ft,,,6,in,,,,,,,,,,,,,,,,,,,,,,,,,,,,,,,,
,,,,,,,Building Materials,Decking & Railing,Composite & PVC Decking,,1513708,1nx6-16' Salt Flat Sq Edge - Trex Transcend Lineage Decking,TREX,-- No Unilog Brand --,-- No DIB Brand --,Boise Cascade Building Materials (BOICA),Boise Cascade Building Materials,TREX,,1513708,,Building Materials>Decking & Porch>Deck Boards,"Boise Cascade Building Materials TREX, Composite Decking, 1513708",COMPOSITE DECKING 1IN 6IN 16FT TREX,"TREX 1513708 Composite Decking, 1 in Nominal Thickness, 6 in Nominal Width, 16 ft Length, Trex, square edge Edge Profile","TREX Composite Decking, 1 in Nominal Thickness, 6 in Nominal Width, 16 ft Length, Trex, square edge Edge Profile, Salt Flat, Transcend Lineage Collection, decking Board Type, Lineage Surface","Composite Decking, 1 in Nominal Thickness, 6 in Nominal Width, 16 ft Length, Trex, square edge Edge Profile, Salt Flat",,1 in,6 in,16 ft,,,,,,,,,,,,,,,,,,,,,,,,Nominal Thickness,1,in,Nominal Width,6,in,Length,16,ft,Material,Trex,,Edge Profile,square edge,,Color,Salt Flat,,Collection,Transcend Lineage,,Board Type,decking,,Surface,Lineage,,,,,,,,,,,,,,,,,,,,,,,,,,,,,,,,,,,,,,,,,,,,,,,,,,,,,,,,,,,,,,,,,,,,,,,,,,,,,,,,,,,,,,,,,,,,,,,,,,,,,,,,,,,,,,,,,,,,,,,,,,,,,,,,30103604,,,,,,16,ft,,,6,in,,,,,,,,,,,,,,,,,,,,,,,,,,,,,,,,
,,,,,,,Building Materials,Decking & Railing,Composite & PVC Decking,,1513709,1nx6-20' Salt Flat Sq Edge - Trex Transcend Lineage Decking,TREX,-- No Unilog Brand --,-- No DIB Brand --,Boise Cascade Building Materials (BOICA),Boise Cascade Building Materials,TREX,,1513709,,Building Materials>Decking & Porch>Deck Boards,"Boise Cascade Building Materials TREX, Composite Decking, 1513709",COMPOSITE DECKING 1IN 6IN 20FT TREX,"TREX 1513709 Composite Decking, 1 in Nominal Thickness, 6 in Nominal Width, 20 ft Length, Trex, square edge Edge Profile","TREX Composite Decking, 1 in Nominal Thickness, 6 in Nominal Width, 20 ft Length, Trex, square edge Edge Profile, Salt Flat, Transcend Lineage Collection, decking Board Type","Composite Decking, 1 in Nominal Thickness, 6 in Nominal Width, 20 ft Length, Trex, square edge Edge Profile, Salt Flat",,1 in,6 in,20 ft,,,,,,,,,,,,,,,,,,,,,,,,Nominal Thickness,1,in,Nominal Width,6,in,Length,20,ft,Material,Trex,,Edge Profile,square edge,,Color,Salt Flat,,Collection,Transcend Lineage,,Board Type,decking,,Surface,,,,,,,,,,,,,,,,,,,,,,,,,,,,,,,,,,,,,,,,,,,,,,,,,,,,,,,,,,,,,,,,,,,,,,,,,,,,,,,,,,,,,,,,,,,,,,,,,,,,,,,,,,,,,,,,,,,,,,,,,,,,,,,,,30103604,,,,,,20,ft,,,6,in,,,,,,,,,,,,,,,,,,,,,,,,,,,,,,,,
,,,,,,,Building Materials,Decking & Railing,Composite & PVC Decking,,1513710,1nx6-12' Salt Flat Grooved - Trex Transcend Lineage Decking,TREX,-- No Unilog Brand --,-- No DIB Brand --,Boise Cascade Building Materials (BOICA),Boise Cascade Building Materials,TREX,,1513710,,Building Materials>Decking & Porch>Deck Boards,"Boise Cascade Building Materials TREX, Composite Decking, 1513710",COMPOSITE DECKING 1IN 6IN 12FT TREX,"TREX 1513710 Composite Decking, 1 in Nominal Thickness, 6 in Nominal Width, 12 ft Length, Trex, grooved Edge Profile","TREX Composite Decking, 1 in Nominal Thickness, 6 in Nominal Width, 12 ft Length, Trex, grooved Edge Profile, Salt Flat, Transcend Lineage Collection, decking Board Type, Grooved Surface","Composite Decking, 1 in Nominal Thickness, 6 in Nominal Width, 12 ft Length, Trex, grooved Edge Profile, Salt Flat",,1 in,6 in,12 ft,,,,,,,,,,,,,,,,,,,,,,,,Nominal Thickness,1,in,Nominal Width,6,in,Length,12,ft,Material,Trex,,Edge Profile,grooved,,Color,Salt Flat,,Collection,Transcend Lineage,,Board Type,decking,,Surface,Grooved,,,,,,,,,,,,,,,,,,,,,,,,,,,,,,,,,,,,,,,,,,,,,,,,,,,,,,,,,,,,,,,,,,,,,,,,,,,,,,,,,,,,,,,,,,,,,,,,,,,,,,,,,,,,,,,,,,,,,,,,,,,,,,,,30103604,,,,,,12,ft,,,6,in,,,,,,,,,,,,,,,,,,,,,,,,,,,,,,,,
,,,,,,,Building Materials,Decking & Railing,Composite & PVC Decking,,1513711,1nx6-16' Salt Flat Grooved - Trex Transcend Lineage Decking,TREX,-- No Unilog Brand --,-- No DIB Brand --,Boise Cascade Building Materials (BOICA),Boise Cascade Building Materials,TREX,,1513711,,Building Materials>Decking & Porch>Deck Boards,"Boise Cascade Building Materials TREX, Composite Decking, 1513711",COMPOSITE DECKING 1IN 6IN 16FT TREX,"TREX 1513711 Composite Decking, 1 in Nominal Thickness, 6 in Nominal Width, 16 ft Length, Trex, grooved Edge Profile","TREX Composite Decking, 1 in Nominal Thickness, 6 in Nominal Width, 16 ft Length, Trex, grooved Edge Profile, Salt Flat, Transcend Lineage Collection, decking Board Type, Grooved Surface","Composite Decking, 1 in Nominal Thickness, 6 in Nominal Width, 16 ft Length, Trex, grooved Edge Profile, Salt Flat",,1 in,6 in,16 ft,,,,,,,,,,,,,,,,,,,,,,,,Nominal Thickness,1,in,Nominal Width,6,in,Length,16,ft,Material,Trex,,Edge Profile,grooved,,Color,Salt Flat,,Collection,Transcend Lineage,,Board Type,decking,,Surface,Grooved,,,,,,,,,,,,,,,,,,,,,,,,,,,,,,,,,,,,,,,,,,,,,,,,,,,,,,,,,,,,,,,,,,,,,,,,,,,,,,,,,,,,,,,,,,,,,,,,,,,,,,,,,,,,,,,,,,,,,,,,,,,,,,,,30103604,,,,,,16,ft,,,6,in,,,,,,,,,,,,,,,,,,,,,,,,,,,,,,,,
,,,,,,,Building Materials,Decking & Railing,Composite & PVC Decking,,1513712,1nx6-20' Salt Flat Grooved - Trex Transcend Lineage Decking,TREX,-- No Unilog Brand --,-- No DIB Brand --,Boise Cascade Building Materials (BOICA),Boise Cascade Building Materials,TREX,,1513712,,Building Materials>Decking & Porch>Deck Boards,"Boise Cascade Building Materials TREX, Composite Decking, 1513712",COMPOSITE DECKING 1IN 6IN 20FT TREX,"TREX 1513712 Composite Decking, 1 in Nominal Thickness, 6 in Nominal Width, 20 ft Length, Trex, grooved Edge Profile","TREX Composite Decking, 1 in Nominal Thickness, 6 in Nominal Width, 20 ft Length, Trex, grooved Edge Profile, Salt Flat, Transcend Lineage Collection, decking Board Type, Grooved Surface","Composite Decking, 1 in Nominal Thickness, 6 in Nominal Width, 20 ft Length, Trex, grooved Edge Profile, Salt Flat",,1 in,6 in,20 ft,,,,,,,,,,,,,,,,,,,,,,,,Nominal Thickness,1,in,Nominal Width,6,in,Length,20,ft,Material,Trex,,Edge Profile,grooved,,Color,Salt Flat,,Collection,Transcend Lineage,,Board Type,decking,,Surface,Grooved,,,,,,,,,,,,,,,,,,,,,,,,,,,,,,,,,,,,,,,,,,,,,,,,,,,,,,,,,,,,,,,,,,,,,,,,,,,,,,,,,,,,,,,,,,,,,,,,,,,,,,,,,,,,,,,,,,,,,,,,,,,,,,,,30103604,,,,,,20,ft,,,6,in,,,,,,,,,,,,,,,,,,,,,,,,,,,,,,,,
,,,,,,,Building Materials,Decking & Railing,Composite & PVC Decking,,1513717,1nx6-16' Honey Grove Sq Edge - Trex Enhance Naturals Decking,TREX,-- No Unilog Brand --,-- No DIB Brand --,Boise Cascade Building Materials (BOICA),Boise Cascade Building Materials,TREX,,1513717,,Building Materials>Decking & Porch>Deck Boards,"Boise Cascade Building Materials TREX, Composite Decking, 1513717",COMPOSITE DECKING 1IN 6IN 16FT TREX,"TREX 1513717 Composite Decking, 1 in Nominal Thickness, 6 in Nominal Width, 16 ft Length, Trex, square edge Edge Profile","TREX Composite Decking, 1 in Nominal Thickness, 6 in Nominal Width, 16 ft Length, Trex, square edge Edge Profile, Honey Grove, Enhance Naturals Collection, decking Board Type, Naturals Surface","Composite Decking, 1 in Nominal Thickness, 6 in Nominal Width, 16 ft Length, Trex, square edge Edge Profile, Honey Grove",,1 in,6 in,16 ft,,,,,,,,,,,,,,,,,,,,,,,,Nominal Thickness,1,in,Nominal Width,6,in,Length,16,ft,Material,Trex,,Edge Profile,square edge,,Color,Honey Grove,,Collection,Enhance Naturals,,Board Type,decking,,Surface,Naturals,,,,,,,,,,,,,,,,,,,,,,,,,,,,,,,,,,,,,,,,,,,,,,,,,,,,,,,,,,,,,,,,,,,,,,,,,,,,,,,,,,,,,,,,,,,,,,,,,,,,,,,,,,,,,,,,,,,,,,,,,,,,,,,,30103604,,,,,,16,ft,,,6,in,,,,,,,,,,,,,,,,,,,,,,,,,,,,,,,,
,,,,,,,Building Materials,Decking & Railing,Composite & PVC Decking,,1513718,1nx6-20' Honey Grove Sq Edge - Trex Enhance Naturals Decking,TREX,-- No Unilog Brand --,-- No DIB Brand --,Boise Cascade Building Materials (BOICA),Boise Cascade Building Materials,TREX,,1513718,,Building Materials>Decking & Porch>Deck Boards,"Boise Cascade Building Materials TREX, Composite Decking, 1513718",COMPOSITE DECKING 1IN 6IN 20FT TREX,"TREX 1513718 Composite Decking, 1 in Nominal Thickness, 6 in Nominal Width, 20 ft Length, Trex, square edge Edge Profile","TREX Composite Decking, 1 in Nominal Thickness, 6 in Nominal Width, 20 ft Length, Trex, square edge Edge Profile, Honey Grove, Enhance Naturals Collection, decking Board Type, Naturals Surface","Composite Decking, 1 in Nominal Thickness, 6 in Nominal Width, 20 ft Length, Trex, square edge Edge Profile, Honey Grove",,1 in,6 in,20 ft,,,,,,,,,,,,,,,,,,,,,,,,Nominal Thickness,1,in,Nominal Width,6,in,Length,20,ft,Material,Trex,,Edge Profile,square edge,,Color,Honey Grove,,Collection,Enhance Naturals,,Board Type,decking,,Surface,Naturals,,,,,,,,,,,,,,,,,,,,,,,,,,,,,,,,,,,,,,,,,,,,,,,,,,,,,,,,,,,,,,,,,,,,,,,,,,,,,,,,,,,,,,,,,,,,,,,,,,,,,,,,,,,,,,,,,,,,,,,,,,,,,,,,30103604,,,,,,20,ft,,,6,in,,,,,,,,,,,,,,,,,,,,,,,,,,,,,,,,
,,,,,,,Building Materials,Decking & Railing,Composite & PVC Decking,,1513719,1nx6-12' Honey Grove Grooved - Trex Enhance Naturals Decking,TREX,-- No Unilog Brand --,-- No DIB Brand --,Boise Cascade Building Materials (BOICA),Boise Cascade Building Materials,TREX,,1513719,,Building Materials>Decking & Porch>Deck Boards,"Boise Cascade Building Materials TREX, Composite Decking, 1513719",COMPOSITE DECKING 1IN 6IN 12FT TREX,"TREX 1513719 Composite Decking, 1 in Nominal Thickness, 6 in Nominal Width, 12 ft Length, Trex, grooved Edge Profile","TREX Composite Decking, 1 in Nominal Thickness, 6 in Nominal Width, 12 ft Length, Trex, grooved Edge Profile, Honey Grove, Enhance Naturals Collection, decking Board Type, Naturals Surface","Composite Decking, 1 in Nominal Thickness, 6 in Nominal Width, 12 ft Length, Trex, grooved Edge Profile, Honey Grove",,1 in,6 in,12 ft,,,,,,,,,,,,,,,,,,,,,,,,Nominal Thickness,1,in,Nominal Width,6,in,Length,12,ft,Material,Trex,,Edge Profile,grooved,,Color,Honey Grove,,Collection,Enhance Naturals,,Board Type,decking,,Surface,Naturals,,,,,,,,,,,,,,,,,,,,,,,,,,,,,,,,,,,,,,,,,,,,,,,,,,,,,,,,,,,,,,,,,,,,,,,,,,,,,,,,,,,,,,,,,,,,,,,,,,,,,,,,,,,,,,,,,,,,,,,,,,,,,,,,30103604,,,,,,12,ft,,,6,in,,,,,,,,,,,,,,,,,,,,,,,,,,,,,,,,
,,,,,,,Building Materials,Decking & Railing,Composite & PVC Decking,,1513720,1nx6-16' Honey Grove Grooved - Trex Enhance Naturals Decking,TREX,-- No Unilog Brand --,-- No DIB Brand --,Boise Cascade Building Materials (BOICA),Boise Cascade Building Materials,TREX,,1513720,,Building Materials>Decking & Porch>Deck Boards,"Boise Cascade Building Materials TREX, Composite Decking, 1513720",COMPOSITE DECKING 1IN 6IN 16FT TREX,"TREX 1513720 Composite Decking, 1 in Nominal Thickness, 6 in Nominal Width, 16 ft Length, Trex, grooved Edge Profile","TREX Composite Decking, 1 in Nominal Thickness, 6 in Nominal Width, 16 ft Length, Trex, grooved Edge Profile, Honey Grove, Enhance Naturals Collection, decking Board Type, Naturals Surface","Composite Decking, 1 in Nominal Thickness, 6 in Nominal Width, 16 ft Length, Trex, grooved Edge Profile, Honey Grove",,1 in,6 in,16 ft,,,,,,,,,,,,,,,,,,,,,,,,Nominal Thickness,1,in,Nominal Width,6,in,Length,16,ft,Material,Trex,,Edge Profile,grooved,,Color,Honey Grove,,Collection,Enhance Naturals,,Board Type,decking,,Surface,Naturals,,,,,,,,,,,,,,,,,,,,,,,,,,,,,,,,,,,,,,,,,,,,,,,,,,,,,,,,,,,,,,,,,,,,,,,,,,,,,,,,,,,,,,,,,,,,,,,,,,,,,,,,,,,,,,,,,,,,,,,,,,,,,,,,30103604,,,,,,16,ft,,,6,in,,,,,,,,,,,,,,,,,,,,,,,,,,,,,,,,
,,,,,,,Building Materials,Decking & Railing,Composite & PVC Decking,,1513721,1nx6-20' Honey Grove Grooved - Trex Enhance Naturals Decking,TREX,-- No Unilog Brand --,-- No DIB Brand --,Boise Cascade Building Materials (BOICA),Boise Cascade Building Materials,TREX,,1513721,,Building Materials>Decking & Porch>Deck Boards,"Boise Cascade Building Materials TREX, Composite Decking, 1513721",COMPOSITE DECKING 1IN 6IN 20FT TREX,"TREX 1513721 Composite Decking, 1 in Nominal Thickness, 6 in Nominal Width, 20 ft Length, Trex, grooved Edge Profile","TREX Composite Decking, 1 in Nominal Thickness, 6 in Nominal Width, 20 ft Length, Trex, grooved Edge Profile, Honey Grove, Enhance Naturals Collection, decking Board Type, Naturals Surface","Composite Decking, 1 in Nominal Thickness, 6 in Nominal Width, 20 ft Length, Trex, grooved Edge Profile, Honey Grove",,1 in,6 in,20 ft,,,,,,,,,,,,,,,,,,,,,,,,Nominal Thickness,1,in,Nominal Width,6,in,Length,20,ft,Material,Trex,,Edge Profile,grooved,,Color,Honey Grove,,Collection,Enhance Naturals,,Board Type,decking,,Surface,Naturals,,,,,,,,,,,,,,,,,,,,,,,,,,,,,,,,,,,,,,,,,,,,,,,,,,,,,,,,,,,,,,,,,,,,,,,,,,,,,,,,,,,,,,,,,,,,,,,,,,,,,,,,,,,,,,,,,,,,,,,,,,,,,,,,30103604,,,,,,20,ft,,,6,in,,,,,,,,,,,,,,,,,,,,,,,,,,,,,,,,
,,,,,,,Building Materials,Decking & Railing,Composite & PVC Decking,,1513724,1nx6-16' Tide Pool Sq Edge - Trex Enhance Basics Decking,TREX,-- No Unilog Brand --,-- No DIB Brand --,Boise Cascade Building Materials (BOICA),Boise Cascade Building Materials,TREX,,1513724,,Building Materials>Decking & Porch>Deck Boards,"Boise Cascade Building Materials TREX, Composite Decking, 1513724",COMPOSITE DECKING 1IN 6IN 16FT TREX,"TREX 1513724 Composite Decking, 1 in Nominal Thickness, 6 in Nominal Width, 16 ft Length, Trex, square edge Edge Profile","TREX Composite Decking, 1 in Nominal Thickness, 6 in Nominal Width, 16 ft Length, Trex, square edge Edge Profile, Tide Pool, Enhance Basics Collection, decking Board Type","Composite Decking, 1 in Nominal Thickness, 6 in Nominal Width, 16 ft Length, Trex, square edge Edge Profile, Tide Pool",,1 in,6 in,16 ft,,,,,,,,,,,,,,,,,,,,,,,,Nominal Thickness,1,in,Nominal Width,6,in,Length,16,ft,Material,Trex,,Edge Profile,square edge,,Color,Tide Pool,,Collection,Enhance Basics,,Board Type,decking,,Surface,,,,,,,,,,,,,,,,,,,,,,,,,,,,,,,,,,,,,,,,,,,,,,,,,,,,,,,,,,,,,,,,,,,,,,,,,,,,,,,,,,,,,,,,,,,,,,,,,,,,,,,,,,,,,,,,,,,,,,,,,,,,,,,,,30103604,,,,,,16,ft,,,6,in,,,,,,,,,,,,,,,,,,,,,,,,,,,,,,,,
,,,,,,,Building Materials,Decking & Railing,Composite & PVC Decking,,1513725,1nx6-20' Tide Pool Sq Edge - Trex Enhance Basics Decking,TREX,-- No Unilog Brand --,-- No DIB Brand --,Boise Cascade Building Materials (BOICA),Boise Cascade Building Materials,TREX,,1513725,,Building Materials>Decking & Porch>Deck Boards,"Boise Cascade Building Materials TREX, Composite Decking, 1513725",COMPOSITE DECKING 1IN 6IN 20FT TREX,"TREX 1513725 Composite Decking, 1 in Nominal Thickness, 6 in Nominal Width, 20 ft Length, Trex, square edge Edge Profile","TREX Composite Decking, 1 in Nominal Thickness, 6 in Nominal Width, 20 ft Length, Trex, square edge Edge Profile, Tide Pool, Enhance Basics Collection, decking Board Type","Composite Decking, 1 in Nominal Thickness, 6 in Nominal Width, 20 ft Length, Trex, square edge Edge Profile, Tide Pool",,1 in,6 in,20 ft,,,,,,,,,,,,,,,,,,,,,,,,Nominal Thickness,1,in,Nominal Width,6,in,Length,20,ft,Material,Trex,,Edge Profile,square edge,,Color,Tide Pool,,Collection,Enhance Basics,,Board Type,decking,,Surface,,,,,,,,,,,,,,,,,,,,,,,,,,,,,,,,,,,,,,,,,,,,,,,,,,,,,,,,,,,,,,,,,,,,,,,,,,,,,,,,,,,,,,,,,,,,,,,,,,,,,,,,,,,,,,,,,,,,,,,,,,,,,,,,,30103604,,,,,,20,ft,,,6,in,,,,,,,,,,,,,,,,,,,,,,,,,,,,,,,,
,,,,,,,Building Materials,Decking & Railing,Composite & PVC Decking,,1513726,1nx6-12' Tide Pool Grooved - Trex Enhance Basics Decking,TREX,-- No Unilog Brand --,-- No DIB Brand --,Boise Cascade Building Materials (BOICA),Boise Cascade Building Materials,TREX,,1513726,,Building Materials>Decking & Porch>Deck Boards,"Boise Cascade Building Materials TREX, Composite Decking, 1513726",COMPOSITE DECKING 1IN 6IN 12FT TREX,"TREX 1513726 Composite Decking, 1 in Nominal Thickness, 6 in Nominal Width, 12 ft Length, Trex, grooved Edge Profile","TREX Composite Decking, 1 in Nominal Thickness, 6 in Nominal Width, 12 ft Length, Trex, grooved Edge Profile, Tide Pool, Enhance Basics Collection, decking Board Type, Trex Enhance Basics Decking Surface","Composite Decking, 1 in Nominal Thickness, 6 in Nominal Width, 12 ft Length, Trex, grooved Edge Profile, Tide Pool",,1 in,6 in,12 ft,,,,,,,,,,,,,,,,,,,,,,,,Nominal Thickness,1,in,Nominal Width,6,in,Length,12,ft,Material,Trex,,Edge Profile,grooved,,Color,Tide Pool,,Collection,Enhance Basics,,Board Type,decking,,Surface,Trex Enhance Basics Decking,,,,,,,,,,,,,,,,,,,,,,,,,,,,,,,,,,,,,,,,,,,,,,,,,,,,,,,,,,,,,,,,,,,,,,,,,,,,,,,,,,,,,,,,,,,,,,,,,,,,,,,,,,,,,,,,,,,,,,,,,,,,,,,,30103604,,,,,,12,ft,,,6,in,,,,,,,,,,,,,,,,,,,,,,,,,,,,,,,,
,,,,,,,Building Materials,Decking & Railing,Composite & PVC Decking,,1513727,1nx6-16' Tide Pool Grooved - Trex Enhance Basics Decking,TREX,-- No Unilog Brand --,-- No DIB Brand --,Boise Cascade Building Materials (BOICA),Boise Cascade Building Materials,TREX,,1513727,,Building Materials>Decking & Porch>Deck Boards,"Boise Cascade Building Materials TREX, Composite Decking, 1513727",COMPOSITE DECKING 1IN 6IN 16FT TREX,"TREX 1513727 Composite Decking, 1 in Nominal Thickness, 6 in Nominal Width, 16 ft Length, Trex, grooved Edge Profile","TREX Composite Decking, 1 in Nominal Thickness, 6 in Nominal Width, 16 ft Length, Trex, grooved Edge Profile, Tide Pool, Enhance Basics Collection, decking Board Type, Grooved Surface","Composite Decking, 1 in Nominal Thickness, 6 in Nominal Width, 16 ft Length, Trex, grooved Edge Profile, Tide Pool",,1 in,6 in,16 ft,,,,,,,,,,,,,,,,,,,,,,,,Nominal Thickness,1,in,Nominal Width,6,in,Length,16,ft,Material,Trex,,Edge Profile,grooved,,Color,Tide Pool,,Collection,Enhance Basics,,Board Type,decking,,Surface,Grooved,,,,,,,,,,,,,,,,,,,,,,,,,,,,,,,,,,,,,,,,,,,,,,,,,,,,,,,,,,,,,,,,,,,,,,,,,,,,,,,,,,,,,,,,,,,,,,,,,,,,,,,,,,,,,,,,,,,,,,,,,,,,,,,,30103604,,,,,,16,ft,,,6,in,,,,,,,,,,,,,,,,,,,,,,,,,,,,,,,,
,,,,,,,Building Materials,Decking & Railing,Composite & PVC Decking,,1513728,1nx6-20' Tide Pool Grooved - Trex Enhance Basics Decking,TREX,-- No Unilog Brand --,-- No DIB Brand --,Boise Cascade Building Materials (BOICA),Boise Cascade Building Materials,TREX,,1513728,,Building Materials>Decking & Porch>Deck Boards,"Boise Cascade Building Materials TREX, Composite Decking, 1513728",COMPOSITE DECKING 1IN 6IN 20FT TREX,"TREX 1513728 Composite Decking, 1 in Nominal Thickness, 6 in Nominal Width, 20 ft Length, Trex, grooved Edge Profile","TREX Composite Decking, 1 in Nominal Thickness, 6 in Nominal Width, 20 ft Length, Trex, grooved Edge Profile, Tide Pool, Enhance Basics Collection, decking Board Type, Trex Enhance Basics Decking Surface","Composite Decking, 1 in Nominal Thickness, 6 in Nominal Width, 20 ft Length, Trex, grooved Edge Profile, Tide Pool",,1 in,6 in,20 ft,,,,,,,,,,,,,,,,,,,,,,,,Nominal Thickness,1,in,Nominal Width,6,in,Length,20,ft,Material,Trex,,Edge Profile,grooved,,Color,Tide Pool,,Collection,Enhance Basics,,Board Type,decking,,Surface,Trex Enhance Basics Decking,,,,,,,,,,,,,,,,,,,,,,,,,,,,,,,,,,,,,,,,,,,,,,,,,,,,,,,,,,,,,,,,,,,,,,,,,,,,,,,,,,,,,,,,,,,,,,,,,,,,,,,,,,,,,,,,,,,,,,,,,,,,,,,,30103604,,,,,,20,ft,,,6,in,,,,,,,,,,,,,,,,,,,,,,,,,,,,,,,,
,,,,,,,Building Materials,Decking & Railing,Composite & PVC Decking,,543076016,1nx6-16' Cinnamon Cove Sq Edge - Trex Enhance Naturals Decking,TREX,-- No Unilog Brand --,-- No DIB Brand --,Boise Cascade Building Materials (BOICA),Boise Cascade Building Materials,TREX,,543076016,,Building Materials>Decking & Porch>Deck Boards,"Boise Cascade Building Materials TREX, Composite Decking, 543076016",COMPOSITE DECKING 1IN 6IN 16FT TREX,"TREX 543076016 Composite Decking, 1 in Nominal Thickness, 6 in Nominal Width, 16 ft Length, Trex","TREX Composite Decking, 1 in Nominal Thickness, 6 in Nominal Width, 16 ft Length, Trex, square edge Edge Profile, Cinnamon Cove, Enhance Naturals Collection, decking Board Type, Naturals Surface","Composite Decking, 1 in Nominal Thickness, 6 in Nominal Width, 16 ft Length, Trex, square edge Edge Profile",,1 in,6 in,16 ft,,,,,,,,,,,,,,,,,,,,,,,,Nominal Thickness,1,in,Nominal Width,6,in,Length,16,ft,Material,Trex,,Edge Profile,square edge,,Color,Cinnamon Cove,,Collection,Enhance Naturals,,Board Type,decking,,Surface,Naturals,,,,,,,,,,,,,,,,,,,,,,,,,,,,,,,,,,,,,,,,,,,,,,,,,,,,,,,,,,,,,,,,,,,,,,,,,,,,,,,,,,,,,,,,,,,,,,,,,,,,,,,,,,,,,,,,,,,,,,,,,,,,,,,,30103604,,,,,,16,ft,,,6,in,,,,,,,,,,,,,,,,,,,,,,,,,,,,,,,,
,,,,,,,Building Materials,Decking & Railing,Composite & PVC Decking,,543076020,1nx6-20' Cinnamon Cove Sq Edge - Trex Enhance Naturals Decking,TREX,-- No Unilog Brand --,-- No DIB Brand --,Boise Cascade Building Materials (BOICA),Boise Cascade Building Materials,TREX,,543076020,,Building Materials>Decking & Porch>Deck Boards,"Boise Cascade Building Materials TREX, Composite Decking, 543076020",COMPOSITE DECKING 1IN 6IN 20FT TREX,"TREX 543076020 Composite Decking, 1 in Nominal Thickness, 6 in Nominal Width, 20 ft Length, Trex","TREX Composite Decking, 1 in Nominal Thickness, 6 in Nominal Width, 20 ft Length, Trex, square edge Edge Profile, Cinnamon Cove, Enhance Naturals Collection, decking Board Type, Naturals Surface","Composite Decking, 1 in Nominal Thickness, 6 in Nominal Width, 20 ft Length, Trex, square edge Edge Profile",,1 in,6 in,20 ft,,,,,,,,,,,,,,,,,,,,,,,,Nominal Thickness,1,in,Nominal Width,6,in,Length,20,ft,Material,Trex,,Edge Profile,square edge,,Color,Cinnamon Cove,,Collection,Enhance Naturals,,Board Type,decking,,Surface,Naturals,,,,,,,,,,,,,,,,,,,,,,,,,,,,,,,,,,,,,,,,,,,,,,,,,,,,,,,,,,,,,,,,,,,,,,,,,,,,,,,,,,,,,,,,,,,,,,,,,,,,,,,,,,,,,,,,,,,,,,,,,,,,,,,,30103604,,,,,,20,ft,,,6,in,,,,,,,,,,,,,,,,,,,,,,,,,,,,,,,,
,,,,,,,Building Materials,Decking & Railing,Composite & PVC Decking,,543076412,1nx6-12' Cinnamon Cove Grooved - Trex Enhance Naturals Decking,TREX,-- No Unilog Brand --,-- No DIB Brand --,Boise Cascade Building Materials (BOICA),Boise Cascade Building Materials,TREX,,543076412,,Building Materials>Decking & Porch>Deck Boards,"Boise Cascade Building Materials TREX, Composite Decking, 543076412",COMPOSITE DECKING 1IN 6IN 12FT TREX,"TREX 543076412 Composite Decking, 1 in Nominal Thickness, 6 in Nominal Width, 12 ft Length, Trex, grooved Edge Profile","TREX Composite Decking, 1 in Nominal Thickness, 6 in Nominal Width, 12 ft Length, Trex, grooved Edge Profile, Cinnamon Cove, Enhance Naturals Collection, decking Board Type, Naturals Surface","Composite Decking, 1 in Nominal Thickness, 6 in Nominal Width, 12 ft Length, Trex, grooved Edge Profile, Cinnamon Cove",,1 in,6 in,12 ft,,,,,,,,,,,,,,,,,,,,,,,,Nominal Thickness,1,in,Nominal Width,6,in,Length,12,ft,Material,Trex,,Edge Profile,grooved,,Color,Cinnamon Cove,,Collection,Enhance Naturals,,Board Type,decking,,Surface,Naturals,,,,,,,,,,,,,,,,,,,,,,,,,,,,,,,,,,,,,,,,,,,,,,,,,,,,,,,,,,,,,,,,,,,,,,,,,,,,,,,,,,,,,,,,,,,,,,,,,,,,,,,,,,,,,,,,,,,,,,,,,,,,,,,,30103604,,,,,,12,ft,,,6,in,,,,,,,,,,,,,,,,,,,,,,,,,,,,,,,,
,,,,,,,Building Materials,Decking & Railing,Composite & PVC Decking,,543076416,1nx6-16' Cinnamon Cove Grooved - Trex Enhance Naturals Decking,TREX,-- No Unilog Brand --,-- No DIB Brand --,Boise Cascade Building Materials (BOICA),Boise Cascade Building Materials,TREX,,543076416,,Building Materials>Decking & Porch>Deck Boards,"Boise Cascade Building Materials TREX, Composite Decking, 543076416",COMPOSITE DECKING 1IN 6IN 16FT TREX,"TREX 543076416 Composite Decking, 1 in Nominal Thickness, 6 in Nominal Width, 16 ft Length, Trex, grooved Edge Profile","TREX Composite Decking, 1 in Nominal Thickness, 6 in Nominal Width, 16 ft Length, Trex, grooved Edge Profile, Cinnamon Cove, Enhance Naturals Collection, decking Board Type, Naturals Surface","Composite Decking, 1 in Nominal Thickness, 6 in Nominal Width, 16 ft Length, Trex, grooved Edge Profile, Cinnamon Cove",,1 in,6 in,16 ft,,,,,,,,,,,,,,,,,,,,,,,,Nominal Thickness,1,in,Nominal Width,6,in,Length,16,ft,Material,Trex,,Edge Profile,grooved,,Color,Cinnamon Cove,,Collection,Enhance Naturals,,Board Type,decking,,Surface,Naturals,,,,,,,,,,,,,,,,,,,,,,,,,,,,,,,,,,,,,,,,,,,,,,,,,,,,,,,,,,,,,,,,,,,,,,,,,,,,,,,,,,,,,,,,,,,,,,,,,,,,,,,,,,,,,,,,,,,,,,,,,,,,,,,,30103604,,,,,,16,ft,,,6,in,,,,,,,,,,,,,,,,,,,,,,,,,,,,,,,,
,,,,,,,Building Materials,Decking & Railing,Composite & PVC Decking,,543076420,1nx6-20' Cinnamon Cove Grooved - Trex Enhance Naturals Decking,TREX,-- No Unilog Brand --,-- No DIB Brand --,Boise Cascade Building Materials (BOICA),Boise Cascade Building Materials,TREX,,543076420,,Building Materials>Decking & Porch>Deck Boards,"Boise Cascade Building Materials TREX, Composite Decking, 543076420",COMPOSITE DECKING 1IN 6IN 20FT TREX,"TREX 543076420 Composite Decking, 1 in Nominal Thickness, 6 in Nominal Width, 20 ft Length, Trex, grooved Edge Profile","TREX Composite Decking, 1 in Nominal Thickness, 6 in Nominal Width, 20 ft Length, Trex, grooved Edge Profile, Cinnamon Cove, Enhance Naturals Collection, decking Board Type, Naturals Surface","Composite Decking, 1 in Nominal Thickness, 6 in Nominal Width, 20 ft Length, Trex, grooved Edge Profile, Cinnamon Cove",,1 in,6 in,20 ft,,,,,,,,,,,,,,,,,,,,,,,,Nominal Thickness,1,in,Nominal Width,6,in,Length,20,ft,Material,Trex,,Edge Profile,grooved,,Color,Cinnamon Cove,,Collection,Enhance Naturals,,Board Type,decking,,Surface,Naturals,,,,,,,,,,,,,,,,,,,,,,,,,,,,,,,,,,,,,,,,,,,,,,,,,,,,,,,,,,,,,,,,,,,,,,,,,,,,,,,,,,,,,,,,,,,,,,,,,,,,,,,,,,,,,,,,,,,,,,,,,,,,,,,,30103604,,,,,,20,ft,,,6,in,,,,,,,,,,,,,,,,,,,,,,,,,,,,,,,,
,,,,,,,Building Materials,Decking & Railing,Composite & PVC Decking,,1516870,1nx6-16' Golden Hour Sq Edge - Trex Enhance Naturals Decking,TREX,-- No Unilog Brand --,-- No DIB Brand --,Boise Cascade Building Materials (BOICA),Boise Cascade Building Materials,TREX,,1516870,,Building Materials>Decking & Porch>Deck Boards,"Boise Cascade Building Materials TREX, Composite Decking, 1516870",COMPOSITE DECKING 1IN 6IN 16FT TREX,"TREX 1516870 Composite Decking, 1 in Nominal Thickness, 6 in Nominal Width, 16 ft Length, Trex, square edge Edge Profile","TREX Composite Decking, 1 in Nominal Thickness, 6 in Nominal Width, 16 ft Length, Trex, square edge Edge Profile, Golden Hour, Enhance Naturals Collection, decking Board Type, Naturals Surface","Composite Decking, 1 in Nominal Thickness, 6 in Nominal Width, 16 ft Length, Trex, square edge Edge Profile, Golden Hour",,1 in,6 in,16 ft,,,,,,,,,,,,,,,,,,,,,,,,Nominal Thickness,1,in,Nominal Width,6,in,Length,16,ft,Material,Trex,,Edge Profile,square edge,,Color,Golden Hour,,Collection,Enhance Naturals,,Board Type,decking,,Surface,Naturals,,,,,,,,,,,,,,,,,,,,,,,,,,,,,,,,,,,,,,,,,,,,,,,,,,,,,,,,,,,,,,,,,,,,,,,,,,,,,,,,,,,,,,,,,,,,,,,,,,,,,,,,,,,,,,,,,,,,,,,,,,,,,,,,30103604,,,,,,16,ft,,,6,in,,,,,,,,,,,,,,,,,,,,,,,,,,,,,,,,
,,,,,,,Building Materials,Decking & Railing,Composite & PVC Decking,,1516871,1nx6-20' Golden Hour Sq Edge - Trex Enhance Naturals Decking,TREX,-- No Unilog Brand --,-- No DIB Brand --,Boise Cascade Building Materials (BOICA),Boise Cascade Building Materials,TREX,,1516871,,Building Materials>Decking & Porch>Deck Boards,"Boise Cascade Building Materials TREX, Composite Decking, 1516871",COMPOSITE DECKING 1IN 6IN 20FT TREX,"TREX 1516871 Composite Decking, 1 in Nominal Thickness, 6 in Nominal Width, 20 ft Length, Trex, square edge Edge Profile","TREX Composite Decking, 1 in Nominal Thickness, 6 in Nominal Width, 20 ft Length, Trex, square edge Edge Profile, Golden Hour, Enhance Naturals Collection, decking Board Type, Naturals Surface","Composite Decking, 1 in Nominal Thickness, 6 in Nominal Width, 20 ft Length, Trex, square edge Edge Profile, Golden Hour",,1 in,6 in,20 ft,,,,,,,,,,,,,,,,,,,,,,,,Nominal Thickness,1,in,Nominal Width,6,in,Length,20,ft,Material,Trex,,Edge Profile,square edge,,Color,Golden Hour,,Collection,Enhance Naturals,,Board Type,decking,,Surface,Naturals,,,,,,,,,,,,,,,,,,,,,,,,,,,,,,,,,,,,,,,,,,,,,,,,,,,,,,,,,,,,,,,,,,,,,,,,,,,,,,,,,,,,,,,,,,,,,,,,,,,,,,,,,,,,,,,,,,,,,,,,,,,,,,,,30103604,,,,,,20,ft,,,6,in,,,,,,,,,,,,,,,,,,,,,,,,,,,,,,,,
,,,,,,,Building Materials,Decking & Railing,Composite & PVC Decking,,1516872,1nx6-12' Golden Hour Grooved - Trex Enhance Naturals Decking,TREX,-- No Unilog Brand --,-- No DIB Brand --,Boise Cascade Building Materials (BOICA),Boise Cascade Building Materials,TREX,,1516872,,Building Materials>Decking & Porch>Deck Boards,"Boise Cascade Building Materials TREX, Composite Decking, 1516872",COMPOSITE DECKING 1IN 6IN 12FT TREX,"TREX 1516872 Composite Decking, 1 in Nominal Thickness, 6 in Nominal Width, 12 ft Length, Trex, grooved Edge Profile","TREX Composite Decking, 1 in Nominal Thickness, 6 in Nominal Width, 12 ft Length, Trex, grooved Edge Profile, Golden Hour, Enhance Naturals Collection, decking Board Type, Grooved Surface","Composite Decking, 1 in Nominal Thickness, 6 in Nominal Width, 12 ft Length, Trex, grooved Edge Profile, Golden Hour",,1 in,6 in,12 ft,,,,,,,,,,,,,,,,,,,,,,,,Nominal Thickness,1,in,Nominal Width,6,in,Length,12,ft,Material,Trex,,Edge Profile,grooved,,Color,Golden Hour,,Collection,Enhance Naturals,,Board Type,decking,,Surface,Grooved,,,,,,,,,,,,,,,,,,,,,,,,,,,,,,,,,,,,,,,,,,,,,,,,,,,,,,,,,,,,,,,,,,,,,,,,,,,,,,,,,,,,,,,,,,,,,,,,,,,,,,,,,,,,,,,,,,,,,,,,,,,,,,,,30103604,,,,,,12,ft,,,6,in,,,,,,,,,,,,,,,,,,,,,,,,,,,,,,,,
,,,,,,,Building Materials,Decking & Railing,Composite & PVC Decking,,1516873,1nx6-16' Golden Hour Grooved - Trex Enhance Naturals Decking,TREX,-- No Unilog Brand --,-- No DIB Brand --,Boise Cascade Building Materials (BOICA),Boise Cascade Building Materials,TREX,,1516873,,Building Materials>Decking & Porch>Deck Boards,"Boise Cascade Building Materials TREX, Composite Decking, 1516873",COMPOSITE DECKING 1IN 6IN 16FT TREX,"TREX 1516873 Composite Decking, 1 in Nominal Thickness, 6 in Nominal Width, 16 ft Length, Trex, grooved Edge Profile","TREX Composite Decking, 1 in Nominal Thickness, 6 in Nominal Width, 16 ft Length, Trex, grooved Edge Profile, Golden Hour, Enhance Naturals Collection, decking Board Type, Grooved Surface","Composite Decking, 1 in Nominal Thickness, 6 in Nominal Width, 16 ft Length, Trex, grooved Edge Profile, Golden Hour",,1 in,6 in,16 ft,,,,,,,,,,,,,,,,,,,,,,,,Nominal Thickness,1,in,Nominal Width,6,in,Length,16,ft,Material,Trex,,Edge Profile,grooved,,Color,Golden Hour,,Collection,Enhance Naturals,,Board Type,decking,,Surface,Grooved,,,,,,,,,,,,,,,,,,,,,,,,,,,,,,,,,,,,,,,,,,,,,,,,,,,,,,,,,,,,,,,,,,,,,,,,,,,,,,,,,,,,,,,,,,,,,,,,,,,,,,,,,,,,,,,,,,,,,,,,,,,,,,,,30103604,,,,,,16,ft,,,6,in,,,,,,,,,,,,,,,,,,,,,,,,,,,,,,,,
,,,,,,,Building Materials,Decking & Railing,Composite & PVC Decking,,1516874,1nx6-20' Golden Hour Grooved - Trex Enhance Naturals Decking,TREX,-- No Unilog Brand --,-- No DIB Brand --,Boise Cascade Building Materials (BOICA),Boise Cascade Building Materials,TREX,,1516874,,Building Materials>Decking & Porch>Deck Boards,"Boise Cascade Building Materials TREX, Composite Decking, 1516874",COMPOSITE DECKING 1IN 6IN 20FT TREX,"TREX 1516874 Composite Decking, 1 in Nominal Thickness, 6 in Nominal Width, 20 ft Length, Trex, grooved Edge Profile","TREX Composite Decking, 1 in Nominal Thickness, 6 in Nominal Width, 20 ft Length, Trex, grooved Edge Profile, Golden Hour, Enhance Naturals Collection, decking Board Type, Naturals Surface","Composite Decking, 1 in Nominal Thickness, 6 in Nominal Width, 20 ft Length, Trex, grooved Edge Profile, Golden Hour",,1 in,6 in,20 ft,,,,,,,,,,,,,,,,,,,,,,,,Nominal Thickness,1,in,Nominal Width,6,in,Length,20,ft,Material,Trex,,Edge Profile,grooved,,Color,Golden Hour,,Collection,Enhance Naturals,,Board Type,decking,,Surface,Naturals,,,,,,,,,,,,,,,,,,,,,,,,,,,,,,,,,,,,,,,,,,,,,,,,,,,,,,,,,,,,,,,,,,,,,,,,,,,,,,,,,,,,,,,,,,,,,,,,,,,,,,,,,,,,,,,,,,,,,,,,,,,,,,,,30103604,,,,,,20,ft,,,6,in,,,,,,,,,,,,,,,,,,,,,,,,,,,,,,,,
,,,,,,,Building Materials,Decking & Railing,Composite & PVC Decking,,1516879,1nx6-16' Pebble Beach Sq Edge - Trex Enhance Basics Decking,TREX,-- No Unilog Brand --,-- No DIB Brand --,Boise Cascade Building Materials (BOICA),Boise Cascade Building Materials,TREX,,1516879,,Building Materials>Decking & Porch>Deck Boards,"Boise Cascade Building Materials TREX, Composite Decking, 1516879",COMPOSITE DECKING 1IN 6IN 16FT TREX,"TREX 1516879 Composite Decking, 1 in Nominal Thickness, 6 in Nominal Width, 16 ft Length, Trex, square edge Edge Profile","TREX Composite Decking, 1 in Nominal Thickness, 6 in Nominal Width, 16 ft Length, Trex, square edge Edge Profile, Pebble Beach, Enhance Basics Collection, decking Board Type, Pebble Beach Surface","Composite Decking, 1 in Nominal Thickness, 6 in Nominal Width, 16 ft Length, Trex, square edge Edge Profile",,1 in,6 in,16 ft,,,,,,,,,,,,,,,,,,,,,,,,Nominal Thickness,1,in,Nominal Width,6,in,Length,16,ft,Material,Trex,,Edge Profile,square edge,,Color,Pebble Beach,,Collection,Enhance Basics,,Board Type,decking,,Surface,Pebble Beach,,,,,,,,,,,,,,,,,,,,,,,,,,,,,,,,,,,,,,,,,,,,,,,,,,,,,,,,,,,,,,,,,,,,,,,,,,,,,,,,,,,,,,,,,,,,,,,,,,,,,,,,,,,,,,,,,,,,,,,,,,,,,,,,30103604,,,,,,16,ft,,,6,in,,,,,,,,,,,,,,,,,,,,,,,,,,,,,,,,
,,,,,,,Building Materials,Decking & Railing,Composite & PVC Decking,,1516880,1nx6-20' Pebble Beach Sq Edge - Trex Enhance Basics Decking,TREX,-- No Unilog Brand --,-- No DIB Brand --,Boise Cascade Building Materials (BOICA),Boise Cascade Building Materials,TREX,,1516880,,Building Materials>Decking & Porch>Deck Boards,"Boise Cascade Building Materials TREX, Composite Decking, 1516880",COMPOSITE DECKING 1IN 6IN 20FT TREX,"TREX 1516880 Composite Decking, 1 in Nominal Thickness, 6 in Nominal Width, 20 ft Length, Trex, square edge Edge Profile","TREX Composite Decking, 1 in Nominal Thickness, 6 in Nominal Width, 20 ft Length, Trex, square edge Edge Profile, Pebble Beach, Enhance Basics Collection, decking Board Type, Pebble Beach Surface","Composite Decking, 1 in Nominal Thickness, 6 in Nominal Width, 20 ft Length, Trex, square edge Edge Profile",,1 in,6 in,20 ft,,,,,,,,,,,,,,,,,,,,,,,,Nominal Thickness,1,in,Nominal Width,6,in,Length,20,ft,Material,Trex,,Edge Profile,square edge,,Color,Pebble Beach,,Collection,Enhance Basics,,Board Type,decking,,Surface,Pebble Beach,,,,,,,,,,,,,,,,,,,,,,,,,,,,,,,,,,,,,,,,,,,,,,,,,,,,,,,,,,,,,,,,,,,,,,,,,,,,,,,,,,,,,,,,,,,,,,,,,,,,,,,,,,,,,,,,,,,,,,,,,,,,,,,,30103604,,,,,,20,ft,,,6,in,,,,,,,,,,,,,,,,,,,,,,,,,,,,,,,,
,,,,,,,Building Materials,Decking & Railing,Composite & PVC Decking,,1516881,1nx6-12' Pebble Beach Grooved - Trex Enhance Basics Decking,TREX,-- No Unilog Brand --,-- No DIB Brand --,Boise Cascade Building Materials (BOICA),Boise Cascade Building Materials,TREX,,1516881,,Building Materials>Decking & Porch>Deck Boards,"Boise Cascade Building Materials TREX, Composite Decking, 1516881",COMPOSITE DECKING 1IN 6IN 12FT TREX,"TREX 1516881 Composite Decking, 1 in Nominal Thickness, 6 in Nominal Width, 12 ft Length, Trex, grooved Edge Profile","TREX Composite Decking, 1 in Nominal Thickness, 6 in Nominal Width, 12 ft Length, Trex, grooved Edge Profile, Pebble Beach, Enhance Basics Collection, decking Board Type, Grooved Surface","Composite Decking, 1 in Nominal Thickness, 6 in Nominal Width, 12 ft Length, Trex, grooved Edge Profile, Pebble Beach",,1 in,6 in,12 ft,,,,,,,,,,,,,,,,,,,,,,,,Nominal Thickness,1,in,Nominal Width,6,in,Length,12,ft,Material,Trex,,Edge Profile,grooved,,Color,Pebble Beach,,Collection,Enhance Basics,,Board Type,decking,,Surface,Grooved,,,,,,,,,,,,,,,,,,,,,,,,,,,,,,,,,,,,,,,,,,,,,,,,,,,,,,,,,,,,,,,,,,,,,,,,,,,,,,,,,,,,,,,,,,,,,,,,,,,,,,,,,,,,,,,,,,,,,,,,,,,,,,,,30103604,,,,,,12,ft,,,6,in,,,,,,,,,,,,,,,,,,,,,,,,,,,,,,,,
,,,,,,,Building Materials,Decking & Railing,Composite & PVC Decking,,1516882,1nx6-16' Pebble Beach Grooved - Trex Enhance Basics Decking,TREX,-- No Unilog Brand --,-- No DIB Brand --,Boise Cascade Building Materials (BOICA),Boise Cascade Building Materials,TREX,,1516882,,Building Materials>Decking & Porch>Deck Boards,"Boise Cascade Building Materials TREX, Composite Decking, 1516882",COMPOSITE DECKING 1IN 6IN 16FT TREX,"TREX 1516882 Composite Decking, 1 in Nominal Thickness, 6 in Nominal Width, 16 ft Length, Trex, grooved Edge Profile","TREX Composite Decking, 1 in Nominal Thickness, 6 in Nominal Width, 16 ft Length, Trex, grooved Edge Profile, Pebble Beach, Enhance Basics Collection, decking Board Type, Grooved Surface","Composite Decking, 1 in Nominal Thickness, 6 in Nominal Width, 16 ft Length, Trex, grooved Edge Profile, Pebble Beach",,1 in,6 in,16 ft,,,,,,,,,,,,,,,,,,,,,,,,Nominal Thickness,1,in,Nominal Width,6,in,Length,16,ft,Material,Trex,,Edge Profile,grooved,,Color,Pebble Beach,,Collection,Enhance Basics,,Board Type,decking,,Surface,Grooved,,,,,,,,,,,,,,,,,,,,,,,,,,,,,,,,,,,,,,,,,,,,,,,,,,,,,,,,,,,,,,,,,,,,,,,,,,,,,,,,,,,,,,,,,,,,,,,,,,,,,,,,,,,,,,,,,,,,,,,,,,,,,,,,30103604,,,,,,16,ft,,,6,in,,,,,,,,,,,,,,,,,,,,,,,,,,,,,,,,
,,,,,,,Building Materials,Decking & Railing,Composite & PVC Decking,,1516883,1nx6-20' Pebble Beach Grooved - Trex Enhance Basics Decking,TREX,-- No Unilog Brand --,-- No DIB Brand --,Boise Cascade Building Materials (BOICA),Boise Cascade Building Materials,TREX,,1516883,,Building Materials>Decking & Porch>Deck Boards,"Boise Cascade Building Materials TREX, Composite Decking, 1516883",COMPOSITE DECKING 1IN 6IN 20FT TREX,"TREX 1516883 Composite Decking, 1 in Nominal Thickness, 6 in Nominal Width, 20 ft Length, Trex, grooved Edge Profile","TREX Composite Decking, 1 in Nominal Thickness, 6 in Nominal Width, 20 ft Length, Trex, grooved Edge Profile, Pebble Beach, Enhance Basics Collection, decking Board Type, Grooved Surface","Composite Decking, 1 in Nominal Thickness, 6 in Nominal Width, 20 ft Length, Trex, grooved Edge Profile, Pebble Beach",,1 in,6 in,20 ft,,,,,,,,,,,,,,,,,,,,,,,,Nominal Thickness,1,in,Nominal Width,6,in,Length,20,ft,Material,Trex,,Edge Profile,grooved,,Color,Pebble Beach,,Collection,Enhance Basics,,Board Type,decking,,Surface,Grooved,,,,,,,,,,,,,,,,,,,,,,,,,,,,,,,,,,,,,,,,,,,,,,,,,,,,,,,,,,,,,,,,,,,,,,,,,,,,,,,,,,,,,,,,,,,,,,,,,,,,,,,,,,,,,,,,,,,,,,,,,,,,,,,,30103604,,,,,,20,ft,,,6,in,,,,,,,,,,,,,,,,,,,,,,,,,,,,,,,,
,,,,,,,Building Materials,Decking & Railing,Composite & PVC Decking,,543005016,7/8nx6-16' Malted Barley Sq Edge - Trex Select 2.0 Decking,TREX,-- No Unilog Brand --,-- No DIB Brand --,Boise Cascade Building Materials (BOICA),Boise Cascade Building Materials,TREX,,543005016,,Building Materials>Decking & Porch>Deck Boards,"Boise Cascade Building Materials TREX, Composite Decking, 543005016",COMPOSITE DECKING 7/8IN 6IN 16FT TREX,"TREX 543005016 Composite Decking, 7/8 in Nominal Thickness, 6 in Nominal Width, 16 ft Length, Trex","TREX Composite Decking, 7/8 in Nominal Thickness, 6 in Nominal Width, 16 ft Length, Trex, square edge Edge Profile, Malted Barley, Select 2.0 Collection, decking Board Type","Composite Decking, 7/8 in Nominal Thickness, 6 in Nominal Width, 16 ft Length, Trex, square edge Edge Profile",,7/8 in,6 in,16 ft,,,,,,,,,,,,,,,,,,,,,,,,Nominal Thickness,7/8,in,Nominal Width,6,in,Length,16,ft,Material,Trex,,Edge Profile,square edge,,Color,Malted Barley,,Collection,Select 2.0,,Board Type,decking,,Surface,,,,,,,,,,,,,,,,,,,,,,,,,,,,,,,,,,,,,,,,,,,,,,,,,,,,,,,,,,,,,,,,,,,,,,,,,,,,,,,,,,,,,,,,,,,,,,,,,,,,,,,,,,,,,,,,,,,,,,,,,,,,,,,,,30103604,,,,,,16,ft,,,6,in,,,,,,,,,,,,,,,,,,,,,,,,,,,,,,,,
,,,,,,,Building Materials,Decking & Railing,Composite & PVC Decking,,543005020,7/8nx6-20' Malted Barley Sq Edge - Trex Select 2.0 Decking,TREX,-- No Unilog Brand --,-- No DIB Brand --,Boise Cascade Building Materials (BOICA),Boise Cascade Building Materials,TREX,,543005020,,Building Materials>Decking & Porch>Deck Boards,"Boise Cascade Building Materials TREX, Composite Decking, 543005020",COMPOSITE DECKING 7/8IN 6IN 20FT TREX,"TREX 543005020 Composite Decking, 7/8 in Nominal Thickness, 6 in Nominal Width, 20 ft Length, Trex","TREX Composite Decking, 7/8 in Nominal Thickness, 6 in Nominal Width, 20 ft Length, Trex, square edge Edge Profile, Malted Barley, Select 2.0 Collection, decking Board Type","Composite Decking, 7/8 in Nominal Thickness, 6 in Nominal Width, 20 ft Length, Trex, square edge Edge Profile",,7/8 in,6 in,20 ft,,,,,,,,,,,,,,,,,,,,,,,,Nominal Thickness,7/8,in,Nominal Width,6,in,Length,20,ft,Material,Trex,,Edge Profile,square edge,,Color,Malted Barley,,Collection,Select 2.0,,Board Type,decking,,Surface,,,,,,,,,,,,,,,,,,,,,,,,,,,,,,,,,,,,,,,,,,,,,,,,,,,,,,,,,,,,,,,,,,,,,,,,,,,,,,,,,,,,,,,,,,,,,,,,,,,,,,,,,,,,,,,,,,,,,,,,,,,,,,,,,30103604,,,,,,20,ft,,,6,in,,,,,,,,,,,,,,,,,,,,,,,,,,,,,,,,
,,,,,,,Building Materials,Decking & Railing,Composite & PVC Decking,,543005412,7/8nx6-12' Malted Barley Grooved - Trex Select 2.0 Decking,TREX,-- No Unilog Brand --,-- No DIB Brand --,Boise Cascade Building Materials (BOICA),Boise Cascade Building Materials,TREX,,543005412,,Building Materials>Decking & Porch>Deck Boards,"Boise Cascade Building Materials TREX, Composite Decking, 543005412",COMPOSITE DECKING 7/8IN 6IN 12FT TREX,"TREX 543005412 Composite Decking, 7/8 in Nominal Thickness, 6 in Nominal Width, 12 ft Length, Trex, grooved Edge Profile","TREX Composite Decking, 7/8 in Nominal Thickness, 6 in Nominal Width, 12 ft Length, Trex, grooved Edge Profile, Malted Barley, Select 2.0 Collection, decking Board Type, Grooved Surface","Composite Decking, 7/8 in Nominal Thickness, 6 in Nominal Width, 12 ft Length, Trex, grooved Edge Profile, Malted Barley",,7/8 in,6 in,12 ft,,,,,,,,,,,,,,,,,,,,,,,,Nominal Thickness,7/8,in,Nominal Width,6,in,Length,12,ft,Material,Trex,,Edge Profile,grooved,,Color,Malted Barley,,Collection,Select 2.0,,Board Type,decking,,Surface,Grooved,,,,,,,,,,,,,,,,,,,,,,,,,,,,,,,,,,,,,,,,,,,,,,,,,,,,,,,,,,,,,,,,,,,,,,,,,,,,,,,,,,,,,,,,,,,,,,,,,,,,,,,,,,,,,,,,,,,,,,,,,,,,,,,,30103604,,,,,,12,ft,,,6,in,,,,,,,,,,,,,,,,,,,,,,,,,,,,,,,,
,,,,,,,Building Materials,Decking & Railing,Composite & PVC Decking,,543005416,7/8nx6-16' Malted Barley Grooved - Trex Select 2.0 Decking,TREX,-- No Unilog Brand --,-- No DIB Brand --,Boise Cascade Building Materials (BOICA),Boise Cascade Building Materials,TREX,,543005416,,Building Materials>Decking & Porch>Deck Boards,"Boise Cascade Building Materials TREX, Composite Decking, 543005416",COMPOSITE DECKING 7/8IN 6IN 16FT TREX,"TREX 543005416 Composite Decking, 7/8 in Nominal Thickness, 6 in Nominal Width, 16 ft Length, Trex, grooved Edge Profile","TREX Composite Decking, 7/8 in Nominal Thickness, 6 in Nominal Width, 16 ft Length, Trex, grooved Edge Profile, Malted Barley, Select 2.0 Collection, decking Board Type, Grooved Surface","Composite Decking, 7/8 in Nominal Thickness, 6 in Nominal Width, 16 ft Length, Trex, grooved Edge Profile, Malted Barley",,7/8 in,6 in,16 ft,,,,,,,,,,,,,,,,,,,,,,,,Nominal Thickness,7/8,in,Nominal Width,6,in,Length,16,ft,Material,Trex,,Edge Profile,grooved,,Color,Malted Barley,,Collection,Select 2.0,,Board Type,decking,,Surface,Grooved,,,,,,,,,,,,,,,,,,,,,,,,,,,,,,,,,,,,,,,,,,,,,,,,,,,,,,,,,,,,,,,,,,,,,,,,,,,,,,,,,,,,,,,,,,,,,,,,,,,,,,,,,,,,,,,,,,,,,,,,,,,,,,,,30103604,,,,,,16,ft,,,6,in,,,,,,,,,,,,,,,,,,,,,,,,,,,,,,,,
,,,,,,,Building Materials,Decking & Railing,Composite & PVC Decking,,543005420,7/8nx6-20' Malted Barley Grooved - Trex Select 2.0 Decking,TREX,-- No Unilog Brand --,-- No DIB Brand --,Boise Cascade Building Materials (BOICA),Boise Cascade Building Materials,TREX,,543005420,,Building Materials>Decking & Porch>Deck Boards,"Boise Cascade Building Materials TREX, Composite Decking, 543005420",COMPOSITE DECKING 7/8IN 6IN 20FT TREX,"TREX 543005420 Composite Decking, 7/8 in Nominal Thickness, 6 in Nominal Width, 20 ft Length, Trex, grooved Edge Profile","TREX Composite Decking, 7/8 in Nominal Thickness, 6 in Nominal Width, 20 ft Length, Trex, grooved Edge Profile, Malted Barley, Select 2.0 Collection, decking Board Type, Grooved Surface","Composite Decking, 7/8 in Nominal Thickness, 6 in Nominal Width, 20 ft Length, Trex, grooved Edge Profile, Malted Barley",,7/8 in,6 in,20 ft,,,,,,,,,,,,,,,,,,,,,,,,Nominal Thickness,7/8,in,Nominal Width,6,in,Length,20,ft,Material,Trex,,Edge Profile,grooved,,Color,Malted Barley,,Collection,Select 2.0,,Board Type,decking,,Surface,Grooved,,,,,,,,,,,,,,,,,,,,,,,,,,,,,,,,,,,,,,,,,,,,,,,,,,,,,,,,,,,,,,,,,,,,,,,,,,,,,,,,,,,,,,,,,,,,,,,,,,,,,,,,,,,,,,,,,,,,,,,,,,,,,,,,30103604,,,,,,20,ft,,,6,in,,,,,,,,,,,,,,,,,,,,,,,,,,,,,,,,
,,,,,,,Building Materials,Decking & Railing,Composite & PVC Decking,,1516891,7/8nx6-16' Millstone Sq Edge - Trex Select 2.0 Decking,TREX,-- No Unilog Brand --,-- No DIB Brand --,Boise Cascade Building Materials (BOICA),Boise Cascade Building Materials,TREX,,1516891,,Building Materials>Decking & Porch>Deck Boards,"Boise Cascade Building Materials TREX, Composite Decking, 1516891",COMPOSITE DECKING 7/8IN 6IN 16FT TREX,"TREX 1516891 Composite Decking, 7/8 in Nominal Thickness, 6 in Nominal Width, 16 ft Length, Trex","TREX Composite Decking, 7/8 in Nominal Thickness, 6 in Nominal Width, 16 ft Length, Trex, square edge Edge Profile, Millstone, Select 2.0 Collection, decking Board Type, Trex Select 2.0 Surface","Composite Decking, 7/8 in Nominal Thickness, 6 in Nominal Width, 16 ft Length, Trex, square edge Edge Profile, Millstone",,7/8 in,6 in,16 ft,,,,,,,,,,,,,,,,,,,,,,,,Nominal Thickness,7/8,in,Nominal Width,6,in,Length,16,ft,Material,Trex,,Edge Profile,square edge,,Color,Millstone,,Collection,Select 2.0,,Board Type,decking,,Surface,Trex Select 2.0,,,,,,,,,,,,,,,,,,,,,,,,,,,,,,,,,,,,,,,,,,,,,,,,,,,,,,,,,,,,,,,,,,,,,,,,,,,,,,,,,,,,,,,,,,,,,,,,,,,,,,,,,,,,,,,,,,,,,,,,,,,,,,,,30103604,,,,,,16,ft,,,6,in,,,,,,,,,,,,,,,,,,,,,,,,,,,,,,,,
,,,,,,,Building Materials,Decking & Railing,Composite & PVC Decking,,1516892,7/8nx6-20' Millstone Sq Edge -Trex Select 2.0 Decking,TREX,-- No Unilog Brand --,-- No DIB Brand --,Boise Cascade Building Materials (BOICA),Boise Cascade Building Materials,TREX,,1516892,,Building Materials>Decking & Porch>Deck Boards,"Boise Cascade Building Materials TREX, Composite Decking, 1516892",COMPOSITE DECKING 7/8IN 6IN 20FT TREX,"TREX 1516892 Composite Decking, 7/8 in Nominal Thickness, 6 in Nominal Width, 20 ft Length, Trex","TREX Composite Decking, 7/8 in Nominal Thickness, 6 in Nominal Width, 20 ft Length, Trex, square edge Edge Profile, Millstone, Select 2.0 Collection, decking Board Type, Trex Select 2.0 Surface","Composite Decking, 7/8 in Nominal Thickness, 6 in Nominal Width, 20 ft Length, Trex, square edge Edge Profile, Millstone",,7/8 in,6 in,20 ft,,,,,,,,,,,,,,,,,,,,,,,,Nominal Thickness,7/8,in,Nominal Width,6,in,Length,20,ft,Material,Trex,,Edge Profile,square edge,,Color,Millstone,,Collection,Select 2.0,,Board Type,decking,,Surface,Trex Select 2.0,,,,,,,,,,,,,,,,,,,,,,,,,,,,,,,,,,,,,,,,,,,,,,,,,,,,,,,,,,,,,,,,,,,,,,,,,,,,,,,,,,,,,,,,,,,,,,,,,,,,,,,,,,,,,,,,,,,,,,,,,,,,,,,,30103604,,,,,,20,ft,,,6,in,,,,,,,,,,,,,,,,,,,,,,,,,,,,,,,,
,,,,,,,Building Materials,Decking & Railing,Composite & PVC Decking,,1516893,7/8nx6-12' Millstone Grooved - Trex Select 2.0 Decking,TREX,-- No Unilog Brand --,-- No DIB Brand --,Boise Cascade Building Materials (BOICA),Boise Cascade Building Materials,TREX,,1516893,,Building Materials>Decking & Porch>Deck Boards,"Boise Cascade Building Materials TREX, Composite Decking, 1516893",COMPOSITE DECKING 7/8IN 6IN 12FT TREX,"TREX 1516893 Composite Decking, 7/8 in Nominal Thickness, 6 in Nominal Width, 12 ft Length, Trex, grooved Edge Profile","TREX Composite Decking, 7/8 in Nominal Thickness, 6 in Nominal Width, 12 ft Length, Trex, grooved Edge Profile, Millstone, Select 2.0 Collection, decking Board Type, Trex Select 2.0 Surface","Composite Decking, 7/8 in Nominal Thickness, 6 in Nominal Width, 12 ft Length, Trex, grooved Edge Profile, Millstone",,7/8 in,6 in,12 ft,,,,,,,,,,,,,,,,,,,,,,,,Nominal Thickness,7/8,in,Nominal Width,6,in,Length,12,ft,Material,Trex,,Edge Profile,grooved,,Color,Millstone,,Collection,Select 2.0,,Board Type,decking,,Surface,Trex Select 2.0,,,,,,,,,,,,,,,,,,,,,,,,,,,,,,,,,,,,,,,,,,,,,,,,,,,,,,,,,,,,,,,,,,,,,,,,,,,,,,,,,,,,,,,,,,,,,,,,,,,,,,,,,,,,,,,,,,,,,,,,,,,,,,,,30103604,,,,,,12,ft,,,6,in,,,,,,,,,,,,,,,,,,,,,,,,,,,,,,,,
,,,,,,,Building Materials,Decking & Railing,Composite & PVC Decking,,1516894,7/8nx6-16' Millstone Grooved - Trex Select 2.0 Decking,TREX,-- No Unilog Brand --,-- No DIB Brand --,Boise Cascade Building Materials (BOICA),Boise Cascade Building Materials,TREX,,1516894,,Building Materials>Decking & Porch>Deck Boards,"Boise Cascade Building Materials TREX, Composite Decking, 1516894",COMPOSITE DECKING 7/8IN 6IN 16FT TREX,"TREX 1516894 Composite Decking, 7/8 in Nominal Thickness, 6 in Nominal Width, 16 ft Length, Trex, grooved Edge Profile","TREX Composite Decking, 7/8 in Nominal Thickness, 6 in Nominal Width, 16 ft Length, Trex, grooved Edge Profile, Millstone, Select 2.0 Collection, decking Board Type, Trex Select 2.0 Surface","Composite Decking, 7/8 in Nominal Thickness, 6 in Nominal Width, 16 ft Length, Trex, grooved Edge Profile, Millstone",,7/8 in,6 in,16 ft,,,,,,,,,,,,,,,,,,,,,,,,Nominal Thickness,7/8,in,Nominal Width,6,in,Length,16,ft,Material,Trex,,Edge Profile,grooved,,Color,Millstone,,Collection,Select 2.0,,Board Type,decking,,Surface,Trex Select 2.0,,,,,,,,,,,,,,,,,,,,,,,,,,,,,,,,,,,,,,,,,,,,,,,,,,,,,,,,,,,,,,,,,,,,,,,,,,,,,,,,,,,,,,,,,,,,,,,,,,,,,,,,,,,,,,,,,,,,,,,,,,,,,,,,30103604,,,,,,16,ft,,,6,in,,,,,,,,,,,,,,,,,,,,,,,,,,,,,,,,
,,,,,,,Building Materials,Decking & Railing,Composite & PVC Decking,,1516895,7/8nx6-20' Millstone Grooved - Trex Select 2.0 Decking,TREX,-- No Unilog Brand --,-- No DIB Brand --,Boise Cascade Building Materials (BOICA),Boise Cascade Building Materials,TREX,,1516895,,Building Materials>Decking & Porch>Deck Boards,"Boise Cascade Building Materials TREX, Composite Decking, 1516895",COMPOSITE DECKING 7/8IN 6IN 20FT TREX,"TREX 1516895 Composite Decking, 7/8 in Nominal Thickness, 6 in Nominal Width, 20 ft Length, Trex, grooved Edge Profile","TREX Composite Decking, 7/8 in Nominal Thickness, 6 in Nominal Width, 20 ft Length, Trex, grooved Edge Profile, Millstone, Select 2.0 Collection, decking Board Type, Trex Select 2.0 Surface","Composite Decking, 7/8 in Nominal Thickness, 6 in Nominal Width, 20 ft Length, Trex, grooved Edge Profile, Millstone",,7/8 in,6 in,20 ft,,,,,,,,,,,,,,,,,,,,,,,,Nominal Thickness,7/8,in,Nominal Width,6,in,Length,20,ft,Material,Trex,,Edge Profile,grooved,,Color,Millstone,,Collection,Select 2.0,,Board Type,decking,,Surface,Trex Select 2.0,,,,,,,,,,,,,,,,,,,,,,,,,,,,,,,,,,,,,,,,,,,,,,,,,,,,,,,,,,,,,,,,,,,,,,,,,,,,,,,,,,,,,,,,,,,,,,,,,,,,,,,,,,,,,,,,,,,,,,,,,,,,,,,,30103604,,,,,,20,ft,,,6,in,,,,,,,,,,,,,,,,,,,,,,,,,,,,,,,,
,,,,,,,Building Materials,Decking & Railing,Composite & PVC Decking,,543007016,7/8nx6-16' Whiskey Barrel Sq Edge - Trex Select 2.0 Decking,TREX,-- No Unilog Brand --,-- No DIB Brand --,Boise Cascade Building Materials (BOICA),Boise Cascade Building Materials,TREX,,543007016,,Building Materials>Decking & Porch>Deck Boards,"Boise Cascade Building Materials TREX, Composite Decking, 543007016",COMPOSITE DECKING 7/8IN 6IN 16FT TREX N,"TREX 543007016 Composite Decking, 7/8 in Nominal Thickness, 6 in Nominal Width, 16 ft Length, Trex","TREX Composite Decking, 7/8 in Nominal Thickness, 6 in Nominal Width, 16 ft Length, Trex, square edge Edge Profile, Whiskey Barrel, Select 2.0 Collection, decking Board Type, n Surface","Composite Decking, 7/8 in Nominal Thickness, 6 in Nominal Width, 16 ft Length, Trex, square edge Edge Profile",,7/8 in,6 in,16 ft,,,,,,,,,,,,,,,,,,,,,,,,Nominal Thickness,7/8,in,Nominal Width,6,in,Length,16,ft,Material,Trex,,Edge Profile,square edge,,Color,Whiskey Barrel,,Collection,Select 2.0,,Board Type,decking,,Surface,n,,,,,,,,,,,,,,,,,,,,,,,,,,,,,,,,,,,,,,,,,,,,,,,,,,,,,,,,,,,,,,,,,,,,,,,,,,,,,,,,,,,,,,,,,,,,,,,,,,,,,,,,,,,,,,,,,,,,,,,,,,,,,,,,30103604,,,,,,16,ft,,,6,in,,,,,,,,,,,,,,,,,,,,,,,,,,,,,,,,
,,,,,,,Building Materials,Decking & Railing,Composite & PVC Decking,,543007020,7/8nx6-20' Whiskey Barrel Sq Edge - Trex Select 2.0 Decking,TREX,-- No Unilog Brand --,-- No DIB Brand --,Boise Cascade Building Materials (BOICA),Boise Cascade Building Materials,TREX,,543007020,,Building Materials>Decking & Porch>Deck Boards,"Boise Cascade Building Materials TREX, Composite Decking, 543007020",COMPOSITE DECKING 7/8IN 6IN 20FT TREX N,"TREX 543007020 Composite Decking, 7/8 in Nominal Thickness, 6 in Nominal Width, 20 ft Length, Trex","TREX Composite Decking, 7/8 in Nominal Thickness, 6 in Nominal Width, 20 ft Length, Trex, square edge Edge Profile, Whiskey Barrel, Select 2.0 Collection, decking Board Type, n Surface","Composite Decking, 7/8 in Nominal Thickness, 6 in Nominal Width, 20 ft Length, Trex, square edge Edge Profile",,7/8 in,6 in,20 ft,,,,,,,,,,,,,,,,,,,,,,,,Nominal Thickness,7/8,in,Nominal Width,6,in,Length,20,ft,Material,Trex,,Edge Profile,square edge,,Color,Whiskey Barrel,,Collection,Select 2.0,,Board Type,decking,,Surface,n,,,,,,,,,,,,,,,,,,,,,,,,,,,,,,,,,,,,,,,,,,,,,,,,,,,,,,,,,,,,,,,,,,,,,,,,,,,,,,,,,,,,,,,,,,,,,,,,,,,,,,,,,,,,,,,,,,,,,,,,,,,,,,,,30103604,,,,,,20,ft,,,6,in,,,,,,,,,,,,,,,,,,,,,,,,,,,,,,,,
,,,,,,,Building Materials,Decking & Railing,Composite & PVC Decking,,543007412,7/8nx6-12' Whiskey Barrel Grooved - Trex Select 2.0 Decking,TREX,-- No Unilog Brand --,-- No DIB Brand --,Boise Cascade Building Materials (BOICA),Boise Cascade Building Materials,TREX,,543007412,,Building Materials>Decking & Porch>Deck Boards,"Boise Cascade Building Materials TREX, Composite Decking, 543007412",COMPOSITE DECKING 7/8IN 6IN 12FT TREX,"TREX 543007412 Composite Decking, 7/8 in Nominal Thickness, 6 in Nominal Width, 12 ft Length, Trex, grooved Edge Profile","TREX Composite Decking, 7/8 in Nominal Thickness, 6 in Nominal Width, 12 ft Length, Trex, grooved Edge Profile, Select 2.0, Trex Select 2.0 Decking Collection","Composite Decking, 7/8 in Nominal Thickness, 6 in Nominal Width, 12 ft Length, Trex, grooved Edge Profile, Select 2.0",,7/8 in,6 in,12 ft,,,,,,,,,,,,,,,,,,,,,,,,Nominal Thickness,7/8,in,Nominal Width,6,in,Length,12,ft,Material,Trex,,Edge Profile,grooved,,Color,Select 2.0,,Collection,Trex Select 2.0 Decking,,Board Type,,,Surface,,,,,,,,,,,,,,,,,,,,,,,,,,,,,,,,,,,,,,,,,,,,,,,,,,,,,,,,,,,,,,,,,,,,,,,,,,,,,,,,,,,,,,,,,,,,,,,,,,,,,,,,,,,,,,,,,,,,,,,,,,,,,,,,,30103604,,,,,,12,ft,,,6,in,,,,,,,,,,,,,,,,,,,,,,,,,,,,,,,,
,,,,,,,Building Materials,Decking & Railing,Composite & PVC Decking,,543007416,7/8nx6-16' Whiskey Barrel Grooved - Trex Select 2.0 Decking,TREX,-- No Unilog Brand --,-- No DIB Brand --,Boise Cascade Building Materials (BOICA),Boise Cascade Building Materials,TREX,,543007416,,Building Materials>Decking & Porch>Deck Boards,"Boise Cascade Building Materials TREX, Composite Decking, 543007416",COMPOSITE DECKING 7/8IN 6IN 16FT TREX,"TREX 543007416 Composite Decking, 7/8 in Nominal Thickness, 6 in Nominal Width, 16 ft Length, Trex, grooved Edge Profile","TREX Composite Decking, 7/8 in Nominal Thickness, 6 in Nominal Width, 16 ft Length, Trex, grooved Edge Profile, Select 2.0, Select Collection, decking Board Type, Trex Select 2.0 Surface","Composite Decking, 7/8 in Nominal Thickness, 6 in Nominal Width, 16 ft Length, Trex, grooved Edge Profile, Select 2.0",,7/8 in,6 in,16 ft,,,,,,,,,,,,,,,,,,,,,,,,Nominal Thickness,7/8,in,Nominal Width,6,in,Length,16,ft,Material,Trex,,Edge Profile,grooved,,Color,Select 2.0,,Collection,Select,,Board Type,decking,,Surface,Trex Select 2.0,,,,,,,,,,,,,,,,,,,,,,,,,,,,,,,,,,,,,,,,,,,,,,,,,,,,,,,,,,,,,,,,,,,,,,,,,,,,,,,,,,,,,,,,,,,,,,,,,,,,,,,,,,,,,,,,,,,,,,,,,,,,,,,,30103604,,,,,,16,ft,,,6,in,,,,,,,,,,,,,,,,,,,,,,,,,,,,,,,,
,,,,,,,Building Materials,Decking & Railing,Composite & PVC Decking,,543007420,7/8nx6-20' Whiskey Barrel Grooved - Trex Select 2.0 Decking,TREX,-- No Unilog Brand --,-- No DIB Brand --,Boise Cascade Building Materials (BOICA),Boise Cascade Building Materials,TREX,,543007420,,Building Materials>Decking & Porch>Deck Boards,"Boise Cascade Building Materials TREX, Composite Decking, 543007420",COMPOSITE DECKING 7/8IN 6IN 20FT TREX,"TREX 543007420 Composite Decking, 7/8 in Nominal Thickness, 6 in Nominal Width, 20 ft Length, Trex, grooved Edge Profile","TREX Composite Decking, 7/8 in Nominal Thickness, 6 in Nominal Width, 20 ft Length, Trex, grooved Edge Profile, Select 2.0, Select Collection, decking Board Type, Trex Select 2.0 Surface","Composite Decking, 7/8 in Nominal Thickness, 6 in Nominal Width, 20 ft Length, Trex, grooved Edge Profile, Select 2.0",,7/8 in,6 in,20 ft,,,,,,,,,,,,,,,,,,,,,,,,Nominal Thickness,7/8,in,Nominal Width,6,in,Length,20,ft,Material,Trex,,Edge Profile,grooved,,Color,Select 2.0,,Collection,Select,,Board Type,decking,,Surface,Trex Select 2.0,,,,,,,,,,,,,,,,,,,,,,,,,,,,,,,,,,,,,,,,,,,,,,,,,,,,,,,,,,,,,,,,,,,,,,,,,,,,,,,,,,,,,,,,,,,,,,,,,,,,,,,,,,,,,,,,,,,,,,,,,,,,,,,,30103604,,,,,,20,ft,,,6,in,,,,,,,,,,,,,,,,,,,,,,,,,,,,,,,,
,,,,,,,Building Materials,Decking & Railing,Composite & PVC Decking,,ADR5117512CS,1x12-12' Coastline - Vintage Azek PVC Fascia,TIMBERTECH,-- No Unilog Brand --,-- No DIB Brand --,Parksite (6151),Parksite,TIMBERTECH,,ADR5117512CS,,Building Materials>Decking & Porch>Deck Boards,"Parksite TIMBERTECH, Composite Decking, ADR5117512CS, 1 in Nominal Thickness",COMPOSITE DECKING 1IN 12IN 12FT PVC AZEK,"TIMBERTECH ADR5117512CS Composite Decking, 1 in Nominal Thickness, 12 in Nominal Width, 12 ft Length, PVC","TIMBERTECH Composite Decking, 1 in Nominal Thickness, 12 in Nominal Width, 12 ft Length, PVC, Fascia Edge Profile, Coastline, Vintage Collection, Azek Board Type","Composite Decking, 1 in Nominal Thickness, 12 in Nominal Width, 12 ft Length, PVC, Fascia Edge Profile, Coastline",,1 in,12 in,12 ft,,,,,,,,,,,,,,,,,,,,,,,,Nominal Thickness,1,in,Nominal Width,12,in,Length,12,ft,Material,PVC,,Edge Profile,Fascia,,Color,Coastline,,Collection,Vintage,,Board Type,Azek,,Surface,,,,,,,,,,,,,,,,,,,,,,,,,,,,,,,,,,,,,,,,,,,,,,,,,,,,,,,,,,,,,,,,,,,,,,,,,,,,,,,,,,,,,,,,,,,,,,,,,,,,,,,,,,,,,,,,,,,,,,,,,,,,,,,,,30103604,,,,,,12,ft,,,12,in,,,,,,,,,,,,,,,,,,,,,,,,,,,,,,,,
,,,,,,,Building Materials,Decking & Railing,Composite & PVC Decking,,ADR5117512MH,1x12-12' Mahogany - Vintage Azek PVC Fascia,TIMBERTECH,-- No Unilog Brand --,-- No DIB Brand --,Parksite (6151),Parksite,TIMBERTECH,,ADR5117512MH,,Building Materials>Decking & Porch>Deck Boards,"Parksite TIMBERTECH, Composite Decking, ADR5117512MH, 1 in Nominal Thickness",COMPOSITE DECKING 1IN 12IN 12FT PVC,"TIMBERTECH ADR5117512MH Composite Decking, 1 in Nominal Thickness, 12 in Nominal Width, 12 ft Length, PVC","TIMBERTECH Composite Decking, 1 in Nominal Thickness, 12 in Nominal Width, 12 ft Length, PVC, Fascia Edge Profile, Vintage, Vintage Collection, fascia Board Type, Mahogany Surface","Composite Decking, 1 in Nominal Thickness, 12 in Nominal Width, 12 ft Length, PVC, Fascia Edge Profile, Vintage",,1 in,12 in,12 ft,,,,,,,,,,,,,,,,,,,,,,,,Nominal Thickness,1,in,Nominal Width,12,in,Length,12,ft,Material,PVC,,Edge Profile,Fascia,,Color,Vintage,,Collection,Vintage,,Board Type,fascia,,Surface,Mahogany,,,,,,,,,,,,,,,,,,,,,,,,,,,,,,,,,,,,,,,,,,,,,,,,,,,,,,,,,,,,,,,,,,,,,,,,,,,,,,,,,,,,,,,,,,,,,,,,,,,,,,,,,,,,,,,,,,,,,,,,,,,,,,,,30103604,,,,,,12,ft,,,12,in,,,,,,,,,,,,,,,,,,,,,,,,,,,,,,,,
,,,,,,,Building Materials,Decking & Railing,Composite & PVC Decking,,ADR5117512WT,1x12-12' Weathered Teak - Vintage Azek PVC Fascia,TIMBERTECH,-- No Unilog Brand --,-- No DIB Brand --,Parksite (6151),Parksite,TIMBERTECH,,ADR5117512WT,,Building Materials>Decking & Porch>Deck Boards,"Parksite TIMBERTECH, Composite Decking, ADR5117512WT, 1 in Nominal Thickness",COMPOSITE DECKING 1IN 12IN 12FT PVC AZEK,"TIMBERTECH ADR5117512WT Composite Decking, 1 in Nominal Thickness, 12 in Nominal Width, 12 ft Length, PVC","TIMBERTECH Composite Decking, 1 in Nominal Thickness, 12 in Nominal Width, 12 ft Length, PVC, Fascia Edge Profile, Weathered Teak, Vintage Collection, Azek Board Type, Fascia Surface","Composite Decking, 1 in Nominal Thickness, 12 in Nominal Width, 12 ft Length, PVC, Fascia Edge Profile, Weathered Teak",,1 in,12 in,12 ft,,,,,,,,,,,,,,,,,,,,,,,,Nominal Thickness,1,in,Nominal Width,12,in,Length,12,ft,Material,PVC,,Edge Profile,Fascia,,Color,Weathered Teak,,Collection,Vintage,,Board Type,Azek,,Surface,Fascia,,,,,,,,,,,,,,,,,,,,,,,,,,,,,,,,,,,,,,,,,,,,,,,,,,,,,,,,,,,,,,,,,,,,,,,,,,,,,,,,,,,,,,,,,,,,,,,,,,,,,,,,,,,,,,,,,,,,,,,,,,,,,,,,30103604,,,,,,12,ft,,,12,in,,,,,,,,,,,,,,,,,,,,,,,,,,,,,,,,
,,,,,,,Building Materials,Decking & Railing,Composite & PVC Decking,,ADR5117512AW,1x12-12' American Walnut - Landmark Azek PVC Fascia,TIMBERTECH,-- No Unilog Brand --,-- No DIB Brand --,Parksite (6151),Parksite,TIMBERTECH,,ADR5117512AW,,Building Materials>Decking & Porch>Deck Boards,"Parksite TIMBERTECH, Composite Decking, ADR5117512AW, 1 in Nominal Thickness",COMPOSITE DECKING 1IN 12IN 12FT PVC AZEK,"TIMBERTECH ADR5117512AW Composite Decking, 1 in Nominal Thickness, 12 in Nominal Width, 12 ft Length, PVC","TIMBERTECH Composite Decking, 1 in Nominal Thickness, 12 in Nominal Width, 12 ft Length, PVC, Fascia Edge Profile, American Walnut, Landmark Collection, Azek Board Type","Composite Decking, 1 in Nominal Thickness, 12 in Nominal Width, 12 ft Length, PVC, Fascia Edge Profile, American Walnut",,1 in,12 in,12 ft,,,,,,,,,,,,,,,,,,,,,,,,Nominal Thickness,1,in,Nominal Width,12,in,Length,12,ft,Material,PVC,,Edge Profile,Fascia,,Color,American Walnut,,Collection,Landmark,,Board Type,Azek,,Surface,,,,,,,,,,,,,,,,,,,,,,,,,,,,,,,,,,,,,,,,,,,,,,,,,,,,,,,,,,,,,,,,,,,,,,,,,,,,,,,,,,,,,,,,,,,,,,,,,,,,,,,,,,,,,,,,,,,,,,,,,,,,,,,,,30103604,,,,,,12,ft,,,12,in,,,,,,,,,,,,,,,,,,,,,,,,,,,,,,,,
,,,,,,,Building Materials,Decking & Railing,Composite & PVC Decking,,ADR5117512CG,1x12-12' Castle Gate - Landmark Azek PVC Fascia,TIMBERTECH,-- No Unilog Brand --,-- No DIB Brand --,Parksite (6151),Parksite,TIMBERTECH,,ADR5117512CG,,Building Materials>Decking & Porch>Deck Boards,"Parksite TIMBERTECH, Composite Decking, ADR5117512CG, 1 in Nominal Thickness",COMPOSITE DECKING 1IN 12IN 12FT PVC AZEK,"TIMBERTECH ADR5117512CG Composite Decking, 1 in Nominal Thickness, 12 in Nominal Width, 12 ft Length, PVC","TIMBERTECH Composite Decking, 1 in Nominal Thickness, 12 in Nominal Width, 12 ft Length, PVC, Castle Gate Edge Profile, Landmark, Azek Collection, fascia Board Type, Castle Gate Surface","Composite Decking, 1 in Nominal Thickness, 12 in Nominal Width, 12 ft Length, PVC, Castle Gate Edge Profile, Landmark",,1 in,12 in,12 ft,,,,,,,,,,,,,,,,,,,,,,,,Nominal Thickness,1,in,Nominal Width,12,in,Length,12,ft,Material,PVC,,Edge Profile,Castle Gate,,Color,Landmark,,Collection,Azek,,Board Type,fascia,,Surface,Castle Gate,,,,,,,,,,,,,,,,,,,,,,,,,,,,,,,,,,,,,,,,,,,,,,,,,,,,,,,,,,,,,,,,,,,,,,,,,,,,,,,,,,,,,,,,,,,,,,,,,,,,,,,,,,,,,,,,,,,,,,,,,,,,,,,,30103604,,,,,,12,ft,,,12,in,,,,,,,,,,,,,,,,,,,,,,,,,,,,,,,,
,,,,,,,Building Materials,Decking & Railing,Composite & PVC Decking,,ADR5117512FW,1x12-12' French White Oak - Landmark Azek PVC Fascia,TIMBERTECH,-- No Unilog Brand --,-- No DIB Brand --,Parksite (6151),Parksite,TIMBERTECH,,ADR5117512FW,,Building Materials>Decking & Porch>Deck Boards,"Parksite TIMBERTECH, Composite Decking, ADR5117512FW, 1 in Nominal Thickness",COMPOSITE DECKING 1IN 12IN 12FT PVC AZEK,"TIMBERTECH ADR5117512FW Composite Decking, 1 in Nominal Thickness, 12 in Nominal Width, 12 ft Length, PVC","TIMBERTECH Composite Decking, 1 in Nominal Thickness, 12 in Nominal Width, 12 ft Length, PVC, Fascia Edge Profile, French White Oak, Landmark Collection, Azek Board Type","Composite Decking, 1 in Nominal Thickness, 12 in Nominal Width, 12 ft Length, PVC, Fascia Edge Profile, French White Oak",,1 in,12 in,12 ft,,,,,,,,,,,,,,,,,,,,,,,,Nominal Thickness,1,in,Nominal Width,12,in,Length,12,ft,Material,PVC,,Edge Profile,Fascia,,Color,French White Oak,,Collection,Landmark,,Board Type,Azek,,Surface,,,,,,,,,,,,,,,,,,,,,,,,,,,,,,,,,,,,,,,,,,,,,,,,,,,,,,,,,,,,,,,,,,,,,,,,,,,,,,,,,,,,,,,,,,,,,,,,,,,,,,,,,,,,,,,,,,,,,,,,,,,,,,,,,30103604,,,,,,12,ft,,,12,in,,,,,,,,,,,,,,,,,,,,,,,,,,,,,,,,
,,,,,,,Building Materials,Decking & Railing,Composite & PVC Decking,,1508395,1x8-12' Brownstone - Harvest Azek PVC Fascia,TIMBERTECH,-- No Unilog Brand --,-- No DIB Brand --,Parksite (6151),Parksite,TIMBERTECH,,1508395,,Building Materials>Decking & Porch>Deck Boards,"Parksite TIMBERTECH, Composite Decking, 1508395, 1 in Nominal Thickness",COMPOSITE DECKING 1IN 8IN 12FT PVC AZEK,"TIMBERTECH 1508395 Composite Decking, 1 in Nominal Thickness, 8 in Nominal Width, 12 ft Length, PVC, Fascia Edge Profile","TIMBERTECH Composite Decking, 1 in Nominal Thickness, 8 in Nominal Width, 12 ft Length, PVC, Fascia Edge Profile, Brownstone, Harvest Collection, Azek Board Type, Harvest Azek PVC Fascia Surface","Composite Decking, 1 in Nominal Thickness, 8 in Nominal Width, 12 ft Length, PVC, Fascia Edge Profile, Brownstone",,1 in,8 in,12 ft,,,,,,,,,,,,,,,,,,,,,,,,Nominal Thickness,1,in,Nominal Width,8,in,Length,12,ft,Material,PVC,,Edge Profile,Fascia,,Color,Brownstone,,Collection,Harvest,,Board Type,Azek,,Surface,Harvest Azek PVC Fascia,,,,,,,,,,,,,,,,,,,,,,,,,,,,,,,,,,,,,,,,,,,,,,,,,,,,,,,,,,,,,,,,,,,,,,,,,,,,,,,,,,,,,,,,,,,,,,,,,,,,,,,,,,,,,,,,,,,,,,,,,,,,,,,,30103604,,,,,,12,ft,,,8,in,,,,,,,,,,,,,,,,,,,,,,,,,,,,,,,,
,,,,,,,Building Materials,Decking & Railing,Composite & PVC Decking,,1508396,1x8-12' Slate Gray - Harvest Azek PVC Fascia,TIMBERTECH,-- No Unilog Brand --,-- No DIB Brand --,Parksite (6151),Parksite,TIMBERTECH,,1508396,,Building Materials>Decking & Porch>Deck Boards,"Parksite TIMBERTECH, Composite Decking, 1508396, 1 in Nominal Thickness",COMPOSITE DECKING 1IN 8IN 12FT PVC AZEK,"TIMBERTECH 1508396 Composite Decking, 1 in Nominal Thickness, 8 in Nominal Width, 12 ft Length, PVC, Fascia Edge Profile","TIMBERTECH Composite Decking, 1 in Nominal Thickness, 8 in Nominal Width, 12 ft Length, PVC, Fascia Edge Profile, Slate Gray, Harvest Collection, Azek Board Type, Slate Gray Surface","Composite Decking, 1 in Nominal Thickness, 8 in Nominal Width, 12 ft Length, PVC, Fascia Edge Profile, Slate Gray",,1 in,8 in,12 ft,,,,,,,,,,,,,,,,,,,,,,,,Nominal Thickness,1,in,Nominal Width,8,in,Length,12,ft,Material,PVC,,Edge Profile,Fascia,,Color,Slate Gray,,Collection,Harvest,,Board Type,Azek,,Surface,Slate Gray,,,,,,,,,,,,,,,,,,,,,,,,,,,,,,,,,,,,,,,,,,,,,,,,,,,,,,,,,,,,,,,,,,,,,,,,,,,,,,,,,,,,,,,,,,,,,,,,,,,,,,,,,,,,,,,,,,,,,,,,,,,,,,,,30103604,,,,,,12,ft,,,8,in,,,,,,,,,,,,,,,,,,,,,,,,,,,,,,,,
,,,,,,,Building Materials,Decking & Railing,Composite & PVC Decking,,ADCR5117512BS,1x12-12' Brownstone - Harvest Azek PVC Fascia,TIMBERTECH,-- No Unilog Brand --,-- No DIB Brand --,Parksite (6151),Parksite,TIMBERTECH,,ADCR5117512BS,,Building Materials>Decking & Porch>Deck Boards,"Parksite TIMBERTECH, Composite Decking, ADCR5117512BS, 1 in Nominal Thickness",COMPOSITE DECKING 1IN 12IN 12FT PVC AZEK,"TIMBERTECH ADCR5117512BS Composite Decking, 1 in Nominal Thickness, 12 in Nominal Width, 12 ft Length, PVC","TIMBERTECH Composite Decking, 1 in Nominal Thickness, 12 in Nominal Width, 12 ft Length, PVC, Fascia Edge Profile, Brownstone, Harvest Collection, Azek Board Type, Harvest Azek PVC Fascia Surface","Composite Decking, 1 in Nominal Thickness, 12 in Nominal Width, 12 ft Length, PVC, Fascia Edge Profile, Brownstone",,1 in,12 in,12 ft,,,,,,,,,,,,,,,,,,,,,,,,Nominal Thickness,1,in,Nominal Width,12,in,Length,12,ft,Material,PVC,,Edge Profile,Fascia,,Color,Brownstone,,Collection,Harvest,,Board Type,Azek,,Surface,Harvest Azek PVC Fascia,,,,,,,,,,,,,,,,,,,,,,,,,,,,,,,,,,,,,,,,,,,,,,,,,,,,,,,,,,,,,,,,,,,,,,,,,,,,,,,,,,,,,,,,,,,,,,,,,,,,,,,,,,,,,,,,,,,,,,,,,,,,,,,,30103604,,,,,,12,ft,,,12,in,,,,,,,,,,,,,,,,,,,,,,,,,,,,,,,,
,,,,,,,Building Materials,Decking & Railing,Composite & PVC Decking,,ADCR5117512SG,1x12-12' Slate Gray - Harvest Azek PVC Fascia,TIMBERTECH,-- No Unilog Brand --,-- No DIB Brand --,Parksite (6151),Parksite,TIMBERTECH,,ADCR5117512SG,,Building Materials>Decking & Porch>Deck Boards,"Parksite TIMBERTECH, Composite Decking, ADCR5117512SG, 1 in Nominal Thickness",COMPOSITE DECKING 1IN 12IN 12FT PVC AZEK,"TIMBERTECH ADCR5117512SG Composite Decking, 1 in Nominal Thickness, 12 in Nominal Width, 12 ft Length, PVC","TIMBERTECH Composite Decking, 1 in Nominal Thickness, 12 in Nominal Width, 12 ft Length, PVC, Fascia Edge Profile, Slate Gray, Harvest Collection, Azek Board Type, Slate Gray Surface","Composite Decking, 1 in Nominal Thickness, 12 in Nominal Width, 12 ft Length, PVC, Fascia Edge Profile, Slate Gray",,1 in,12 in,12 ft,,,,,,,,,,,,,,,,,,,,,,,,Nominal Thickness,1,in,Nominal Width,12,in,Length,12,ft,Material,PVC,,Edge Profile,Fascia,,Color,Slate Gray,,Collection,Harvest,,Board Type,Azek,,Surface,Slate Gray,,,,,,,,,,,,,,,,,,,,,,,,,,,,,,,,,,,,,,,,,,,,,,,,,,,,,,,,,,,,,,,,,,,,,,,,,,,,,,,,,,,,,,,,,,,,,,,,,,,,,,,,,,,,,,,,,,,,,,,,,,,,,,,,30103604,,,,,,12,ft,,,12,in,,,,,,,,,,,,,,,,,,,,,,,,,,,,,,,,
,,,,,,,Building Materials,Decking & Railing,Composite & PVC Decking,,543140908,1x8-12' Biscayne - Trex Lineage,TREX,-- No Unilog Brand --,-- No DIB Brand --,U S Lumber (3073),U S Lumber,TREX,,543140908,,Building Materials>Decking & Porch>Deck Boards,"U S Lumber TREX, Composite Decking, 543140908, 1 in Nominal Thickness",COMPOSITE DECKING 1IN 8IN 12FT TREX,"TREX 543140908 Composite Decking, 1 in Nominal Thickness, 8 in Nominal Width, 12 ft Length, Trex, Biscayne Edge Profile","TREX Composite Decking, 1 in Nominal Thickness, 8 in Nominal Width, 12 ft Length, Trex, Biscayne Edge Profile, Trex Lineage, Trex Lineage Collection, Trex Lineage Surface","Composite Decking, 1 in Nominal Thickness, 8 in Nominal Width, 12 ft Length, Trex, Biscayne Edge Profile, Trex Lineage",,1 in,8 in,12 ft,,,,,,,,,,,,,,,,,,,,,,,,Nominal Thickness,1,in,Nominal Width,8,in,Length,12,ft,Material,Trex,,Edge Profile,Biscayne,,Color,Trex Lineage,,Collection,Trex Lineage,,Board Type,,,Surface,Trex Lineage,,,,,,,,,,,,,,,,,,,,,,,,,,,,,,,,,,,,,,,,,,,,,,,,,,,,,,,,,,,,,,,,,,,,,,,,,,,,,,,,,,,,,,,,,,,,,,,,,,,,,,,,,,,,,,,,,,,,,,,,,,,,,,,,30103604,,,,,,12,ft,,,8,in,,,,,,,,,,,,,,,,,,,,,,,,,,,,,,,,
,,,,,,,Building Materials,Decking & Railing,Composite & PVC Decking,,543142908,1x8-12' Carmel - Trex Lineage,TREX,-- No Unilog Brand --,-- No DIB Brand --,U S Lumber (3073),U S Lumber,TREX,,543142908,,Building Materials>Decking & Porch>Deck Boards,"U S Lumber TREX, Composite Decking, 543142908, 1 in Nominal Thickness",COMPOSITE DECKING 1IN 8IN 12FT TREX,"TREX 543142908 Composite Decking, 1 in Nominal Thickness, 8 in Nominal Width, 12 ft Length, Trex, Lineage Edge Profile","TREX Composite Decking, 1 in Nominal Thickness, 8 in Nominal Width, 12 ft Length, Trex, Lineage Edge Profile, Carmel, Trex Lineage Collection, Trex Lineage Surface","Composite Decking, 1 in Nominal Thickness, 8 in Nominal Width, 12 ft Length, Trex, Lineage Edge Profile, Carmel",,1 in,8 in,12 ft,,,,,,,,,,,,,,,,,,,,,,,,Nominal Thickness,1,in,Nominal Width,8,in,Length,12,ft,Material,Trex,,Edge Profile,Lineage,,Color,Carmel,,Collection,Trex Lineage,,Board Type,,,Surface,Trex Lineage,,,,,,,,,,,,,,,,,,,,,,,,,,,,,,,,,,,,,,,,,,,,,,,,,,,,,,,,,,,,,,,,,,,,,,,,,,,,,,,,,,,,,,,,,,,,,,,,,,,,,,,,,,,,,,,,,,,,,,,,,,,,,,,,30103604,,,,,,12,ft,,,8,in,,,,,,,,,,,,,,,,,,,,,,,,,,,,,,,,
,,,,,,,Building Materials,Decking & Railing,Composite & PVC Decking,,543143908,1x8-12' Jasper - Trex Lineage,TREX,-- No Unilog Brand --,-- No DIB Brand --,U S Lumber (3073),U S Lumber,TREX,,543143908,,Building Materials>Decking & Porch>Deck Boards,"U S Lumber TREX, Composite Decking, 543143908, 1 in Nominal Thickness",COMPOSITE DECKING 1IN 8IN 12FT TREX,"TREX 543143908 Composite Decking, 1 in Nominal Thickness, 8 in Nominal Width, 12 ft Length, Trex, Jasper Edge Profile","TREX Composite Decking, 1 in Nominal Thickness, 8 in Nominal Width, 12 ft Length, Trex, Jasper Edge Profile, Trex Lineage, Trex Lineage Collection, Jasper Surface","Composite Decking, 1 in Nominal Thickness, 8 in Nominal Width, 12 ft Length, Trex, Jasper Edge Profile, Trex Lineage",,1 in,8 in,12 ft,,,,,,,,,,,,,,,,,,,,,,,,Nominal Thickness,1,in,Nominal Width,8,in,Length,12,ft,Material,Trex,,Edge Profile,Jasper,,Color,Trex Lineage,,Collection,Trex Lineage,,Board Type,,,Surface,Jasper,,,,,,,,,,,,,,,,,,,,,,,,,,,,,,,,,,,,,,,,,,,,,,,,,,,,,,,,,,,,,,,,,,,,,,,,,,,,,,,,,,,,,,,,,,,,,,,,,,,,,,,,,,,,,,,,,,,,,,,,,,,,,,,,30103604,,,,,,12,ft,,,8,in,,,,,,,,,,,,,,,,,,,,,,,,,,,,,,,,
,,,,,,,Building Materials,Decking & Railing,Composite & PVC Decking,,543140912,1x12-12' Biscayne - Trex Lineage,TREX,-- No Unilog Brand --,-- No DIB Brand --,U S Lumber (3073),U S Lumber,TREX,,543140912,,Building Materials>Decking & Porch>Deck Boards,"U S Lumber TREX, Composite Decking, 543140912, 1 in Nominal Thickness",COMPOSITE DECKING 1IN 12IN 12FT TREX,"TREX 543140912 Composite Decking, 1 in Nominal Thickness, 12 in Nominal Width, 12 ft Length, Trex, Biscayne Edge Profile","TREX Composite Decking, 1 in Nominal Thickness, 12 in Nominal Width, 12 ft Length, Trex, Biscayne Edge Profile, Trex Lineage, Trex Lineage Collection, Trex Lineage Surface","Composite Decking, 1 in Nominal Thickness, 12 in Nominal Width, 12 ft Length, Trex, Biscayne Edge Profile, Trex Lineage",,1 in,12 in,12 ft,,,,,,,,,,,,,,,,,,,,,,,,Nominal Thickness,1,in,Nominal Width,12,in,Length,12,ft,Material,Trex,,Edge Profile,Biscayne,,Color,Trex Lineage,,Collection,Trex Lineage,,Board Type,,,Surface,Trex Lineage,,,,,,,,,,,,,,,,,,,,,,,,,,,,,,,,,,,,,,,,,,,,,,,,,,,,,,,,,,,,,,,,,,,,,,,,,,,,,,,,,,,,,,,,,,,,,,,,,,,,,,,,,,,,,,,,,,,,,,,,,,,,,,,,30103604,,,,,,12,ft,,,12,in,,,,,,,,,,,,,,,,,,,,,,,,,,,,,,,,
,,,,,,,Building Materials,Decking & Railing,Composite & PVC Decking,,543142912,1x12-12' Carmel - Trex Lineage,TREX,-- No Unilog Brand --,-- No DIB Brand --,U S Lumber (3073),U S Lumber,TREX,,543142912,,Building Materials>Decking & Porch>Deck Boards,"U S Lumber TREX, Composite Decking, 543142912, 1 in Nominal Thickness",COMPOSITE DECKING 1IN 12IN 12FT TREX,"TREX 543142912 Composite Decking, 1 in Nominal Thickness, 12 in Nominal Width, 12 ft Length, Trex, Lineage Edge Profile","TREX Composite Decking, 1 in Nominal Thickness, 12 in Nominal Width, 12 ft Length, Trex, Lineage Edge Profile, Carmel, Trex Lineage Collection, Trex Lineage Surface","Composite Decking, 1 in Nominal Thickness, 12 in Nominal Width, 12 ft Length, Trex, Lineage Edge Profile, Carmel",,1 in,12 in,12 ft,,,,,,,,,,,,,,,,,,,,,,,,Nominal Thickness,1,in,Nominal Width,12,in,Length,12,ft,Material,Trex,,Edge Profile,Lineage,,Color,Carmel,,Collection,Trex Lineage,,Board Type,,,Surface,Trex Lineage,,,,,,,,,,,,,,,,,,,,,,,,,,,,,,,,,,,,,,,,,,,,,,,,,,,,,,,,,,,,,,,,,,,,,,,,,,,,,,,,,,,,,,,,,,,,,,,,,,,,,,,,,,,,,,,,,,,,,,,,,,,,,,,,30103604,,,,,,12,ft,,,12,in,,,,,,,,,,,,,,,,,,,,,,,,,,,,,,,,
,,,,,,,Building Materials,Decking & Railing,Composite & PVC Decking,,543143912,1x12-12' Jasper - Trex Lineage,TREX,-- No Unilog Brand --,-- No DIB Brand --,U S Lumber (3073),U S Lumber,TREX,,543143912,,Building Materials>Decking & Porch>Deck Boards,"U S Lumber TREX, Composite Decking, 543143912, 1 in Nominal Thickness",COMPOSITE DECKING 1IN 12IN 12FT TREX,"TREX 543143912 Composite Decking, 1 in Nominal Thickness, 12 in Nominal Width, 12 ft Length, Trex, Jasper Edge Profile","TREX Composite Decking, 1 in Nominal Thickness, 12 in Nominal Width, 12 ft Length, Trex, Jasper Edge Profile, Jasper, Lineage Collection, Trex Surface","Composite Decking, 1 in Nominal Thickness, 12 in Nominal Width, 12 ft Length, Trex, Jasper Edge Profile, Jasper",,1 in,12 in,12 ft,,,,,,,,,,,,,,,,,,,,,,,,Nominal Thickness,1,in,Nominal Width,12,in,Length,12,ft,Material,Trex,,Edge Profile,Jasper,,Color,Jasper,,Collection,Lineage,,Board Type,,,Surface,Trex,,,,,,,,,,,,,,,,,,,,,,,,,,,,,,,,,,,,,,,,,,,,,,,,,,,,,,,,,,,,,,,,,,,,,,,,,,,,,,,,,,,,,,,,,,,,,,,,,,,,,,,,,,,,,,,,,,,,,,,,,,,,,,,,30103604,,,,,,12,ft,,,12,in,,,,,,,,,,,,,,,,,,,,,,,,,,,,,,,,
,,,,,,,Building Materials,Decking & Railing,Composite & PVC Decking,,1513715,1x12-12' Hatteras - Trex Lineage,TREX,-- No Unilog Brand --,-- No DIB Brand --,Boise Cascade Building Materials (BOICA),Boise Cascade Building Materials,TREX,,1513715,,Building Materials>Decking & Porch>Deck Boards,"Boise Cascade Building Materials TREX, Composite Decking, 1513715",COMPOSITE DECKING 1IN 12IN 12FT TREX,"TREX 1513715 Composite Decking, 1 in Nominal Thickness, 12 in Nominal Width, 12 ft Length, Trex, Hatteras Edge Profile","TREX Composite Decking, 1 in Nominal Thickness, 12 in Nominal Width, 12 ft Length, Trex, Hatteras Edge Profile, Tre x Lineage, Trex Lineage Collection, Trex Lineage Surface","Composite Decking, 1 in Nominal Thickness, 12 in Nominal Width, 12 ft Length, Trex, Hatteras Edge Profile, Tre x Lineage",,1 in,12 in,12 ft,,,,,,,,,,,,,,,,,,,,,,,,Nominal Thickness,1,in,Nominal Width,12,in,Length,12,ft,Material,Trex,,Edge Profile,Hatteras,,Color,Tre x Lineage,,Collection,Trex Lineage,,Board Type,,,Surface,Trex Lineage,,,,,,,,,,,,,,,,,,,,,,,,,,,,,,,,,,,,,,,,,,,,,,,,,,,,,,,,,,,,,,,,,,,,,,,,,,,,,,,,,,,,,,,,,,,,,,,,,,,,,,,,,,,,,,,,,,,,,,,,,,,,,,,,30103604,,,,,,12,ft,,,12,in,,,,,,,,,,,,,,,,,,,,,,,,,,,,,,,,
,,,,,,,Building Materials,Decking & Railing,Composite & PVC Decking,,1513716,1x12-12' Salt Flat - Trex Lineage,TREX,-- No Unilog Brand --,-- No DIB Brand --,Boise Cascade Building Materials (BOICA),Boise Cascade Building Materials,TREX,,1513716,,Building Materials>Decking & Porch>Deck Boards,"Boise Cascade Building Materials TREX, Composite Decking, 1513716",COMPOSITE DECKING 1IN 12IN 12FT TREX,"TREX 1513716 Composite Decking, 1 in Nominal Thickness, 12 in Nominal Width, 12 ft Length, Trex, Salt Flat Edge Profile","TREX Composite Decking, 1 in Nominal Thickness, 12 in Nominal Width, 12 ft Length, Trex, Salt Flat Edge Profile, Trex Lineage, Trex Lineage Collection, Salt Flat Surface","Composite Decking, 1 in Nominal Thickness, 12 in Nominal Width, 12 ft Length, Trex, Salt Flat Edge Profile, Trex Lineage",,1 in,12 in,12 ft,,,,,,,,,,,,,,,,,,,,,,,,Nominal Thickness,1,in,Nominal Width,12,in,Length,12,ft,Material,Trex,,Edge Profile,Salt Flat,,Color,Trex Lineage,,Collection,Trex Lineage,,Board Type,,,Surface,Salt Flat,,,,,,,,,,,,,,,,,,,,,,,,,,,,,,,,,,,,,,,,,,,,,,,,,,,,,,,,,,,,,,,,,,,,,,,,,,,,,,,,,,,,,,,,,,,,,,,,,,,,,,,,,,,,,,,,,,,,,,,,,,,,,,,,30103604,,,,,,12,ft,,,12,in,,,,,,,,,,,,,,,,,,,,,,,,,,,,,,,,
,,,,,,,Building Materials,Decking & Railing,Composite & PVC Decking,,1513722,1x8-12' Honey Grove - Trex Enhance Naturals Fascia,TREX,-- No Unilog Brand --,-- No DIB Brand --,Boise Cascade Building Materials (BOICA),Boise Cascade Building Materials,TREX,,1513722,,Building Materials>Decking & Porch>Deck Boards,"Boise Cascade Building Materials TREX, Composite Decking, 1513722",COMPOSITE DECKING 1IN 8IN 12FT TREX,"TREX 1513722 Composite Decking, 1 in Nominal Thickness, 8 in Nominal Width, 12 ft Length, Trex, Fascia Edge Profile","TREX Composite Decking, 1 in Nominal Thickness, 8 in Nominal Width, 12 ft Length, Trex, Fascia Edge Profile, Honey Grove, Enhance Naturals Collection, fascia Board Type, Naturals Surface","Composite Decking, 1 in Nominal Thickness, 8 in Nominal Width, 12 ft Length, Trex, Fascia Edge Profile, Honey Grove",,1 in,8 in,12 ft,,,,,,,,,,,,,,,,,,,,,,,,Nominal Thickness,1,in,Nominal Width,8,in,Length,12,ft,Material,Trex,,Edge Profile,Fascia,,Color,Honey Grove,,Collection,Enhance Naturals,,Board Type,fascia,,Surface,Naturals,,,,,,,,,,,,,,,,,,,,,,,,,,,,,,,,,,,,,,,,,,,,,,,,,,,,,,,,,,,,,,,,,,,,,,,,,,,,,,,,,,,,,,,,,,,,,,,,,,,,,,,,,,,,,,,,,,,,,,,,,,,,,,,,30103604,,,,,,12,ft,,,8,in,,,,,,,,,,,,,,,,,,,,,,,,,,,,,,,,
,,,,,,,Building Materials,Decking & Railing,Composite & PVC Decking,,1513723,1x12-12' Honey Grove - Trex Enhance Naturals Fascia,TREX,-- No Unilog Brand --,-- No DIB Brand --,Boise Cascade Building Materials (BOICA),Boise Cascade Building Materials,TREX,,1513723,,Building Materials>Decking & Porch>Deck Boards,"Boise Cascade Building Materials TREX, Composite Decking, 1513723",COMPOSITE DECKING 1IN 12IN 12FT TREX,"TREX 1513723 Composite Decking, 1 in Nominal Thickness, 12 in Nominal Width, 12 ft Length, Trex, Fascia Edge Profile","TREX Composite Decking, 1 in Nominal Thickness, 12 in Nominal Width, 12 ft Length, Trex, Fascia Edge Profile, Honey Grove, Enhance Naturals Collection, fascia Board Type, Naturals Surface","Composite Decking, 1 in Nominal Thickness, 12 in Nominal Width, 12 ft Length, Trex, Fascia Edge Profile, Honey Grove",,1 in,12 in,12 ft,,,,,,,,,,,,,,,,,,,,,,,,Nominal Thickness,1,in,Nominal Width,12,in,Length,12,ft,Material,Trex,,Edge Profile,Fascia,,Color,Honey Grove,,Collection,Enhance Naturals,,Board Type,fascia,,Surface,Naturals,,,,,,,,,,,,,,,,,,,,,,,,,,,,,,,,,,,,,,,,,,,,,,,,,,,,,,,,,,,,,,,,,,,,,,,,,,,,,,,,,,,,,,,,,,,,,,,,,,,,,,,,,,,,,,,,,,,,,,,,,,,,,,,,30103604,,,,,,12,ft,,,12,in,,,,,,,,,,,,,,,,,,,,,,,,,,,,,,,,
,,,,,,,Building Materials,Decking & Railing,Composite & PVC Decking,,1513729,1x8-12' Tide Pool - Trex Enhance Basics Fascia,TREX,-- No Unilog Brand --,-- No DIB Brand --,Boise Cascade Building Materials (BOICA),Boise Cascade Building Materials,TREX,,1513729,,Building Materials>Decking & Porch>Deck Boards,"Boise Cascade Building Materials TREX, Composite Decking, 1513729",COMPOSITE DECKING 1IN 8IN 12FT TREX TREX,"TREX 1513729 Composite Decking, 1 in Nominal Thickness, 8 in Nominal Width, 12 ft Length, Trex, Fascia Edge Profile","TREX Composite Decking, 1 in Nominal Thickness, 8 in Nominal Width, 12 ft Length, Trex, Fascia Edge Profile, Tide Pool, Enhance Basics Collection, fascia Board Type, Trex Surface","Composite Decking, 1 in Nominal Thickness, 8 in Nominal Width, 12 ft Length, Trex, Fascia Edge Profile, Tide Pool",,1 in,8 in,12 ft,,,,,,,,,,,,,,,,,,,,,,,,Nominal Thickness,1,in,Nominal Width,8,in,Length,12,ft,Material,Trex,,Edge Profile,Fascia,,Color,Tide Pool,,Collection,Enhance Basics,,Board Type,fascia,,Surface,Trex,,,,,,,,,,,,,,,,,,,,,,,,,,,,,,,,,,,,,,,,,,,,,,,,,,,,,,,,,,,,,,,,,,,,,,,,,,,,,,,,,,,,,,,,,,,,,,,,,,,,,,,,,,,,,,,,,,,,,,,,,,,,,,,,30103604,,,,,,12,ft,,,8,in,,,,,,,,,,,,,,,,,,,,,,,,,,,,,,,,
,,,,,,,Building Materials,Decking & Railing,Composite & PVC Decking,,1513730,1x12-12' Tide Pool - Trex Enhance Basics Fascia,TREX,-- No Unilog Brand --,-- No DIB Brand --,Boise Cascade Building Materials (BOICA),Boise Cascade Building Materials,TREX,,1513730,,Building Materials>Decking & Porch>Deck Boards,"Boise Cascade Building Materials TREX, Composite Decking, 1513730",COMPOSITE DECKING 1IN 12IN 12FT TREX,"TREX 1513730 Composite Decking, 1 in Nominal Thickness, 12 in Nominal Width, 12 ft Length, Trex, Fascia Edge Profile","TREX Composite Decking, 1 in Nominal Thickness, 12 in Nominal Width, 12 ft Length, Trex, Fascia Edge Profile, Tide Pool, Enhance Basics Collection, fascia Board Type, Trex Surface","Composite Decking, 1 in Nominal Thickness, 12 in Nominal Width, 12 ft Length, Trex, Fascia Edge Profile, Tide Pool",,1 in,12 in,12 ft,,,,,,,,,,,,,,,,,,,,,,,,Nominal Thickness,1,in,Nominal Width,12,in,Length,12,ft,Material,Trex,,Edge Profile,Fascia,,Color,Tide Pool,,Collection,Enhance Basics,,Board Type,fascia,,Surface,Trex,,,,,,,,,,,,,,,,,,,,,,,,,,,,,,,,,,,,,,,,,,,,,,,,,,,,,,,,,,,,,,,,,,,,,,,,,,,,,,,,,,,,,,,,,,,,,,,,,,,,,,,,,,,,,,,,,,,,,,,,,,,,,,,,30103604,,,,,,12,ft,,,12,in,,,,,,,,,,,,,,,,,,,,,,,,,,,,,,,,
,,,,,,,Building Materials,Decking & Railing,Composite & PVC Decking,,543076916,1x8-12' Cinnamon Cove - Trex Enhance Naturals Fascia,TREX,-- No Unilog Brand --,-- No DIB Brand --,Boise Cascade Building Materials (BOICA),Boise Cascade Building Materials,TREX,,543076916,,Building Materials>Decking & Porch>Deck Boards,"Boise Cascade Building Materials TREX, Composite Decking, 543076916",COMPOSITE DECKING 1IN 8IN 12FT TREX,"TREX 543076916 Composite Decking, 1 in Nominal Thickness, 8 in Nominal Width, 12 ft Length, Trex, Fascia Edge Profile","TREX Composite Decking, 1 in Nominal Thickness, 8 in Nominal Width, 12 ft Length, Trex, Fascia Edge Profile, Cinnamon Cove, Enhance Naturals Collection, fascia Board Type, Naturals Surface","Composite Decking, 1 in Nominal Thickness, 8 in Nominal Width, 12 ft Length, Trex, Fascia Edge Profile, Cinnamon Cove",,1 in,8 in,12 ft,,,,,,,,,,,,,,,,,,,,,,,,Nominal Thickness,1,in,Nominal Width,8,in,Length,12,ft,Material,Trex,,Edge Profile,Fascia,,Color,Cinnamon Cove,,Collection,Enhance Naturals,,Board Type,fascia,,Surface,Naturals,,,,,,,,,,,,,,,,,,,,,,,,,,,,,,,,,,,,,,,,,,,,,,,,,,,,,,,,,,,,,,,,,,,,,,,,,,,,,,,,,,,,,,,,,,,,,,,,,,,,,,,,,,,,,,,,,,,,,,,,,,,,,,,,30103604,,,,,,12,ft,,,8,in,,,,,,,,,,,,,,,,,,,,,,,,,,,,,,,,
,,,,,,,Building Materials,Decking & Railing,Composite & PVC Decking,,1516876,1x8-12' Golden Hour - Trex Enhance Naturals Fascia,TREX,-- No Unilog Brand --,-- No DIB Brand --,Boise Cascade Building Materials (BOICA),Boise Cascade Building Materials,TREX,,1516876,,Building Materials>Decking & Porch>Deck Boards,"Boise Cascade Building Materials TREX, Composite Decking, 1516876",COMPOSITE DECKING 1IN 8IN 12FT TREX,"TREX 1516876 Composite Decking, 1 in Nominal Thickness, 8 in Nominal Width, 12 ft Length, Trex, Fascia Edge Profile","TREX Composite Decking, 1 in Nominal Thickness, 8 in Nominal Width, 12 ft Length, Trex, Fascia Edge Profile, Golden Hour, Enhance Naturals Collection, fascia Board Type, Naturals Surface","Composite Decking, 1 in Nominal Thickness, 8 in Nominal Width, 12 ft Length, Trex, Fascia Edge Profile, Golden Hour",,1 in,8 in,12 ft,,,,,,,,,,,,,,,,,,,,,,,,Nominal Thickness,1,in,Nominal Width,8,in,Length,12,ft,Material,Trex,,Edge Profile,Fascia,,Color,Golden Hour,,Collection,Enhance Naturals,,Board Type,fascia,,Surface,Naturals,,,,,,,,,,,,,,,,,,,,,,,,,,,,,,,,,,,,,,,,,,,,,,,,,,,,,,,,,,,,,,,,,,,,,,,,,,,,,,,,,,,,,,,,,,,,,,,,,,,,,,,,,,,,,,,,,,,,,,,,,,,,,,,,30103604,,,,,,12,ft,,,8,in,,,,,,,,,,,,,,,,,,,,,,,,,,,,,,,,
,,,,,,,Building Materials,Decking & Railing,Composite & PVC Decking,,543076936,1x12-12' Cinnamon Cove - Trex Enhance Naturals Fascia,TREX,-- No Unilog Brand --,-- No DIB Brand --,Boise Cascade Building Materials (BOICA),Boise Cascade Building Materials,TREX,,543076936,,Building Materials>Decking & Porch>Deck Boards,"Boise Cascade Building Materials TREX, Composite Decking, 543076936",COMPOSITE DECKING 1IN 12IN 12FT TREX,"TREX 543076936 Composite Decking, 1 in Nominal Thickness, 12 in Nominal Width, 12 ft Length, Trex, Fascia Edge Profile","TREX Composite Decking, 1 in Nominal Thickness, 12 in Nominal Width, 12 ft Length, Trex, Fascia Edge Profile, Cinnamon Cove, Enhance Naturals Collection, fascia Board Type, Naturals Surface","Composite Decking, 1 in Nominal Thickness, 12 in Nominal Width, 12 ft Length, Trex, Fascia Edge Profile, Cinnamon Cove",,1 in,12 in,12 ft,,,,,,,,,,,,,,,,,,,,,,,,Nominal Thickness,1,in,Nominal Width,12,in,Length,12,ft,Material,Trex,,Edge Profile,Fascia,,Color,Cinnamon Cove,,Collection,Enhance Naturals,,Board Type,fascia,,Surface,Naturals,,,,,,,,,,,,,,,,,,,,,,,,,,,,,,,,,,,,,,,,,,,,,,,,,,,,,,,,,,,,,,,,,,,,,,,,,,,,,,,,,,,,,,,,,,,,,,,,,,,,,,,,,,,,,,,,,,,,,,,,,,,,,,,,30103604,,,,,,12,ft,,,12,in,,,,,,,,,,,,,,,,,,,,,,,,,,,,,,,,
,,,,,,,Building Materials,Decking & Railing,Composite & PVC Decking,,1516878,1x12-12' Golden Hour - Trex Enhance Naturals Fascia,TREX,-- No Unilog Brand --,-- No DIB Brand --,Boise Cascade Building Materials (BOICA),Boise Cascade Building Materials,TREX,,1516878,,Building Materials>Decking & Porch>Deck Boards,"Boise Cascade Building Materials TREX, Composite Decking, 1516878",COMPOSITE DECKING 1IN 12IN 12FT TREX,"TREX 1516878 Composite Decking, 1 in Nominal Thickness, 12 in Nominal Width, 12 ft Length, Trex, Fascia Edge Profile","TREX Composite Decking, 1 in Nominal Thickness, 12 in Nominal Width, 12 ft Length, Trex, Fascia Edge Profile, Golden Hour, Enhance Naturals Collection, fascia Board Type, Naturals Surface","Composite Decking, 1 in Nominal Thickness, 12 in Nominal Width, 12 ft Length, Trex, Fascia Edge Profile, Golden Hour",,1 in,12 in,12 ft,,,,,,,,,,,,,,,,,,,,,,,,Nominal Thickness,1,in,Nominal Width,12,in,Length,12,ft,Material,Trex,,Edge Profile,Fascia,,Color,Golden Hour,,Collection,Enhance Naturals,,Board Type,fascia,,Surface,Naturals,,,,,,,,,,,,,,,,,,,,,,,,,,,,,,,,,,,,,,,,,,,,,,,,,,,,,,,,,,,,,,,,,,,,,,,,,,,,,,,,,,,,,,,,,,,,,,,,,,,,,,,,,,,,,,,,,,,,,,,,,,,,,,,,30103604,,,,,,12,ft,,,12,in,,,,,,,,,,,,,,,,,,,,,,,,,,,,,,,,
,,,,,,,Building Materials,Decking & Railing,Composite & PVC Decking,,1516884,1x8-12' Pebble Beach - Trex Enhance Basics Fascia,TREX,-- No Unilog Brand --,-- No DIB Brand --,Boise Cascade Building Materials (BOICA),Boise Cascade Building Materials,TREX,,1516884,,Building Materials>Decking & Porch>Deck Boards,"Boise Cascade Building Materials TREX, Composite Decking, 1516884",COMPOSITE DECKING 1IN 8IN 12FT TREX,"TREX 1516884 Composite Decking, 1 in Nominal Thickness, 8 in Nominal Width, 12 ft Length, Trex, Fascia Edge Profile","TREX Composite Decking, 1 in Nominal Thickness, 8 in Nominal Width, 12 ft Length, Trex, Fascia Edge Profile, Pebble Beach, Enhance Basics Collection, fascia Board Type, Pebble Beach Surface","Composite Decking, 1 in Nominal Thickness, 8 in Nominal Width, 12 ft Length, Trex, Fascia Edge Profile, Pebble Beach",,1 in,8 in,12 ft,,,,,,,,,,,,,,,,,,,,,,,,Nominal Thickness,1,in,Nominal Width,8,in,Length,12,ft,Material,Trex,,Edge Profile,Fascia,,Color,Pebble Beach,,Collection,Enhance Basics,,Board Type,fascia,,Surface,Pebble Beach,,,,,,,,,,,,,,,,,,,,,,,,,,,,,,,,,,,,,,,,,,,,,,,,,,,,,,,,,,,,,,,,,,,,,,,,,,,,,,,,,,,,,,,,,,,,,,,,,,,,,,,,,,,,,,,,,,,,,,,,,,,,,,,,30103604,,,,,,12,ft,,,8,in,,,,,,,,,,,,,,,,,,,,,,,,,,,,,,,,
,,,,,,,Building Materials,Decking & Railing,Composite & PVC Decking,,1516885,1x12-12' Pebble Beach - Trex Enhance Basics Fascia,TREX,-- No Unilog Brand --,-- No DIB Brand --,Boise Cascade Building Materials (BOICA),Boise Cascade Building Materials,TREX,,1516885,,Building Materials>Decking & Porch>Deck Boards,"Boise Cascade Building Materials TREX, Composite Decking, 1516885",COMPOSITE DECKING 1IN 12IN 12FT TREX,"TREX 1516885 Composite Decking, 1 in Nominal Thickness, 12 in Nominal Width, 12 ft Length, Trex, Fascia Edge Profile","TREX Composite Decking, 1 in Nominal Thickness, 12 in Nominal Width, 12 ft Length, Trex, Fascia Edge Profile, Pebble Beach, Enhance Basics Collection, fascia Board Type, Trex Surface","Composite Decking, 1 in Nominal Thickness, 12 in Nominal Width, 12 ft Length, Trex, Fascia Edge Profile, Pebble Beach",,1 in,12 in,12 ft,,,,,,,,,,,,,,,,,,,,,,,,Nominal Thickness,1,in,Nominal Width,12,in,Length,12,ft,Material,Trex,,Edge Profile,Fascia,,Color,Pebble Beach,,Collection,Enhance Basics,,Board Type,fascia,,Surface,Trex,,,,,,,,,,,,,,,,,,,,,,,,,,,,,,,,,,,,,,,,,,,,,,,,,,,,,,,,,,,,,,,,,,,,,,,,,,,,,,,,,,,,,,,,,,,,,,,,,,,,,,,,,,,,,,,,,,,,,,,,,,,,,,,,30103604,,,,,,12,ft,,,12,in,,,,,,,,,,,,,,,,,,,,,,,,,,,,,,,,
,,,,,,,Building Materials,Decking & Railing,Composite & PVC Decking,,543005916,1x8-12' Malted Barley - Trex Select 2.0 Fascia,TREX,-- No Unilog Brand --,-- No DIB Brand --,Boise Cascade Building Materials (BOICA),Boise Cascade Building Materials,TREX,,543005916,,Building Materials>Decking & Porch>Deck Boards,"Boise Cascade Building Materials TREX, Composite Decking, 543005916",COMPOSITE DECKING 1IN 8IN 12FT TREX,"TREX 543005916 Composite Decking, 1 in Nominal Thickness, 8 in Nominal Width, 12 ft Length, Trex, Fascia Edge Profile","TREX Composite Decking, 1 in Nominal Thickness, 8 in Nominal Width, 12 ft Length, Trex, Fascia Edge Profile, Malted Barley, Select 2.0 Collection, fascia Board Type, Trex Select 2.0 Surface","Composite Decking, 1 in Nominal Thickness, 8 in Nominal Width, 12 ft Length, Trex, Fascia Edge Profile, Malted Barley",,1 in,8 in,12 ft,,,,,,,,,,,,,,,,,,,,,,,,Nominal Thickness,1,in,Nominal Width,8,in,Length,12,ft,Material,Trex,,Edge Profile,Fascia,,Color,Malted Barley,,Collection,Select 2.0,,Board Type,fascia,,Surface,Trex Select 2.0,,,,,,,,,,,,,,,,,,,,,,,,,,,,,,,,,,,,,,,,,,,,,,,,,,,,,,,,,,,,,,,,,,,,,,,,,,,,,,,,,,,,,,,,,,,,,,,,,,,,,,,,,,,,,,,,,,,,,,,,,,,,,,,,30103604,,,,,,12,ft,,,8,in,,,,,,,,,,,,,,,,,,,,,,,,,,,,,,,,
,,,,,,,Building Materials,Decking & Railing,Composite & PVC Decking,,1516902,1x8-12' Millstone - Trex Select 2.0 Fascia,TREX,-- No Unilog Brand --,-- No DIB Brand --,Boise Cascade Building Materials (BOICA),Boise Cascade Building Materials,TREX,,1516902,,Building Materials>Decking & Porch>Deck Boards,"Boise Cascade Building Materials TREX, Composite Decking, 1516902",COMPOSITE DECKING 1IN 8IN 12FT TREX,"TREX 1516902 Composite Decking, 1 in Nominal Thickness, 8 in Nominal Width, 12 ft Length, Trex, Fascia Edge Profile","TREX Composite Decking, 1 in Nominal Thickness, 8 in Nominal Width, 12 ft Length, Trex, Fascia Edge Profile, Millstone, Select 2.0 Collection, fascia Board Type, Trex Select 2.0 Surface","Composite Decking, 1 in Nominal Thickness, 8 in Nominal Width, 12 ft Length, Trex, Fascia Edge Profile, Millstone",,1 in,8 in,12 ft,,,,,,,,,,,,,,,,,,,,,,,,Nominal Thickness,1,in,Nominal Width,8,in,Length,12,ft,Material,Trex,,Edge Profile,Fascia,,Color,Millstone,,Collection,Select 2.0,,Board Type,fascia,,Surface,Trex Select 2.0,,,,,,,,,,,,,,,,,,,,,,,,,,,,,,,,,,,,,,,,,,,,,,,,,,,,,,,,,,,,,,,,,,,,,,,,,,,,,,,,,,,,,,,,,,,,,,,,,,,,,,,,,,,,,,,,,,,,,,,,,,,,,,,,30103604,,,,,,12,ft,,,8,in,,,,,,,,,,,,,,,,,,,,,,,,,,,,,,,,
,,,,,,,Building Materials,Decking & Railing,Composite & PVC Decking,,543007916,1x8-12' Whiskey Barrel - Trex Select 2.0 Fascia,TREX,-- No Unilog Brand --,-- No DIB Brand --,Boise Cascade Building Materials (BOICA),Boise Cascade Building Materials,TREX,,543007916,,Building Materials>Decking & Porch>Deck Boards,"Boise Cascade Building Materials TREX, Composite Decking, 543007916",COMPOSITE DECKING 1IN 8IN 12FT TREX,"TREX 543007916 Composite Decking, 1 in Nominal Thickness, 8 in Nominal Width, 12 ft Length, Trex","TREX Composite Decking, 1 in Nominal Thickness, 8 in Nominal Width, 12 ft Length, Trex, Whiskey Barrel Edge Profile, Select 2.0, Trex Select 2.0 Collection, fascia Board Type, Trex Select 2.0 Surface","Composite Decking, 1 in Nominal Thickness, 8 in Nominal Width, 12 ft Length, Trex, Whiskey Barrel Edge Profile",,1 in,8 in,12 ft,,,,,,,,,,,,,,,,,,,,,,,,Nominal Thickness,1,in,Nominal Width,8,in,Length,12,ft,Material,Trex,,Edge Profile,Whiskey Barrel,,Color,Select 2.0,,Collection,Trex Select 2.0,,Board Type,fascia,,Surface,Trex Select 2.0,,,,,,,,,,,,,,,,,,,,,,,,,,,,,,,,,,,,,,,,,,,,,,,,,,,,,,,,,,,,,,,,,,,,,,,,,,,,,,,,,,,,,,,,,,,,,,,,,,,,,,,,,,,,,,,,,,,,,,,,,,,,,,,,30103604,,,,,,12,ft,,,8,in,,,,,,,,,,,,,,,,,,,,,,,,,,,,,,,,
,,,,,,,Building Materials,Decking & Railing,Composite & PVC Decking,,543005936,1x12-12' Malted Barley - Trex Select 2.0 Fascia,TREX,-- No Unilog Brand --,-- No DIB Brand --,Boise Cascade Building Materials (BOICA),Boise Cascade Building Materials,TREX,,543005936,,Building Materials>Decking & Porch>Deck Boards,"Boise Cascade Building Materials TREX, Composite Decking, 543005936",COMPOSITE DECKING 1IN 12IN 12FT TREX,"TREX 543005936 Composite Decking, 1 in Nominal Thickness, 12 in Nominal Width, 12 ft Length, Trex, Fascia Edge Profile","TREX Composite Decking, 1 in Nominal Thickness, 12 in Nominal Width, 12 ft Length, Trex, Fascia Edge Profile, Malted Barley, Select 2.0 Collection, fascia Board Type, Trex Select 2.0 Surface","Composite Decking, 1 in Nominal Thickness, 12 in Nominal Width, 12 ft Length, Trex, Fascia Edge Profile, Malted Barley",,1 in,12 in,12 ft,,,,,,,,,,,,,,,,,,,,,,,,Nominal Thickness,1,in,Nominal Width,12,in,Length,12,ft,Material,Trex,,Edge Profile,Fascia,,Color,Malted Barley,,Collection,Select 2.0,,Board Type,fascia,,Surface,Trex Select 2.0,,,,,,,,,,,,,,,,,,,,,,,,,,,,,,,,,,,,,,,,,,,,,,,,,,,,,,,,,,,,,,,,,,,,,,,,,,,,,,,,,,,,,,,,,,,,,,,,,,,,,,,,,,,,,,,,,,,,,,,,,,,,,,,,30103604,,,,,,12,ft,,,12,in,,,,,,,,,,,,,,,,,,,,,,,,,,,,,,,,
,,,,,,,Building Materials,Decking & Railing,Composite & PVC Decking,,1516905,1x12-12' Millstone - Trex Select 2.0 Fascia,TREX,-- No Unilog Brand --,-- No DIB Brand --,Boise Cascade Building Materials (BOICA),Boise Cascade Building Materials,TREX,,1516905,,Building Materials>Decking & Porch>Deck Boards,"Boise Cascade Building Materials TREX, Composite Decking, 1516905",COMPOSITE DECKING 1IN 12IN 12FT TREX,"TREX 1516905 Composite Decking, 1 in Nominal Thickness, 12 in Nominal Width, 12 ft Length, Trex, Fascia Edge Profile","TREX Composite Decking, 1 in Nominal Thickness, 12 in Nominal Width, 12 ft Length, Trex, Fascia Edge Profile, Millstone, Select 2.0 Collection, fascia Board Type, Trex Select 2.0 Surface","Composite Decking, 1 in Nominal Thickness, 12 in Nominal Width, 12 ft Length, Trex, Fascia Edge Profile, Millstone",,1 in,12 in,12 ft,,,,,,,,,,,,,,,,,,,,,,,,Nominal Thickness,1,in,Nominal Width,12,in,Length,12,ft,Material,Trex,,Edge Profile,Fascia,,Color,Millstone,,Collection,Select 2.0,,Board Type,fascia,,Surface,Trex Select 2.0,,,,,,,,,,,,,,,,,,,,,,,,,,,,,,,,,,,,,,,,,,,,,,,,,,,,,,,,,,,,,,,,,,,,,,,,,,,,,,,,,,,,,,,,,,,,,,,,,,,,,,,,,,,,,,,,,,,,,,,,,,,,,,,,30103604,,,,,,12,ft,,,12,in,,,,,,,,,,,,,,,,,,,,,,,,,,,,,,,,
,,,,,,,Building Materials,Decking & Railing,Composite & PVC Decking,,543007936,1x12-12' Whiskey Barrel - Trex Select 2.0 Fascia,TREX,-- No Unilog Brand --,-- No DIB Brand --,Boise Cascade Building Materials (BOICA),Boise Cascade Building Materials,TREX,,543007936,,Building Materials>Decking & Porch>Deck Boards,"Boise Cascade Building Materials TREX, Composite Decking, 543007936",COMPOSITE DECKING 1IN 12IN 12FT TREX,"TREX 543007936 Composite Decking, 1 in Nominal Thickness, 12 in Nominal Width, 12 ft Length, Trex","TREX Composite Decking, 1 in Nominal Thickness, 12 in Nominal Width, 12 ft Length, Trex, Whiskey Barrel Edge Profile, Select 2.0 Collection, fascia Board Type, Trex Surface","Composite Decking, 1 in Nominal Thickness, 12 in Nominal Width, 12 ft Length, Trex, Whiskey Barrel Edge Profile",,1 in,12 in,12 ft,,,,,,,,,,,,,,,,,,,,,,,,Nominal Thickness,1,in,Nominal Width,12,in,Length,12,ft,Material,Trex,,Edge Profile,Whiskey Barrel,,Color,,,Collection,Select 2.0,,Board Type,fascia,,Surface,Trex,,,,,,,,,,,,,,,,,,,,,,,,,,,,,,,,,,,,,,,,,,,,,,,,,,,,,,,,,,,,,,,,,,,,,,,,,,,,,,,,,,,,,,,,,,,,,,,,,,,,,,,,,,,,,,,,,,,,,,,,,,,,,,,,30103604,,,,,,12,ft,,,12,in,,,,,,,,,,,,,,,,,,,,,,,,,,,,,,,,
,,,,,,,Building Materials,Decking & Railing,Composite & PVC Decking,,543144908,1x8-12' Island Mist - Trex Lineage,TREX,-- No Unilog Brand --,-- No DIB Brand --,U S Lumber (3073),U S Lumber,TREX,,543144908,,Building Materials>Decking & Porch>Deck Boards,"U S Lumber TREX, Composite Decking, 543144908, 1 in Nominal Thickness",COMPOSITE DECKING 1IN 8IN 12FT,"TREX 543144908 Composite Decking, 1 in Nominal Thickness, 8 in Nominal Width, 12 ft Length, Trex Lineage","TREX Composite Decking, 1 in Nominal Thickness, 8 in Nominal Width, 12 ft Length, Trex Lineage, Island Mist Edge Profile, Island Mist, Trex Lineage Collection, Island Mist Surface","Composite Decking, 1 in Nominal Thickness, 8 in Nominal Width, 12 ft Length, Trex Lineage, Island Mist Edge Profile",,1 in,8 in,12 ft,,,,,,,,,,,,,,,,,,,,,,,,Nominal Thickness,1,in,Nominal Width,8,in,Length,12,ft,Material,Trex Lineage,,Edge Profile,Island Mist,,Color,Island Mist,,Collection,Trex Lineage,,Board Type,,,Surface,Island Mist,,,,,,,,,,,,,,,,,,,,,,,,,,,,,,,,,,,,,,,,,,,,,,,,,,,,,,,,,,,,,,,,,,,,,,,,,,,,,,,,,,,,,,,,,,,,,,,,,,,,,,,,,,,,,,,,,,,,,,,,,,,,,,,,30103604,,,,,,12,ft,,,8,in,,,,,,,,,,,,,,,,,,,,,,,,,,,,,,,,
,,,,,,,Building Materials,Decking & Railing,Composite & PVC Decking,,543141908,1x8-12' Rainier - Trex Lineage,TREX,-- No Unilog Brand --,-- No DIB Brand --,U S Lumber (3073),U S Lumber,TREX,,543141908,,Building Materials>Decking & Porch>Deck Boards,"U S Lumber TREX, Composite Decking, 543141908, 1 in Nominal Thickness",COMPOSITE DECKING 1IN 8IN 12FT RAINIER,"TREX 543141908 Composite Decking, 1 in Nominal Thickness, 8 in Nominal Width, 12 ft Length, Trex Lineage","TREX Composite Decking, 1 in Nominal Thickness, 8 in Nominal Width, 12 ft Length, Trex Lineage, Rainier Edge Profile, Rainier, Trex Lineage Collection, Rainier Surface","Composite Decking, 1 in Nominal Thickness, 8 in Nominal Width, 12 ft Length, Trex Lineage, Rainier Edge Profile, Rainier",,1 in,8 in,12 ft,,,,,,,,,,,,,,,,,,,,,,,,Nominal Thickness,1,in,Nominal Width,8,in,Length,12,ft,Material,Trex Lineage,,Edge Profile,Rainier,,Color,Rainier,,Collection,Trex Lineage,,Board Type,,,Surface,Rainier,,,,,,,,,,,,,,,,,,,,,,,,,,,,,,,,,,,,,,,,,,,,,,,,,,,,,,,,,,,,,,,,,,,,,,,,,,,,,,,,,,,,,,,,,,,,,,,,,,,,,,,,,,,,,,,,,,,,,,,,,,,,,,,,30103604,,,,,,12,ft,,,8,in,,,,,,,,,,,,,,,,,,,,,,,,,,,,,,,,
,,,,,,,Building Materials,Decking & Railing,Composite & PVC Decking,,543144912,1x12-12' Island Mist - Trex Lineage,TREX,-- No Unilog Brand --,-- No DIB Brand --,U S Lumber (3073),U S Lumber,TREX,,543144912,,Building Materials>Decking & Porch>Deck Boards,"U S Lumber TREX, Composite Decking, 543144912, 1 in Nominal Thickness",COMPOSITE DECKING 1IN 12IN 12FT,"TREX 543144912 Composite Decking, 1 in Nominal Thickness, 12 in Nominal Width, 12 ft Length, Trex Lineage","TREX Composite Decking, 1 in Nominal Thickness, 12 in Nominal Width, 12 ft Length, Trex Lineage, Island Mist Edge Profile, Island Mist, Trex Lineage Collection, Island Mist Surface","Composite Decking, 1 in Nominal Thickness, 12 in Nominal Width, 12 ft Length, Trex Lineage, Island Mist Edge Profile",,1 in,12 in,12 ft,,,,,,,,,,,,,,,,,,,,,,,,Nominal Thickness,1,in,Nominal Width,12,in,Length,12,ft,Material,Trex Lineage,,Edge Profile,Island Mist,,Color,Island Mist,,Collection,Trex Lineage,,Board Type,,,Surface,Island Mist,,,,,,,,,,,,,,,,,,,,,,,,,,,,,,,,,,,,,,,,,,,,,,,,,,,,,,,,,,,,,,,,,,,,,,,,,,,,,,,,,,,,,,,,,,,,,,,,,,,,,,,,,,,,,,,,,,,,,,,,,,,,,,,,30103604,,,,,,12,ft,,,12,in,,,,,,,,,,,,,,,,,,,,,,,,,,,,,,,,
,,,,,,,Building Materials,Decking & Railing,Composite & PVC Decking,,543141912,1x12-12' Rainier - Trex Lineage,TREX,-- No Unilog Brand --,-- No DIB Brand --,U S Lumber (3073),U S Lumber,TREX,,543141912,,Building Materials>Decking & Porch>Deck Boards,"U S Lumber TREX, Composite Decking, 543141912, 1 in Nominal Thickness",COMPOSITE DECKING 1IN 12IN 12FT RAINIER,"TREX 543141912 Composite Decking, 1 in Nominal Thickness, 12 in Nominal Width, 12 ft Length, Trex Lineage","TREX Composite Decking, 1 in Nominal Thickness, 12 in Nominal Width, 12 ft Length, Trex Lineage, Rainier Edge Profile, Rainier, Trex Lineage Collection, Rainier Surface","Composite Decking, 1 in Nominal Thickness, 12 in Nominal Width, 12 ft Length, Trex Lineage, Rainier Edge Profile",,1 in,12 in,12 ft,,,,,,,,,,,,,,,,,,,,,,,,Nominal Thickness,1,in,Nominal Width,12,in,Length,12,ft,Material,Trex Lineage,,Edge Profile,Rainier,,Color,Rainier,,Collection,Trex Lineage,,Board Type,,,Surface,Rainier,,,,,,,,,,,,,,,,,,,,,,,,,,,,,,,,,,,,,,,,,,,,,,,,,,,,,,,,,,,,,,,,,,,,,,,,,,,,,,,,,,,,,,,,,,,,,,,,,,,,,,,,,,,,,,,,,,,,,,,,,,,,,,,,30103604,,,,,,12,ft,,,12,in,,,,,,,,,,,,,,,,,,,,,,,,,,,,,,,,
,,,,,,,Building Materials,Decking & Railing,Composite & PVC Decking,,1513713,1x8-12' Hatteras - Trex Lineage,TREX,-- No Unilog Brand --,-- No DIB Brand --,Boise Cascade Building Materials (BOICA),Boise Cascade Building Materials,TREX,,1513713,,Building Materials>Decking & Porch>Deck Boards,"Boise Cascade Building Materials TREX, Composite Decking, 1513713",COMPOSITE DECKING 1IN 8IN 12FT TREX,"TREX 1513713 Composite Decking, 1 in Nominal Thickness, 8 in Nominal Width, 12 ft Length, Trex, Hatteras Edge Profile","TREX Composite Decking, 1 in Nominal Thickness, 8 in Nominal Width, 12 ft Length, Trex, Hatteras Edge Profile, Tre x Lineage, Trex Lineage Collection, Trex Lineage Surface","Composite Decking, 1 in Nominal Thickness, 8 in Nominal Width, 12 ft Length, Trex, Hatteras Edge Profile, Tre x Lineage",,1 in,8 in,12 ft,,,,,,,,,,,,,,,,,,,,,,,,Nominal Thickness,1,in,Nominal Width,8,in,Length,12,ft,Material,Trex,,Edge Profile,Hatteras,,Color,Tre x Lineage,,Collection,Trex Lineage,,Board Type,,,Surface,Trex Lineage,,,,,,,,,,,,,,,,,,,,,,,,,,,,,,,,,,,,,,,,,,,,,,,,,,,,,,,,,,,,,,,,,,,,,,,,,,,,,,,,,,,,,,,,,,,,,,,,,,,,,,,,,,,,,,,,,,,,,,,,,,,,,,,,30103604,,,,,,12,ft,,,8,in,,,,,,,,,,,,,,,,,,,,,,,,,,,,,,,,
,,,,,,,Building Materials,Decking & Railing,Composite & PVC Decking,,1513714,1x8-12' Salt Flat - Trex Lineage,TREX,-- No Unilog Brand --,-- No DIB Brand --,Boise Cascade Building Materials (BOICA),Boise Cascade Building Materials,TREX,,1513714,,Building Materials>Decking & Porch>Deck Boards,"Boise Cascade Building Materials TREX, Composite Decking, 1513714",COMPOSITE DECKING 1IN 8IN 12FT TREX,"TREX 1513714 Composite Decking, 1 in Nominal Thickness, 8 in Nominal Width, 12 ft Length, Trex, Salt Flat Edge Profile","TREX Composite Decking, 1 in Nominal Thickness, 8 in Nominal Width, 12 ft Length, Trex, Salt Flat Edge Profile, Trex Lineage, Trex Lineage Collection, Salt Flat Surface","Composite Decking, 1 in Nominal Thickness, 8 in Nominal Width, 12 ft Length, Trex, Salt Flat Edge Profile, Trex Lineage",,1 in,8 in,12 ft,,,,,,,,,,,,,,,,,,,,,,,,Nominal Thickness,1,in,Nominal Width,8,in,Length,12,ft,Material,Trex,,Edge Profile,Salt Flat,,Color,Trex Lineage,,Collection,Trex Lineage,,Board Type,,,Surface,Salt Flat,,,,,,,,,,,,,,,,,,,,,,,,,,,,,,,,,,,,,,,,,,,,,,,,,,,,,,,,,,,,,,,,,,,,,,,,,,,,,,,,,,,,,,,,,,,,,,,,,,,,,,,,,,,,,,,,,,,,,,,,,,,,,,,,30103604,,,,,,12,ft,,,8,in,,,,,,,,,,,,,,,,,,,,,,,,,,,,,,,,
,,,,,,,Building Materials,Decking & Railing,Railing Systems & Components,,73012503,4x4 Wh Heritage Post Trim RDI,-- Unbranded --,-- No Unilog Brand --,-- No DIB Brand --,-,,,,73012503,,Building Materials>Decking & Porch>Railing,"Post Trim, 73012503, 4x4, Wh Heritage Baluster Style, RDI Orientation",POST TRIM 4X4 RDI,"73012503 Post Trim, 4x4, Wh Heritage Baluster Style, RDI Orientation","Post Trim, 4x4, Wh Heritage Baluster Style, RDI Orientation","Post Trim, 4x4, Wh Heritage Baluster Style, RDI Orientation",,,,,,,,,,,,,,,,,,,,,,,,,,,Post Trim,Product Name,Post Trim,,Length,,,Height,,,Material,4x4,,Baluster Style,Wh Heritage,,Orientation,RDI,,Color,,,Assembly,,,,,,,,,,,,,,,,,,,,,,,,,,,,,,,,,,,,,,,,,,,,,,,,,,,,,,,,,,,,,,,,,,,,,,,,,,,,,,,,,,,,,,,,,,,,,,,,,,,,,,,,,,,,,,,,,,,,,,,,,,,,,,,,,,,,30151800,,,,,,,,,,,,,,,,,,,,,,,,,,,,,,,,,,,,,,,,,,,
,,,,,,,Building Materials,Decking & Railing,Railing Systems & Components,,73018131,6x6 Wh Elite Post Trim 4pc RDI,-- Unbranded --,-- No Unilog Brand --,-- No DIB Brand --,-,,,,73018131,,Building Materials>Decking & Porch>Railing,"Post Trim, 73018131, Wh Elite Baluster Style, 4pc Orientation",POST TRIM WH ELITE 4PC RDI,"73018131 Post Trim, Wh Elite Baluster Style, 4pc Orientation, RDI Assembly","Post Trim, Wh Elite Baluster Style, 4pc Orientation, RDI Assembly","Post Trim, Wh Elite Baluster Style, 4pc Orientation, RDI Assembly",,,,,,,,,,,,,,,,,,,,,,,,,,,Post Trim,Product Name,Post Trim,,Length,,,Height,,,Material,,,Baluster Style,Wh Elite,,Orientation,4pc,,Color,,,Assembly,RDI,,,,,,,,,,,,,,,,,,,,,,,,,,,,,,,,,,,,,,,,,,,,,,,,,,,,,,,,,,,,,,,,,,,,,,,,,,,,,,,,,,,,,,,,,,,,,,,,,,,,,,,,,,,,,,,,,,,,,,,,,,,,,,,,,,,30151800,,,,,,,,,,,,,,,,,,,,,,,,,,,,,,,,,,,,,,,,,,,
,,,,,,,Building Materials,Decking & Railing,Railing Systems & Components,,73018091,4x4 Wh Elite Post Trim RDI,-- Unbranded --,-- No Unilog Brand --,-- No DIB Brand --,-,,,,73018091,,Building Materials>Decking & Porch>Railing,"Post Trim, 73018091, 4x4, Wh Elite Baluster Style, RDI Orientation",POST TRIM 4X4 WH ELITE RDI,"73018091 Post Trim, 4x4, Wh Elite Baluster Style, RDI Orientation","Post Trim, 4x4, Wh Elite Baluster Style, RDI Orientation","Post Trim, 4x4, Wh Elite Baluster Style, RDI Orientation",,,,,,,,,,,,,,,,,,,,,,,,,,,Post Trim,Product Name,Post Trim,,Length,,,Height,,,Material,4x4,,Baluster Style,Wh Elite,,Orientation,RDI,,Color,,,Assembly,,,,,,,,,,,,,,,,,,,,,,,,,,,,,,,,,,,,,,,,,,,,,,,,,,,,,,,,,,,,,,,,,,,,,,,,,,,,,,,,,,,,,,,,,,,,,,,,,,,,,,,,,,,,,,,,,,,,,,,,,,,,,,,,,,,,30151800,,,,,,,,,,,,,,,,,,,,,,,,,,,,,,,,,,,,,,,,,,,
,,,,,,,Building Materials,Decking & Railing,Railing Systems & Components,,73018066,Clay 6x6 Elite Post Trim RDI - 4pc,-- Unbranded --,-- No Unilog Brand --,-- No DIB Brand --,-,,,,73018066,,Building Materials>Decking & Porch>Railing,"Post Trim, 73018066, Clay, Elite Baluster Style, RDI Orientation",POST TRIM CLAY ELITE RDI 4PC,"73018066 Post Trim, Clay, Elite Baluster Style, RDI Orientation, 4pc Assembly","Post Trim, Clay, Elite Baluster Style, RDI Orientation, 4pc Assembly","Post Trim, Clay, Elite Baluster Style, RDI Orientation, 4pc Assembly",,,,,,,,,,,,,,,,,,,,,,,,,,,Post Trim,Product Name,Post Trim,,Length,,,Height,,,Material,Clay,,Baluster Style,Elite,,Orientation,RDI,,Color,,,Assembly,4pc,,,,,,,,,,,,,,,,,,,,,,,,,,,,,,,,,,,,,,,,,,,,,,,,,,,,,,,,,,,,,,,,,,,,,,,,,,,,,,,,,,,,,,,,,,,,,,,,,,,,,,,,,,,,,,,,,,,,,,,,,,,,,,,,,,,30151800,,,,,,,,,,,,,,,,,,,,,,,,,,,,,,,,,,,,,,,,,,,
,,,,,,,Building Materials,Decking & Railing,Railing Systems & Components,,73018076,4x4 Wh Flat Post Cap RDI,-- Unbranded --,-- No Unilog Brand --,-- No DIB Brand --,-,,,,73018076,,Building Materials>Decking & Porch>Railing,"Post Cap, 73018076",POST CAP,73018076 Post Cap,Post Cap,Post Cap,,,,,,,,,,,,,,,,,,,,,,,,,,,Post Cap,Product Name,post cap,,Length,,,Height,,,Material,,,Baluster Style,,,Orientation,,,Color,,,Assembly,,,,,,,,,,,,,,,,,,,,,,,,,,,,,,,,,,,,,,,,,,,,,,,,,,,,,,,,,,,,,,,,,,,,,,,,,,,,,,,,,,,,,,,,,,,,,,,,,,,,,,,,,,,,,,,,,,,,,,,,,,,,,,,,,,,,30151800,,,,,,,,,,,,,,,,,,,,,,,,,,,,,,,,,,,,,,,,,,,
,,,,,,,Building Materials,Decking & Railing,Railing Systems & Components,,61109087,Wh 4x4-39 Blank Post RDI,-- Unbranded --,-- No Unilog Brand --,-- No DIB Brand --,-,,,,61109087,,Building Materials>Decking & Porch>Railing,"Blank Post, 61109087, RDI, 4x4 Baluster Style, Wh Orientation",BLANK POST RDI 4X4 WH 4X4-39,"61109087 Blank Post, RDI, 4x4 Baluster Style, Wh Orientation, 4x4-39 Assembly","Blank Post, RDI, 4x4 Baluster Style, Wh Orientation, 4x4-39 Assembly","Blank Post, RDI, 4x4 Baluster Style, Wh Orientation, 4x4-39 Assembly",,,,,,,,,,,,,,,,,,,,,,,,,,,Blank Post,Product Name,Blank Post,,Length,,,Height,,,Material,RDI,,Baluster Style,4x4,,Orientation,Wh,,Color,,,Assembly,4x4-39,,,,,,,,,,,,,,,,,,,,,,,,,,,,,,,,,,,,,,,,,,,,,,,,,,,,,,,,,,,,,,,,,,,,,,,,,,,,,,,,,,,,,,,,,,,,,,,,,,,,,,,,,,,,,,,,,,,,,,,,,,,,,,,,,,,30151800,,,,,,,,,,,,,,,,,,,,,,,,,,,,,,,,,,,,,,,,,,,
,,,,,,,Building Materials,Decking & Railing,Railing Systems & Components,,73018731,Wh 6x6-108 Post Sleeve RDI,-- Unbranded --,-- No Unilog Brand --,-- No DIB Brand --,-,,,,73018731,,Building Materials>Decking & Porch>Railing,"Post Sleeve, 73018731, RDI, 6x6-108 Baluster Style, Wh Orientation",POST SLEEVE RDI 6X6-108 WH RDI,"73018731 Post Sleeve, RDI, 6x6-108 Baluster Style, Wh Orientation, RDI Assembly","Post Sleeve, RDI, 6x6-108 Baluster Style, Wh Orientation, RDI Assembly","Post Sleeve, RDI, 6x6-108 Baluster Style, Wh Orientation, RDI Assembly",,,,,,,,,,,,,,,,,,,,,,,,,,,Post Sleeve,Product Name,post sleeve,,Length,,,Height,,,Material,RDI,,Baluster Style,6x6-108,,Orientation,Wh,,Color,,,Assembly,RDI,,,,,,,,,,,,,,,,,,,,,,,,,,,,,,,,,,,,,,,,,,,,,,,,,,,,,,,,,,,,,,,,,,,,,,,,,,,,,,,,,,,,,,,,,,,,,,,,,,,,,,,,,,,,,,,,,,,,,,,,,,,,,,,,,,,30151800,,,,,,,,,,,,,,,,,,,,,,,,,,,,,,,,,,,,,,,,,,,
,,,,,,,Building Materials,Decking & Railing,Railing Systems & Components,,61109090,Wh 4x4-108 Post Sleeve RDI,-- Unbranded --,-- No Unilog Brand --,-- No DIB Brand --,-,,,,61109090,,Building Materials>Decking & Porch>Railing,"Post Sleeve, 61109090, RDI, 4x4-108 Baluster Style, Wh Orientation",POST SLEEVE RDI 4X4-108 WH RDI,"61109090 Post Sleeve, RDI, 4x4-108 Baluster Style, Wh Orientation, RDI Assembly","Post Sleeve, RDI, 4x4-108 Baluster Style, Wh Orientation, RDI Assembly","Post Sleeve, RDI, 4x4-108 Baluster Style, Wh Orientation, RDI Assembly",,,,,,,,,,,,,,,,,,,,,,,,,,,Post Sleeve,Product Name,post sleeve,,Length,,,Height,,,Material,RDI,,Baluster Style,4x4-108,,Orientation,Wh,,Color,,,Assembly,RDI,,,,,,,,,,,,,,,,,,,,,,,,,,,,,,,,,,,,,,,,,,,,,,,,,,,,,,,,,,,,,,,,,,,,,,,,,,,,,,,,,,,,,,,,,,,,,,,,,,,,,,,,,,,,,,,,,,,,,,,,,,,,,,,,,,,30151800,,,,,,,,,,,,,,,,,,,,,,,,,,,,,,,,,,,,,,,,,,,
,,,,,,,Building Materials,Decking & Railing,Railing Systems & Components,,73053603,Clay 4x4-108 Post Sleeve RDI,-- Unbranded --,-- No Unilog Brand --,-- No DIB Brand --,-,,,,73053603,,Building Materials>Decking & Porch>Railing,"Post Sleeve, 73053603, Clay, 4x4-108 Baluster Style, RDI Orientation",POST SLEEVE CLAY 4X4-108 RDI RDI,"73053603 Post Sleeve, Clay, 4x4-108 Baluster Style, RDI Orientation, RDI Assembly","Post Sleeve, Clay, 4x4-108 Baluster Style, RDI Orientation, RDI Assembly","Post Sleeve, Clay, 4x4-108 Baluster Style, RDI Orientation, RDI Assembly",,,,,,,,,,,,,,,,,,,,,,,,,,,Post Sleeve,Product Name,post sleeve,,Length,,,Height,,,Material,Clay,,Baluster Style,4x4-108,,Orientation,RDI,,Color,,,Assembly,RDI,,,,,,,,,,,,,,,,,,,,,,,,,,,,,,,,,,,,,,,,,,,,,,,,,,,,,,,,,,,,,,,,,,,,,,,,,,,,,,,,,,,,,,,,,,,,,,,,,,,,,,,,,,,,,,,,,,,,,,,,,,,,,,,,,,,30151800,,,,,,,,,,,,,,,,,,,,,,,,,,,,,,,,,,,,,,,,,,,
,,,,,,,Building Materials,Decking & Railing,Railing Systems & Components,,73053608,Clay 6x6-108 Post Sleeve RDI,-- Unbranded --,-- No Unilog Brand --,-- No DIB Brand --,-,,,,73053608,,Building Materials>Decking & Porch>Railing,"Post Sleeve, 73053608, Clay, 6x6-108 Baluster Style, RDI Orientation",POST SLEEVE CLAY 6X6-108 RDI RDI,"73053608 Post Sleeve, Clay, 6x6-108 Baluster Style, RDI Orientation, RDI Assembly","Post Sleeve, Clay, 6x6-108 Baluster Style, RDI Orientation, RDI Assembly","Post Sleeve, Clay, 6x6-108 Baluster Style, RDI Orientation, RDI Assembly",,,,,,,,,,,,,,,,,,,,,,,,,,,Post Sleeve,Product Name,post sleeve,,Length,,,Height,,,Material,Clay,,Baluster Style,6x6-108,,Orientation,RDI,,Color,,,Assembly,RDI,,,,,,,,,,,,,,,,,,,,,,,,,,,,,,,,,,,,,,,,,,,,,,,,,,,,,,,,,,,,,,,,,,,,,,,,,,,,,,,,,,,,,,,,,,,,,,,,,,,,,,,,,,,,,,,,,,,,,,,,,,,,,,,,,,,30151800,,,,,,,,,,,,,,,,,,,,,,,,,,,,,,,,,,,,,,,,,,,
,,,,,,,Building Materials,Decking & Railing,Railing Systems & Components,,543340896,"4x4-37"" Black Alum Post Sleeve Select Alum Railing - w/Cap & Skirt",TREX,-- No Unilog Brand --,-- No DIB Brand --,Boise Cascade Building Materials (BOICA),Boise Cascade Building Materials,TREX,,543340896,,Building Materials>Decking & Porch>Railing,"Boise Cascade Building Materials TREX, Post Sleeve, 543340896",POST SLEEVE 36IN ALUM BLK,"TREX 543340896 Post Sleeve, 36 in Height, aluminum, Select Alum Baluster Style, w/Cap & Skirt Orientation, Black","TREX Post Sleeve, 36 in Height, aluminum, Select Alum Baluster Style, w/Cap & Skirt Orientation, Black, w/Cap & Skirt Assembly","Post Sleeve, 36 in Height, aluminum, Select Alum Baluster Style, w/Cap & Skirt Orientation, Black",,36 in,,,,,,,,,,,,,,,,,,,,,,,,,Post Sleeve,Product Name,post sleeve,,Length,,,Height,36,in,Material,aluminum,,Baluster Style,Select Alum,,Orientation,w/Cap & Skirt,,Color,Black,,Assembly,w/Cap & Skirt,,,,,,,,,,,,,,,,,,,,,,,,,,,,,,,,,,,,,,,,,,,,,,,,,,,,,,,,,,,,,,,,,,,,,,,,,,,,,,,,,,,,,,,,,,,,,,,,,,,,,,,,,,,,,,,,,,,,,,,,,,,,,,,,,,,30151800,,,,,,,,36,in,,,,,,,,,,,,,,,,,,,,,,,,,,,,,,,,,,
,,,,,,,Building Materials,Decking & Railing,Railing Systems & Components,,543340898,"4x4-43"" Black Alum Post Sleeve Select Alum Railing w/Cap & Skirt",TREX,-- No Unilog Brand --,-- No DIB Brand --,Boise Cascade Building Materials (BOICA),Boise Cascade Building Materials,TREX,,543340898,,Building Materials>Decking & Porch>Railing,"Boise Cascade Building Materials TREX, Post Sleeve, 543340898",POST SLEEVE 36IN ALUM 4X4-43 BLK,"TREX 543340898 Post Sleeve, 36 in Height, aluminum, Select Alum Baluster Style, 4x4-43 Orientation, Black","TREX Post Sleeve, 36 in Height, aluminum, Select Alum Baluster Style, 4x4-43 Orientation, Black, w/Cap & Skirt Assembly","Post Sleeve, 36 in Height, aluminum, Select Alum Baluster Style, 4x4-43 Orientation, Black, w/Cap & Skirt Assembly",,36 in,,,,,,,,,,,,,,,,,,,,,,,,,Post Sleeve,Product Name,post sleeve,,Length,,,Height,36,in,Material,aluminum,,Baluster Style,Select Alum,,Orientation,4x4-43,,Color,Black,,Assembly,w/Cap & Skirt,,,,,,,,,,,,,,,,,,,,,,,,,,,,,,,,,,,,,,,,,,,,,,,,,,,,,,,,,,,,,,,,,,,,,,,,,,,,,,,,,,,,,,,,,,,,,,,,,,,,,,,,,,,,,,,,,,,,,,,,,,,,,,,,,,,30151800,,,,,,,,36,in,,,,,,,,,,,,,,,,,,,,,,,,,,,,,,,,,,
,,,,,,,Building Materials,Decking & Railing,Railing Systems & Components,,73272TBK,6x6-10' Black Alum Deco - Support Post,DSI Westbury,-- No Unilog Brand --,-- No DIB Brand --,Palmer Donavin Mfg Company (PALDO),Palmer Donavin Mfg Company,DSI Westbury,,73272TBK,,Building Materials>Decking & Porch>Railing,"Palmer Donavin Mfg Company DSI Westbury, Support Post, 73272TBK",SUPPORT POST 10FT ALUM DECO BLK,"DSI Westbury 73272TBK Support Post, 10 ft Length, aluminum, Deco Baluster Style, Black","DSI Westbury Support Post, 10 ft Length, aluminum, Deco Baluster Style, Black","Support Post, 10 ft Length, aluminum, Deco Baluster Style, Black",,10 ft,,,,,,,,,,,,,,,,,,,,,,,,,Support Post,Product Name,support post,,Length,10,ft,Height,,,Material,aluminum,,Baluster Style,Deco,,Orientation,,,Color,Black,,Assembly,,,,,,,,,,,,,,,,,,,,,,,,,,,,,,,,,,,,,,,,,,,,,,,,,,,,,,,,,,,,,,,,,,,,,,,,,,,,,,,,,,,,,,,,,,,,,,,,,,,,,,,,,,,,,,,,,,,,,,,,,,,,,,,,,,,,30151800,,,,,,10,ft,,,,,,,,,,,,,,,,,,,,,,,,,,,,,,,,,,,,
,,,,,,,Building Materials,Decking & Railing,Railing Systems & Components,,543302127,6' Wh Select T-Rail Kit Stair - w/Sq Composite Balusters,TREX,-- No Unilog Brand --,-- No DIB Brand --,U S Lumber (3073),U S Lumber,TREX,,543302127,,Building Materials>Decking & Porch>Railing,"U S Lumber TREX, T-Rail, 543302127, composite, kit Assembly",T-RAIL COMP KIT,"TREX 543302127 T-Rail, composite, kit Assembly","TREX T-Rail, composite, kit Assembly","T-Rail, composite, kit Assembly",,,,,,,,,,,,,,,,,,,,,,,,,,,T-Rail,Product Name,T-Rail,,Length,,,Height,,,Material,composite,,Baluster Style,,,Orientation,,,Color,,,Assembly,kit,,,,,,,,,,,,,,,,,,,,,,,,,,,,,,,,,,,,,,,,,,,,,,,,,,,,,,,,,,,,,,,,,,,,,,,,,,,,,,,,,,,,,,,,,,,,,,,,,,,,,,,,,,,,,,,,,,,,,,,,,,,,,,,,,,,30151800,,,,,,,,,,,,,,,,,,,,,,,,,,,,,,,,,,,,,,,,,,,
,,,,,,,Building Materials,Decking & Railing,Railing Systems & Components,,543302147,8' Wh Select T-Rail Kit Stair - w/Sq Composite Balusters,TREX,-- No Unilog Brand --,-- No DIB Brand --,U S Lumber (3073),U S Lumber,TREX,,543302147,,Building Materials>Decking & Porch>Railing,"U S Lumber TREX, T-Rail, 543302147, composite, kit Assembly",T-RAIL COMP KIT,"TREX 543302147 T-Rail, composite, kit Assembly","TREX T-Rail, composite, kit Assembly","T-Rail, composite, kit Assembly",,,,,,,,,,,,,,,,,,,,,,,,,,,T-Rail,Product Name,T-Rail,,Length,,,Height,,,Material,composite,,Baluster Style,,,Orientation,,,Color,,,Assembly,kit,,,,,,,,,,,,,,,,,,,,,,,,,,,,,,,,,,,,,,,,,,,,,,,,,,,,,,,,,,,,,,,,,,,,,,,,,,,,,,,,,,,,,,,,,,,,,,,,,,,,,,,,,,,,,,,,,,,,,,,,,,,,,,,,,,,30151800,,,,,,,,,,,,,,,,,,,,,,,,,,,,,,,,,,,,,,,,,,,
,,,,,,,Building Materials,Decking & Railing,Railing Systems & Components,,73019599,Finyline Wh 6' Str Rail Kit Sq,-- Unbranded --,-- No Unilog Brand --,-- No DIB Brand --,-,,,,73019599,,Building Materials>Decking & Porch>Railing,"Rail Kit, 73019599, 36 in Height, kit Assembly",RAIL KIT 36IN KIT,"73019599 Rail Kit, 36 in Height, kit Assembly","Rail Kit, 36 in Height, kit Assembly","Rail Kit, 36 in Height, kit Assembly",,36 in,,,,,,,,,,,,,,,,,,,,,,,,,Rail Kit,Product Name,rail kit,,Length,,,Height,36,in,Material,,,Baluster Style,,,Orientation,,,Color,,,Assembly,kit,,,,,,,,,,,,,,,,,,,,,,,,,,,,,,,,,,,,,,,,,,,,,,,,,,,,,,,,,,,,,,,,,,,,,,,,,,,,,,,,,,,,,,,,,,,,,,,,,,,,,,,,,,,,,,,,,,,,,,,,,,,,,,,,,,,30151800,,,,,,,,36,in,,,,,,,,,,,,,,,,,,,,,,,,,,,,,,,,,,
,,,,,,,Building Materials,Decking & Railing,Railing Systems & Components,,73019648,Finyline Wh 8' Str Rail Kit Sq,-- Unbranded --,-- No Unilog Brand --,-- No DIB Brand --,-,,,,73019648,,Building Materials>Decking & Porch>Railing,"Rail Kit, 73019648, 42 in Height, kit Assembly",RAIL KIT 42IN KIT,"73019648 Rail Kit, 42 in Height, kit Assembly","Rail Kit, 42 in Height, kit Assembly","Rail Kit, 42 in Height, kit Assembly",,42 in,,,,,,,,,,,,,,,,,,,,,,,,,Rail Kit,Product Name,rail kit,,Length,,,Height,42,in,Material,,,Baluster Style,,,Orientation,,,Color,,,Assembly,kit,,,,,,,,,,,,,,,,,,,,,,,,,,,,,,,,,,,,,,,,,,,,,,,,,,,,,,,,,,,,,,,,,,,,,,,,,,,,,,,,,,,,,,,,,,,,,,,,,,,,,,,,,,,,,,,,,,,,,,,,,,,,,,,,,,,30151800,,,,,,,,42,in,,,,,,,,,,,,,,,,,,,,,,,,,,,,,,,,,,
,,,,,,,Building Materials,Decking & Railing,Railing Systems & Components,,73019598,Finyline Wh 6' Str Rail Kit Rd - w/Black Alum Balusters,-- Unbranded --,-- No Unilog Brand --,-- No DIB Brand --,-,,,,73019598,,Building Materials>Decking & Porch>Railing,"Rail Kit, 73019598, 36 in Height, aluminum, Black Baluster Style",RAIL KIT 36IN ALUM BLK RD BLK WH,"73019598 Rail Kit, 36 in Height, aluminum, Black Baluster Style, Rd Orientation, Black, Wh Assembly","Rail Kit, 36 in Height, aluminum, Black Baluster Style, Rd Orientation, Black, Wh Assembly","Rail Kit, 36 in Height, aluminum, Black Baluster Style, Rd Orientation, Black, Wh Assembly",,36 in,,,,,,,,,,,,,,,,,,,,,,,,,Rail Kit,Product Name,rail kit,,Length,,,Height,36,in,Material,aluminum,,Baluster Style,Black,,Orientation,Rd,,Color,Black,,Assembly,Wh,,,,,,,,,,,,,,,,,,,,,,,,,,,,,,,,,,,,,,,,,,,,,,,,,,,,,,,,,,,,,,,,,,,,,,,,,,,,,,,,,,,,,,,,,,,,,,,,,,,,,,,,,,,,,,,,,,,,,,,,,,,,,,,,,,,30151800,,,,,,,,36,in,,,,,,,,,,,,,,,,,,,,,,,,,,,,,,,,,,
,,,,,,,Building Materials,Decking & Railing,Railing Systems & Components,,73019647,Finyline Wh 8' Str Rail Kit Rd - w/Black Alum Balusters,-- Unbranded --,-- No Unilog Brand --,-- No DIB Brand --,-,,,,73019647,,Building Materials>Decking & Porch>Railing,"Rail Kit, 73019647, 42 in Height, aluminum, Black Baluster Style",RAIL KIT 42IN ALUM BLK RD BLK WH,"73019647 Rail Kit, 42 in Height, aluminum, Black Baluster Style, Rd Orientation, Black, Wh Assembly","Rail Kit, 42 in Height, aluminum, Black Baluster Style, Rd Orientation, Black, Wh Assembly","Rail Kit, 42 in Height, aluminum, Black Baluster Style, Rd Orientation, Black, Wh Assembly",,42 in,,,,,,,,,,,,,,,,,,,,,,,,,Rail Kit,Product Name,rail kit,,Length,,,Height,42,in,Material,aluminum,,Baluster Style,Black,,Orientation,Rd,,Color,Black,,Assembly,Wh,,,,,,,,,,,,,,,,,,,,,,,,,,,,,,,,,,,,,,,,,,,,,,,,,,,,,,,,,,,,,,,,,,,,,,,,,,,,,,,,,,,,,,,,,,,,,,,,,,,,,,,,,,,,,,,,,,,,,,,,,,,,,,,,,,,30151800,,,,,,,,42,in,,,,,,,,,,,,,,,,,,,,,,,,,,,,,,,,,,
,,,,,,,Building Materials,Decking & Railing,Railing Systems & Components,,543300257,6' Black Select Classic Stair - Rail w/Rnd Black Alum Baluster,TREX,-- No Unilog Brand --,-- No DIB Brand --,Boise Cascade Building Materials (BOICA),Boise Cascade Building Materials,TREX,,543300257,,Building Materials>Decking & Porch>Railing,"Boise Cascade Building Materials TREX, Rail, 543300257, aluminum",RAIL ALUM ROUND BLK,"TREX 543300257 Rail, aluminum, round Baluster Style, Black, Select Classic Stair Assembly","TREX Rail, aluminum, round Baluster Style, Black, Select Classic Stair Assembly","Rail, aluminum, round Baluster Style, Black, Select Classic Stair Assembly",,,,,,,,,,,,,,,,,,,,,,,,,,,Rail,Product Name,Rail,,Length,,,Height,,,Material,aluminum,,Baluster Style,round,,Orientation,,,Color,Black,,Assembly,Select Classic Stair,,,,,,,,,,,,,,,,,,,,,,,,,,,,,,,,,,,,,,,,,,,,,,,,,,,,,,,,,,,,,,,,,,,,,,,,,,,,,,,,,,,,,,,,,,,,,,,,,,,,,,,,,,,,,,,,,,,,,,,,,,,,,,,,,,,30151800,,,,,,,,,,,,,,,,,,,,,,,,,,,,,,,,,,,,,,,,,,,
,,,,,,,Building Materials,Decking & Railing,Railing Systems & Components,,543300277,8' Black Select Classic Stair - Rail w/Rnd Black Alum Baluster,TREX,-- No Unilog Brand --,-- No DIB Brand --,Boise Cascade Building Materials (BOICA),Boise Cascade Building Materials,TREX,,543300277,,Building Materials>Decking & Porch>Railing,"Boise Cascade Building Materials TREX, Rail, 543300277, aluminum",RAIL ALUM ROUND BLK,"TREX 543300277 Rail, aluminum, round Baluster Style, Black, Select Classic Assembly","TREX Rail, aluminum, round Baluster Style, Black, Select Classic Assembly","Rail, aluminum, round Baluster Style, Black, Select Classic Assembly",,,,,,,,,,,,,,,,,,,,,,,,,,,Rail,Product Name,Rail,,Length,,,Height,,,Material,aluminum,,Baluster Style,round,,Orientation,,,Color,Black,,Assembly,Select Classic,,,,,,,,,,,,,,,,,,,,,,,,,,,,,,,,,,,,,,,,,,,,,,,,,,,,,,,,,,,,,,,,,,,,,,,,,,,,,,,,,,,,,,,,,,,,,,,,,,,,,,,,,,,,,,,,,,,,,,,,,,,,,,,,,,,30151800,,,,,,,,,,,,,,,,,,,,,,,,,,,,,,,,,,,,,,,,,,,
,,,,,,,,,,,SPB-44BPL,"Patriot 4""x4""x37""/43"" Adjustable Self Leveling Support Post",-- Unbranded --,-- No Unilog Brand --,-- No DIB Brand --,-,,Patriot,,SPB-44BPL,,,"Patriot, Adjustable Self Leveling Support Post, SPB-44BPL, 4""x4""x37""/43""",ADJUSTABLE SELF LEVELING SUPPORT POST,"Patriot SPB-44BPL Adjustable Self Leveling Support Post, 4""x4""x37""/43""","Patriot Adjustable Self Leveling Support Post, 4""x4""x37""/43""","Adjustable Self Leveling Support Post, 4""x4""x37""/43""",,,,,,,,,,,,,,,,,,,,,,,,,,,Adjustable Self Leveling Support Post,Product Name,Adjustable Self Leveling Support Post,,Brand,Patriot,,Material,,,Color,,,Size,"4""x4""x37""/43""",,Quantity,,,,,,,,,,,,,,,,,,,,,,,,,,,,,,,,,,,,,,,,,,,,,,,,,,,,,,,,,,,,,,,,,,,,,,,,,,,,,,,,,,,,,,,,,,,,,,,,,,,,,,,,,,,,,,,,,,,,,,,,,,,,,,,,,,,,,,,,,,,,,,,,,,,,,,,,,,,,,,,,,,,,,,,,,,,,,,,,,,,,,
,,,,,,,Building Materials,Adhesives & Sealants,Tapes & Flashing,,925219,"2""x50' Deck Joist Tape - Protecto Wrap",-- Unbranded --,-- No Unilog Brand --,-- No DIB Brand --,Palmer Donavin Mfg Company (PALDO),Palmer Donavin Mfg Company,Protecto,,925219,,"Building Materials>Adhesives, Sealants & Tape>Tape","Palmer Donavin Mfg Company Protecto, Deck Joist Tape, 925219","DECK JOIST TAPE 2""X50'","Protecto 925219 Deck Joist Tape, 2""x50'","Protecto Deck Joist Tape, 2""x50'","Deck Joist Tape, 2""x50'",,,,,,,,,,,,,,,,,,,,,,,,,,,Deck Joist Tape,Product Name,Deck Joist Tape,,Brand,Protecto,,Material,,,Color,,,Size,"2""x50'",,Quantity,,,,,,,,,,,,,,,,,,,,,,,,,,,,,,,,,,,,,,,,,,,,,,,,,,,,,,,,,,,,,,,,,,,,,,,,,,,,,,,,,,,,,,,,,,,,,,,,,,,,,,,,,,,,,,,,,,,,,,,,,,,,,,,,,,,,,,,,,,31201500,,,,,,,,,,,,,,,,,,,,,,,,,,,,,,,,,,,,,,,,,,,
,,,,,,,Building Materials,Millwork,"Doors, Windows & Skylights",,27233,24x48 WH Attic Access Door,AJM,-- No Unilog Brand --,-- No DIB Brand --,A J Manufacturing Inc (AJMAN),A J Manufacturing Inc,AJM,,27233,,"Building Materials>Doors & Windows>Doors, Windows & Skylights","A J Manufacturing Inc AJM, Attic Access Door, 27233, white, 24x48",ATTIC ACCESS DOOR WHT 24X48,"AJM 27233 Attic Access Door, white, 24x48","AJM Attic Access Door, white, 24x48","Attic Access Door, white, 24x48",,,,,,,,,,,,,,,,,,,,,,,,,,,Attic Access Door,Product Name,Attic Access Door,,Brand,,,Material,,,Color,white,,Size,24x48,,Quantity,,,,,,,,,,,,,,,,,,,,,,,,,,,,,,,,,,,,,,,,,,,,,,,,,,,,,,,,,,,,,,,,,,,,,,,,,,,,,,,,,,,,,,,,,,,,,,,,,,,,,,,,,,,,,,,,,,,,,,,,,,,,,,,,,,,,,,,,,,30171500,,,,,,,,,,,,,,,,,,,,,,,,,,,,,,,,,,,,,,,,,,,
,,,,,,,Building Materials,Millwork,"Doors, Windows & Skylights",,1517602,6068R Gliding Patio Dr 4500 United Blk Ext/WH Int LowE Arg w/J,United Window & Door,-- No Unilog Brand --,-- No DIB Brand --,United Window & Door Manufacturing (UNIWI),United Window & Door Manufacturing,United Window & Door,,1517602,,"Building Materials>Doors & Windows>Doors, Windows & Skylights","United Window & Door, Gliding Patio Dr, 1517602, LowE Arg, Blk Ext/WH Int",GLIDING PATIO DR LOWE ARG 4500 6068R,"United Window & Door 1517602 Gliding Patio Dr, LowE Arg, Blk Ext/WH Int, 4500, 6068R Quantity","United Window & Door Gliding Patio Dr, LowE Arg, Blk Ext/WH Int, 4500, 6068R Quantity","Gliding Patio Dr, LowE Arg, Blk Ext/WH Int, 4500, 6068R Quantity",,,,,,,,,,,,,,,,,,,,,,,,,,,Gliding Patio Dr,Product Name,Gliding Patio Dr,,Brand,United,,Material,LowE Arg,,Color,Blk Ext/WH Int,,Size,4500,,Quantity,6068R,,,,,,,,,,,,,,,,,,,,,,,,,,,,,,,,,,,,,,,,,,,,,,,,,,,,,,,,,,,,,,,,,,,,,,,,,,,,,,,,,,,,,,,,,,,,,,,,,,,,,,,,,,,,,,,,,,,,,,,,,,,,,,,,,,,,,,,,,30171500,,,,,,,,,,,,,,,,,,,,,,,,,,,,,,,,,,,,,,,,,,,
,,,,,,,Building Materials,Millwork,"Doors, Windows & Skylights",,1517603,6068L Gliding Patio Dr 4500 United Blk Ext/WH Int LowE Arg w/J,United Window & Door,-- No Unilog Brand --,-- No DIB Brand --,United Window & Door Manufacturing (UNIWI),United Window & Door Manufacturing,United Window & Door,,1517603,,"Building Materials>Doors & Windows>Doors, Windows & Skylights","United Window & Door, Gliding Patio Dr, 1517603, LowE Arg, Blk Ext/WH Int",GLIDING PATIO DR LOWE ARG 4500 6068L,"United Window & Door 1517603 Gliding Patio Dr, LowE Arg, Blk Ext/WH Int, 4500, 6068 L Quantity","United Window & Door Gliding Patio Dr, LowE Arg, Blk Ext/WH Int, 4500, 6068 L Quantity","Gliding Patio Dr, LowE Arg, Blk Ext/WH Int, 4500, 6068 L Quantity",,6068 L,,,,,,,,,,,,,,,,,,,,,,,,,Gliding Patio Dr,Product Name,Gliding Patio Dr,,Brand,United,,Material,LowE Arg,,Color,Blk Ext/WH Int,,Size,4500,,Quantity,6068,L,,,,,,,,,,,,,,,,,,,,,,,,,,,,,,,,,,,,,,,,,,,,,,,,,,,,,,,,,,,,,,,,,,,,,,,,,,,,,,,,,,,,,,,,,,,,,,,,,,,,,,,,,,,,,,,,,,,,,,,,,,,,,,,,,,,,,,,,30171500,,,,,,,,,,,,,,,,,,,,,,,,,,,,,,,,,,,,,,,,,,,
,,,,,,,Building Materials,Millwork,"Doors, Windows & Skylights",,1517604,6068L Gliding Patio Dr 4500 United White LowE Arg w/J,United Window & Door,-- No Unilog Brand --,-- No DIB Brand --,United Window & Door Manufacturing (UNIWI),United Window & Door Manufacturing,United Window & Door,,1517604,,"Building Materials>Doors & Windows>Doors, Windows & Skylights","United Window & Door, Patio Dr, 1517604, LowE, White, 4500, 6068 L Quantity",PATIO DR LOWE WHT 4500 6068L,"United Window & Door 1517604 Patio Dr, LowE, White, 4500, 6068 L Quantity","United Window & Door Patio Dr, LowE, White, 4500, 6068 L Quantity","Patio Dr, LowE, White, 4500, 6068 L Quantity",,6068 L,,,,,,,,,,,,,,,,,,,,,,,,,Patio Dr,Product Name,Patio Dr,,Brand,United,,Material,LowE,,Color,White,,Size,4500,,Quantity,6068,L,,,,,,,,,,,,,,,,,,,,,,,,,,,,,,,,,,,,,,,,,,,,,,,,,,,,,,,,,,,,,,,,,,,,,,,,,,,,,,,,,,,,,,,,,,,,,,,,,,,,,,,,,,,,,,,,,,,,,,,,,,,,,,,,,,,,,,,,30171500,,,,,,,,,,,,,,,,,,,,,,,,,,,,,,,,,,,,,,,,,,,
,,,,,,,Building Materials,Millwork,"Doors, Windows & Skylights",,1517605,6068R Gliding Patio Dr 4500 United White LowE Arg w/J,United Window & Door,-- No Unilog Brand --,-- No DIB Brand --,United Window & Door Manufacturing (UNIWI),United Window & Door Manufacturing,United Window & Door,,1517605,,"Building Materials>Doors & Windows>Doors, Windows & Skylights","United Window & Door, Gliding Patio Dr, 1517605, LowE, White",GLIDING PATIO DR LOWE WHT 4500 6068R,"United Window & Door 1517605 Gliding Patio Dr, LowE, White, 4500, 6068R Quantity","United Window & Door Gliding Patio Dr, LowE, White, 4500, 6068R Quantity","Gliding Patio Dr, LowE, White, 4500, 6068R Quantity",,,,,,,,,,,,,,,,,,,,,,,,,,,Gliding Patio Dr,Product Name,Gliding Patio Dr,,Brand,United,,Material,LowE,,Color,White,,Size,4500,,Quantity,6068R,,,,,,,,,,,,,,,,,,,,,,,,,,,,,,,,,,,,,,,,,,,,,,,,,,,,,,,,,,,,,,,,,,,,,,,,,,,,,,,,,,,,,,,,,,,,,,,,,,,,,,,,,,,,,,,,,,,,,,,,,,,,,,,,,,,,,,,,,30171500,,,,,,,,,,,,,,,,,,,,,,,,,,,,,,,,,,,,,,,,,,,
,,,,,,,Building Materials,Millwork,"Doors, Windows & Skylights",,FS C01 2004S,"FS C01 Velux Fxd Skylt Gry/Wh - w/Solar Shade RO 21""x26-7/8""",-- Unbranded --,-- No Unilog Brand --,-- No DIB Brand --,Velux America Inc (VELAM),Velux America Inc,FS,,FS C01 2004S,,"Building Materials>Doors & Windows>Doors, Windows & Skylights","Velux America Inc FS, Velux Fxd Skylt, FS C01 2004S, C01, Gry/Wh",VELUX FXD SKYLT C01 GRY/WH RO,"FS FS C01 2004S Velux Fxd Skylt, C01, Gry/Wh, 21""x26-7/8"", RO Quantity","FS Velux Fxd Skylt, C01, Gry/Wh, 21""x26-7/8"", RO Quantity","Velux Fxd Skylt, C01, Gry/Wh, 21""x26-7/8"", RO Quantity",,,,,,,,,,,,,,,,,,,,,,,,,,,Velux Fxd Skylt,Product Name,Velux Fxd Skylt,,Brand,FS,,Material,C01,,Color,Gry/Wh,,Size,"21""x26-7/8""",,Quantity,RO,,,,,,,,,,,,,,,,,,,,,,,,,,,,,,,,,,,,,,,,,,,,,,,,,,,,,,,,,,,,,,,,,,,,,,,,,,,,,,,,,,,,,,,,,,,,,,,,,,,,,,,,,,,,,,,,,,,,,,,,,,,,,,,,,,,,,,,,,30171500,,,,,,,,,,,,,,,,,,,,,,,,,,,,,,,,,,,,,,,,,,,
,,,,,,,Building Materials,Millwork,"Doors, Windows & Skylights",,FS C04 2004S,"FS C04 Velux Fxd Skylt Gry/Wh - w/Solar Shade RO 21""x37-7/8""",-- Unbranded --,-- No Unilog Brand --,-- No DIB Brand --,Velux America Inc (VELAM),Velux America Inc,Velux,,FS C04 2004S,,"Building Materials>Doors & Windows>Doors, Windows & Skylights","Velux, FS C04 Velux Fxd Skylt, FS C04 2004S, Gry/Wh, Solar Shade RO",FS C04 VELUX FXD SKYLT GRY/WH,"Velux FS C04 2004S FS C04 Velux Fxd Skylt, Gry/Wh, Solar Shade RO, 21""x37-7/8""","Velux FS C04 Velux Fxd Skylt, Gry/Wh, Solar Shade RO, 21""x37-7/8""","FS C04 Velux Fxd Skylt, Gry/Wh, Solar Shade RO, 21""x37-7/8""",,,,,,,,,,,,,,,,,,,,,,,,,,,FS C04 Velux Fxd Skylt,Product Name,FS C04 Velux Fxd Skylt,,Brand,Velux,,Material,Gry/Wh,,Color,Solar Shade RO,,Size,"21""x37-7/8""",,Quantity,,,,,,,,,,,,,,,,,,,,,,,,,,,,,,,,,,,,,,,,,,,,,,,,,,,,,,,,,,,,,,,,,,,,,,,,,,,,,,,,,,,,,,,,,,,,,,,,,,,,,,,,,,,,,,,,,,,,,,,,,,,,,,,,,,,,,,,,,,30171500,,,,,,,,,,,,,,,,,,,,,,,,,,,,,,,,,,,,,,,,,,,
,,,,,,,Building Materials,Millwork,"Doors, Windows & Skylights",,FS C06 2004S,"FS C06 Velux Fxd Skylt Gry/Wh - w/Solar Shade RO 21""x45-7/8""",-- Unbranded --,-- No Unilog Brand --,-- No DIB Brand --,Velux America Inc (VELAM),Velux America Inc,Velux,,FS C06 2004S,,"Building Materials>Doors & Windows>Doors, Windows & Skylights","Velux, FS C06 Velux Fxd Skylt, FS C06 2004S, Gry/Wh, Solar Shade RO",FS C06 VELUX FXD SKYLT GRY/WH,"Velux FS C06 2004S FS C06 Velux Fxd Skylt, Gry/Wh, Solar Shade RO, 21""x45-7/8""","Velux FS C06 Velux Fxd Skylt, Gry/Wh, Solar Shade RO, 21""x45-7/8""","FS C06 Velux Fxd Skylt, Gry/Wh, Solar Shade RO, 21""x45-7/8""",,,,,,,,,,,,,,,,,,,,,,,,,,,FS C06 Velux Fxd Skylt,Product Name,FS C06 Velux Fxd Skylt,,Brand,Velux,,Material,Gry/Wh,,Color,Solar Shade RO,,Size,"21""x45-7/8""",,Quantity,,,,,,,,,,,,,,,,,,,,,,,,,,,,,,,,,,,,,,,,,,,,,,,,,,,,,,,,,,,,,,,,,,,,,,,,,,,,,,,,,,,,,,,,,,,,,,,,,,,,,,,,,,,,,,,,,,,,,,,,,,,,,,,,,,,,,,,,,,30171500,,,,,,,,,,,,,,,,,,,,,,,,,,,,,,,,,,,,,,,,,,,
,,,,,,,Building Materials,Millwork,"Doors, Windows & Skylights",,1501831,31.5x14.75 Bsmt ecoLitePlus WH - Hopper DLA w/Screen,PROVIA,-- No Unilog Brand --,-- No DIB Brand --,ProVia (PRODO),ProVia,PROVIA,,1501831,,"Building Materials>Doors & Windows>Doors, Windows & Skylights","PROVIA, Hopper DLA W/screen, 1501831, 31.5x14.75",HOPPER DLA W/SCREEN,"PROVIA 1501831 Hopper DLA W/screen, 31.5x14.75","PROVIA Hopper DLA W/screen, 31.5x14.75","Hopper DLA W/screen, 31.5x14.75",,,,,,,,,,,,,,,,,,,,,,,,,,,Hopper DLA W/screen,Product Name,Hopper DLA w/Screen,,Brand,Bsmt,,Material,,,Color,,,Size,31.5x14.75,,Quantity,,,,,,,,,,,,,,,,,,,,,,,,,,,,,,,,,,,,,,,,,,,,,,,,,,,,,,,,,,,,,,,,,,,,,,,,,,,,,,,,,,,,,,,,,,,,,,,,,,,,,,,,,,,,,,,,,,,,,,,,,,,,,,,,,,,,,,,,,,30171500,,,,,,,,,,,,,,,,,,,,,,,,,,,,,,,,,,,,,,,,,,,
,,,,,,,Building Materials,Millwork,"Doors, Windows & Skylights",,1501832,31.5x22.75 Bsmt ecoLitePlus WH - Hopper DLA w/Screen,PROVIA,-- No Unilog Brand --,-- No DIB Brand --,ProVia (PRODO),ProVia,PROVIA,,1501832,,"Building Materials>Doors & Windows>Doors, Windows & Skylights","PROVIA, Hopper DLA W/screen, 1501832, 31.5x22.75",HOPPER DLA W/SCREEN,"PROVIA 1501832 Hopper DLA W/screen, 31.5x22.75","PROVIA Hopper DLA W/screen, 31.5x22.75","Hopper DLA W/screen, 31.5x22.75",,,,,,,,,,,,,,,,,,,,,,,,,,,Hopper DLA W/screen,Product Name,Hopper DLA w/Screen,,Brand,Bsmt,,Material,,,Color,,,Size,31.5x22.75,,Quantity,,,,,,,,,,,,,,,,,,,,,,,,,,,,,,,,,,,,,,,,,,,,,,,,,,,,,,,,,,,,,,,,,,,,,,,,,,,,,,,,,,,,,,,,,,,,,,,,,,,,,,,,,,,,,,,,,,,,,,,,,,,,,,,,,,,,,,,,,,30171500,,,,,,,,,,,,,,,,,,,,,,,,,,,,,,,,,,,,,,,,,,,
,,,,,,,Building Materials,Millwork,"Doors, Windows & Skylights",,1515974,3030 Slider 3900 United Black WH Int LowE-2 w/Half Scrn w/J,United Window & Door,-- No Unilog Brand --,-- No DIB Brand --,-,,United Window & Door,,1515974,,"Building Materials>Doors & Windows>Doors, Windows & Skylights","United Window & Door, 3030 Slider 3900 United Black WH Int Lowe-2 W/half Scrn W/j, 1515974",3030 SLIDER 3900 UNITED BLACK WH INT LOW,"United Window & Door 1515974 3030 Slider 3900 United Black WH Int Lowe-2 W/half Scrn W/j, Black","United Window & Door 3030 Slider 3900 United Black WH Int Lowe-2 W/half Scrn W/j, Black","3030 Slider 3900 United Black WH Int Lowe-2 W/half Scrn W/j, Black",,,,,,,,,,,,,,,,,,,,,,,,,,,3030 Slider 3900 United Black WH Int Lowe-2 W/half Scrn W/j,Product Name,3030 Slider 3900 United Black WH Int LowE-2 w/Half Scrn w/J,,Brand,United,,Material,,,Color,Black,,Size,,,Quantity,,,,,,,,,,,,,,,,,,,,,,,,,,,,,,,,,,,,,,,,,,,,,,,,,,,,,,,,,,,,,,,,,,,,,,,,,,,,,,,,,,,,,,,,,,,,,,,,,,,,,,,,,,,,,,,,,,,,,,,,,,,,,,,,,,,,,,,,,,30171500,,,,,,,,,,,,,,,,,,,,,,,,,,,,,,,,,,,,,,,,,,,
,,,,,,,Building Materials,Lumber & Panels,"Soffit, Trim & Sheet Goods",,640383,"1/2"" 54""x10 Drywall Easi-Lite",-- Unbranded --,-- No Unilog Brand --,-- No DIB Brand --,Certainteed Gypsum (2765),Certainteed Gypsum,Easi-Lite,,640383,,Building Materials>Lumber & Composites>Panels & Trim,"Certainteed Gypsum Easi-Lite, Drywall, 640383, 54, 1/2, 10",DRYWALL 54 1/2 10,"Easi-Lite 640383 Drywall, 54, 1/2, 10","Easi-Lite Drywall, 54, 1/2, 10","Drywall, 54, 1/2, 10",,,,,,,,,,,,,,,,,,,,,,,,,,,Drywall,Product Name,Drywall,,Brand,Easi-Lite,,Material,54,,Color,1/2,,Size,10,,Quantity,,,,,,,,,,,,,,,,,,,,,,,,,,,,,,,,,,,,,,,,,,,,,,,,,,,,,,,,,,,,,,,,,,,,,,,,,,,,,,,,,,,,,,,,,,,,,,,,,,,,,,,,,,,,,,,,,,,,,,,,,,,,,,,,,,,,,,,,,,30103100,,,,,,,,,,,,,,,,,,,,,,,,,,,,,,,,,,,,,,,,,,,
,,,,,,,Building Materials,Lumber & Panels,"Soffit, Trim & Sheet Goods",,653258,"5/8"" 4x9 Drywall Firelite",-- Unbranded --,-- No Unilog Brand --,-- No DIB Brand --,Certainteed Gypsum (2765),Certainteed Gypsum,,,653258,,Building Materials>Lumber & Composites>Panels & Trim,"Certainteed Gypsum, Drywall Firelite, 653258, 5/8"" 4x9","DRYWALL FIRELITE 5/8"" 4X9","653258 Drywall Firelite, 5/8"" 4x9","Drywall Firelite, 5/8"" 4x9","Drywall Firelite, 5/8"" 4x9",,,,,,,,,,,,,,,,,,,,,,,,,,,Drywall Firelite,Product Name,Drywall Firelite,,Brand,,,Material,,,Color,,,Size,"5/8"" 4x9",,Quantity,,,,,,,,,,,,,,,,,,,,,,,,,,,,,,,,,,,,,,,,,,,,,,,,,,,,,,,,,,,,,,,,,,,,,,,,,,,,,,,,,,,,,,,,,,,,,,,,,,,,,,,,,,,,,,,,,,,,,,,,,,,,,,,,,,,,,,,,,,30103100,,,,,,,,,,,,,,,,,,,,,,,,,,,,,,,,,,,,,,,,,,,
,,,,,,,Building Materials,Millwork,"Doors, Windows & Skylights",,413S-DBA-36,"413S 36"" Alum Threshold DBZ",HAGER,-- No Unilog Brand --,-- No DIB Brand --,Hager Hinge Co (4189),Hager Hinge Co,HAGER,,413S-DBA-36,,"Building Materials>Doors & Windows>Doors, Windows & Skylights","HAGER, 413s 36"" Alum Threshold DBZ, 413S-DBA-36, aluminum, 36 in","413S 36"" ALUM THRESHOLD DBZ ALUM 36IN","HAGER 413S-DBA-36 413s 36"" Alum Threshold DBZ, aluminum, 36 in","HAGER 413s 36"" Alum Threshold DBZ, aluminum, 36 in","413s 36"" Alum Threshold DBZ, aluminum, 36 in",,,,,,,,,,,,,,,,,,,,,,,,,,,"413s 36"" Alum Threshold DBZ",Product Name,"413S 36"" Alum Threshold DBZ",,Brand,,,Material,aluminum,,Color,,,Size,36,in,Quantity,,,,,,,,,,,,,,,,,,,,,,,,,,,,,,,,,,,,,,,,,,,,,,,,,,,,,,,,,,,,,,,,,,,,,,,,,,,,,,,,,,,,,,,,,,,,,,,,,,,,,,,,,,,,,,,,,,,,,,,,,,,,,,,,,,,,,,,,,,30171500,,,,,,,,,,,,,,,,,,,,,,,,,,,,,,,,,,,,,,,,,,,
,,,,,,,Building Materials,Millwork,"Doors, Windows & Skylights",,413S-DBA-72,"413S 72"" Alum Threshold DBZ",HAGER,-- No Unilog Brand --,-- No DIB Brand --,Hager Hinge Co (4189),Hager Hinge Co,HAGER,,413S-DBA-72,,"Building Materials>Doors & Windows>Doors, Windows & Skylights","HAGER, Alum Threshold DBZ, 413S-DBA-72, aluminum, 72 in",ALUM THRESHOLD DBZ ALUM 72IN,"HAGER 413S-DBA-72 Alum Threshold DBZ, aluminum, 72 in","HAGER Alum Threshold DBZ, aluminum, 72 in","Alum Threshold DBZ, aluminum, 72 in",,,,,,,,,,,,,,,,,,,,,,,,,,,Alum Threshold DBZ,Product Name,Alum Threshold DBZ,,Brand,413S,,Material,aluminum,,Color,,,Size,72,in,Quantity,,,,,,,,,,,,,,,,,,,,,,,,,,,,,,,,,,,,,,,,,,,,,,,,,,,,,,,,,,,,,,,,,,,,,,,,,,,,,,,,,,,,,,,,,,,,,,,,,,,,,,,,,,,,,,,,,,,,,,,,,,,,,,,,,,,,,,,,,,30171500,,,,,,,,,,,,,,,,,,,,,,,,,,,,,,,,,,,,,,,,,,,
,,,,,,,,,,,1511506,4'x65' Zip Rainscreen,-- Unbranded --,-- No Unilog Brand --,-- No DIB Brand --,Huber Eng Wood LLC (3158),Huber Eng Wood LLC,,,1511506,,,"Huber Eng Wood LLC, Zip Rainscreen, 1511506, 4'x65'",ZIP RAINSCREEN 4'X65',"1511506 Zip Rainscreen, 4'x65'","Zip Rainscreen, 4'x65'","Zip Rainscreen, 4'x65'",,,,,,,,,,,,,,,,,,,,,,,,,,,Zip Rainscreen,Product Name,Zip Rainscreen,,Brand,,,Material,,,Color,,,Size,4'x65',,Quantity,,,,,,,,,,,,,,,,,,,,,,,,,,,,,,,,,,,,,,,,,,,,,,,,,,,,,,,,,,,,,,,,,,,,,,,,,,,,,,,,,,,,,,,,,,,,,,,,,,,,,,,,,,,,,,,,,,,,,,,,,,,,,,,,,,,,,,,,,,,,,,,,,,,,,,,,,,,,,,,,,,,,,,,,,,,,,,,,,,,,,
,,,,,,,Building Materials,Lumber & Panels,Dimensional Lumber & Boards,,1513577,1x8-12' Doug Fir STK Smooth 1S2E,COMMODITY - UNBRANDED,-- No Unilog Brand --,-- No DIB Brand --,Westwood Lumber Sales (WESLU),Westwood Lumber Sales,,,1513577,,Building Materials>Lumber & Composites>Dimensional Lumber,"Westwood Lumber Sales, 1x8-12', 1513577, Doug Fir, 1S2E",1X8-12' DOUG FIR 1S2E,"1513577 1x8-12', Doug Fir, 1S2E","1x8-12', Doug Fir, 1S2E","1x8-12', Doug Fir, 1S2E",,,,,,,,,,,,,,,,,,,,,,,,,,,1x8-12',Product Name,1x8-12',,Brand,,,Material,Doug Fir,,Color,,,Size,1S2E,,Quantity,,,,,,,,,,,,,,,,,,,,,,,,,,,,,,,,,,,,,,,,,,,,,,,,,,,,,,,,,,,,,,,,,,,,,,,,,,,,,,,,,,,,,,,,,,,,,,,,,,,,,,,,,,,,,,,,,,,,,,,,,,,,,,,,,,,,,,,,,,30103600,,,,,,,,,,,,,,,,,,,,,,,,,,,,,,,,,,,,,,,,,,,
,,,,,,,Building Materials,Lumber & Panels,Dimensional Lumber & Boards,,1513578,1x8-16' Doug Fir STK Smooth 1S2E,COMMODITY - UNBRANDED,-- No Unilog Brand --,-- No DIB Brand --,Westwood Lumber Sales (WESLU),Westwood Lumber Sales,,,1513578,,Building Materials>Lumber & Composites>Dimensional Lumber,"Westwood Lumber Sales, 1x8-16', 1513578, Doug Fir, 1S2E",1X8-16' DOUG FIR 1S2E,"1513578 1x8-16', Doug Fir, 1S2E","1x8-16', Doug Fir, 1S2E","1x8-16', Doug Fir, 1S2E",,,,,,,,,,,,,,,,,,,,,,,,,,,1x8-16',Product Name,1x8-16',,Brand,,,Material,Doug Fir,,Color,,,Size,1S2E,,Quantity,,,,,,,,,,,,,,,,,,,,,,,,,,,,,,,,,,,,,,,,,,,,,,,,,,,,,,,,,,,,,,,,,,,,,,,,,,,,,,,,,,,,,,,,,,,,,,,,,,,,,,,,,,,,,,,,,,,,,,,,,,,,,,,,,,,,,,,,,,30103600,,,,,,,,,,,,,,,,,,,,,,,,,,,,,,,,,,,,,,,,,,,
,,,,,,,Building Materials,Lumber & Panels,Dimensional Lumber & Boards,,1513579,1x12-12 'Doug Fir STK Smooth 1S2E,COMMODITY - UNBRANDED,-- No Unilog Brand --,-- No DIB Brand --,Westwood Lumber Sales (WESLU),Westwood Lumber Sales,,,1513579,,Building Materials>Lumber & Composites>Dimensional Lumber,"Westwood Lumber Sales, Doug Fir STK Smooth 1S2E, 1513579, 1x12-12 '",DOUG FIR STK SMOOTH 1S2E,"1513579 Doug Fir STK Smooth 1S2E, 1x12-12 '","Doug Fir STK Smooth 1S2E, 1x12-12 '","Doug Fir STK Smooth 1S2E, 1x12-12 '",,,,,,,,,,,,,,,,,,,,,,,,,,,Doug Fir STK Smooth 1S2E,Product Name,Doug Fir STK Smooth 1S2E,,Brand,,,Material,,,Color,,,Size,1x12-12 ',,Quantity,,,,,,,,,,,,,,,,,,,,,,,,,,,,,,,,,,,,,,,,,,,,,,,,,,,,,,,,,,,,,,,,,,,,,,,,,,,,,,,,,,,,,,,,,,,,,,,,,,,,,,,,,,,,,,,,,,,,,,,,,,,,,,,,,,,,,,,,,,30103600,,,,,,,,,,,,,,,,,,,,,,,,,,,,,,,,,,,,,,,,,,,
,,,,,,,Building Materials,Lumber & Panels,Dimensional Lumber & Boards,,1513580,1x12-16' Doug Fir STK Smooth 1S2E,COMMODITY - UNBRANDED,-- No Unilog Brand --,-- No DIB Brand --,Westwood Lumber Sales (WESLU),Westwood Lumber Sales,,,1513580,,Building Materials>Lumber & Composites>Dimensional Lumber,"Westwood Lumber Sales, Doug Fir STK Smooth 1S2E, 1513580, Doug Fir",DOUG FIR STK SMOOTH 1S2E DOUG FIR 12-16',"1513580 Doug Fir STK Smooth 1S2E, Doug Fir, 12-16', 1x Quantity","Doug Fir STK Smooth 1S2E, Doug Fir, 12-16', 1x Quantity","Doug Fir STK Smooth 1S2E, Doug Fir, 12-16', 1x Quantity",,,,,,,,,,,,,,,,,,,,,,,,,,,Doug Fir STK Smooth 1S2E,Product Name,Doug Fir STK Smooth 1S2E,,Brand,,,Material,Doug Fir,,Color,,,Size,12-16',,Quantity,1x,,,,,,,,,,,,,,,,,,,,,,,,,,,,,,,,,,,,,,,,,,,,,,,,,,,,,,,,,,,,,,,,,,,,,,,,,,,,,,,,,,,,,,,,,,,,,,,,,,,,,,,,,,,,,,,,,,,,,,,,,,,,,,,,,,,,,,,,,30103600,,,,,,,,,,,,,,,,,,,,,,,,,,,,,,,,,,,,,,,,,,,
,,,,,,,,,,,1501767,"3/4"" 4x8T&G Huber Blue PlusOSB - Sub Floor",-- Unbranded --,-- No Unilog Brand --,-- No DIB Brand --,-,,Huber,,1501767,,,"Huber, Huber Blue Plusosb, 1501767, OSB, Blue, 3/4"" 4x8T&G, Sub Floor Quantity",HUBER BLUE PLUSOSB OSB BLUE,"Huber 1501767 Huber Blue Plusosb, OSB, Blue, 3/4"" 4x8T&G, Sub Floor Quantity","Huber Huber Blue Plusosb, OSB, Blue, 3/4"" 4x8T&G, Sub Floor Quantity","Huber Blue Plusosb, OSB, Blue, 3/4"" 4x8T&G, Sub Floor Quantity",,,,,,,,,,,,,,,,,,,,,,,,,,,Huber Blue Plusosb,Product Name,Huber Blue PlusOSB,,Brand,Huber,,Material,OSB,,Color,Blue,,Size,"3/4"" 4x8T&G",,Quantity,Sub Floor,,,,,,,,,,,,,,,,,,,,,,,,,,,,,,,,,,,,,,,,,,,,,,,,,,,,,,,,,,,,,,,,,,,,,,,,,,,,,,,,,,,,,,,,,,,,,,,,,,,,,,,,,,,,,,,,,,,,,,,,,,,,,,,,,,,,,,,,,,,,,,,,,,,,,,,,,,,,,,,,,,,,,,,,,,,,,,,,,,,,
,,,,,,,Building Materials,Roofing,Metal Roofing & Trim,,PP-8BL,8' Premier Rib XL Black,-- Unbranded --,-- No Unilog Brand --,-- No DIB Brand --,Premier Metals (PREME),Premier Metals,,,PP-8BL,,Building Materials>Roofing & Gutters>Metal Roofing,"Premier Metals, Premier Rib XL, PP-8BL, Black, 8 ft",PREMIER RIB XL BLK 8FT,"PP-8BL Premier Rib XL, Black, 8 ft","Premier Rib XL, Black, 8 ft","Premier Rib XL, Black, 8 ft",,,,,,,,,,,,,,,,,,,,,,,,,,,Premier Rib XL,Product Name,Premier Rib XL,,Brand,,,Material,,,Color,Black,,Size,8,ft,Quantity,,,,,,,,,,,,,,,,,,,,,,,,,,,,,,,,,,,,,,,,,,,,,,,,,,,,,,,,,,,,,,,,,,,,,,,,,,,,,,,,,,,,,,,,,,,,,,,,,,,,,,,,,,,,,,,,,,,,,,,,,,,,,,,,,,,,,,,,,,30151500,,,,,,,,,,,,,,,,,,,,,,,,,,,,,,,,,,,,,,,,,,,
,,,,,,,Building Materials,Roofing,Metal Roofing & Trim,,PP-10BL,10' Premier Rib XL Black,-- Unbranded --,-- No Unilog Brand --,-- No DIB Brand --,Premier Metals (PREME),Premier Metals,,,PP-10BL,,Building Materials>Roofing & Gutters>Metal Roofing,"Premier Metals, Premier Rib XL, PP-10BL, Black, 10 ft",PREMIER RIB XL BLK 10FT,"PP-10BL Premier Rib XL, Black, 10 ft","Premier Rib XL, Black, 10 ft","Premier Rib XL, Black, 10 ft",,,,,,,,,,,,,,,,,,,,,,,,,,,Premier Rib XL,Product Name,Premier Rib XL,,Brand,,,Material,,,Color,Black,,Size,10,ft,Quantity,,,,,,,,,,,,,,,,,,,,,,,,,,,,,,,,,,,,,,,,,,,,,,,,,,,,,,,,,,,,,,,,,,,,,,,,,,,,,,,,,,,,,,,,,,,,,,,,,,,,,,,,,,,,,,,,,,,,,,,,,,,,,,,,,,,,,,,,,,30151500,,,,,,,,,,,,,,,,,,,,,,,,,,,,,,,,,,,,,,,,,,,
,,,,,,,Building Materials,Roofing,Metal Roofing & Trim,,PP-12BL,12' Premier Rib XL Black,-- Unbranded --,-- No Unilog Brand --,-- No DIB Brand --,Premier Metals (PREME),Premier Metals,12',,PP-12BL,,Building Materials>Roofing & Gutters>Metal Roofing,"Premier Metals 12', Premier Rib XL, PP-12BL, Black",PREMIER RIB XL BLK,"12' PP-12BL Premier Rib XL, Black","12' Premier Rib XL, Black","Premier Rib XL, Black",,,,,,,,,,,,,,,,,,,,,,,,,,,Premier Rib XL,Product Name,Premier Rib XL,,Brand,12,ft,Material,,,Color,Black,,Size,,,Quantity,,,,,,,,,,,,,,,,,,,,,,,,,,,,,,,,,,,,,,,,,,,,,,,,,,,,,,,,,,,,,,,,,,,,,,,,,,,,,,,,,,,,,,,,,,,,,,,,,,,,,,,,,,,,,,,,,,,,,,,,,,,,,,,,,,,,,,,,,,30151500,,,,,,,,,,,,,,,,,,,,,,,,,,,,,,,,,,,,,,,,,,,
,,,,,,,Building Materials,Roofing,Metal Roofing & Trim,,PP-8CH,8' Premier Rib XL Charcoal,-- Unbranded --,-- No Unilog Brand --,-- No DIB Brand --,Premier Metals (PREME),Premier Metals,,,PP-8CH,,Building Materials>Roofing & Gutters>Metal Roofing,"Premier Metals, Premier Rib XL Charcoal, PP-8CH, Charcoal, 8 ft",PREMIER RIB XL CHARCOAL CHARCOAL 8FT,"PP-8CH Premier Rib XL Charcoal, Charcoal, 8 ft","Premier Rib XL Charcoal, Charcoal, 8 ft","Premier Rib XL Charcoal, Charcoal, 8 ft",,,,,,,,,,,,,,,,,,,,,,,,,,,Premier Rib XL Charcoal,Product Name,Premier Rib XL Charcoal,,Brand,,,Material,,,Color,Charcoal,,Size,8,ft,Quantity,,,,,,,,,,,,,,,,,,,,,,,,,,,,,,,,,,,,,,,,,,,,,,,,,,,,,,,,,,,,,,,,,,,,,,,,,,,,,,,,,,,,,,,,,,,,,,,,,,,,,,,,,,,,,,,,,,,,,,,,,,,,,,,,,,,,,,,,,,30151500,,,,,,,,,,,,,,,,,,,,,,,,,,,,,,,,,,,,,,,,,,,
,,,,,,,Building Materials,Roofing,Metal Roofing & Trim,,PP-10CH,10' Premier Rib XL Charcoal,-- Unbranded --,-- No Unilog Brand --,-- No DIB Brand --,Premier Metals (PREME),Premier Metals,,,PP-10CH,,Building Materials>Roofing & Gutters>Metal Roofing,"Premier Metals, Premier Rib XL Charcoal, PP-10CH, Charcoal, 10 ft",PREMIER RIB XL CHARCOAL CHARCOAL 10FT,"PP-10CH Premier Rib XL Charcoal, Charcoal, 10 ft","Premier Rib XL Charcoal, Charcoal, 10 ft","Premier Rib XL Charcoal, Charcoal, 10 ft",,,,,,,,,,,,,,,,,,,,,,,,,,,Premier Rib XL Charcoal,Product Name,Premier Rib XL Charcoal,,Brand,,,Material,,,Color,Charcoal,,Size,10,ft,Quantity,,,,,,,,,,,,,,,,,,,,,,,,,,,,,,,,,,,,,,,,,,,,,,,,,,,,,,,,,,,,,,,,,,,,,,,,,,,,,,,,,,,,,,,,,,,,,,,,,,,,,,,,,,,,,,,,,,,,,,,,,,,,,,,,,,,,,,,,,,30151500,,,,,,,,,,,,,,,,,,,,,,,,,,,,,,,,,,,,,,,,,,,
,,,,,,,Building Materials,Roofing,Metal Roofing & Trim,,PP-12CH,12' Premier Rib XL Charcoal,-- Unbranded --,-- No Unilog Brand --,-- No DIB Brand --,Premier Metals (PREME),Premier Metals,,,PP-12CH,,Building Materials>Roofing & Gutters>Metal Roofing,"Premier Metals, Premier Rib XL Charcoal, PP-12CH, Charcoal, 12 ft",PREMIER RIB XL CHARCOAL CHARCOAL 12FT,"PP-12CH Premier Rib XL Charcoal, Charcoal, 12 ft","Premier Rib XL Charcoal, Charcoal, 12 ft","Premier Rib XL Charcoal, Charcoal, 12 ft",,,,,,,,,,,,,,,,,,,,,,,,,,,Premier Rib XL Charcoal,Product Name,Premier Rib XL Charcoal,,Brand,,,Material,,,Color,Charcoal,,Size,12,ft,Quantity,,,,,,,,,,,,,,,,,,,,,,,,,,,,,,,,,,,,,,,,,,,,,,,,,,,,,,,,,,,,,,,,,,,,,,,,,,,,,,,,,,,,,,,,,,,,,,,,,,,,,,,,,,,,,,,,,,,,,,,,,,,,,,,,,,,,,,,,,,30151500,,,,,,,,,,,,,,,,,,,,,,,,,,,,,,,,,,,,,,,,,,,
,,,,,,,Building Materials,Roofing,Metal Roofing & Trim,,PP-8WH,8' Premier Rib XL White,-- Unbranded --,-- No Unilog Brand --,-- No DIB Brand --,Premier Metals (PREME),Premier Metals,,,PP-8WH,,Building Materials>Roofing & Gutters>Metal Roofing,"Premier Metals, Premier Rib XL, PP-8WH, White, 8 ft",PREMIER RIB XL WHT 8FT,"PP-8WH Premier Rib XL, White, 8 ft","Premier Rib XL, White, 8 ft","Premier Rib XL, White, 8 ft",,,,,,,,,,,,,,,,,,,,,,,,,,,Premier Rib XL,Product Name,Premier Rib XL,,Brand,,,Material,,,Color,White,,Size,8,ft,Quantity,,,,,,,,,,,,,,,,,,,,,,,,,,,,,,,,,,,,,,,,,,,,,,,,,,,,,,,,,,,,,,,,,,,,,,,,,,,,,,,,,,,,,,,,,,,,,,,,,,,,,,,,,,,,,,,,,,,,,,,,,,,,,,,,,,,,,,,,,,30151500,,,,,,,,,,,,,,,,,,,,,,,,,,,,,,,,,,,,,,,,,,,
,,,,,,,Building Materials,Roofing,Metal Roofing & Trim,,PP-10WH,10' Premier Rib XL White,-- Unbranded --,-- No Unilog Brand --,-- No DIB Brand --,Premier Metals (PREME),Premier Metals,,,PP-10WH,,Building Materials>Roofing & Gutters>Metal Roofing,"Premier Metals, Premier Rib XL, PP-10WH, White, 10 ft",PREMIER RIB XL WHT 10FT,"PP-10WH Premier Rib XL, White, 10 ft","Premier Rib XL, White, 10 ft","Premier Rib XL, White, 10 ft",,,,,,,,,,,,,,,,,,,,,,,,,,,Premier Rib XL,Product Name,Premier Rib XL,,Brand,,,Material,,,Color,White,,Size,10,ft,Quantity,,,,,,,,,,,,,,,,,,,,,,,,,,,,,,,,,,,,,,,,,,,,,,,,,,,,,,,,,,,,,,,,,,,,,,,,,,,,,,,,,,,,,,,,,,,,,,,,,,,,,,,,,,,,,,,,,,,,,,,,,,,,,,,,,,,,,,,,,,30151500,,,,,,,,,,,,,,,,,,,,,,,,,,,,,,,,,,,,,,,,,,,
,,,,,,,,,,,1504345,OC Duration TruDef Wburg Gray (BDL),-- Unbranded --,-- No Unilog Brand --,-- No DIB Brand --,Palmer Donavin Mfg Company (PALDO),Palmer Donavin Mfg Company,BDL,,1504345,,,"Palmer Donavin Mfg Company BDL, OC Duration Trudef Wburg Gray, 1504345",OC DURATION TRUDEF WBURG GRAY GRAY,"BDL 1504345 OC Duration Trudef Wburg Gray, Gray","BDL OC Duration Trudef Wburg Gray, Gray","OC Duration Trudef Wburg Gray, Gray",,,,,,,,,,,,,,,,,,,,,,,,,,,OC Duration Trudef Wburg Gray,Product Name,OC Duration TruDef Wburg Gray,,Brand,BDL,,Material,,,Color,Gray,,Size,,,Quantity,,,,,,,,,,,,,,,,,,,,,,,,,,,,,,,,,,,,,,,,,,,,,,,,,,,,,,,,,,,,,,,,,,,,,,,,,,,,,,,,,,,,,,,,,,,,,,,,,,,,,,,,,,,,,,,,,,,,,,,,,,,,,,,,,,,,,,,,,,,,,,,,,,,,,,,,,,,,,,,,,,,,,,,,,,,,,,,,,,,,,
,,,,,,,,,,,2733,3'x65' Henry Eaveguard - Ice Guard,-- Unbranded --,-- No Unilog Brand --,-- No DIB Brand --,Palmer Donavin Mfg Company (PALDO),Palmer Donavin Mfg Company,Henry,,2733,,,"Palmer Donavin Mfg Company Henry, Eaveguard, 2733, Ice Guard",EAVEGUARD 3'X65',"Henry 2733 Eaveguard, Ice Guard, 3'x65'","Henry Eaveguard, Ice Guard, 3'x65'","Eaveguard, Ice Guard, 3'x65'",,,,,,,,,,,,,,,,,,,,,,,,,,,Eaveguard,Product Name,Eaveguard,,Brand,Henry,,Material,Ice Guard,,Color,,,Size,3'x65',,Quantity,,,,,,,,,,,,,,,,,,,,,,,,,,,,,,,,,,,,,,,,,,,,,,,,,,,,,,,,,,,,,,,,,,,,,,,,,,,,,,,,,,,,,,,,,,,,,,,,,,,,,,,,,,,,,,,,,,,,,,,,,,,,,,,,,,,,,,,,,,,,,,,,,,,,,,,,,,,,,,,,,,,,,,,,,,,,,,,,,,,,,
,,,,,,,,,,,7547,Ice Guard OC Weathr Lk Mat 2sq,-- Unbranded --,-- No Unilog Brand --,-- No DIB Brand --,-,,,,7547,,,"Ice Guard OC Weathr Lk Mat 2sq, 7547",ICE GUARD OC WEATHR LK MAT 2SQ,7547 Ice Guard OC Weathr Lk Mat 2sq,Ice Guard OC Weathr Lk Mat 2sq,Ice Guard OC Weathr Lk Mat 2sq,,,,,,,,,,,,,,,,,,,,,,,,,,,Ice Guard OC Weathr Lk Mat 2sq,Product Name,Ice Guard OC Weathr Lk Mat 2sq,,Brand,,,Material,,,Color,,,Size,,,Quantity,,,,,,,,,,,,,,,,,,,,,,,,,,,,,,,,,,,,,,,,,,,,,,,,,,,,,,,,,,,,,,,,,,,,,,,,,,,,,,,,,,,,,,,,,,,,,,,,,,,,,,,,,,,,,,,,,,,,,,,,,,,,,,,,,,,,,,,,,,,,,,,,,,,,,,,,,,,,,,,,,,,,,,,,,,,,,,,,,,,,,
,,,,,,,,,,,8912220,"7-1/4""x12' Hardie Sdg Smooth - Primed HardiePlank",JAMESHARDIE,-- No Unilog Brand --,-- No DIB Brand --,Boise Cascade Building Materials (BOICA),Boise Cascade Building Materials,JAMESHARDIE,,8912220,,,"Boise Cascade Building Materials JAMESHARDIE, Hardieplank, 8912220",HARDIEPLANK PRIMED 1,"JAMESHARDIE 8912220 Hardieplank, Sdg Smooth, Primed, 7-1/4""x12', 1 Quantity","JAMESHARDIE Hardieplank, Sdg Smooth, Primed, 7-1/4""x12', 1 Quantity","Hardieplank, Sdg Smooth, Primed, 7-1/4""x12', 1 Quantity",,,,,,,,,,,,,,,,,,,,,,,,,,,Hardieplank,Product Name,HardiePlank,,Brand,Hardie,,Material,Sdg Smooth,,Color,Primed,,Size,"7-1/4""x12'",,Quantity,1,,,,,,,,,,,,,,,,,,,,,,,,,,,,,,,,,,,,,,,,,,,,,,,,,,,,,,,,,,,,,,,,,,,,,,,,,,,,,,,,,,,,,,,,,,,,,,,,,,,,,,,,,,,,,,,,,,,,,,,,,,,,,,,,,,,,,,,,,,,,1,EA,,,,,,,,,,,,,,,,,,,,,,,,,,,,,,,,,,,,,,,
,,,,,,,,,,,8904015,4'x10' HardiePanel Smooth - Primed,JAMESHARDIE,-- No Unilog Brand --,-- No DIB Brand --,Boise Cascade Building Materials (BOICA),Boise Cascade Building Materials,JAMESHARDIE,,8904015,,,"Boise Cascade Building Materials JAMESHARDIE, Hardiepanel, 8904015",HARDIEPANEL PRIMED 4'X10',"JAMESHARDIE 8904015 Hardiepanel, HardiePanel, Primed, 4'x10'","JAMESHARDIE Hardiepanel, HardiePanel, Primed, 4'x10'","Hardiepanel, HardiePanel, Primed, 4'x10'",,,,,,,,,,,,,,,,,,,,,,,,,,,Hardiepanel,Product Name,HardiePanel,,Brand,,,Material,HardiePanel,,Color,Primed,,Size,4'x10',,Quantity,,,,,,,,,,,,,,,,,,,,,,,,,,,,,,,,,,,,,,,,,,,,,,,,,,,,,,,,,,,,,,,,,,,,,,,,,,,,,,,,,,,,,,,,,,,,,,,,,,,,,,,,,,,,,,,,,,,,,,,,,,,,,,,,,,,,,,,,,,,,,,,,,,,,,,,,,,,,,,,,,,,,,,,,,,,,,,,,,,,,,
,,,,,,,,,,,25796,"6""x16' Smart Lap Sdg Cedar",LP SMARTSIDE,-- No Unilog Brand --,-- No DIB Brand --,U S Lumber (3073),U S Lumber,LP SMARTSIDE,,25796,,,"U S Lumber LP SMARTSIDE, Smart Lap Sdg Cedar, 25796, Cedar, 6""x16'","SMART LAP SDG CEDAR CEDAR 6""X16'","LP SMARTSIDE 25796 Smart Lap Sdg Cedar, Cedar, 6""x16'","LP SMARTSIDE Smart Lap Sdg Cedar, Cedar, 6""x16'","Smart Lap Sdg Cedar, Cedar, 6""x16'",,,,,,,,,,,,,,,,,,,,,,,,,,,Smart Lap Sdg Cedar,Product Name,Smart Lap Sdg Cedar,,Brand,,,Material,Cedar,,Color,,,Size,"6""x16'",,Quantity,,,,,,,,,,,,,,,,,,,,,,,,,,,,,,,,,,,,,,,,,,,,,,,,,,,,,,,,,,,,,,,,,,,,,,,,,,,,,,,,,,,,,,,,,,,,,,,,,,,,,,,,,,,,,,,,,,,,,,,,,,,,,,,,,,,,,,,,,,,,,,,,,,,,,,,,,,,,,,,,,,,,,,,,,,,,,,,,,,,,,
,,,,,,,,,,,40503,"3/8"" 16""x16' Smart Pan Cedar - No-Groove Sq Edge B&B",LP SMARTSIDE,-- No Unilog Brand --,-- No DIB Brand --,U S Lumber (3073),U S Lumber,LP SMARTSIDE,,40503,,,"U S Lumber LP SMARTSIDE, Smart Pan Cedar, 40503, Cedar, 16""x16'","SMART PAN CEDAR CEDAR 16""X16'","LP SMARTSIDE 40503 Smart Pan Cedar, Cedar, 16""x16'","LP SMARTSIDE Smart Pan Cedar, Cedar, 16""x16'","Smart Pan Cedar, Cedar, 16""x16'",,,,,,,,,,,,,,,,,,,,,,,,,,,Smart Pan Cedar,Product Name,Smart Pan Cedar,,Brand,,,Material,Cedar,,Color,,,Size,"16""x16'",,Quantity,,,,,,,,,,,,,,,,,,,,,,,,,,,,,,,,,,,,,,,,,,,,,,,,,,,,,,,,,,,,,,,,,,,,,,,,,,,,,,,,,,,,,,,,,,,,,,,,,,,,,,,,,,,,,,,,,,,,,,,,,,,,,,,,,,,,,,,,,,,,,,,,,,,,,,,,,,,,,,,,,,,,,,,,,,,,,,,,,,,,,
,,,,,,,,,,,25825,"3/8"" 4x10 Smart Pan Cedar - No-Groove w/Shiplap Edges",LP SMARTSIDE,-- No Unilog Brand --,-- No DIB Brand --,U S Lumber (3073),U S Lumber,LP SMARTSIDE,,25825,,,"U S Lumber LP SMARTSIDE, Smart Pan Cedar, 25825, Cedar",SMART PAN CEDAR CEDAR,"LP SMARTSIDE 25825 Smart Pan Cedar, Cedar","LP SMARTSIDE Smart Pan Cedar, Cedar","Smart Pan Cedar, Cedar",,,,,,,,,,,,,,,,,,,,,,,,,,,Smart Pan Cedar,Product Name,Smart Pan Cedar,,Brand,,,Material,Cedar,,Color,,,Size,,,Quantity,,,,,,,,,,,,,,,,,,,,,,,,,,,,,,,,,,,,,,,,,,,,,,,,,,,,,,,,,,,,,,,,,,,,,,,,,,,,,,,,,,,,,,,,,,,,,,,,,,,,,,,,,,,,,,,,,,,,,,,,,,,,,,,,,,,,,,,,,,,,,,,,,,,,,,,,,,,,,,,,,,,,,,,,,,,,,,,,,,,,,
,,,,,,,Building Materials,Lumber & Panels,"Soffit, Trim & Sheet Goods",,25822,"3/8"" 12""x16' Smart Vented Soff - Cedar Soffit",LP SMARTSIDE,-- No Unilog Brand --,-- No DIB Brand --,U S Lumber (3073),U S Lumber,LP SMARTSIDE,,25822,,Building Materials>Lumber & Composites>Panels & Trim,"U S Lumber LP SMARTSIDE, Soffit, 25822, Cedar, 3/8"" 12""x16'",SOFFIT CEDAR,"LP SMARTSIDE 25822 Soffit, Cedar, 3/8"" 12""x16'","LP SMARTSIDE Soffit, Cedar, 3/8"" 12""x16'","Soffit, Cedar, 3/8"" 12""x16'",,,,,,,,,,,,,,,,,,,,,,,,,,,Soffit,Product Name,Soffit,,Brand,Smart,,Material,Cedar,,Color,,,Size,"3/8"" 12""x16'",,Quantity,,,,,,,,,,,,,,,,,,,,,,,,,,,,,,,,,,,,,,,,,,,,,,,,,,,,,,,,,,,,,,,,,,,,,,,,,,,,,,,,,,,,,,,,,,,,,,,,,,,,,,,,,,,,,,,,,,,,,,,,,,,,,,,,,,,,,,,,,,30103100,,,,,,,,,,,,,,,,,,,,,,,,,,,,,,,,,,,,,,,,,,,
,,,,,,,,,,,543650101,Black Alum ADA Wall Mount Trex,TREX,-- No Unilog Brand --,-- No DIB Brand --,Boise Cascade Building Materials (BOICA),Boise Cascade Building Materials,TREX,,543650101,,,"Boise Cascade Building Materials TREX, Trex, 543650101, aluminum",TREX ALUM BLK,"TREX 543650101 Trex, aluminum, Black","TREX Trex, aluminum, Black","Trex, aluminum, Black",,,,,,,,,,,,,,,,,,,,,,,,,,,Trex,Product Name,Trex,,Brand,ADA,,Material,aluminum,,Color,Black,,Size,,,Quantity,,,,,,,,,,,,,,,,,,,,,,,,,,,,,,,,,,,,,,,,,,,,,,,,,,,,,,,,,,,,,,,,,,,,,,,,,,,,,,,,,,,,,,,,,,,,,,,,,,,,,,,,,,,,,,,,,,,,,,,,,,,,,,,,,,,,,,,,,,,,,,,,,,,,,,,,,,,,,,,,,,,,,,,,,,,,,,,,,,,,,
,,,,,,,,,,,543650010,Black Alum ADA Int End Cap - Trex,TREX,-- No Unilog Brand --,-- No DIB Brand --,Boise Cascade Building Materials (BOICA),Boise Cascade Building Materials,TREX,,543650010,,,"Boise Cascade Building Materials TREX, End Cap, 543650010, aluminum",END CAP ALUM BLK,"TREX 543650010 End Cap, aluminum, Black","TREX End Cap, aluminum, Black","End Cap, aluminum, Black",,,,,,,,,,,,,,,,,,,,,,,,,,,End Cap,Product Name,End Cap,,Brand,Trex,,Material,aluminum,,Color,Black,,Size,,,Quantity,,,,,,,,,,,,,,,,,,,,,,,,,,,,,,,,,,,,,,,,,,,,,,,,,,,,,,,,,,,,,,,,,,,,,,,,,,,,,,,,,,,,,,,,,,,,,,,,,,,,,,,,,,,,,,,,,,,,,,,,,,,,,,,,,,,,,,,,,,,,,,,,,,,,,,,,,,,,,,,,,,,,,,,,,,,,,,,,,,,,,
,,,,,,,Building Materials,Decking & Railing,Railing Systems & Components,,543650048,8' Black Alum ADA Rail Trex,TREX,-- No Unilog Brand --,-- No DIB Brand --,Boise Cascade Building Materials (BOICA),Boise Cascade Building Materials,TREX,,543650048,,Building Materials>Decking & Porch>Railing,"Boise Cascade Building Materials TREX, Railing System, 543650048",RAILING SYSTEM ALUM BLK ADA,"TREX 543650048 Railing System, aluminum, Black, ADA Assembly","TREX Railing System, aluminum, Black, ADA Assembly","Railing System, aluminum, Black, ADA Assembly",,,,,,,,,,,,,,,,,,,,,,,,,,,,Product Name,,,Length,,,Height,,,Material,aluminum,,Baluster Style,,,Orientation,,,Color,Black,,Assembly,ADA,,,,,,,,,,,,,,,,,,,,,,,,,,,,,,,,,,,,,,,,,,,,,,,,,,,,,,,,,,,,,,,,,,,,,,,,,,,,,,,,,,,,,,,,,,,,,,,,,,,,,,,,,,,,,,,,,,,,,,,,,,,,,,,,,,,30151800,,,,,,,,,,,,,,,,,,,,,,,,,,,,,,,,,,,,,,,,,,,
,,,,,,,Building Materials,Lumber & Panels,"Soffit, Trim & Sheet Goods",,1506969,"1-1/2"" 4x8 Huber Zip R6.6 - Insulated R-Sheathing",-- Unbranded --,-- No Unilog Brand --,-- No DIB Brand --,-,,Huber,,1506969,,Building Materials>Lumber & Composites>Panels & Trim,"Huber, Huber Zip R6.6, 1506969, Insulated R-Sheathing, 1-1/2"" 4x8",HUBER ZIP R6.6,"Huber 1506969 Huber Zip R6.6, Insulated R-Sheathing, 1-1/2"" 4x8","Huber Huber Zip R6.6, Insulated R-Sheathing, 1-1/2"" 4x8","Huber Zip R6.6, Insulated R-Sheathing, 1-1/2"" 4x8",,,,,,,,,,,,,,,,,,,,,,,,,,,Huber Zip R6.6,Product Name,Huber Zip R6.6,,Brand,Huber,,Material,Insulated R-Sheathing,,Color,,,Size,"1-1/2"" 4x8",,Quantity,,,,,,,,,,,,,,,,,,,,,,,,,,,,,,,,,,,,,,,,,,,,,,,,,,,,,,,,,,,,,,,,,,,,,,,,,,,,,,,,,,,,,,,,,,,,,,,,,,,,,,,,,,,,,,,,,,,,,,,,,,,,,,,,,,,,,,,,,,30103100,,,,,,,,,,,,,,,,,,,,,,,,,,,,,,,,,,,,,,,,,,,
,,,,,,,Building Materials,Lumber & Panels,"Soffit, Trim & Sheet Goods",,1514681,"1"" 4x8 Huber Zip R3.6 - Insulated R-Sheathing",-- Unbranded --,-- No Unilog Brand --,-- No DIB Brand --,-,,Huber,,1514681,,Building Materials>Lumber & Composites>Panels & Trim,"Huber, Huber Zip R3.6, 1514681, Insulated R-Sheathing, 4x8",HUBER ZIP R3.6 4X8,"Huber 1514681 Huber Zip R3.6, Insulated R-Sheathing, 4x8","Huber Huber Zip R3.6, Insulated R-Sheathing, 4x8","Huber Zip R3.6, Insulated R-Sheathing, 4x8",,,,,,,,,,,,,,,,,,,,,,,,,,,Huber Zip R3.6,Product Name,Huber Zip R3.6,,Brand,Huber,,Material,Insulated R-Sheathing,,Color,,,Size,4x8,,Quantity,,,,,,,,,,,,,,,,,,,,,,,,,,,,,,,,,,,,,,,,,,,,,,,,,,,,,,,,,,,,,,,,,,,,,,,,,,,,,,,,,,,,,,,,,,,,,,,,,,,,,,,,,,,,,,,,,,,,,,,,,,,,,,,,,,,,,,,,,,30103100,,,,,,,,,,,,,,,,,,,,,,,,,,,,,,,,,,,,,,,,,,,
,,,,,,,Building Materials,Lumber & Panels,"Soffit, Trim & Sheet Goods",,1514726,"2"" 4x8 Huber Zip R9.6 - Insulated R-Sheathing",-- Unbranded --,-- No Unilog Brand --,-- No DIB Brand --,-,,Huber,,1514726,,Building Materials>Lumber & Composites>Panels & Trim,"Huber, Huber Zip R9.6, 1514726, Insulated R-Sheathing, 4x8",HUBER ZIP R9.6 4X8,"Huber 1514726 Huber Zip R9.6, Insulated R-Sheathing, 4x8","Huber Huber Zip R9.6, Insulated R-Sheathing, 4x8","Huber Zip R9.6, Insulated R-Sheathing, 4x8",,,,,,,,,,,,,,,,,,,,,,,,,,,Huber Zip R9.6,Product Name,Huber Zip R9.6,,Brand,Huber,,Material,Insulated R-Sheathing,,Color,,,Size,4x8,,Quantity,,,,,,,,,,,,,,,,,,,,,,,,,,,,,,,,,,,,,,,,,,,,,,,,,,,,,,,,,,,,,,,,,,,,,,,,,,,,,,,,,,,,,,,,,,,,,,,,,,,,,,,,,,,,,,,,,,,,,,,,,,,,,,,,,,,,,,,,,,30103100,,,,,,,,,,,,,,,,,,,,,,,,,,,,,,,,,,,,,,,,,,,
,,,,,,,,,,,1728ABL,2x2 Black Fine Fissured 1728BL,-- Unbranded --,-- No Unilog Brand --,-- No DIB Brand --,Palmer Donavin Mfg Company (PALDO),Palmer Donavin Mfg Company,2x2,,1728ABL,,,"Palmer Donavin Mfg Company 2x2, Fine Fissured, 1728ABL, Black",FINE FISSURED BLK BLK 1728BL 2X2,"2x2 1728ABL Fine Fissured, Black, Black, 1728BL, 2x2 Quantity","2x2 Fine Fissured, Black, Black, 1728BL, 2x2 Quantity","Fine Fissured, Black, Black, 1728BL, 2x2 Quantity",,,,,,,,,,,,,,,,,,,,,,,,,,,Fine Fissured,Product Name,Fine Fissured,,Brand,2x2,,Material,Black,,Color,Black,,Size,1728BL,,Quantity,2x2,,,,,,,,,,,,,,,,,,,,,,,,,,,,,,,,,,,,,,,,,,,,,,,,,,,,,,,,,,,,,,,,,,,,,,,,,,,,,,,,,,,,,,,,,,,,,,,,,,,,,,,,,,,,,,,,,,,,,,,,,,,,,,,,,,,,,,,,,,,,,,,,,,,,,,,,,,,,,,,,,,,,,,,,,,,,,,,,,,,,
,,,,,,,Tools & Equipment,Power Tools,Batteries & Chargers,,402-R,402R 12V12AH 8D Battery,-- Unbranded --,-- No Unilog Brand --,-- No DIB Brand --,MillerTech Energy Solutions (MILTE),MillerTech Energy Solutions,,,402-R,,Tools & Equipment>Power Tools>Batteries & Chargers,"MillerTech Energy Solutions, Battery, 402-R, 12V12AH",BATTERY 12V12AH,"402-R Battery, 12V12AH","Battery, 12V12AH","Battery, 12V12AH",,,,,,,,,,,,,,,,,,,,,,,,,,,Battery,Product Name,Battery,,Brand,,,Material,,,Color,,,Size,12V12AH,,Quantity,,,,,,,,,,,,,,,,,,,,,,,,,,,,,,,,,,,,,,,,,,,,,,,,,,,,,,,,,,,,,,,,,,,,,,,,,,,,,,,,,,,,,,,,,,,,,,,,,,,,,,,,,,,,,,,,,,,,,,,,,,,,,,,,,,,,,,,,,,26111701,,,,,,,,,,,,,,,,,,,,,,,,,,,,,,,,,,,,,,,,,,,
,,,,,,,,,,,SL1672,SL1672 Jumpstart & Pwr Supply,-- Unbranded --,-- No Unilog Brand --,Schumacher,-,,Schumacher,,SL1672,,,"Schumacher, Jumpstart & Pwr Supply, SL1672",JUMPSTART & PWR SUPPLY,Schumacher SL1672 Jumpstart & Pwr Supply,Schumacher Jumpstart & Pwr Supply,Jumpstart & Pwr Supply,,,,,,,,,,,,,,,,,,,,,,,,,,,Jumpstart & Pwr Supply,Product Name,Jumpstart & Pwr Supply,,Brand,,,Material,,,Color,,,Size,,,Quantity,,,,,,,,,,,,,,,,,,,,,,,,,,,,,,,,,,,,,,,,,,,,,,,,,,,,,,,,,,,,,,,,,,,,,,,,,,,,,,,,,,,,,,,,,,,,,,,,,,,,,,,,,,,,,,,,,,,,,,,,,,,,,,,,,,,,,,,,,,,,,,,,,,,,,,,,,,,,,,,,,,,,,,,,,,,,,,,,,,,,,
,,,,,,,Tools & Equipment,Power Tools,Batteries & Chargers,,BM-DW20-YLW-6,BM-DW20-YLW-6 Dewalt - Battery Mounts 6pk,-- Unbranded --,-- No Unilog Brand --,StealthMounts,Metalmark Industrial Inc (METIN),Metalmark Industrial Inc,StealthMounts,,BM-DW20-YLW-6,,Tools & Equipment>Power Tools>Batteries & Chargers,"Metalmark Industrial Inc StealthMounts, Battery Mounts, BM-DW20-YLW-6",BATTERY MOUNTS YLW 6PK,"StealthMounts BM-DW20-YLW-6 Battery Mounts, YLW, 6pk Quantity","StealthMounts Battery Mounts, YLW, 6pk Quantity","Battery Mounts, YLW, 6pk Quantity",,,,,,,,,,,,,,,,,,,,,,,,,,,Battery Mounts,Product Name,Battery Mounts,,Brand,Dewalt,,Material,,,Color,YLW,,Size,,,Quantity,6pk,,,,,,,,,,,,,,,,,,,,,,,,,,,,,,,,,,,,,,,,,,,,,,,,,,,,,,,,,,,,,,,,,,,,,,,,,,,,,,,,,,,,,,,,,,,,,,,,,,,,,,,,,,,,,,,,,,,,,,,,,,,,,,,,,,,,,,,,,26111701,,,6,PK,,,,,,,,,,,,,,,,,,,,,,,,,,,,,,,,,,,,,,,
,,,,,,,,,,,BHA1-UPC,16-24 Adjust Hanger,-- Unbranded --,-- No Unilog Brand --,Southwire,Southwire/g Turner (6603),Southwire/g Turner,Southwire,,BHA1-UPC,,,"Southwire/g Turner Southwire, Adjust Hanger, BHA1-UPC",ADJUST HANGER,Southwire BHA1-UPC Adjust Hanger,Southwire Adjust Hanger,Adjust Hanger,,,,,,,,,,,,,,,,,,,,,,,,,,,Adjust Hanger,Product Name,Adjust Hanger,,Brand,,,Material,,,Color,,,Size,,,Quantity,,,,,,,,,,,,,,,,,,,,,,,,,,,,,,,,,,,,,,,,,,,,,,,,,,,,,,,,,,,,,,,,,,,,,,,,,,,,,,,,,,,,,,,,,,,,,,,,,,,,,,,,,,,,,,,,,,,,,,,,,,,,,,,,,,,,,,,,,,,,,,,,,,,,,,,,,,,,,,,,,,,,,,,,,,,,,,,,,,,,,
,,,,,,,Electrical,Wiring Devices,"Outlets, Switches & Plates",,G1941-UPC,"G1941UPC 4"" Sq Cover Sw/Outlet",-- Unbranded --,-- No Unilog Brand --,Southwire,Southwire/g Turner (6603),Southwire/g Turner,Southwire,,G1941-UPC,,Electrical>Wiring Devices>Receptacles & Switches,"Southwire/g Turner Southwire, Cover Sw/outlet, G1941-UPC, 4"" Sq","COVER SW/OUTLET 4"" SQ","Southwire G1941-UPC Cover Sw/outlet, 4"" Sq","Southwire Cover Sw/outlet, 4"" Sq","Cover Sw/outlet, 4"" Sq",,,,,,,,,,,,,,,,,,,,,,,,,,,Cover Sw/outlet,Product Name,Cover Sw/Outlet,,Brand,,,Material,,,Color,,,Size,"4"" Sq",,Quantity,,,,,,,,,,,,,,,,,,,,,,,,,,,,,,,,,,,,,,,,,,,,,,,,,,,,,,,,,,,,,,,,,,,,,,,,,,,,,,,,,,,,,,,,,,,,,,,,,,,,,,,,,,,,,,,,,,,,,,,,,,,,,,,,,,,,,,,,,,39121400,,,,,,,,,,,,,,,,,,,,,,,,,,,,,,,,,,,,,,,,,,,
,,,,,,,,,,,G1950-UPC,4x4 2G GFI Box Cover,-- Unbranded --,-- No Unilog Brand --,Southwire,Southwire/g Turner (6603),Southwire/g Turner,Southwire,,G1950-UPC,,,"Southwire/g Turner Southwire, Box Cover, G1950-UPC, 4x4",BOX COVER 4X4,"Southwire G1950-UPC Box Cover, 4x4","Southwire Box Cover, 4x4","Box Cover, 4x4",,,,,,,,,,,,,,,,,,,,,,,,,,,Box Cover,Product Name,Box Cover,,Brand,,,Material,,,Color,,,Size,4x4,,Quantity,,,,,,,,,,,,,,,,,,,,,,,,,,,,,,,,,,,,,,,,,,,,,,,,,,,,,,,,,,,,,,,,,,,,,,,,,,,,,,,,,,,,,,,,,,,,,,,,,,,,,,,,,,,,,,,,,,,,,,,,,,,,,,,,,,,,,,,,,,,,,,,,,,,,,,,,,,,,,,,,,,,,,,,,,,,,,,,,,,,,,
,,,,,,,,,,,A410RCAR,4x4 1G PVC Box Cover,-- Unbranded --,-- No Unilog Brand --,Carlon,Thomas & Betts (7405),Thomas & Betts,Carlon,,A410RCAR,,,"Thomas & Betts Carlon, Box Cover, A410RCAR, PVC, 4x4",BOX COVER PVC 4X4,"Carlon A410RCAR Box Cover, PVC, 4x4","Carlon Box Cover, PVC, 4x4","Box Cover, PVC, 4x4",,,,,,,,,,,,,,,,,,,,,,,,,,,Box Cover,Product Name,Box Cover,,Brand,,,Material,PVC,,Color,,,Size,4x4,,Quantity,,,,,,,,,,,,,,,,,,,,,,,,,,,,,,,,,,,,,,,,,,,,,,,,,,,,,,,,,,,,,,,,,,,,,,,,,,,,,,,,,,,,,,,,,,,,,,,,,,,,,,,,,,,,,,,,,,,,,,,,,,,,,,,,,,,,,,,,,,,,,,,,,,,,,,,,,,,,,,,,,,,,,,,,,,,,,,,,,,,,,
,,,,,,,,,,,G1951-UPC,4x4 2G GFCI Duplex Box Cover,-- Unbranded --,-- No Unilog Brand --,Southwire,Southwire/g Turner (6603),Southwire/g Turner,Southwire,,G1951-UPC,,,"Southwire/g Turner Southwire, 4x4 2G GFCI Duplex Box Cover, G1951-UPC",4X4 2G GFCI DUPLEX BOX COVER 4X4,"Southwire G1951-UPC 4x4 2G GFCI Duplex Box Cover, 4x4","Southwire 4x4 2G GFCI Duplex Box Cover, 4x4","4x4 2G GFCI Duplex Box Cover, 4x4",,,,,,,,,,,,,,,,,,,,,,,,,,,4x4 2G GFCI Duplex Box Cover,Product Name,4x4 2G GFCI Duplex Box Cover,,Brand,,,Material,,,Color,,,Size,4x4,,Quantity,,,,,,,,,,,,,,,,,,,,,,,,,,,,,,,,,,,,,,,,,,,,,,,,,,,,,,,,,,,,,,,,,,,,,,,,,,,,,,,,,,,,,,,,,,,,,,,,,,,,,,,,,,,,,,,,,,,,,,,,,,,,,,,,,,,,,,,,,,,,,,,,,,,,,,,,,,,,,,,,,,,,,,,,,,,,,,,,,,,,,
,,,,,,,,,,,52C3-5/8-UPC,4x4 1G Box Cover,-- Unbranded --,-- No Unilog Brand --,Southwire,Southwire/g Turner (6603),Southwire/g Turner,Southwire,,52C3-5/8-UPC,,,"Southwire/g Turner Southwire, Box Cover, 52C3-5/8-UPC, 4x4",BOX COVER 4X4,"Southwire 52C3-5/8-UPC Box Cover, 4x4","Southwire Box Cover, 4x4","Box Cover, 4x4",,,,,,,,,,,,,,,,,,,,,,,,,,,Box Cover,Product Name,Box Cover,,Brand,,,Material,,,Color,,,Size,4x4,,Quantity,,,,,,,,,,,,,,,,,,,,,,,,,,,,,,,,,,,,,,,,,,,,,,,,,,,,,,,,,,,,,,,,,,,,,,,,,,,,,,,,,,,,,,,,,,,,,,,,,,,,,,,,,,,,,,,,,,,,,,,,,,,,,,,,,,,,,,,,,,,,,,,,,,,,,,,,,,,,,,,,,,,,,,,,,,,,,,,,,,,,,
,,,,,,,,,,,52C14-5/8-UPC,4x4 1G Box Cover,-- Unbranded --,-- No Unilog Brand --,Southwire,Southwire/g Turner (6603),Southwire/g Turner,Southwire,,52C14-5/8-UPC,,,"Southwire/g Turner Southwire, Box Cover, 52C14-5/8-UPC, 4x4",BOX COVER 4X4,"Southwire 52C14-5/8-UPC Box Cover, 4x4","Southwire Box Cover, 4x4","Box Cover, 4x4",,,,,,,,,,,,,,,,,,,,,,,,,,,Box Cover,Product Name,Box Cover,,Brand,,,Material,,,Color,,,Size,4x4,,Quantity,,,,,,,,,,,,,,,,,,,,,,,,,,,,,,,,,,,,,,,,,,,,,,,,,,,,,,,,,,,,,,,,,,,,,,,,,,,,,,,,,,,,,,,,,,,,,,,,,,,,,,,,,,,,,,,,,,,,,,,,,,,,,,,,,,,,,,,,,,,,,,,,,,,,,,,,,,,,,,,,,,,,,,,,,,,,,,,,,,,,,
,,,,,,,,,,,52C3-UPC,4x4 1G Box Cover,-- Unbranded --,-- No Unilog Brand --,Southwire,Southwire/g Turner (6603),Southwire/g Turner,Southwire,,52C3-UPC,,,"Southwire/g Turner Southwire, Box Cover, 52C3-UPC, 4x4",BOX COVER 4X4,"Southwire 52C3-UPC Box Cover, 4x4","Southwire Box Cover, 4x4","Box Cover, 4x4",,,,,,,,,,,,,,,,,,,,,,,,,,,Box Cover,Product Name,Box Cover,,Brand,,,Material,,,Color,,,Size,4x4,,Quantity,,,,,,,,,,,,,,,,,,,,,,,,,,,,,,,,,,,,,,,,,,,,,,,,,,,,,,,,,,,,,,,,,,,,,,,,,,,,,,,,,,,,,,,,,,,,,,,,,,,,,,,,,,,,,,,,,,,,,,,,,,,,,,,,,,,,,,,,,,,,,,,,,,,,,,,,,,,,,,,,,,,,,,,,,,,,,,,,,,,,,
,,,,,,,,,,,54151-F-UPC,4x4x1-1/2 Oct Box w/Bracket,-- Unbranded --,-- No Unilog Brand --,Southwire,Southwire/g Turner (6603),Southwire/g Turner,Southwire,,54151-F-UPC,,,"Southwire/g Turner Southwire, 4x4x1-1/2 Oct Box W/bracket, 54151-F-UPC",4X4X1-1/2 OCT BOX W/BRACKET,"Southwire 54151-F-UPC 4x4x1-1/2 Oct Box W/bracket, 4x4x1-1/2","Southwire 4x4x1-1/2 Oct Box W/bracket, 4x4x1-1/2","4x4x1-1/2 Oct Box W/bracket, 4x4x1-1/2",,,,,,,,,,,,,,,,,,,,,,,,,,,4x4x1-1/2 Oct Box W/bracket,Product Name,4x4x1-1/2 Oct Box w/Bracket,,Brand,,,Material,,,Color,,,Size,4x4x1-1/2,,Quantity,,,,,,,,,,,,,,,,,,,,,,,,,,,,,,,,,,,,,,,,,,,,,,,,,,,,,,,,,,,,,,,,,,,,,,,,,,,,,,,,,,,,,,,,,,,,,,,,,,,,,,,,,,,,,,,,,,,,,,,,,,,,,,,,,,,,,,,,,,,,,,,,,,,,,,,,,,,,,,,,,,,,,,,,,,,,,,,,,,,,,
,,,,,,,,,,,54151-HUR-UPC,4x4x1-1/2 Oct Box w/Hanger,-- Unbranded --,-- No Unilog Brand --,Southwire,Southwire/g Turner (6603),Southwire/g Turner,Southwire,,54151-HUR-UPC,,,"Southwire/g Turner Southwire, 4x4x1-1/2 Oct Box W/hanger, 54151-HUR-UPC",4X4X1-1/2 OCT BOX W/HANGER,"Southwire 54151-HUR-UPC 4x4x1-1/2 Oct Box W/hanger, 4x4x1-1/2","Southwire 4x4x1-1/2 Oct Box W/hanger, 4x4x1-1/2","4x4x1-1/2 Oct Box W/hanger, 4x4x1-1/2",,,,,,,,,,,,,,,,,,,,,,,,,,,4x4x1-1/2 Oct Box W/hanger,Product Name,4x4x1-1/2 Oct Box w/Hanger,,Brand,,,Material,,,Color,,,Size,4x4x1-1/2,,Quantity,,,,,,,,,,,,,,,,,,,,,,,,,,,,,,,,,,,,,,,,,,,,,,,,,,,,,,,,,,,,,,,,,,,,,,,,,,,,,,,,,,,,,,,,,,,,,,,,,,,,,,,,,,,,,,,,,,,,,,,,,,,,,,,,,,,,,,,,,,,,,,,,,,,,,,,,,,,,,,,,,,,,,,,,,,,,,,,,,,,,,
,,,,,,,,,,,54151-JR-UPC,4x4x1-1/2 Oct Box w/Brakcet,-- Unbranded --,-- No Unilog Brand --,Southwire,Southwire/g Turner (6603),Southwire/g Turner,Southwire,,54151-JR-UPC,,,"Southwire/g Turner Southwire, 4x4x1-1/2 Oct Box W/brakcet, 54151-JR-UPC",4X4X1-1/2 OCT BOX W/BRAKCET,"Southwire 54151-JR-UPC 4x4x1-1/2 Oct Box W/brakcet, 4x4x1-1/2","Southwire 4x4x1-1/2 Oct Box W/brakcet, 4x4x1-1/2","4x4x1-1/2 Oct Box W/brakcet, 4x4x1-1/2",,,,,,,,,,,,,,,,,,,,,,,,,,,4x4x1-1/2 Oct Box W/brakcet,Product Name,4x4x1-1/2 Oct Box w/Brakcet,,Brand,,,Material,,,Color,,,Size,4x4x1-1/2,,Quantity,,,,,,,,,,,,,,,,,,,,,,,,,,,,,,,,,,,,,,,,,,,,,,,,,,,,,,,,,,,,,,,,,,,,,,,,,,,,,,,,,,,,,,,,,,,,,,,,,,,,,,,,,,,,,,,,,,,,,,,,,,,,,,,,,,,,,,,,,,,,,,,,,,,,,,,,,,,,,,,,,,,,,,,,,,,,,,,,,,,,,
,,,,,,,,,,,54171-R-UPC,4x4x2 Oct Box,-- Unbranded --,-- No Unilog Brand --,Southwire,Southwire/g Turner (6603),Southwire/g Turner,Southwire,,54171-R-UPC,,,"Southwire/g Turner Southwire, Oct Box, 54171-R-UPC, 4x4x2",OCT BOX 4X4X2,"Southwire 54171-R-UPC Oct Box, 4x4x2","Southwire Oct Box, 4x4x2","Oct Box, 4x4x2",,,,,,,,,,,,,,,,,,,,,,,,,,,Oct Box,Product Name,Oct Box,,Brand,,,Material,,,Color,,,Size,4x4x2,,Quantity,,,,,,,,,,,,,,,,,,,,,,,,,,,,,,,,,,,,,,,,,,,,,,,,,,,,,,,,,,,,,,,,,,,,,,,,,,,,,,,,,,,,,,,,,,,,,,,,,,,,,,,,,,,,,,,,,,,,,,,,,,,,,,,,,,,,,,,,,,,,,,,,,,,,,,,,,,,,,,,,,,,,,,,,,,,,,,,,,,,,,
,,,,,,,,,,,52151-S-UPC,4x4x1-1/2 Square Box,-- Unbranded --,-- No Unilog Brand --,Southwire,Southwire/g Turner (6603),Southwire/g Turner,Southwire,,52151-S-UPC,,,"Southwire/g Turner Southwire, Square Box, 52151-S-UPC, 4x4x1-1/2",SQUARE BOX,"Southwire 52151-S-UPC Square Box, 4x4x1-1/2","Southwire Square Box, 4x4x1-1/2","Square Box, 4x4x1-1/2",,,,,,,,,,,,,,,,,,,,,,,,,,,Square Box,Product Name,Square Box,,Brand,,,Material,,,Color,,,Size,4x4x1-1/2,,Quantity,,,,,,,,,,,,,,,,,,,,,,,,,,,,,,,,,,,,,,,,,,,,,,,,,,,,,,,,,,,,,,,,,,,,,,,,,,,,,,,,,,,,,,,,,,,,,,,,,,,,,,,,,,,,,,,,,,,,,,,,,,,,,,,,,,,,,,,,,,,,,,,,,,,,,,,,,,,,,,,,,,,,,,,,,,,,,,,,,,,,,
,,,,,,,,,,,72171-3/4-1W-UPC,4-1/2x4-1/2x2 2G Box,-- Unbranded --,-- No Unilog Brand --,Southwire,Southwire/g Turner (6603),Southwire/g Turner,Southwire,,72171-3/4-1W-UPC,,,"Southwire/g Turner Southwire, Box, 72171-3/4-1W-UPC, 4-1/2x4-1/2x2 2G",BOX,"Southwire 72171-3/4-1W-UPC Box, 4-1/2x4-1/2x2 2G","Southwire Box, 4-1/2x4-1/2x2 2G","Box, 4-1/2x4-1/2x2 2G",,,,,,,,,,,,,,,,,,,,,,,,,,,Box,Product Name,Box,,Brand,,,Material,,,Color,,,Size,4-1/2x4-1/2x2 2G,,Quantity,,,,,,,,,,,,,,,,,,,,,,,,,,,,,,,,,,,,,,,,,,,,,,,,,,,,,,,,,,,,,,,,,,,,,,,,,,,,,,,,,,,,,,,,,,,,,,,,,,,,,,,,,,,,,,,,,,,,,,,,,,,,,,,,,,,,,,,,,,,,,,,,,,,,,,,,,,,,,,,,,,,,,,,,,,,,,,,,,,,,,
,,,,,,,,,,,5522-5EV,5522-5EV 2 Port Decor Plate,-- Unbranded --,-- No Unilog Brand --,-- No DIB Brand --,Cooper Wiring Devices (3560),Cooper Wiring Devices,,,5522-5EV,,,"Cooper Wiring Devices, Decor Plate, 5522-5EV",DECOR PLATE,5522-5EV Decor Plate,Decor Plate,Decor Plate,,,,,,,,,,,,,,,,,,,,,,,,,,,Decor Plate,Product Name,Decor Plate,,Brand,,,Material,,,Color,,,Size,,,Quantity,,,,,,,,,,,,,,,,,,,,,,,,,,,,,,,,,,,,,,,,,,,,,,,,,,,,,,,,,,,,,,,,,,,,,,,,,,,,,,,,,,,,,,,,,,,,,,,,,,,,,,,,,,,,,,,,,,,,,,,,,,,,,,,,,,,,,,,,,,,,,,,,,,,,,,,,,,,,,,,,,,,,,,,,,,,,,,,,,,,,,
,,,,,,,,,,,AYCL-153PH-LA,AYCL-153PH-LA Lutron Dimmer LA,-- Unbranded --,-- No Unilog Brand --,-- No DIB Brand --,Fenton Bros Electric Inc (FENBR),Fenton Bros Electric Inc,Lutron,,AYCL-153PH-LA,,,"Fenton Bros Electric Inc Lutron, Lutron Dimmer, AYCL-153PH-LA",LUTRON DIMMER,Lutron AYCL-153PH-LA Lutron Dimmer,Lutron Lutron Dimmer,Lutron Dimmer,,,,,,,,,,,,,,,,,,,,,,,,,,,Lutron Dimmer,Product Name,Lutron Dimmer,,Brand,Lutron,,Material,,,Color,,,Size,,,Quantity,,,,,,,,,,,,,,,,,,,,,,,,,,,,,,,,,,,,,,,,,,,,,,,,,,,,,,,,,,,,,,,,,,,,,,,,,,,,,,,,,,,,,,,,,,,,,,,,,,,,,,,,,,,,,,,,,,,,,,,,,,,,,,,,,,,,,,,,,,,,,,,,,,,,,,,,,,,,,,,,,,,,,,,,,,,,,,,,,,,,,
,,,,,,,,,,,AYCL-153PH-WH,AYCL-153PH-WH Lutron Dimmer Wh,-- Unbranded --,-- No Unilog Brand --,-- No DIB Brand --,Fenton Bros Electric Inc (FENBR),Fenton Bros Electric Inc,Lutron,,AYCL-153PH-WH,,,"Fenton Bros Electric Inc Lutron, Lutron Dimmer Wh, AYCL-153PH-WH",LUTRON DIMMER WH WHT,"Lutron AYCL-153PH-WH Lutron Dimmer Wh, white","Lutron Lutron Dimmer Wh, white","Lutron Dimmer Wh, white",,,,,,,,,,,,,,,,,,,,,,,,,,,Lutron Dimmer Wh,Product Name,Lutron Dimmer Wh,,Brand,Lutron,,Material,,,Color,white,,Size,,,Quantity,,,,,,,,,,,,,,,,,,,,,,,,,,,,,,,,,,,,,,,,,,,,,,,,,,,,,,,,,,,,,,,,,,,,,,,,,,,,,,,,,,,,,,,,,,,,,,,,,,,,,,,,,,,,,,,,,,,,,,,,,,,,,,,,,,,,,,,,,,,,,,,,,,,,,,,,,,,,,,,,,,,,,,,,,,,,,,,,,,,,,
,,,,,,,,,,,D23LP-R02-1RW,D23LPR021RW Plug In Dimmer Wh,-- Unbranded --,-- No Unilog Brand --,Leviton,Leviton Mfg Co (4927),Leviton Mfg Co,Leviton,,D23LP-R02-1RW,,,"Leviton, Plug In Dimmer Wh, D23LP-R02-1RW",PLUG IN DIMMER WH,Leviton D23LP-R02-1RW Plug In Dimmer Wh,Leviton Plug In Dimmer Wh,Plug In Dimmer Wh,,,,,,,,,,,,,,,,,,,,,,,,,,,Plug In Dimmer Wh,Product Name,Plug In Dimmer Wh,,Brand,,,Material,,,Color,,,Size,,,Quantity,,,,,,,,,,,,,,,,,,,,,,,,,,,,,,,,,,,,,,,,,,,,,,,,,,,,,,,,,,,,,,,,,,,,,,,,,,,,,,,,,,,,,,,,,,,,,,,,,,,,,,,,,,,,,,,,,,,,,,,,,,,,,,,,,,,,,,,,,,,,,,,,,,,,,,,,,,,,,,,,,,,,,,,,,,,,,,,,,,,,,
,,,,,,,,,,,TNOCD002,TNOCD002 125V Outdooor Timer,-- Unbranded --,-- No Unilog Brand --,Prime,Prime Wire & Cable (3562),Prime Wire & Cable,Prime,,TNOCD002,,,"Prime, Timer, TNOCD002",TIMER,Prime TNOCD002 Timer,Prime Timer,Timer,,,,,,,,,,,,,,,,,,,,,,,,,,,Timer,Product Name,Timer,,Brand,TNOCD002,,Material,,,Color,,,Size,,,Quantity,,,,,,,,,,,,,,,,,,,,,,,,,,,,,,,,,,,,,,,,,,,,,,,,,,,,,,,,,,,,,,,,,,,,,,,,,,,,,,,,,,,,,,,,,,,,,,,,,,,,,,,,,,,,,,,,,,,,,,,,,,,,,,,,,,,,,,,,,,,,,,,,,,,,,,,,,,,,,,,,,,,,,,,,,,,,,,,,,,,,,
,,,,,,,,,,,TNDHD002,TNDHD002 125V 7Day Timer,-- Unbranded --,-- No Unilog Brand --,Prime,Prime Wire & Cable (3562),Prime Wire & Cable,Prime,,TNDHD002,,,"Prime, 125v 7Day Timer, TNDHD002",125V 7DAY TIMER,Prime TNDHD002 125v 7Day Timer,Prime 125v 7Day Timer,125v 7Day Timer,,,,,,,,,,,,,,,,,,,,,,,,,,,125v 7Day Timer,Product Name,125V 7Day Timer,,Brand,,,Material,,,Color,,,Size,,,Quantity,,,,,,,,,,,,,,,,,,,,,,,,,,,,,,,,,,,,,,,,,,,,,,,,,,,,,,,,,,,,,,,,,,,,,,,,,,,,,,,,,,,,,,,,,,,,,,,,,,,,,,,,,,,,,,,,,,,,,,,,,,,,,,,,,,,,,,,,,,,,,,,,,,,,,,,,,,,,,,,,,,,,,,,,,,,,,,,,,,,,,
,,,,,,,,,,,TNIDP12,TNIDP12 125V Dig Indoor Timer,-- Unbranded --,-- No Unilog Brand --,Prime,Prime Wire & Cable (3562),Prime Wire & Cable,Prime,,TNIDP12,,,"Prime, Timer, TNIDP12",TIMER,Prime TNIDP12 Timer,Prime Timer,Timer,,,,,,,,,,,,,,,,,,,,,,,,,,,Timer,Product Name,Timer,,Brand,TNIDP12,,Material,,,Color,,,Size,,,Quantity,,,,,,,,,,,,,,,,,,,,,,,,,,,,,,,,,,,,,,,,,,,,,,,,,,,,,,,,,,,,,,,,,,,,,,,,,,,,,,,,,,,,,,,,,,,,,,,,,,,,,,,,,,,,,,,,,,,,,,,,,,,,,,,,,,,,,,,,,,,,,,,,,,,,,,,,,,,,,,,,,,,,,,,,,,,,,,,,,,,,,
,,,,,,,,,,,TNIW24,TNIW24 125V 24hr Mech Timer,-- Unbranded --,-- No Unilog Brand --,Prime,Prime Wire & Cable (3562),Prime Wire & Cable,Prime,,TNIW24,,,"Prime, Mech Timer, TNIW24",MECH TIMER,Prime TNIW24 Mech Timer,Prime Mech Timer,Mech Timer,,,,,,,,,,,,,,,,,,,,,,,,,,,Mech Timer,Product Name,Mech Timer,,Brand,TNIW24,,Material,,,Color,,,Size,,,Quantity,,,,,,,,,,,,,,,,,,,,,,,,,,,,,,,,,,,,,,,,,,,,,,,,,,,,,,,,,,,,,,,,,,,,,,,,,,,,,,,,,,,,,,,,,,,,,,,,,,,,,,,,,,,,,,,,,,,,,,,,,,,,,,,,,,,,,,,,,,,,,,,,,,,,,,,,,,,,,,,,,,,,,,,,,,,,,,,,,,,,,
,,,,,,,Electrical,Lamps & Bulbs,LED Lamps,,65-1222,65-1222 1' Led Lt Multi CCT,-- Unbranded --,-- No Unilog Brand --,-- No DIB Brand --,Satco Prod Inc (5573),Satco Prod Inc,,,65-1222,,Electrical>Lighting>Lamps & Bulbs>LED Lamps,"Satco Prod Inc, LED Lamp, 65-1222, 65 W Wattage, 1222 K Color Temperature",LED LAMP 65W 1222K 1FT LED LT MULTI CCT,"65-1222 LED Lamp, 65 W Wattage, 1222 K Color Temperature, 1 ft Bulb Shape, Led Lt Base Type, Multi Light Output","LED Lamp, 65 W Wattage, 1222 K Color Temperature, 1 ft Bulb Shape, Led Lt Base Type, Multi Light Output, CCT Voltage Rating, Multi Dimmable, CCT Color Rendering Index, CCT Rated Life, CCT Quantity","LED Lamp, 65 W Wattage, 1222 K Color Temperature, 1 ft Bulb Shape, Led Lt Base Type, Multi Light Output",,65 W,1222 K,1 ft,,,,,,,,,,,,,,,,,,,,,,,,Wattage,65,W,Color Temperature,1222,K,Bulb Shape,1,ft,Base Type,Led Lt,,Light Output,Multi,,Voltage Rating,CCT,,Dimmable,Multi,,Color Rendering Index,CCT,,Rated Life,CCT,,Quantity,CCT,,,,,,,,,,,,,,,,,,,,,,,,,,,,,,,,,,,,,,,,,,,,,,,,,,,,,,,,,,,,,,,,,,,,,,,,,,,,,,,,,,,,,,,,,,,,,,,,,,,,,,,,,,,,,,,,,,,,,,,,,,,,,39101605,,,,,,,,,,,,,,,,,,,,,,,,,,,,,,,,,,,,,,,,,,,
,,,,,,,Electrical,Lighting Fixtures,Indoor & Outdoor Luminaires,,65-1224,65-1224 4' Led Strip Light,-- Unbranded --,-- No Unilog Brand --,Satco,Satco Prod Inc (5573),Satco Prod Inc,Satco,,65-1224,,Electrical>Lighting>Fixtures>Luminaires,"Satco, Led Strip, 65-1224, 4 ft Length, Strip Light Mounting Type",LED STRIP 4FT,"Satco 65-1224 Led Strip, 4 ft Length, Strip Light Mounting Type","Satco Led Strip, 4 ft Length, Strip Light Mounting Type","Led Strip, 4 ft Length, Strip Light Mounting Type",,4 ft,,,,,,,,,,,,,,,,,,,,,,,,,Led Strip,Product Name,Led Strip,,Wattage,,,Color Temperature,,,Light Output,,,Length,4,ft,Mounting Type,Strip Light,,Finish,,,Location Rating,,,Voltage Rating,,,,,,,,,,,,,,,,,,,,,,,,,,,,,,,,,,,,,,,,,,,,,,,,,,,,,,,,,,,,,,,,,,,,,,,,,,,,,,,,,,,,,,,,,,,,,,,,,,,,,,,,,,,,,,,,,,,,,,,,,,,,,,,,,39111500,,,,,,4,ft,,,,,,,,,,,,,,,,,,,,,,,,,,,,,,,,,,,,
,,,,,,,Electrical,Lighting Fixtures,Indoor & Outdoor Luminaires,,45297BK,45297BK Kichler Wall Lt,-- Unbranded --,-- No Unilog Brand --,-- No DIB Brand --,Kichler Lighting (KICLI),Kichler Lighting,,,45297BK,,Electrical>Lighting>Fixtures>Luminaires,"Kichler Lighting, Wall Lt, 45297BK, 45297 BK Wattage, 45297 BK Color Temperature",WALL LT 45297 BK 45297 BK 45297 BK,"45297BK Wall Lt, 45297 BK Wattage, 45297 BK Color Temperature, 45297 BK Light Output, 45297 BK Length","Wall Lt, 45297 BK Wattage, 45297 BK Color Temperature, 45297 BK Light Output, 45297 BK Length, Wall Lt Mounting Type, 45297BK, 45297BK Location Rating, 45297 BK Voltage Rating","Wall Lt, 45297 BK Wattage, 45297 BK Color Temperature, 45297 BK Light Output, 45297 BK Length, Wall Lt Mounting Type",,,,,,,,,,,,,,,,,,,,,,,,,45297BK,,Wall Lt,Product Name,Wall Lt,,Wattage,45297 BK,,Color Temperature,45297 BK,,Light Output,45297 BK,,Length,45297 BK,,Mounting Type,Wall Lt,,Finish,45297BK,,Location Rating,45297BK,,Voltage Rating,45297 BK,,,,,,,,,,,,,,,,,,,,,,,,,,,,,,,,,,,,,,,,,,,,,,,,,,,,,,,,,,,,,,,,,,,,,,,,,,,,,,,,,,,,,,,,,,,,,,,,,,,,,,,,,,,,,,,,,,,,,,,,,,,,,,,,39111500,,,,,,45297 BK,,,,,,,,,,,,,,,,,,,,,,,,,,,,,,,,,,,,,
,,,,,,,Electrical,Lighting Fixtures,Indoor & Outdoor Luminaires,,45573BK,45573BK Kichler Wall Light,-- Unbranded --,-- No Unilog Brand --,-- No DIB Brand --,Kichler Lighting (KICLI),Kichler Lighting,,,45573BK,,Electrical>Lighting>Fixtures>Luminaires,"Kichler Lighting, Wall Light, 45573BK, 45573 BK Wattage, 45573 BK Light Output",WALL LIGHT 45573 BK 45573 BK 45573 BK,"45573BK Wall Light, 45573 BK Wattage, 45573 BK Color Temperature, 45573 BK Light Output, 45573 BK Length","Wall Light, 45573 BK Wattage, 45573 BK Color Temperature, 45573 BK Light Output, 45573 BK Length, Wall Light Mounting Type, 45573BK, 45573BK Location Rating, 45573 BK Voltage Rating","Wall Light, 45573 BK Wattage, 45573 BK Color Temperature, 45573 BK Light Output, 45573 BK Length",,,,,,,,,,,,,,,,,,,,,,,,,45573BK,,Wall Light,Product Name,Wall Light,,Wattage,45573 BK,,Color Temperature,45573 BK,,Light Output,45573 BK,,Length,45573 BK,,Mounting Type,Wall Light,,Finish,45573BK,,Location Rating,45573BK,,Voltage Rating,45573 BK,,,,,,,,,,,,,,,,,,,,,,,,,,,,,,,,,,,,,,,,,,,,,,,,,,,,,,,,,,,,,,,,,,,,,,,,,,,,,,,,,,,,,,,,,,,,,,,,,,,,,,,,,,,,,,,,,,,,,,,,,,,,,,,,39111500,,,,,,45573 BK,,,,,,,,,,,,,,,,,,,,,,,,,,,,,,,,,,,,,
,,,,,,,Electrical,Lighting Fixtures,Indoor & Outdoor Luminaires,,37418A,37418A Kichler Bath Light,-- Unbranded --,-- No Unilog Brand --,-- No DIB Brand --,Kichler Lighting (KICLI),Kichler Lighting,,,37418A,,Electrical>Lighting>Fixtures>Luminaires,"Kichler Lighting, Bath Light, 37418A, 37418 A Wattage, 37418 A Color Temperature",BATH LIGHT 37418A 37418A 37418A 37418A,"37418A Bath Light, 37418 A Wattage, 37418 A Color Temperature, 37418 A Light Output, 37418 A Length","Bath Light, 37418 A Wattage, 37418 A Color Temperature, 37418 A Light Output, 37418 A Length, 37418 A Mounting Type, 37418 A, 37418 A Location Rating, 37418 A Voltage Rating","Bath Light, 37418 A Wattage, 37418 A Color Temperature, 37418 A Light Output, 37418 A Length, 37418 A Mounting Type",,37418 A,37418 A,37418 A,37418 A,37418 A,37418 A,37418 A,,,,,,,,,,,,,,,,,37418A,,Bath Light,Product Name,bath light,,Wattage,37418,A,Color Temperature,37418,A,Light Output,37418,A,Length,37418,A,Mounting Type,37418,A,Finish,37418,A,Location Rating,37418,A,Voltage Rating,37418,A,,,,,,,,,,,,,,,,,,,,,,,,,,,,,,,,,,,,,,,,,,,,,,,,,,,,,,,,,,,,,,,,,,,,,,,,,,,,,,,,,,,,,,,,,,,,,,,,,,,,,,,,,,,,,,,,,,,,,,,,,,,,,,,39111500,,,,,,37418,A,,,,,,,,,,,,,,,,,,,,,,,,,,,,,,,,,,,,
,,,,,,,Electrical,Lighting Fixtures,Indoor & Outdoor Luminaires,,37423A,37423A Kichler Bath Light,-- Unbranded --,-- No Unilog Brand --,-- No DIB Brand --,Kichler Lighting (KICLI),Kichler Lighting,,,37423A,,Electrical>Lighting>Fixtures>Luminaires,"Kichler Lighting, Bath Light, 37423A, 37423 A Wattage, 37423 A Color Temperature",BATH LIGHT 37423A 37423A 37423A 37423A,"37423A Bath Light, 37423 A Wattage, 37423 A Color Temperature, 37423 A Light Output, 37423 A Length","Bath Light, 37423 A Wattage, 37423 A Color Temperature, 37423 A Light Output, 37423 A Length, 37423 A Mounting Type, 37423 A, 37423 A Location Rating, 37423 A Voltage Rating","Bath Light, 37423 A Wattage, 37423 A Color Temperature, 37423 A Light Output, 37423 A Length, 37423 A Mounting Type",,37423 A,37423 A,37423 A,37423 A,37423 A,37423 A,37423 A,,,,,,,,,,,,,,,,,37423A,,Bath Light,Product Name,bath light,,Wattage,37423,A,Color Temperature,37423,A,Light Output,37423,A,Length,37423,A,Mounting Type,37423,A,Finish,37423,A,Location Rating,37423,A,Voltage Rating,37423,A,,,,,,,,,,,,,,,,,,,,,,,,,,,,,,,,,,,,,,,,,,,,,,,,,,,,,,,,,,,,,,,,,,,,,,,,,,,,,,,,,,,,,,,,,,,,,,,,,,,,,,,,,,,,,,,,,,,,,,,,,,,,,,,39111500,,,,,,37423,A,,,,,,,,,,,,,,,,,,,,,,,,,,,,,,,,,,,,
,,,,,,,Electrical,Lighting Fixtures,Indoor & Outdoor Luminaires,,45496BKCLR,45496BKCLR Kichler Bath Light,-- Unbranded --,-- No Unilog Brand --,-- No DIB Brand --,Kichler Lighting (KICLI),Kichler Lighting,,,45496BKCLR,,Electrical>Lighting>Fixtures>Luminaires,"Kichler Lighting, Bath Light, 45496BKCLR, 45496 BKCLR Wattage",BATH LIGHT,"45496BKCLR Bath Light, 45496 BKCLR Wattage, 45496 BKCLR Color Temperature, 45496 BKCLR Light Output, 45496 BKCLR Length","Bath Light, 45496 BKCLR Wattage, 45496 BKCLR Color Temperature, 45496 BKCLR Light Output, 45496 BKCLR Length, 45496BKCLR Mounting Type, 45496BKCLR, 45496BKCLR Location Rating, 45496 BKCLR Voltage Rating","Bath Light, 45496 BKCLR Wattage, 45496 BKCLR Color Temperature, 45496 BKCLR Light Output, 45496 BKCLR Length",,,,,,,,,,,,,,,,,,,,,,,,,45496BKCLR,,Bath Light,Product Name,bath light,,Wattage,45496 BKCLR,,Color Temperature,45496 BKCLR,,Light Output,45496 BKCLR,,Length,45496 BKCLR,,Mounting Type,45496BKCLR,,Finish,45496BKCLR,,Location Rating,45496BKCLR,,Voltage Rating,45496 BKCLR,,,,,,,,,,,,,,,,,,,,,,,,,,,,,,,,,,,,,,,,,,,,,,,,,,,,,,,,,,,,,,,,,,,,,,,,,,,,,,,,,,,,,,,,,,,,,,,,,,,,,,,,,,,,,,,,,,,,,,,,,,,,,,,,39111500,,,,,,45496 BKCLR,,,,,,,,,,,,,,,,,,,,,,,,,,,,,,,,,,,,,
,,,,,,,Electrical,Lighting Fixtures,Indoor & Outdoor Luminaires,,45973BK,45973BK Kichler Wall Light,-- Unbranded --,-- No Unilog Brand --,-- No DIB Brand --,Kichler Lighting (KICLI),Kichler Lighting,,,45973BK,,Electrical>Lighting>Fixtures>Luminaires,"Kichler Lighting, Wall Light, 45973BK, 45973 BK Wattage, 45973 BK Light Output",WALL LIGHT 45973 BK 45973 BK 45973 BK,"45973BK Wall Light, 45973 BK Wattage, 45973 BK Color Temperature, 45973 BK Light Output, 45973 BK Length","Wall Light, 45973 BK Wattage, 45973 BK Color Temperature, 45973 BK Light Output, 45973 BK Length, Wall Light Mounting Type, 45973BK, 45973BK Location Rating, 45973 BK Voltage Rating","Wall Light, 45973 BK Wattage, 45973 BK Color Temperature, 45973 BK Light Output, 45973 BK Length",,,,,,,,,,,,,,,,,,,,,,,,,45973BK,,Wall Light,Product Name,Wall Light,,Wattage,45973 BK,,Color Temperature,45973 BK,,Light Output,45973 BK,,Length,45973 BK,,Mounting Type,Wall Light,,Finish,45973BK,,Location Rating,45973BK,,Voltage Rating,45973 BK,,,,,,,,,,,,,,,,,,,,,,,,,,,,,,,,,,,,,,,,,,,,,,,,,,,,,,,,,,,,,,,,,,,,,,,,,,,,,,,,,,,,,,,,,,,,,,,,,,,,,,,,,,,,,,,,,,,,,,,,,,,,,,,,39111500,,,,,,45973 BK,,,,,,,,,,,,,,,,,,,,,,,,,,,,,,,,,,,,,
,,,,,,,Electrical,Lighting Fixtures,Indoor & Outdoor Luminaires,,55155BK,55155BK Kichler Wall Lt,-- Unbranded --,-- No Unilog Brand --,-- No DIB Brand --,Kichler Lighting (KICLI),Kichler Lighting,,,55155BK,,Electrical>Lighting>Fixtures>Luminaires,"Kichler Lighting, Wall Lt, 55155BK, 55 W Wattage, 55 K Color Temperature",WALL LT 55W 55K 55LM 55FT BLK 55 55V,"55155BK Wall Lt, 55 W Wattage, 55 K Color Temperature, 55 lm Light Output, 55 ft Length, wall mount Mounting Type, black","Wall Lt, 55 W Wattage, 55 K Color Temperature, 55 lm Light Output, 55 ft Length, wall mount Mounting Type, black, 55 Location Rating, 55 V Voltage Rating","Wall Lt, 55 W Wattage, 55 K Color Temperature, 55 lm Light Output, 55 ft Length, wall mount Mounting Type, black",,55 W,55 K,55 lm,55 ft,55 V,,,,,,,,,,,,,,,,,,,55,,Wall Lt,Product Name,Wall Lt,,Wattage,55,W,Color Temperature,55,K,Light Output,55,lm,Length,55,ft,Mounting Type,wall mount,,Finish,black,,Location Rating,55,,Voltage Rating,55,V,,,,,,,,,,,,,,,,,,,,,,,,,,,,,,,,,,,,,,,,,,,,,,,,,,,,,,,,,,,,,,,,,,,,,,,,,,,,,,,,,,,,,,,,,,,,,,,,,,,,,,,,,,,,,,,,,,,,,,,,,,,,,,,39111500,,,,,,55,ft,,,,,,,,,,,,,,,,,,,,,,,,,,,,,,,,,,,,
,,,,,,,Electrical,Lighting Fixtures,Indoor & Outdoor Luminaires,,55157CPZ,55157CPZ Kichler Wall Light,-- Unbranded --,-- No Unilog Brand --,-- No DIB Brand --,Kichler Lighting (KICLI),Kichler Lighting,,,55157CPZ,,Electrical>Lighting>Fixtures>Luminaires,"Kichler Lighting, Wall Light, 55157CPZ, 55157 CPZ Wattage, 55157 CPZ Length",WALL LIGHT 55157CPZ 55157CPZ,"55157CPZ Wall Light, 55157 CPZ Wattage, 55157 CPZ Color Temperature, 55157 CPZ Light Output, 55157 CPZ Length","Wall Light, 55157 CPZ Wattage, 55157 CPZ Color Temperature, 55157 CPZ Light Output, 55157 CPZ Length, Wall Light Mounting Type, 55157CPZ, 55157CPZ Location Rating, 55157 CPZ Voltage Rating","Wall Light, 55157 CPZ Wattage, 55157 CPZ Color Temperature, 55157 CPZ Light Output, 55157 CPZ Length",,,,,,,,,,,,,,,,,,,,,,,,,55157CPZ,,Wall Light,Product Name,Wall Light,,Wattage,55157 CPZ,,Color Temperature,55157 CPZ,,Light Output,55157 CPZ,,Length,55157 CPZ,,Mounting Type,Wall Light,,Finish,55157CPZ,,Location Rating,55157CPZ,,Voltage Rating,55157 CPZ,,,,,,,,,,,,,,,,,,,,,,,,,,,,,,,,,,,,,,,,,,,,,,,,,,,,,,,,,,,,,,,,,,,,,,,,,,,,,,,,,,,,,,,,,,,,,,,,,,,,,,,,,,,,,,,,,,,,,,,,,,,,,,,,39111500,,,,,,55157 CPZ,,,,,,,,,,,,,,,,,,,,,,,,,,,,,,,,,,,,,
,,,,,,,Electrical,Lighting Fixtures,Indoor & Outdoor Luminaires,,55184BK,55184BK Kichler Wall Lt,-- Unbranded --,-- No Unilog Brand --,-- No DIB Brand --,Kichler Lighting (KICLI),Kichler Lighting,,,55184BK,,Electrical>Lighting>Fixtures>Luminaires,"Kichler Lighting, Wall Lt, 55184BK, 55184 BK Wattage, 55184 BK Color Temperature",WALL LT 55184 BK 55184 BK 55184 BK,"55184BK Wall Lt, 55184 BK Wattage, 55184 BK Color Temperature, 55184 BK Light Output, 55184 BK Length","Wall Lt, 55184 BK Wattage, 55184 BK Color Temperature, 55184 BK Light Output, 55184 BK Length, Wall Lt Mounting Type, 55184BK, 55184BK Location Rating, 55184 BK Voltage Rating","Wall Lt, 55184 BK Wattage, 55184 BK Color Temperature, 55184 BK Light Output, 55184 BK Length, Wall Lt Mounting Type",,,,,,,,,,,,,,,,,,,,,,,,,55184BK,,Wall Lt,Product Name,Wall Lt,,Wattage,55184 BK,,Color Temperature,55184 BK,,Light Output,55184 BK,,Length,55184 BK,,Mounting Type,Wall Lt,,Finish,55184BK,,Location Rating,55184BK,,Voltage Rating,55184 BK,,,,,,,,,,,,,,,,,,,,,,,,,,,,,,,,,,,,,,,,,,,,,,,,,,,,,,,,,,,,,,,,,,,,,,,,,,,,,,,,,,,,,,,,,,,,,,,,,,,,,,,,,,,,,,,,,,,,,,,,,,,,,,,,39111500,,,,,,55184 BK,,,,,,,,,,,,,,,,,,,,,,,,,,,,,,,,,,,,,
,,,,,,,Electrical,Lighting Fixtures,Indoor & Outdoor Luminaires,,55185BK,55185BK Kichler Wall Lt,-- Unbranded --,-- No Unilog Brand --,-- No DIB Brand --,Kichler Lighting (KICLI),Kichler Lighting,,,55185BK,,Electrical>Lighting>Fixtures>Luminaires,"Kichler Lighting, Wall Lt, 55185BK, 55185 BK Wattage, 55185 BK Color Temperature",WALL LT 55185 BK 55185 BK 55185 BK,"55185BK Wall Lt, 55185 BK Wattage, 55185 BK Color Temperature, 55185 BK Light Output, 55185 BK Length","Wall Lt, 55185 BK Wattage, 55185 BK Color Temperature, 55185 BK Light Output, 55185 BK Length, Wall Lt Mounting Type, 55185BK, 55185BK Location Rating, 55185 BK Voltage Rating","Wall Lt, 55185 BK Wattage, 55185 BK Color Temperature, 55185 BK Light Output, 55185 BK Length, Wall Lt Mounting Type",,,,,,,,,,,,,,,,,,,,,,,,,55185BK,,Wall Lt,Product Name,Wall Lt,,Wattage,55185 BK,,Color Temperature,55185 BK,,Light Output,55185 BK,,Length,55185 BK,,Mounting Type,Wall Lt,,Finish,55185BK,,Location Rating,55185BK,,Voltage Rating,55185 BK,,,,,,,,,,,,,,,,,,,,,,,,,,,,,,,,,,,,,,,,,,,,,,,,,,,,,,,,,,,,,,,,,,,,,,,,,,,,,,,,,,,,,,,,,,,,,,,,,,,,,,,,,,,,,,,,,,,,,,,,,,,,,,,,39111500,,,,,,55185 BK,,,,,,,,,,,,,,,,,,,,,,,,,,,,,,,,,,,,,
,,,,,,,Electrical,Lighting Fixtures,Indoor & Outdoor Luminaires,,55186CH,55186CH Kichler Wall Lt,-- Unbranded --,-- No Unilog Brand --,-- No DIB Brand --,Kichler Lighting (KICLI),Kichler Lighting,,,55186CH,,Electrical>Lighting>Fixtures>Luminaires,"Kichler Lighting, Wall Lt, 55186CH, 55186 CH Wattage, 55186 CH Color Temperature",WALL LT 55186 CH 55186 CH 55186 CH,"55186CH Wall Lt, 55186 CH Wattage, 55186 CH Color Temperature, 55186 CH Light Output, 55186 CH Length","Wall Lt, 55186 CH Wattage, 55186 CH Color Temperature, 55186 CH Light Output, 55186 CH Length, 55186CH Mounting Type, 55186CH, 55186CH Location Rating, 55186 CH Voltage Rating","Wall Lt, 55186 CH Wattage, 55186 CH Color Temperature, 55186 CH Light Output, 55186 CH Length, 55186CH Mounting Type",,,,,,,,,,,,,,,,,,,,,,,,,55186CH,,Wall Lt,Product Name,Wall Lt,,Wattage,55186 CH,,Color Temperature,55186 CH,,Light Output,55186 CH,,Length,55186 CH,,Mounting Type,55186CH,,Finish,55186CH,,Location Rating,55186CH,,Voltage Rating,55186 CH,,,,,,,,,,,,,,,,,,,,,,,,,,,,,,,,,,,,,,,,,,,,,,,,,,,,,,,,,,,,,,,,,,,,,,,,,,,,,,,,,,,,,,,,,,,,,,,,,,,,,,,,,,,,,,,,,,,,,,,,,,,,,,,,39111500,,,,,,55186 CH,,,,,,,,,,,,,,,,,,,,,,,,,,,,,,,,,,,,,
,,,,,,,Electrical,Lighting Fixtures,Indoor & Outdoor Luminaires,,55210NI,55210NI Kichler Wall Light,-- Unbranded --,-- No Unilog Brand --,-- No DIB Brand --,Kichler Lighting (KICLI),Kichler Lighting,,,55210NI,,Electrical>Lighting>Fixtures>Luminaires,"Kichler Lighting, Wall Light, 55210NI, 55210 NI Wattage, 55210 NI Length",WALL LIGHT 55210 NI 55210 NI 55210 NI,"55210NI Wall Light, 55210 NI Wattage, 55210 NI Color Temperature, 55210 NI Length, wall mount Mounting Type, 55210NI","Wall Light, 55210 NI Wattage, 55210 NI Color Temperature, 55210 NI Length, wall mount Mounting Type, 55210NI, 55210NI Location Rating, 55210 NI Voltage Rating","Wall Light, 55210 NI Wattage, 55210 NI Color Temperature, 55210 NI Length, wall mount Mounting Type, 55210NI",,,,,,,,,,,,,,,,,,,,,,,,,55210NI,,Wall Light,Product Name,Wall Light,,Wattage,55210 NI,,Color Temperature,55210 NI,,Light Output,,,Length,55210 NI,,Mounting Type,wall mount,,Finish,55210NI,,Location Rating,55210NI,,Voltage Rating,55210 NI,,,,,,,,,,,,,,,,,,,,,,,,,,,,,,,,,,,,,,,,,,,,,,,,,,,,,,,,,,,,,,,,,,,,,,,,,,,,,,,,,,,,,,,,,,,,,,,,,,,,,,,,,,,,,,,,,,,,,,,,,,,,,,,,39111500,,,,,,55210 NI,,,,,,,,,,,,,,,,,,,,,,,,,,,,,,,,,,,,,
,,,,,,,Electrical,Lighting Fixtures,Indoor & Outdoor Luminaires,,55211BK,55211BK Kichler Wall Light,-- Unbranded --,-- No Unilog Brand --,-- No DIB Brand --,Kichler Lighting (KICLI),Kichler Lighting,,,55211BK,,Electrical>Lighting>Fixtures>Luminaires,"Kichler Lighting, Wall Light, 55211BK, 55211 BK Wattage, 55211 BK Light Output",WALL LIGHT 55211 BK 55211 BK 55211 BK,"55211BK Wall Light, 55211 BK Wattage, 55211 BK Color Temperature, 55211 BK Light Output, 55211 BK Length","Wall Light, 55211 BK Wattage, 55211 BK Color Temperature, 55211 BK Light Output, 55211 BK Length, Wall Light Mounting Type, 55211BK, 55211BK Location Rating, 55211 BK Voltage Rating","Wall Light, 55211 BK Wattage, 55211 BK Color Temperature, 55211 BK Light Output, 55211 BK Length",,,,,,,,,,,,,,,,,,,,,,,,,55211BK,,Wall Light,Product Name,Wall Light,,Wattage,55211 BK,,Color Temperature,55211 BK,,Light Output,55211 BK,,Length,55211 BK,,Mounting Type,Wall Light,,Finish,55211BK,,Location Rating,55211BK,,Voltage Rating,55211 BK,,,,,,,,,,,,,,,,,,,,,,,,,,,,,,,,,,,,,,,,,,,,,,,,,,,,,,,,,,,,,,,,,,,,,,,,,,,,,,,,,,,,,,,,,,,,,,,,,,,,,,,,,,,,,,,,,,,,,,,,,,,,,,,,39111500,,,,,,55211 BK,,,,,,,,,,,,,,,,,,,,,,,,,,,,,,,,,,,,,
,,,,,,,Electrical,Lighting Fixtures,Indoor & Outdoor Luminaires,,55211NI,55211NI Kichler Wall Light,-- Unbranded --,-- No Unilog Brand --,-- No DIB Brand --,Kichler Lighting (KICLI),Kichler Lighting,,,55211NI,,Electrical>Lighting>Fixtures>Luminaires,"Kichler Lighting, Wall Light, 55211NI, 55211 NI Wattage, 55211 NI Light Output",WALL LIGHT 55211 NI 55211 NI 55211 NI,"55211NI Wall Light, 55211 NI Wattage, 55211 NI Color Temperature, 55211 NI Light Output, 55211 NI Length","Wall Light, 55211 NI Wattage, 55211 NI Color Temperature, 55211 NI Light Output, 55211 NI Length, Wall Light Mounting Type, 55211NI Location Rating, 55211 NI Voltage Rating","Wall Light, 55211 NI Wattage, 55211 NI Color Temperature, 55211 NI Light Output, 55211 NI Length",,,,,,,,,,,,,,,,,,,,,,,,,55211NI,,Wall Light,Product Name,Wall Light,,Wattage,55211 NI,,Color Temperature,55211 NI,,Light Output,55211 NI,,Length,55211 NI,,Mounting Type,Wall Light,,Finish,,,Location Rating,55211NI,,Voltage Rating,55211 NI,,,,,,,,,,,,,,,,,,,,,,,,,,,,,,,,,,,,,,,,,,,,,,,,,,,,,,,,,,,,,,,,,,,,,,,,,,,,,,,,,,,,,,,,,,,,,,,,,,,,,,,,,,,,,,,,,,,,,,,,,,,,,,,,39111500,,,,,,55211 NI,,,,,,,,,,,,,,,,,,,,,,,,,,,,,,,,,,,,,
,,,,,,,Electrical,Lighting Fixtures,Indoor & Outdoor Luminaires,,55212NI,55212NI Kichler Wall Light,-- Unbranded --,-- No Unilog Brand --,-- No DIB Brand --,Kichler Lighting (KICLI),Kichler Lighting,,,55212NI,,Electrical>Lighting>Fixtures>Luminaires,"Kichler Lighting, Wall Light, 55212NI, 55212 NI Wattage, 55212 NI Light Output",WALL LIGHT 55212 NI 55212 NI 55212 NI,"55212NI Wall Light, 55212 NI Wattage, 55212 NI Color Temperature, 55212 NI Light Output, 55212 NI Length","Wall Light, 55212 NI Wattage, 55212 NI Color Temperature, 55212 NI Light Output, 55212 NI Length, Wall Light Mounting Type, 55212NI, 55212NI Location Rating, 55212 NI Voltage Rating","Wall Light, 55212 NI Wattage, 55212 NI Color Temperature, 55212 NI Light Output, 55212 NI Length",,,,,,,,,,,,,,,,,,,,,,,,,55212NI,,Wall Light,Product Name,Wall Light,,Wattage,55212 NI,,Color Temperature,55212 NI,,Light Output,55212 NI,,Length,55212 NI,,Mounting Type,Wall Light,,Finish,55212NI,,Location Rating,55212NI,,Voltage Rating,55212 NI,,,,,,,,,,,,,,,,,,,,,,,,,,,,,,,,,,,,,,,,,,,,,,,,,,,,,,,,,,,,,,,,,,,,,,,,,,,,,,,,,,,,,,,,,,,,,,,,,,,,,,,,,,,,,,,,,,,,,,,,,,,,,,,,39111500,,,,,,55212 NI,,,,,,,,,,,,,,,,,,,,,,,,,,,,,,,,,,,,,
,,,,,,,Electrical,Lighting Fixtures,Indoor & Outdoor Luminaires,,55226BKLFU,55226BKFLU Kichler Wall Lt,-- Unbranded --,-- No Unilog Brand --,-- No DIB Brand --,Kichler Lighting (KICLI),Kichler Lighting,,,55226BKLFU,,Electrical>Lighting>Fixtures>Luminaires,"Kichler Lighting, Wall Lt, 55226BKLFU, 55226 BKFLU Wattage, 55226 BKFLU Length",WALL LT WALL LT,"55226BKLFU Wall Lt, 55226 BKFLU Wattage, 55226 BKFLU Color Temperature, 55226 BKFLU Light Output, 55226 BKFLU Length","Wall Lt, 55226 BKFLU Wattage, 55226 BKFLU Color Temperature, 55226 BKFLU Light Output, 55226 BKFLU Length, Wall Lt Mounting Type, 55226BKFLU, 55226BKFLU Location Rating, 55226 BKFLU Voltage Rating","Wall Lt, 55226 BKFLU Wattage, 55226 BKFLU Color Temperature, 55226 BKFLU Light Output, 55226 BKFLU Length",,,,,,,,,,,,,,,,,,,,,,,,,55226BKFLU,,Wall Lt,Product Name,Wall Lt,,Wattage,55226 BKFLU,,Color Temperature,55226 BKFLU,,Light Output,55226 BKFLU,,Length,55226 BKFLU,,Mounting Type,Wall Lt,,Finish,55226BKFLU,,Location Rating,55226BKFLU,,Voltage Rating,55226 BKFLU,,,,,,,,,,,,,,,,,,,,,,,,,,,,,,,,,,,,,,,,,,,,,,,,,,,,,,,,,,,,,,,,,,,,,,,,,,,,,,,,,,,,,,,,,,,,,,,,,,,,,,,,,,,,,,,,,,,,,,,,,,,,,,,,39111500,,,,,,55226 BKFLU,,,,,,,,,,,,,,,,,,,,,,,,,,,,,,,,,,,,,
,,,,,,,Electrical,Lighting Fixtures,Indoor & Outdoor Luminaires,,55239CPZLED,55239CPZLED Kichler Wall Lt,-- Unbranded --,-- No Unilog Brand --,-- No DIB Brand --,Kichler Lighting (KICLI),Kichler Lighting,,,55239CPZLED,,Electrical>Lighting>Fixtures>Luminaires,"Kichler Lighting, Wall Lt, 55239CPZLED, 55239 CPZLED Wattage",WALL LT,"55239CPZLED Wall Lt, 55239 CPZLED Wattage, 55239 CPZLED Color Temperature, 55239 CPZLED Light Output","Wall Lt, 55239 CPZLED Wattage, 55239 CPZLED Color Temperature, 55239 CPZLED Light Output, 55239 CPZLED Length, 55239CPZLED Mounting Type, 55239CPZLED, 55239CPZLED Location Rating, 55239 CPZLED Voltage Rating","Wall Lt, 55239 CPZLED Wattage, 55239 CPZLED Color Temperature, 55239 CPZLED Light Output, 55239 CPZLED Length",,,,,,,,,,,,,,,,,,,,,,,,,55239CPZLED,,Wall Lt,Product Name,Wall Lt,,Wattage,55239 CPZLED,,Color Temperature,55239 CPZLED,,Light Output,55239 CPZLED,,Length,55239 CPZLED,,Mounting Type,55239CPZLED,,Finish,55239CPZLED,,Location Rating,55239CPZLED,,Voltage Rating,55239 CPZLED,,,,,,,,,,,,,,,,,,,,,,,,,,,,,,,,,,,,,,,,,,,,,,,,,,,,,,,,,,,,,,,,,,,,,,,,,,,,,,,,,,,,,,,,,,,,,,,,,,,,,,,,,,,,,,,,,,,,,,,,,,,,,,,,39111500,,,,,,55239 CPZLED,,,,,,,,,,,,,,,,,,,,,,,,,,,,,,,,,,,,,
,,,,,,,Electrical,Lighting Fixtures,Indoor & Outdoor Luminaires,,44072DBK,44072DBK Kichler Chandelier Lt,-- Unbranded --,-- No Unilog Brand --,-- No DIB Brand --,Kichler Lighting (KICLI),Kichler Lighting,,,44072DBK,,Electrical>Lighting>Fixtures>Luminaires,"Kichler Lighting, Chandelier, 44072DBK, 44072 DBK Wattage, DBK Color Temperature",CHANDELIER DBK 44072DBK 44072DBK,"44072DBK Chandelier, 44072 DBK Wattage, DBK Color Temperature, 44072 DBK Light Output, 44072 DBK Length","Chandelier, 44072 DBK Wattage, DBK Color Temperature, 44072 DBK Light Output, 44072 DBK Length, 44072DBK Mounting Type, 44072DBK, 44072DBK Location Rating, 44072 DBK Voltage Rating","Chandelier, 44072 DBK Wattage, DBK Color Temperature, 44072 DBK Light Output, 44072 DBK Length, 44072DBK Mounting Type",,,,,,,,,,,,,,,,,,,,,,,,,44072DBK,,Chandelier,Product Name,chandelier,,Wattage,44072 DBK,,Color Temperature,DBK,,Light Output,44072 DBK,,Length,44072 DBK,,Mounting Type,44072DBK,,Finish,44072DBK,,Location Rating,44072DBK,,Voltage Rating,44072 DBK,,,,,,,,,,,,,,,,,,,,,,,,,,,,,,,,,,,,,,,,,,,,,,,,,,,,,,,,,,,,,,,,,,,,,,,,,,,,,,,,,,,,,,,,,,,,,,,,,,,,,,,,,,,,,,,,,,,,,,,,,,,,,,,,39111500,,,,,,44072 DBK,,,,,,,,,,,,,,,,,,,,,,,,,,,,,,,,,,,,,
,,,,,,,Electrical,Lighting Fixtures,Indoor & Outdoor Luminaires,,44073NI,44073NI Kichler Chandelier Lt,-- Unbranded --,-- No Unilog Brand --,-- No DIB Brand --,Kichler Lighting (KICLI),Kichler Lighting,,,44073NI,,Electrical>Lighting>Fixtures>Luminaires,"Kichler Lighting, Chandelier, 44073NI, 44073 NI Wattage, 44073 NI Light Output",CHANDELIER 44073 NI 44073 NI 44073 NI,"44073NI Chandelier, 44073 NI Wattage, 44073 NI Color Temperature, 44073 NI Light Output, 44073 NI Length","Chandelier, 44073 NI Wattage, 44073 NI Color Temperature, 44073 NI Light Output, 44073 NI Length, 44073NI Mounting Type, 44073NI, 44073NI Location Rating, 44073 NI Voltage Rating","Chandelier, 44073 NI Wattage, 44073 NI Color Temperature, 44073 NI Light Output, 44073 NI Length, 44073NI Mounting Type",,,,,,,,,,,,,,,,,,,,,,,,,44073NI,,Chandelier,Product Name,chandelier,,Wattage,44073 NI,,Color Temperature,44073 NI,,Light Output,44073 NI,,Length,44073 NI,,Mounting Type,44073NI,,Finish,44073NI,,Location Rating,44073NI,,Voltage Rating,44073 NI,,,,,,,,,,,,,,,,,,,,,,,,,,,,,,,,,,,,,,,,,,,,,,,,,,,,,,,,,,,,,,,,,,,,,,,,,,,,,,,,,,,,,,,,,,,,,,,,,,,,,,,,,,,,,,,,,,,,,,,,,,,,,,,,39111500,,,,,,44073 NI,,,,,,,,,,,,,,,,,,,,,,,,,,,,,,,,,,,,,
,,,,,,,Electrical,Lighting Fixtures,Indoor & Outdoor Luminaires,,52033BK,52033BK Kichler Chandelier Lt,-- Unbranded --,-- No Unilog Brand --,-- No DIB Brand --,Kichler Lighting (KICLI),Kichler Lighting,,,52033BK,,Electrical>Lighting>Fixtures>Luminaires,"Kichler Lighting, Chandelier, 52033BK, 52033 BK Wattage, 52033 BK Light Output",CHANDELIER 52033 BK 52033 BK 52033 BK,"52033BK Chandelier, 52033 BK Wattage, 52033 BK Color Temperature, 52033 BK Light Output, 52033 BK Length","Chandelier, 52033 BK Wattage, 52033 BK Color Temperature, 52033 BK Light Output, 52033 BK Length, 52033BK Mounting Type, 52033BK, 52033BK Location Rating, 52033 BK Voltage Rating","Chandelier, 52033 BK Wattage, 52033 BK Color Temperature, 52033 BK Light Output, 52033 BK Length, 52033BK Mounting Type",,,,,,,,,,,,,,,,,,,,,,,,,52033BK,,Chandelier,Product Name,chandelier,,Wattage,52033 BK,,Color Temperature,52033 BK,,Light Output,52033 BK,,Length,52033 BK,,Mounting Type,52033BK,,Finish,52033BK,,Location Rating,52033BK,,Voltage Rating,52033 BK,,,,,,,,,,,,,,,,,,,,,,,,,,,,,,,,,,,,,,,,,,,,,,,,,,,,,,,,,,,,,,,,,,,,,,,,,,,,,,,,,,,,,,,,,,,,,,,,,,,,,,,,,,,,,,,,,,,,,,,,,,,,,,,,39111500,,,,,,52033 BK,,,,,,,,,,,,,,,,,,,,,,,,,,,,,,,,,,,,,
,,,,,,,Electrical,Lighting Fixtures,Indoor & Outdoor Luminaires,,84322WH,84322WH Kichler Chandelier Lt,-- Unbranded --,-- No Unilog Brand --,-- No DIB Brand --,Kichler Lighting (KICLI),Kichler Lighting,,,84322WH,,Electrical>Lighting>Fixtures>Luminaires,"Kichler Lighting, Chandelier, 84322WH, 84322 WH Wattage, 84322 WH Light Output",CHANDELIER 84322 WH 84322 WH 84322 WH,"84322WH Chandelier, 84322 WH Wattage, Kichler Chandelier Lt Color Temperature, 84322 WH Light Output, 84322 WH Length","Chandelier, 84322 WH Wattage, Kichler Chandelier Lt Color Temperature, 84322 WH Light Output, 84322 WH Length, 84322WH Mounting Type, 84322WH, 84322WH Location Rating, 84322 WH Voltage Rating","Chandelier, 84322 WH Wattage, Kichler Chandelier Lt Color Temperature, 84322 WH Light Output, 84322 WH Length",,,,,,,,,,,,,,,,,,,,,,,,,84322WH,,Chandelier,Product Name,chandelier,,Wattage,84322 WH,,Color Temperature,Kichler Chandelier Lt,,Light Output,84322 WH,,Length,84322 WH,,Mounting Type,84322WH,,Finish,84322WH,,Location Rating,84322WH,,Voltage Rating,84322 WH,,,,,,,,,,,,,,,,,,,,,,,,,,,,,,,,,,,,,,,,,,,,,,,,,,,,,,,,,,,,,,,,,,,,,,,,,,,,,,,,,,,,,,,,,,,,,,,,,,,,,,,,,,,,,,,,,,,,,,,,,,,,,,,,39111500,,,,,,84322 WH,,,,,,,,,,,,,,,,,,,,,,,,,,,,,,,,,,,,,
,,,,,,,Electrical,Lighting Fixtures,Indoor & Outdoor Luminaires,,52404BK,52404BK Kichler Chandelier Lt,-- Unbranded --,-- No Unilog Brand --,-- No DIB Brand --,Kichler Lighting (KICLI),Kichler Lighting,,,52404BK,,Electrical>Lighting>Fixtures>Luminaires,"Kichler Lighting, Chandelier, 52404BK, 52404 BK Wattage, 52404 BK Light Output",CHANDELIER 52404 BK 52404 BK 52404 BK,"52404BK Chandelier, 52404 BK Wattage, 52404 BK Color Temperature, 52404 BK Light Output, 52404 BK Length","Chandelier, 52404 BK Wattage, 52404 BK Color Temperature, 52404 BK Light Output, 52404 BK Length, 52404BK Mounting Type, 52404BK, 52404BK Location Rating, 52404 BK Voltage Rating","Chandelier, 52404 BK Wattage, 52404 BK Color Temperature, 52404 BK Light Output, 52404 BK Length, 52404BK Mounting Type",,,,,,,,,,,,,,,,,,,,,,,,,52404BK,,Chandelier,Product Name,chandelier,,Wattage,52404 BK,,Color Temperature,52404 BK,,Light Output,52404 BK,,Length,52404 BK,,Mounting Type,52404BK,,Finish,52404BK,,Location Rating,52404BK,,Voltage Rating,52404 BK,,,,,,,,,,,,,,,,,,,,,,,,,,,,,,,,,,,,,,,,,,,,,,,,,,,,,,,,,,,,,,,,,,,,,,,,,,,,,,,,,,,,,,,,,,,,,,,,,,,,,,,,,,,,,,,,,,,,,,,,,,,,,,,,39111500,,,,,,52404 BK,,,,,,,,,,,,,,,,,,,,,,,,,,,,,,,,,,,,,
,,,,,,,Electrical,Lighting Fixtures,Indoor & Outdoor Luminaires,,34686A,34686A Kichler Chandelier Lt,-- Unbranded --,-- No Unilog Brand --,-- No DIB Brand --,Kichler Lighting (KICLI),Kichler Lighting,,,34686A,,Electrical>Lighting>Fixtures>Luminaires,"Kichler Lighting, Chandelier, 34686A, 34686 A Wattage, 34686 A Color Temperature",CHANDELIER 34686A 34686A 34686A 34686A,"34686A Chandelier, 34686 A Wattage, 34686 A Color Temperature, 34686 A Light Output, 34686 A Length","Chandelier, 34686 A Wattage, 34686 A Color Temperature, 34686 A Light Output, 34686 A Length, 34686 A Mounting Type, 34686 A, 34686 A Location Rating, 34686 A Voltage Rating","Chandelier, 34686 A Wattage, 34686 A Color Temperature, 34686 A Light Output, 34686 A Length, 34686 A Mounting Type",,34686 A,34686 A,34686 A,34686 A,34686 A,34686 A,34686 A,,,,,,,,,,,,,,,,,34686A,,Chandelier,Product Name,chandelier,,Wattage,34686,A,Color Temperature,34686,A,Light Output,34686,A,Length,34686,A,Mounting Type,34686,A,Finish,34686,A,Location Rating,34686,A,Voltage Rating,34686,A,,,,,,,,,,,,,,,,,,,,,,,,,,,,,,,,,,,,,,,,,,,,,,,,,,,,,,,,,,,,,,,,,,,,,,,,,,,,,,,,,,,,,,,,,,,,,,,,,,,,,,,,,,,,,,,,,,,,,,,,,,,,,,,39111500,,,,,,34686,A,,,,,,,,,,,,,,,,,,,,,,,,,,,,,,,,,,,,
,,,,,,,Electrical,Lighting Fixtures,Indoor & Outdoor Luminaires,,34687A,34687A Kichler Chandelier Lt,-- Unbranded --,-- No Unilog Brand --,-- No DIB Brand --,Kichler Lighting (KICLI),Kichler Lighting,,,34687A,,Electrical>Lighting>Fixtures>Luminaires,"Kichler Lighting, Chandelier, 34687A, 34687 A Wattage, 34687 A Color Temperature",CHANDELIER 34687A 34687A 34687A 34687A,"34687A Chandelier, 34687 A Wattage, 34687 A Color Temperature, 34687 A Light Output, 34687 A Length","Chandelier, 34687 A Wattage, 34687 A Color Temperature, 34687 A Light Output, 34687 A Length, 34687 A Mounting Type, 34687 A, 34687 A Location Rating, 34687 A Voltage Rating","Chandelier, 34687 A Wattage, 34687 A Color Temperature, 34687 A Light Output, 34687 A Length, 34687 A Mounting Type",,34687 A,34687 A,34687 A,34687 A,34687 A,34687 A,34687 A,,,,,,,,,,,,,,,,,34687A,,Chandelier,Product Name,chandelier,,Wattage,34687,A,Color Temperature,34687,A,Light Output,34687,A,Length,34687,A,Mounting Type,34687,A,Finish,34687,A,Location Rating,34687,A,Voltage Rating,34687,A,,,,,,,,,,,,,,,,,,,,,,,,,,,,,,,,,,,,,,,,,,,,,,,,,,,,,,,,,,,,,,,,,,,,,,,,,,,,,,,,,,,,,,,,,,,,,,,,,,,,,,,,,,,,,,,,,,,,,,,,,,,,,,,39111500,,,,,,34687,A,,,,,,,,,,,,,,,,,,,,,,,,,,,,,,,,,,,,
,,,,,,,Electrical,Lighting Fixtures,Indoor & Outdoor Luminaires,,34688A,34688A Kichler Chandelier Lt,-- Unbranded --,-- No Unilog Brand --,-- No DIB Brand --,-,,,,34688A,,Electrical>Lighting>Fixtures>Luminaires,"Chandelier, 34688A, 34688 A Wattage, 34688 A Color Temperature",CHANDELIER 34688A 34688A 34688A 34688A,"34688A Chandelier, 34688 A Wattage, 34688 A Color Temperature, 34688 A Light Output, 34688 A Length","Chandelier, 34688 A Wattage, 34688 A Color Temperature, 34688 A Light Output, 34688 A Length, 34688 A Mounting Type, 34688 A, 34688 A Location Rating, 34688 A Voltage Rating","Chandelier, 34688 A Wattage, 34688 A Color Temperature, 34688 A Light Output, 34688 A Length, 34688 A Mounting Type",,34688 A,34688 A,34688 A,34688 A,34688 A,34688 A,34688 A,,,,,,,,,,,,,,,,,34688A,,Chandelier,Product Name,chandelier,,Wattage,34688,A,Color Temperature,34688,A,Light Output,34688,A,Length,34688,A,Mounting Type,34688,A,Finish,34688,A,Location Rating,34688,A,Voltage Rating,34688,A,,,,,,,,,,,,,,,,,,,,,,,,,,,,,,,,,,,,,,,,,,,,,,,,,,,,,,,,,,,,,,,,,,,,,,,,,,,,,,,,,,,,,,,,,,,,,,,,,,,,,,,,,,,,,,,,,,,,,,,,,,,,,,,39111500,,,,,,34688,A,,,,,,,,,,,,,,,,,,,,,,,,,,,,,,,,,,,,
,,,,,,,,,,,43671BKCLR,43671BKCLR Kichler Chand Lt,-- Unbranded --,-- No Unilog Brand --,-- No DIB Brand --,Kichler Lighting (KICLI),Kichler Lighting,Kichler,,43671BKCLR,,,"Kichler, Chand Lt, 43671BKCLR, BKCLR",CHAND LT BKCLR,"Kichler 43671BKCLR Chand Lt, BKCLR","Kichler Chand Lt, BKCLR","Chand Lt, BKCLR",,,,,,,,,,,,,,,,,,,,,,,,,,,Chand Lt,Product Name,Chand Lt,,Brand,Kichler,,Material,,,Color,BKCLR,,Size,,,Quantity,,,,,,,,,,,,,,,,,,,,,,,,,,,,,,,,,,,,,,,,,,,,,,,,,,,,,,,,,,,,,,,,,,,,,,,,,,,,,,,,,,,,,,,,,,,,,,,,,,,,,,,,,,,,,,,,,,,,,,,,,,,,,,,,,,,,,,,,,,,,,,,,,,,,,,,,,,,,,,,,,,,,,,,,,,,,,,,,,,,,,
,,,,,,,Electrical,Lighting Fixtures,Indoor & Outdoor Luminaires,,52616BK,52616BK Kichler Chandelier Lt,-- Unbranded --,-- No Unilog Brand --,-- No DIB Brand --,Kichler Lighting (KICLI),Kichler Lighting,,,52616BK,,Electrical>Lighting>Fixtures>Luminaires,"Kichler Lighting, Chandelier, 52616BK, 52616 BK Wattage, 52616 BK Light Output",CHANDELIER 52616 BK 52616 BK 52616 BK,"52616BK Chandelier, 52616 BK Wattage, 52616 BK Color Temperature, 52616 BK Light Output, 52616 BK Length","Chandelier, 52616 BK Wattage, 52616 BK Color Temperature, 52616 BK Light Output, 52616 BK Length, 52616BK Mounting Type, 52616BK, 52616BK Location Rating, 52616 BK Voltage Rating","Chandelier, 52616 BK Wattage, 52616 BK Color Temperature, 52616 BK Light Output, 52616 BK Length, 52616BK Mounting Type",,,,,,,,,,,,,,,,,,,,,,,,,52616BK,,Chandelier,Product Name,chandelier,,Wattage,52616 BK,,Color Temperature,52616 BK,,Light Output,52616 BK,,Length,52616 BK,,Mounting Type,52616BK,,Finish,52616BK,,Location Rating,52616BK,,Voltage Rating,52616 BK,,,,,,,,,,,,,,,,,,,,,,,,,,,,,,,,,,,,,,,,,,,,,,,,,,,,,,,,,,,,,,,,,,,,,,,,,,,,,,,,,,,,,,,,,,,,,,,,,,,,,,,,,,,,,,,,,,,,,,,,,,,,,,,,39111500,,,,,,52616 BK,,,,,,,,,,,,,,,,,,,,,,,,,,,,,,,,,,,,,
,,,,,,,Electrical,Lighting Fixtures,Indoor & Outdoor Luminaires,,52616NI,52616NI Kichler Chandelier Lt,-- Unbranded --,-- No Unilog Brand --,-- No DIB Brand --,Kichler Lighting (KICLI),Kichler Lighting,,,52616NI,,Electrical>Lighting>Fixtures>Luminaires,"Kichler Lighting, Chandelier, 52616NI, 52616 NI Wattage, 52616 NI Light Output",CHANDELIER 52616 NI 52616 NI 52616 NI,"52616NI Chandelier, 52616 NI Wattage, 52616 NI Color Temperature, 52616 NI Light Output, 52616 NI Length","Chandelier, 52616 NI Wattage, 52616 NI Color Temperature, 52616 NI Light Output, 52616 NI Length, 52616NI Mounting Type, 52616NI, 52616NI Location Rating, 52616 NI Voltage Rating","Chandelier, 52616 NI Wattage, 52616 NI Color Temperature, 52616 NI Light Output, 52616 NI Length, 52616NI Mounting Type",,,,,,,,,,,,,,,,,,,,,,,,,52616NI,,Chandelier,Product Name,chandelier,,Wattage,52616 NI,,Color Temperature,52616 NI,,Light Output,52616 NI,,Length,52616 NI,,Mounting Type,52616NI,,Finish,52616NI,,Location Rating,52616NI,,Voltage Rating,52616 NI,,,,,,,,,,,,,,,,,,,,,,,,,,,,,,,,,,,,,,,,,,,,,,,,,,,,,,,,,,,,,,,,,,,,,,,,,,,,,,,,,,,,,,,,,,,,,,,,,,,,,,,,,,,,,,,,,,,,,,,,,,,,,,,,39111500,,,,,,52616 NI,,,,,,,,,,,,,,,,,,,,,,,,,,,,,,,,,,,,,
,,,,,,,Electrical,Lighting Fixtures,Indoor & Outdoor Luminaires,,52678BK,52678BK Kichler Chandelier Lt,-- Unbranded --,-- No Unilog Brand --,-- No DIB Brand --,Kichler Lighting (KICLI),Kichler Lighting,,,52678BK,,Electrical>Lighting>Fixtures>Luminaires,"Kichler Lighting, Chandelier, 52678BK, 52678 BK Wattage, 52678 BK Light Output",CHANDELIER 52678 BK 52678 BK 52678 BK,"52678BK Chandelier, 52678 BK Wattage, 52678 BK Color Temperature, 52678 BK Light Output, 52678 BK Length","Chandelier, 52678 BK Wattage, 52678 BK Color Temperature, 52678 BK Light Output, 52678 BK Length, 52678BK Mounting Type, 52678BK, 52678BK Location Rating, 52678 BK Voltage Rating","Chandelier, 52678 BK Wattage, 52678 BK Color Temperature, 52678 BK Light Output, 52678 BK Length, 52678BK Mounting Type",,,,,,,,,,,,,,,,,,,,,,,,,52678BK,,Chandelier,Product Name,chandelier,,Wattage,52678 BK,,Color Temperature,52678 BK,,Light Output,52678 BK,,Length,52678 BK,,Mounting Type,52678BK,,Finish,52678BK,,Location Rating,52678BK,,Voltage Rating,52678 BK,,,,,,,,,,,,,,,,,,,,,,,,,,,,,,,,,,,,,,,,,,,,,,,,,,,,,,,,,,,,,,,,,,,,,,,,,,,,,,,,,,,,,,,,,,,,,,,,,,,,,,,,,,,,,,,,,,,,,,,,,,,,,,,,39111500,,,,,,52678 BK,,,,,,,,,,,,,,,,,,,,,,,,,,,,,,,,,,,,,
,,,,,,,Electrical,Lighting Fixtures,Indoor & Outdoor Luminaires,,52680CPZ,52680CPZ Kichler Chandelier Lt,-- Unbranded --,-- No Unilog Brand --,-- No DIB Brand --,Kichler Lighting (KICLI),Kichler Lighting,,,52680CPZ,,Electrical>Lighting>Fixtures>Luminaires,"Kichler Lighting, Chandelier, 52680CPZ, 52680 CPZ Wattage, 52680 CPZ Length",CHANDELIER 52680CPZ 52680CPZ 52680CPZ,"52680CPZ Chandelier, 52680 CPZ Wattage, Kichler Chandelier Lt Color Temperature, 52680 CPZ Light Output","Chandelier, 52680 CPZ Wattage, Kichler Chandelier Lt Color Temperature, 52680 CPZ Light Output, 52680 CPZ Length, 52680CPZ Mounting Type, 52680CPZ, 52680CPZ Location Rating, 52680 CPZ Voltage Rating","Chandelier, 52680 CPZ Wattage, Kichler Chandelier Lt Color Temperature, 52680 CPZ Light Output, 52680 CPZ Length",,,,,,,,,,,,,,,,,,,,,,,,,52680CPZ,,Chandelier,Product Name,chandelier,,Wattage,52680 CPZ,,Color Temperature,Kichler Chandelier Lt,,Light Output,52680 CPZ,,Length,52680 CPZ,,Mounting Type,52680CPZ,,Finish,52680CPZ,,Location Rating,52680CPZ,,Voltage Rating,52680 CPZ,,,,,,,,,,,,,,,,,,,,,,,,,,,,,,,,,,,,,,,,,,,,,,,,,,,,,,,,,,,,,,,,,,,,,,,,,,,,,,,,,,,,,,,,,,,,,,,,,,,,,,,,,,,,,,,,,,,,,,,,,,,,,,,,39111500,,,,,,52680 CPZ,,,,,,,,,,,,,,,,,,,,,,,,,,,,,,,,,,,,,
,,,,,,,Electrical,Lighting Fixtures,Indoor & Outdoor Luminaires,,52772BK,52772BK Kichler Chandelier Lt,-- Unbranded --,-- No Unilog Brand --,-- No DIB Brand --,Kichler Lighting (KICLI),Kichler Lighting,,,52772BK,,Electrical>Lighting>Fixtures>Luminaires,"Kichler Lighting, Chandelier, 52772BK, 52772 BK Wattage, 52772 BK Light Output",CHANDELIER 52772 BK 52772 BK 52772 BK,"52772BK Chandelier, 52772 BK Wattage, 52772 BK Color Temperature, 52772 BK Light Output, 52772 BK Length","Chandelier, 52772 BK Wattage, 52772 BK Color Temperature, 52772 BK Light Output, 52772 BK Length, 52772BK Mounting Type, 52772BK, 52772BK Location Rating, 52772 BK Voltage Rating","Chandelier, 52772 BK Wattage, 52772 BK Color Temperature, 52772 BK Light Output, 52772 BK Length, 52772BK Mounting Type",,,,,,,,,,,,,,,,,,,,,,,,,52772BK,,Chandelier,Product Name,chandelier,,Wattage,52772 BK,,Color Temperature,52772 BK,,Light Output,52772 BK,,Length,52772 BK,,Mounting Type,52772BK,,Finish,52772BK,,Location Rating,52772BK,,Voltage Rating,52772 BK,,,,,,,,,,,,,,,,,,,,,,,,,,,,,,,,,,,,,,,,,,,,,,,,,,,,,,,,,,,,,,,,,,,,,,,,,,,,,,,,,,,,,,,,,,,,,,,,,,,,,,,,,,,,,,,,,,,,,,,,,,,,,,,,39111500,,,,,,52772 BK,,,,,,,,,,,,,,,,,,,,,,,,,,,,,,,,,,,,,
,,,,,,,Electrical,Lighting Fixtures,Indoor & Outdoor Luminaires,,82399,82399 Kichler Chandelier Lt,-- Unbranded --,-- No Unilog Brand --,-- No DIB Brand --,Kichler Lighting (KICLI),Kichler Lighting,,,82399,,Electrical>Lighting>Fixtures>Luminaires,"Kichler Lighting, Chandelier, 82399, 82399 W Wattage, Kichler Color Temperature",CHANDELIER 82399W KICHLER 82399LM 82399,"82399 Chandelier, 82399 W Wattage, Kichler Color Temperature, 82399 lm Light Output, 82399 ft Length","Chandelier, 82399 W Wattage, Kichler Color Temperature, 82399 lm Light Output, 82399 ft Length, Kichler Mounting Type, 82399, 82399 Location Rating, 82399 V Voltage Rating","Chandelier, 82399 W Wattage, Kichler Color Temperature, 82399 lm Light Output, 82399 ft Length, Kichler Mounting Type",,82399 W,82399 lm,82399 ft,82399 V,,,,,,,,,,,,,,,,,,,,82399,,Chandelier,Product Name,chandelier,,Wattage,82399,W,Color Temperature,Kichler,,Light Output,82399,lm,Length,82399,ft,Mounting Type,Kichler,,Finish,82399,,Location Rating,82399,,Voltage Rating,82399,V,,,,,,,,,,,,,,,,,,,,,,,,,,,,,,,,,,,,,,,,,,,,,,,,,,,,,,,,,,,,,,,,,,,,,,,,,,,,,,,,,,,,,,,,,,,,,,,,,,,,,,,,,,,,,,,,,,,,,,,,,,,,,,,39111500,,,,,,82399,ft,,,,,,,,,,,,,,,,,,,,,,,,,,,,,,,,,,,,
,,,,,,,Electrical,Lighting Fixtures,Indoor & Outdoor Luminaires,,65-771R3,65-771R3 Nuvo Highbay Light,-- Unbranded --,-- No Unilog Brand --,-- No DIB Brand --,Satco Prod Inc (5573),Satco Prod Inc,,,65-771R3,,Electrical>Lighting>Fixtures>Luminaires,"Satco Prod Inc, Highbay Light, 65-771R3, 65 -771R3 Wattage, 65 -771R3 Length",HIGHBAY LIGHT 65-771R3 65-771R3 65-771R3,"65-771R3 Highbay Light, 65 -771R3 Wattage, 65 -771R3 Color Temperature, 65 -771R3 Light Output, 65 -771R3 Length","Highbay Light, 65 -771R3 Wattage, 65 -771R3 Color Temperature, 65 -771R3 Light Output, 65 -771R3 Length, 65-771R3 Mounting Type, 65-771R3, 65-771R3 Location Rating, 65 -771R3 Voltage Rating","Highbay Light, 65 -771R3 Wattage, 65 -771R3 Color Temperature, 65 -771R3 Light Output, 65 -771R3 Length",,,,,,,,,,,,,,,,,,,,,,,,,65-771R3,,Highbay Light,Product Name,Highbay Light,,Wattage,65 -771R3,,Color Temperature,65 -771R3,,Light Output,65 -771R3,,Length,65 -771R3,,Mounting Type,65-771R3,,Finish,65-771R3,,Location Rating,65-771R3,,Voltage Rating,65 -771R3,,,,,,,,,,,,,,,,,,,,,,,,,,,,,,,,,,,,,,,,,,,,,,,,,,,,,,,,,,,,,,,,,,,,,,,,,,,,,,,,,,,,,,,,,,,,,,,,,,,,,,,,,,,,,,,,,,,,,,,,,,,,,,,,39111500,,,,,,65 -771R3,,,,,,,,,,,,,,,,,,,,,,,,,,,,,,,,,,,,,
,,,,,,,Electrical,Lighting Fixtures,Indoor & Outdoor Luminaires,,42955BK,42955BK Kichler Ceiling Lt,-- Unbranded --,-- No Unilog Brand --,-- No DIB Brand --,Kichler Lighting (KICLI),Kichler Lighting,,,42955BK,,Electrical>Lighting>Fixtures>Luminaires,"Kichler Lighting, Ceiling Lt, 42955BK, 42955 BK Wattage, 42955 BK Light Output",CEILING LT 42955 BK 42955 BK 42955 BK,"42955BK Ceiling Lt, 42955 BK Wattage, 42955 BK Color Temperature, 42955 BK Light Output, 42955 BK Length","Ceiling Lt, 42955 BK Wattage, 42955 BK Color Temperature, 42955 BK Light Output, 42955 BK Length, 42955BK Mounting Type, 42955BK, 42955BK Location Rating, 42955 BK Voltage Rating","Ceiling Lt, 42955 BK Wattage, 42955 BK Color Temperature, 42955 BK Light Output, 42955 BK Length, 42955BK Mounting Type",,,,,,,,,,,,,,,,,,,,,,,,,42955BK,,Ceiling Lt,Product Name,Ceiling Lt,,Wattage,42955 BK,,Color Temperature,42955 BK,,Light Output,42955 BK,,Length,42955 BK,,Mounting Type,42955BK,,Finish,42955BK,,Location Rating,42955BK,,Voltage Rating,42955 BK,,,,,,,,,,,,,,,,,,,,,,,,,,,,,,,,,,,,,,,,,,,,,,,,,,,,,,,,,,,,,,,,,,,,,,,,,,,,,,,,,,,,,,,,,,,,,,,,,,,,,,,,,,,,,,,,,,,,,,,,,,,,,,,,39111500,,,,,,42955 BK,,,,,,,,,,,,,,,,,,,,,,,,,,,,,,,,,,,,,
,,,,,,,Electrical,Lighting Fixtures,Indoor & Outdoor Luminaires,,42275BK,42275BK Kichler Ceiling Lt,-- Unbranded --,-- No Unilog Brand --,-- No DIB Brand --,Kichler Lighting (KICLI),Kichler Lighting,,,42275BK,,Electrical>Lighting>Fixtures>Luminaires,"Kichler Lighting, Ceiling Lt, 42275BK, 42275 BK Wattage, 42275 BK Light Output",CEILING LT 42275 BK 42275 BK 42275 BK,"42275BK Ceiling Lt, 42275 BK Wattage, 42275 BK Color Temperature, 42275 BK Light Output, 42275 BK Length","Ceiling Lt, 42275 BK Wattage, 42275 BK Color Temperature, 42275 BK Light Output, 42275 BK Length, 42275BK Mounting Type, 42275BK, 42275BK Location Rating, 42275 BK Voltage Rating","Ceiling Lt, 42275 BK Wattage, 42275 BK Color Temperature, 42275 BK Light Output, 42275 BK Length, 42275BK Mounting Type",,,,,,,,,,,,,,,,,,,,,,,,,42275BK,,Ceiling Lt,Product Name,Ceiling Lt,,Wattage,42275 BK,,Color Temperature,42275 BK,,Light Output,42275 BK,,Length,42275 BK,,Mounting Type,42275BK,,Finish,42275BK,,Location Rating,42275BK,,Voltage Rating,42275 BK,,,,,,,,,,,,,,,,,,,,,,,,,,,,,,,,,,,,,,,,,,,,,,,,,,,,,,,,,,,,,,,,,,,,,,,,,,,,,,,,,,,,,,,,,,,,,,,,,,,,,,,,,,,,,,,,,,,,,,,,,,,,,,,,39111500,,,,,,42275 BK,,,,,,,,,,,,,,,,,,,,,,,,,,,,,,,,,,,,,
,,,,,,,Electrical,Lighting Fixtures,Indoor & Outdoor Luminaires,,62-1850,"62-1850 11"" Led Ceiling Light",-- Unbranded --,-- No Unilog Brand --,-- No DIB Brand --,Satco Prod Inc (5573),Satco Prod Inc,,,62-1850,,Electrical>Lighting>Fixtures>Luminaires,"Satco Prod Inc, Ceiling Light, 62-1850, 11 in Length",CEILING LIGHT 11IN,"62-1850 Ceiling Light, 11 in Length","Ceiling Light, 11 in Length","Ceiling Light, 11 in Length",,11 in,,,,,,,,,,,,,,,,,,,,,,,,,Ceiling Light,Product Name,Ceiling Light,,Wattage,,,Color Temperature,,,Light Output,,,Length,11,in,Mounting Type,,,Finish,,,Location Rating,,,Voltage Rating,,,,,,,,,,,,,,,,,,,,,,,,,,,,,,,,,,,,,,,,,,,,,,,,,,,,,,,,,,,,,,,,,,,,,,,,,,,,,,,,,,,,,,,,,,,,,,,,,,,,,,,,,,,,,,,,,,,,,,,,,,,,,,,,,39111500,,,,,,11,in,,,,,,,,,,,,,,,,,,,,,,,,,,,,,,,,,,,,
,,,,,,,Electrical,Lighting Fixtures,Indoor & Outdoor Luminaires,,62-1852,"62-1852 14"" Satco Led Ceiling Lt",-- Unbranded --,-- No Unilog Brand --,-- No DIB Brand --,Satco Prod Inc (5573),Satco Prod Inc,,,62-1852,,Electrical>Lighting>Fixtures>Luminaires,"Satco Prod Inc, Ceiling Lt, 62-1852, 14 in Length",CEILING LT 14IN,"62-1852 Ceiling Lt, 14 in Length","Ceiling Lt, 14 in Length","Ceiling Lt, 14 in Length",,14 in,,,,,,,,,,,,,,,,,,,,,,,,,Ceiling Lt,Product Name,Ceiling Lt,,Wattage,,,Color Temperature,,,Light Output,,,Length,14,in,Mounting Type,,,Finish,,,Location Rating,,,Voltage Rating,,,,,,,,,,,,,,,,,,,,,,,,,,,,,,,,,,,,,,,,,,,,,,,,,,,,,,,,,,,,,,,,,,,,,,,,,,,,,,,,,,,,,,,,,,,,,,,,,,,,,,,,,,,,,,,,,,,,,,,,,,,,,,,,,39111500,,,,,,14,in,,,,,,,,,,,,,,,,,,,,,,,,,,,,,,,,,,,,
,,,,,,,Electrical,Lighting Fixtures,Indoor & Outdoor Luminaires,,62-1875,"62-1875 10"" Led Ceiling Lt Bn",-- Unbranded --,-- No Unilog Brand --,-- No DIB Brand --,Satco Prod Inc (5573),Satco Prod Inc,,,62-1875,,Electrical>Lighting>Fixtures>Luminaires,"Satco Prod Inc, Ceiling Lt, 62-1875, 10 W Wattage, Bn Color Temperature",CEILING LT 10W BN 10IN,"62-1875 Ceiling Lt, 10 W Wattage, Bn Color Temperature, 10 in Length","Ceiling Lt, 10 W Wattage, Bn Color Temperature, 10 in Length","Ceiling Lt, 10 W Wattage, Bn Color Temperature, 10 in Length",,10 W,10 in,,,,,,,,,,,,,,,,,,,,,,,,Ceiling Lt,Product Name,Ceiling Lt,,Wattage,10,W,Color Temperature,Bn,,Light Output,,,Length,10,in,Mounting Type,,,Finish,,,Location Rating,,,Voltage Rating,,,,,,,,,,,,,,,,,,,,,,,,,,,,,,,,,,,,,,,,,,,,,,,,,,,,,,,,,,,,,,,,,,,,,,,,,,,,,,,,,,,,,,,,,,,,,,,,,,,,,,,,,,,,,,,,,,,,,,,,,,,,,,,,,39111500,,,,,,10,in,,,,,,,,,,,,,,,,,,,,,,,,,,,,,,,,,,,,
,,,,,,,Electrical,Lighting Fixtures,Indoor & Outdoor Luminaires,,62-1876,"62-1876 13"" Satco Ceiling Light BN",-- Unbranded --,-- No Unilog Brand --,-- No DIB Brand --,Satco Prod Inc (5573),Satco Prod Inc,,,62-1876,,Electrical>Lighting>Fixtures>Luminaires,"Satco Prod Inc, Ceiling Light, 62-1876, 13 W Wattage, BN Color Temperature",CEILING LIGHT 13W BN 13IN,"62-1876 Ceiling Light, 13 W Wattage, BN Color Temperature, 13 in Length","Ceiling Light, 13 W Wattage, BN Color Temperature, 13 in Length","Ceiling Light, 13 W Wattage, BN Color Temperature, 13 in Length",,13 W,13 in,,,,,,,,,,,,,,,,,,,,,,,,Ceiling Light,Product Name,Ceiling Light,,Wattage,13,W,Color Temperature,BN,,Light Output,,,Length,13,in,Mounting Type,,,Finish,,,Location Rating,,,Voltage Rating,,,,,,,,,,,,,,,,,,,,,,,,,,,,,,,,,,,,,,,,,,,,,,,,,,,,,,,,,,,,,,,,,,,,,,,,,,,,,,,,,,,,,,,,,,,,,,,,,,,,,,,,,,,,,,,,,,,,,,,,,,,,,,,,,39111500,,,,,,13,in,,,,,,,,,,,,,,,,,,,,,,,,,,,,,,,,,,,,
,,,,,,,Electrical,Lighting Fixtures,Indoor & Outdoor Luminaires,,42296BK,42296BK Kichler Ceiling Lt,-- Unbranded --,-- No Unilog Brand --,-- No DIB Brand --,Kichler Lighting (KICLI),Kichler Lighting,,,42296BK,,Electrical>Lighting>Fixtures>Luminaires,"Kichler Lighting, Ceiling Lt, 42296BK, 42296 BK Wattage, 42296 BK Light Output",CEILING LT 42296 BK 42296 BK 42296 BK,"42296BK Ceiling Lt, 42296 BK Wattage, 42296 BK Color Temperature, 42296 BK Light Output, 42296 BK Length","Ceiling Lt, 42296 BK Wattage, 42296 BK Color Temperature, 42296 BK Light Output, 42296 BK Length, 42296BK Mounting Type, 42296BK Location Rating, 42296 BK Voltage Rating","Ceiling Lt, 42296 BK Wattage, 42296 BK Color Temperature, 42296 BK Light Output, 42296 BK Length, 42296BK Mounting Type",,,,,,,,,,,,,,,,,,,,,,,,,42296BK,,Ceiling Lt,Product Name,Ceiling Lt,,Wattage,42296 BK,,Color Temperature,42296 BK,,Light Output,42296 BK,,Length,42296 BK,,Mounting Type,42296BK,,Finish,,,Location Rating,42296BK,,Voltage Rating,42296 BK,,,,,,,,,,,,,,,,,,,,,,,,,,,,,,,,,,,,,,,,,,,,,,,,,,,,,,,,,,,,,,,,,,,,,,,,,,,,,,,,,,,,,,,,,,,,,,,,,,,,,,,,,,,,,,,,,,,,,,,,,,,,,,,,39111500,,,,,,42296 BK,,,,,,,,,,,,,,,,,,,,,,,,,,,,,,,,,,,,,
,,,,,,,Electrical,Lighting Fixtures,Indoor & Outdoor Luminaires,,43913BK,43913BK Kichler Pendant Lt,-- Unbranded --,-- No Unilog Brand --,-- No DIB Brand --,Kichler Lighting (KICLI),Kichler Lighting,,,43913BK,,Electrical>Lighting>Fixtures>Luminaires,"Kichler Lighting, Pendant, 43913BK, 43913 BK Wattage, Kichler Color Temperature",PENDANT 43913 BK KICHLER 43913 BK,"43913BK Pendant, 43913 BK Wattage, Kichler Color Temperature, 43913 BK Light Output, 43913 BK Length","Pendant, 43913 BK Wattage, Kichler Color Temperature, 43913 BK Light Output, 43913 BK Length, Kichler Mounting Type, 43913BK, 43913BK Location Rating, 43913 BK Voltage Rating","Pendant, 43913 BK Wattage, Kichler Color Temperature, 43913 BK Light Output, 43913 BK Length, Kichler Mounting Type",,,,,,,,,,,,,,,,,,,,,,,,,43913BK,,Pendant,Product Name,pendant,,Wattage,43913 BK,,Color Temperature,Kichler,,Light Output,43913 BK,,Length,43913 BK,,Mounting Type,Kichler,,Finish,43913BK,,Location Rating,43913BK,,Voltage Rating,43913 BK,,,,,,,,,,,,,,,,,,,,,,,,,,,,,,,,,,,,,,,,,,,,,,,,,,,,,,,,,,,,,,,,,,,,,,,,,,,,,,,,,,,,,,,,,,,,,,,,,,,,,,,,,,,,,,,,,,,,,,,,,,,,,,,,39111500,,,,,,43913 BK,,,,,,,,,,,,,,,,,,,,,,,,,,,,,,,,,,,,,
,,,,,,,,,,,HLSMS9129FS1E,"HLSMS9129FS1E 9"" Motion Lt",-- Unbranded --,-- No Unilog Brand --,-- No DIB Brand --,Cooper Lighting (7638),Cooper Lighting,HLSMS9129FS1E,,HLSMS9129FS1E,,,"Cooper Lighting HLSMS9129FS1E, Motion Lt, HLSMS9129FS1E, 9 in",MOTION LT 9IN,"HLSMS9129FS1E HLSMS9129FS1E Motion Lt, 9 in","HLSMS9129FS1E Motion Lt, 9 in","Motion Lt, 9 in",,,,,,,,,,,,,,,,,,,,,,,,,,,Motion Lt,Product Name,Motion Lt,,Brand,HLSMS9129FS1E,,Material,,,Color,,,Size,9,in,Quantity,,,,,,,,,,,,,,,,,,,,,,,,,,,,,,,,,,,,,,,,,,,,,,,,,,,,,,,,,,,,,,,,,,,,,,,,,,,,,,,,,,,,,,,,,,,,,,,,,,,,,,,,,,,,,,,,,,,,,,,,,,,,,,,,,,,,,,,,,,,,,,,,,,,,,,,,,,,,,,,,,,,,,,,,,,,,,,,,,,,,,
,,,,,,,Building Materials,Adhesives & Sealants,Tapes & Flashing,,64-110,64-110 Satco Tape Light 16',-- Unbranded --,-- No Unilog Brand --,-- No DIB Brand --,Satco Prod Inc (5573),Satco Prod Inc,Satco,,64-110,,"Building Materials>Adhesives, Sealants & Tape>Tape","Satco, Tape Light, 64-110, 16 ft, 64-110 Quantity",TAPE LIGHT 16FT 64-110,"Satco 64-110 Tape Light, 16 ft, 64-110 Quantity","Satco Tape Light, 16 ft, 64-110 Quantity","Tape Light, 16 ft, 64-110 Quantity",,,,,,,,,,,,,,,,,,,,,,,,,,,Tape Light,Product Name,Tape Light,,Brand,Satco,,Material,,,Color,,,Size,16,ft,Quantity,64-110,,,,,,,,,,,,,,,,,,,,,,,,,,,,,,,,,,,,,,,,,,,,,,,,,,,,,,,,,,,,,,,,,,,,,,,,,,,,,,,,,,,,,,,,,,,,,,,,,,,,,,,,,,,,,,,,,,,,,,,,,,,,,,,,,,,,,,,,,31201500,,,,,,,,,,,,,,,,,,,,,,,,,,,,,,,,,,,,,,,,,,,
,,,,,,,Electrical,Lighting Fixtures,Indoor & Outdoor Luminaires,,603571,603571 3' Strip Light Ext,-- Unbranded --,-- No Unilog Brand --,Wiz,Phillips Lighting (5831),Phillips Lighting,Wiz,,603571,,Electrical>Lighting>Fixtures>Luminaires,"Phillips Lighting Wiz, Strip Light, 603571, 3 ft Length",STRIP LIGHT 3FT,"Wiz 603571 Strip Light, 3 ft Length","Wiz Strip Light, 3 ft Length","Strip Light, 3 ft Length",,3 ft,,,,,,,,,,,,,,,,,,,,,,,,,Strip Light,Product Name,strip light,,Wattage,,,Color Temperature,,,Light Output,,,Length,3,ft,Mounting Type,,,Finish,,,Location Rating,,,Voltage Rating,,,,,,,,,,,,,,,,,,,,,,,,,,,,,,,,,,,,,,,,,,,,,,,,,,,,,,,,,,,,,,,,,,,,,,,,,,,,,,,,,,,,,,,,,,,,,,,,,,,,,,,,,,,,,,,,,,,,,,,,,,,,,,,,,39111500,,,,,,3,ft,,,,,,,,,,,,,,,,,,,,,,,,,,,,,,,,,,,,
,,,,,,,Electrical,Lamps & Bulbs,LED Lamps,,65-572R1,65572 Satco 2x4 Led Flat Panel,-- Unbranded --,-- No Unilog Brand --,-- No DIB Brand --,Satco Prod Inc (5573),Satco Prod Inc,,,65-572R1,,Electrical>Lighting>Lamps & Bulbs>LED Lamps,"Satco Prod Inc, LED Lamp, 65-572R1, 65572 W Wattage, 2 x4 Color Temperature",LED LAMP 65572W 2 X4 SATCO 65572LM 65572,"65-572R1 LED Lamp, 65572 W Wattage, 2 x4 Color Temperature, Flat Panel Bulb Shape, Satco Base Type","LED Lamp, 65572 W Wattage, 2 x4 Color Temperature, Flat Panel Bulb Shape, Satco Base Type, 65572 lm Light Output, 65572 V Voltage Rating, 65572 Dimmable, 65572 CRI Color Rendering Index, 65572 hr Rated Life, 65572 Quantity","LED Lamp, 65572 W Wattage, 2 x4 Color Temperature, Flat Panel Bulb Shape, Satco Base Type, 65572 lm Light Output",,65572 W,65572 lm,65572 V,65572 CRI,65572 hr,,,,,,,,,,,,,,,,,,,,,,Wattage,65572,W,Color Temperature,2 x4,,Bulb Shape,Flat Panel,,Base Type,Satco,,Light Output,65572,lm,Voltage Rating,65572,V,Dimmable,65572,,Color Rendering Index,65572,CRI,Rated Life,65572,hr,Quantity,65572,,,,,,,,,,,,,,,,,,,,,,,,,,,,,,,,,,,,,,,,,,,,,,,,,,,,,,,,,,,,,,,,,,,,,,,,,,,,,,,,,,,,,,,,,,,,,,,,,,,,,,,,,,,,,,,,,,,,,,,,,,,,,39101605,,,65572,EA,,,,,,,,,,,,,,,,,,,,,,,,,,,,,,,,,,,,,,,
,,,,,,,Electrical,Lighting Fixtures,Indoor & Outdoor Luminaires,,52476AVI,52476AVI Kichler Pendant Lt,-- Unbranded --,-- No Unilog Brand --,-- No DIB Brand --,Kichler Lighting (KICLI),Kichler Lighting,,,52476AVI,,Electrical>Lighting>Fixtures>Luminaires,"Kichler Lighting, Pendant, 52476AVI, 52476 AVI Wattage, 52476 AVI Light Output",PENDANT KICHLER 52476AVI 52476AVI,"52476AVI Pendant, 52476 AVI Wattage, Kichler Color Temperature, 52476 AVI Light Output, 52476 AVI Length","Pendant, 52476 AVI Wattage, Kichler Color Temperature, 52476 AVI Light Output, 52476 AVI Length, 52476AVI Mounting Type, 52476AVI Location Rating, 52476 AVI Voltage Rating","Pendant, 52476 AVI Wattage, Kichler Color Temperature, 52476 AVI Light Output, 52476 AVI Length, 52476AVI Mounting Type",,,,,,,,,,,,,,,,,,,,,,,,,52476AVI,,Pendant,Product Name,pendant,,Wattage,52476 AVI,,Color Temperature,Kichler,,Light Output,52476 AVI,,Length,52476 AVI,,Mounting Type,52476AVI,,Finish,,,Location Rating,52476AVI,,Voltage Rating,52476 AVI,,,,,,,,,,,,,,,,,,,,,,,,,,,,,,,,,,,,,,,,,,,,,,,,,,,,,,,,,,,,,,,,,,,,,,,,,,,,,,,,,,,,,,,,,,,,,,,,,,,,,,,,,,,,,,,,,,,,,,,,,,,,,,,,39111500,,,,,,52476 AVI,,,,,,,,,,,,,,,,,,,,,,,,,,,,,,,,,,,,,
,,,,,,,Electrical,Lighting Fixtures,Indoor & Outdoor Luminaires,,42199BK,42199BK Kichler Pendant Lt,-- Unbranded --,-- No Unilog Brand --,-- No DIB Brand --,Kichler Lighting (KICLI),Kichler Lighting,,,42199BK,,Electrical>Lighting>Fixtures>Luminaires,"Kichler Lighting, Pendant, 42199BK, 42199 BK Wattage, Kichler Color Temperature",PENDANT 42199 BK KICHLER 42199 BK,"42199BK Pendant, 42199 BK Wattage, Kichler Color Temperature, 42199 BK Light Output, 42199 BK Length","Pendant, 42199 BK Wattage, Kichler Color Temperature, 42199 BK Light Output, 42199 BK Length, Kichler Mounting Type, 42199BK, 42199 BK Voltage Rating","Pendant, 42199 BK Wattage, Kichler Color Temperature, 42199 BK Light Output, 42199 BK Length, Kichler Mounting Type",,,,,,,,,,,,,,,,,,,,,,,,,,,Pendant,Product Name,pendant,,Wattage,42199 BK,,Color Temperature,Kichler,,Light Output,42199 BK,,Length,42199 BK,,Mounting Type,Kichler,,Finish,42199BK,,Location Rating,,,Voltage Rating,42199 BK,,,,,,,,,,,,,,,,,,,,,,,,,,,,,,,,,,,,,,,,,,,,,,,,,,,,,,,,,,,,,,,,,,,,,,,,,,,,,,,,,,,,,,,,,,,,,,,,,,,,,,,,,,,,,,,,,,,,,,,,,,,,,,,,39111500,,,,,,42199 BK,,,,,,,,,,,,,,,,,,,,,,,,,,,,,,,,,,,,,
,,,,,,,Electrical,Lighting Fixtures,Indoor & Outdoor Luminaires,,42199BKCS,42199BKCS Kichler Pendant Lt,-- Unbranded --,-- No Unilog Brand --,-- No DIB Brand --,Kichler Lighting (KICLI),Kichler Lighting,,,42199BKCS,,Electrical>Lighting>Fixtures>Luminaires,"Kichler Lighting, Pendant, 42199BKCS, 42199 BKCS Wattage, 42199 BKCS Length",PENDANT,"42199BKCS Pendant, 42199 BKCS Wattage, 42199 BKCS Color Temperature, 42199 BKCS Light Output, 42199 BKCS Length","Pendant, 42199 BKCS Wattage, 42199 BKCS Color Temperature, 42199 BKCS Light Output, 42199 BKCS Length, 42199BKCS Mounting Type, 42199BKCS, 42199BKCS Location Rating, 42199 BKCS Voltage Rating","Pendant, 42199 BKCS Wattage, 42199 BKCS Color Temperature, 42199 BKCS Light Output, 42199 BKCS Length",,,,,,,,,,,,,,,,,,,,,,,,,42199BKCS,,Pendant,Product Name,pendant,,Wattage,42199 BKCS,,Color Temperature,42199 BKCS,,Light Output,42199 BKCS,,Length,42199 BKCS,,Mounting Type,42199BKCS,,Finish,42199BKCS,,Location Rating,42199BKCS,,Voltage Rating,42199 BKCS,,,,,,,,,,,,,,,,,,,,,,,,,,,,,,,,,,,,,,,,,,,,,,,,,,,,,,,,,,,,,,,,,,,,,,,,,,,,,,,,,,,,,,,,,,,,,,,,,,,,,,,,,,,,,,,,,,,,,,,,,,,,,,,,39111500,,,,,,42199 BKCS,,,,,,,,,,,,,,,,,,,,,,,,,,,,,,,,,,,,,
,,,,,,,Electrical,Lighting Fixtures,Indoor & Outdoor Luminaires,,42200BK,42200BK Kichler Pendant Lt,-- Unbranded --,-- No Unilog Brand --,-- No DIB Brand --,Kichler Lighting (KICLI),Kichler Lighting,,,42200BK,,Electrical>Lighting>Fixtures>Luminaires,"Kichler Lighting, Pendant, 42200BK, 42200 BK Wattage, 42200 BK Color Temperature",PENDANT 42200 BK 42200 BK 42200 BK,"42200BK Pendant, 42200 BK Wattage, 42200 BK Color Temperature, 42200 BK Length, Kichler Mounting Type, 42200BK","Pendant, 42200 BK Wattage, 42200 BK Color Temperature, 42200 BK Length, Kichler Mounting Type, 42200BK, 42200BK Location Rating, 42200 BK Voltage Rating","Pendant, 42200 BK Wattage, 42200 BK Color Temperature, 42200 BK Length, Kichler Mounting Type, 42200BK",,,,,,,,,,,,,,,,,,,,,,,,,42200BK,,Pendant,Product Name,pendant,,Wattage,42200 BK,,Color Temperature,42200 BK,,Light Output,,,Length,42200 BK,,Mounting Type,Kichler,,Finish,42200BK,,Location Rating,42200BK,,Voltage Rating,42200 BK,,,,,,,,,,,,,,,,,,,,,,,,,,,,,,,,,,,,,,,,,,,,,,,,,,,,,,,,,,,,,,,,,,,,,,,,,,,,,,,,,,,,,,,,,,,,,,,,,,,,,,,,,,,,,,,,,,,,,,,,,,,,,,,,39111500,,,,,,42200 BK,,,,,,,,,,,,,,,,,,,,,,,,,,,,,,,,,,,,,
,,,,,,,Electrical,Lighting Fixtures,Indoor & Outdoor Luminaires,,42200BKCS,42200BKCS Kichler Pendant Lt,-- Unbranded --,-- No Unilog Brand --,-- No DIB Brand --,Kichler Lighting (KICLI),Kichler Lighting,,,42200BKCS,,Electrical>Lighting>Fixtures>Luminaires,"Kichler Lighting, Pendant, 42200BKCS, 42200 BKCS Wattage, 42200 BKCS Length",PENDANT KICHLER,"42200BKCS Pendant, 42200 BKCS Wattage, 42200 BKCS Color Temperature, 42200 BKCS Length, Kichler Mounting Type, 42200BKCS","Pendant, 42200 BKCS Wattage, 42200 BKCS Color Temperature, 42200 BKCS Length, Kichler Mounting Type, 42200BKCS, 42200BKCS Location Rating, 42200 BKCS Voltage Rating","Pendant, 42200 BKCS Wattage, 42200 BKCS Color Temperature, 42200 BKCS Length, Kichler Mounting Type, 42200BKCS",,,,,,,,,,,,,,,,,,,,,,,,,42200BKCS,,Pendant,Product Name,pendant,,Wattage,42200 BKCS,,Color Temperature,42200 BKCS,,Light Output,,,Length,42200 BKCS,,Mounting Type,Kichler,,Finish,42200BKCS,,Location Rating,42200BKCS,,Voltage Rating,42200 BKCS,,,,,,,,,,,,,,,,,,,,,,,,,,,,,,,,,,,,,,,,,,,,,,,,,,,,,,,,,,,,,,,,,,,,,,,,,,,,,,,,,,,,,,,,,,,,,,,,,,,,,,,,,,,,,,,,,,,,,,,,,,,,,,,,39111500,,,,,,42200 BKCS,,,,,,,,,,,,,,,,,,,,,,,,,,,,,,,,,,,,,
,,,,,,,Electrical,Lighting Fixtures,Indoor & Outdoor Luminaires,,43851BK,43851BK Kichler Pendant Lt,-- Unbranded --,-- No Unilog Brand --,-- No DIB Brand --,Kichler Lighting (KICLI),Kichler Lighting,,,43851BK,,Electrical>Lighting>Fixtures>Luminaires,"Kichler Lighting, Pendant, 43851BK, 43851 BK Wattage, Kichler Color Temperature",PENDANT 43851 BK KICHLER 43851 BK,"43851BK Pendant, 43851 BK Wattage, Kichler Color Temperature, 43851 BK Light Output, 43851 BK Length","Pendant, 43851 BK Wattage, Kichler Color Temperature, 43851 BK Light Output, 43851 BK Length, Kichler Mounting Type, 43851BK, 43851BK Location Rating, 43851 BK Voltage Rating","Pendant, 43851 BK Wattage, Kichler Color Temperature, 43851 BK Light Output, 43851 BK Length, Kichler Mounting Type",,,,,,,,,,,,,,,,,,,,,,,,,43851BK,,Pendant,Product Name,pendant,,Wattage,43851 BK,,Color Temperature,Kichler,,Light Output,43851 BK,,Length,43851 BK,,Mounting Type,Kichler,,Finish,43851BK,,Location Rating,43851BK,,Voltage Rating,43851 BK,,,,,,,,,,,,,,,,,,,,,,,,,,,,,,,,,,,,,,,,,,,,,,,,,,,,,,,,,,,,,,,,,,,,,,,,,,,,,,,,,,,,,,,,,,,,,,,,,,,,,,,,,,,,,,,,,,,,,,,,,,,,,,,,39111500,,,,,,43851 BK,,,,,,,,,,,,,,,,,,,,,,,,,,,,,,,,,,,,,
,,,,,,,Electrical,Lighting Fixtures,Indoor & Outdoor Luminaires,,43852BK,43852BK Kichler Pendant Lt,-- Unbranded --,-- No Unilog Brand --,-- No DIB Brand --,Kichler Lighting (KICLI),Kichler Lighting,,,43852BK,,Electrical>Lighting>Fixtures>Luminaires,"Kichler Lighting, Pendant, 43852BK, 43852 BK Wattage, Kichler Color Temperature",PENDANT 43852 BK KICHLER 43852 BK,"43852BK Pendant, 43852 BK Wattage, Kichler Color Temperature, 43852 BK Light Output, 43852 BK Length","Pendant, 43852 BK Wattage, Kichler Color Temperature, 43852 BK Light Output, 43852 BK Length, Kichler Mounting Type, 43852BK, 43852BK Location Rating, 43852 BK Voltage Rating","Pendant, 43852 BK Wattage, Kichler Color Temperature, 43852 BK Light Output, 43852 BK Length, Kichler Mounting Type",,,,,,,,,,,,,,,,,,,,,,,,,43852BK,,Pendant,Product Name,pendant,,Wattage,43852 BK,,Color Temperature,Kichler,,Light Output,43852 BK,,Length,43852 BK,,Mounting Type,Kichler,,Finish,43852BK,,Location Rating,43852BK,,Voltage Rating,43852 BK,,,,,,,,,,,,,,,,,,,,,,,,,,,,,,,,,,,,,,,,,,,,,,,,,,,,,,,,,,,,,,,,,,,,,,,,,,,,,,,,,,,,,,,,,,,,,,,,,,,,,,,,,,,,,,,,,,,,,,,,,,,,,,,,39111500,,,,,,43852 BK,,,,,,,,,,,,,,,,,,,,,,,,,,,,,,,,,,,,,
,,,,,,,Electrical,Lighting Fixtures,Indoor & Outdoor Luminaires,,43853BK,43853BK Kichler Pendant Lt,-- Unbranded --,-- No Unilog Brand --,-- No DIB Brand --,Kichler Lighting (KICLI),Kichler Lighting,,,43853BK,,Electrical>Lighting>Fixtures>Luminaires,"Kichler Lighting, Pendant, 43853BK, 43853 BK Wattage, Kichler Color Temperature",PENDANT 43853 BK KICHLER 43853 BK,"43853BK Pendant, 43853 BK Wattage, Kichler Color Temperature, 43853 BK Light Output, 43853 BK Length","Pendant, 43853 BK Wattage, Kichler Color Temperature, 43853 BK Light Output, 43853 BK Length, Kichler Mounting Type, 43853BK, 43853BK Location Rating, 43853 BK Voltage Rating","Pendant, 43853 BK Wattage, Kichler Color Temperature, 43853 BK Light Output, 43853 BK Length, Kichler Mounting Type",,,,,,,,,,,,,,,,,,,,,,,,,43853BK,,Pendant,Product Name,pendant,,Wattage,43853 BK,,Color Temperature,Kichler,,Light Output,43853 BK,,Length,43853 BK,,Mounting Type,Kichler,,Finish,43853BK,,Location Rating,43853BK,,Voltage Rating,43853 BK,,,,,,,,,,,,,,,,,,,,,,,,,,,,,,,,,,,,,,,,,,,,,,,,,,,,,,,,,,,,,,,,,,,,,,,,,,,,,,,,,,,,,,,,,,,,,,,,,,,,,,,,,,,,,,,,,,,,,,,,,,,,,,,,39111500,,,,,,43853 BK,,,,,,,,,,,,,,,,,,,,,,,,,,,,,,,,,,,,,
,,,,,,,Electrical,Lighting Fixtures,Indoor & Outdoor Luminaires,,43905BK,43905BK Kichler Pendant Lt,-- Unbranded --,-- No Unilog Brand --,-- No DIB Brand --,Kichler Lighting (KICLI),Kichler Lighting,,,43905BK,,Electrical>Lighting>Fixtures>Luminaires,"Kichler Lighting, Pendant, 43905BK, 43905 BK Wattage, Kichler Color Temperature",PENDANT 43905 BK KICHLER 43905 BK,"43905BK Pendant, 43905 BK Wattage, Kichler Color Temperature, 43905 BK Light Output, 43905 BK Length","Pendant, 43905 BK Wattage, Kichler Color Temperature, 43905 BK Light Output, 43905 BK Length, Kichler Mounting Type, 43905BK, 43905 BK Voltage Rating","Pendant, 43905 BK Wattage, Kichler Color Temperature, 43905 BK Light Output, 43905 BK Length, Kichler Mounting Type",,,,,,,,,,,,,,,,,,,,,,,,,,,Pendant,Product Name,pendant,,Wattage,43905 BK,,Color Temperature,Kichler,,Light Output,43905 BK,,Length,43905 BK,,Mounting Type,Kichler,,Finish,43905BK,,Location Rating,,,Voltage Rating,43905 BK,,,,,,,,,,,,,,,,,,,,,,,,,,,,,,,,,,,,,,,,,,,,,,,,,,,,,,,,,,,,,,,,,,,,,,,,,,,,,,,,,,,,,,,,,,,,,,,,,,,,,,,,,,,,,,,,,,,,,,,,,,,,,,,,39111500,,,,,,43905 BK,,,,,,,,,,,,,,,,,,,,,,,,,,,,,,,,,,,,,
,,,,,,,Electrical,Lighting Fixtures,Indoor & Outdoor Luminaires,,43911BK,43911BK Kichler Pendant Lt,-- Unbranded --,-- No Unilog Brand --,-- No DIB Brand --,Kichler Lighting (KICLI),Kichler Lighting,,,43911BK,,Electrical>Lighting>Fixtures>Luminaires,"Kichler Lighting, Pendant, 43911BK, 43911 BK Wattage, Kichler Color Temperature",PENDANT 43911 BK KICHLER 43911 BK,"43911BK Pendant, 43911 BK Wattage, Kichler Color Temperature, 43911 BK Light Output, 43911 BK Length","Pendant, 43911 BK Wattage, Kichler Color Temperature, 43911 BK Light Output, 43911 BK Length, Kichler Mounting Type, 43911BK Location Rating, 43911 BK Voltage Rating","Pendant, 43911 BK Wattage, Kichler Color Temperature, 43911 BK Light Output, 43911 BK Length, Kichler Mounting Type",,,,,,,,,,,,,,,,,,,,,,,,,43911BK,,Pendant,Product Name,pendant,,Wattage,43911 BK,,Color Temperature,Kichler,,Light Output,43911 BK,,Length,43911 BK,,Mounting Type,Kichler,,Finish,,,Location Rating,43911BK,,Voltage Rating,43911 BK,,,,,,,,,,,,,,,,,,,,,,,,,,,,,,,,,,,,,,,,,,,,,,,,,,,,,,,,,,,,,,,,,,,,,,,,,,,,,,,,,,,,,,,,,,,,,,,,,,,,,,,,,,,,,,,,,,,,,,,,,,,,,,,,39111500,,,,,,43911 BK,,,,,,,,,,,,,,,,,,,,,,,,,,,,,,,,,,,,,
,,,,,,,Electrical,Lighting Fixtures,Indoor & Outdoor Luminaires,,52529BK,52529BK Kichler Pendant Light,-- Unbranded --,-- No Unilog Brand --,-- No DIB Brand --,Kichler Lighting (KICLI),Kichler Lighting,,,52529BK,,Electrical>Lighting>Fixtures>Luminaires,"Kichler Lighting, Pendant, 52529BK, 52529 BK Wattage, 52529 BK Color Temperature",PENDANT 52529 BK 52529 BK 52529 BK,"52529BK Pendant, 52529 BK Wattage, 52529 BK Color Temperature, 52529 BK Light Output, 52529 BK Length","Pendant, 52529 BK Wattage, 52529 BK Color Temperature, 52529 BK Light Output, 52529 BK Length, 52529BK Mounting Type, 52529BK, 52529BK Location Rating, 52529 BK Voltage Rating","Pendant, 52529 BK Wattage, 52529 BK Color Temperature, 52529 BK Light Output, 52529 BK Length, 52529BK Mounting Type",,,,,,,,,,,,,,,,,,,,,,,,,52529BK,,Pendant,Product Name,pendant,,Wattage,52529 BK,,Color Temperature,52529 BK,,Light Output,52529 BK,,Length,52529 BK,,Mounting Type,52529BK,,Finish,52529BK,,Location Rating,52529BK,,Voltage Rating,52529 BK,,,,,,,,,,,,,,,,,,,,,,,,,,,,,,,,,,,,,,,,,,,,,,,,,,,,,,,,,,,,,,,,,,,,,,,,,,,,,,,,,,,,,,,,,,,,,,,,,,,,,,,,,,,,,,,,,,,,,,,,,,,,,,,,39111500,,,,,,52529 BK,,,,,,,,,,,,,,,,,,,,,,,,,,,,,,,,,,,,,
,,,,,,,Electrical,Lighting Fixtures,Indoor & Outdoor Luminaires,,52662BKCLR,52662BKCLR Kichler Pendant Lt,-- Unbranded --,-- No Unilog Brand --,-- No DIB Brand --,Kichler Lighting (KICLI),Kichler Lighting,,,52662BKCLR,,Electrical>Lighting>Fixtures>Luminaires,"Kichler Lighting, Pendant, 52662BKCLR, 52662 BKCLR Wattage, 52662 BKCLR Length",PENDANT,"52662BKCLR Pendant, 52662 BKCLR Wattage, Kichler Pendant Lt Color Temperature, 52662 BKCLR Light Output","Pendant, 52662 BKCLR Wattage, Kichler Pendant Lt Color Temperature, 52662 BKCLR Light Output, 52662 BKCLR Length, 52662BKCLR Mounting Type, 52662BKCLR, 52662BKCLR Location Rating, 52662 BKCLR Voltage Rating","Pendant, 52662 BKCLR Wattage, Kichler Pendant Lt Color Temperature, 52662 BKCLR Light Output, 52662 BKCLR Length",,,,,,,,,,,,,,,,,,,,,,,,,52662BKCLR,,Pendant,Product Name,pendant,,Wattage,52662 BKCLR,,Color Temperature,Kichler Pendant Lt,,Light Output,52662 BKCLR,,Length,52662 BKCLR,,Mounting Type,52662BKCLR,,Finish,52662BKCLR,,Location Rating,52662BKCLR,,Voltage Rating,52662 BKCLR,,,,,,,,,,,,,,,,,,,,,,,,,,,,,,,,,,,,,,,,,,,,,,,,,,,,,,,,,,,,,,,,,,,,,,,,,,,,,,,,,,,,,,,,,,,,,,,,,,,,,,,,,,,,,,,,,,,,,,,,,,,,,,,,39111500,,,,,,52662 BKCLR,,,,,,,,,,,,,,,,,,,,,,,,,,,,,,,,,,,,,
,,,,,,,Electrical,Lighting Fixtures,Indoor & Outdoor Luminaires,,52734CPZ,52734CPZ Kichler Pendant Light,-- Unbranded --,-- No Unilog Brand --,-- No DIB Brand --,Kichler Lighting (KICLI),Kichler Lighting,,,52734CPZ,,Electrical>Lighting>Fixtures>Luminaires,"Kichler Lighting, Pendant, 52734CPZ, 52734 CPZ Wattage, 52734 CPZ Light Output",PENDANT 52734CPZ 52734CPZ 52734CPZ,"52734CPZ Pendant, 52734 CPZ Wattage, 52734 CPZ Color Temperature, 52734 CPZ Light Output, 52734 CPZ Length","Pendant, 52734 CPZ Wattage, 52734 CPZ Color Temperature, 52734 CPZ Light Output, 52734 CPZ Length, 52734CPZ Mounting Type, 52734CPZ, 52734CPZ Location Rating, 52734 CPZ Voltage Rating","Pendant, 52734 CPZ Wattage, 52734 CPZ Color Temperature, 52734 CPZ Light Output, 52734 CPZ Length",,,,,,,,,,,,,,,,,,,,,,,,,52734CPZ,,Pendant,Product Name,pendant,,Wattage,52734 CPZ,,Color Temperature,52734 CPZ,,Light Output,52734 CPZ,,Length,52734 CPZ,,Mounting Type,52734CPZ,,Finish,52734CPZ,,Location Rating,52734CPZ,,Voltage Rating,52734 CPZ,,,,,,,,,,,,,,,,,,,,,,,,,,,,,,,,,,,,,,,,,,,,,,,,,,,,,,,,,,,,,,,,,,,,,,,,,,,,,,,,,,,,,,,,,,,,,,,,,,,,,,,,,,,,,,,,,,,,,,,,,,,,,,,,39111500,,,,,,52734 CPZ,,,,,,,,,,,,,,,,,,,,,,,,,,,,,,,,,,,,,
,,,,,,,Electrical,Lighting Fixtures,Indoor & Outdoor Luminaires,,82400,82400 Kichler Pendant Lt,-- Unbranded --,-- No Unilog Brand --,-- No DIB Brand --,Kichler Lighting (KICLI),Kichler Lighting,,,82400,,Electrical>Lighting>Fixtures>Luminaires,"Kichler Lighting, Pendant, 82400, 82400 W Wattage, Kichler Color Temperature",PENDANT 82400W KICHLER 82400LM KICHLER,"82400 Pendant, 82400 W Wattage, Kichler Color Temperature, 82400 lm Light Output, Kichler Length, Pendant Mounting Type","Pendant, 82400 W Wattage, Kichler Color Temperature, 82400 lm Light Output, Kichler Length, Pendant Mounting Type, Kichler, Kichler Location Rating, Kichler Voltage Rating","Pendant, 82400 W Wattage, Kichler Color Temperature, 82400 lm Light Output, Kichler Length, Pendant Mounting Type",,82400 W,82400 lm,,,,,,,,,,,,,,,,,,,,,,Kichler,,Pendant,Product Name,pendant,,Wattage,82400,W,Color Temperature,Kichler,,Light Output,82400,lm,Length,Kichler,,Mounting Type,Pendant,,Finish,Kichler,,Location Rating,Kichler,,Voltage Rating,Kichler,,,,,,,,,,,,,,,,,,,,,,,,,,,,,,,,,,,,,,,,,,,,,,,,,,,,,,,,,,,,,,,,,,,,,,,,,,,,,,,,,,,,,,,,,,,,,,,,,,,,,,,,,,,,,,,,,,,,,,,,,,,,,,,,39111500,,,,,,Kichler,,,,,,,,,,,,,,,,,,,,,,,,,,,,,,,,,,,,,
,,,,,,,,,,,S11606,"S11606 8"" Round Down Lt 30K",-- Unbranded --,-- No Unilog Brand --,-- No DIB Brand --,Satco Prod Inc (5573),Satco Prod Inc,,,S11606,,,"Satco Prod Inc, S11606 8"" Round Down Lt 30k, S11606","S11606 8"" ROUND DOWN LT 30K","S11606 S11606 8"" Round Down Lt 30k","S11606 8"" Round Down Lt 30k","S11606 8"" Round Down Lt 30k",,,,,,,,,,,,,,,,,,,,,,,,,,,"S11606 8"" Round Down Lt 30k",Product Name,"S11606 8"" Round Down Lt 30K",,Brand,,,Material,,,Color,,,Size,,,Quantity,,,,,,,,,,,,,,,,,,,,,,,,,,,,,,,,,,,,,,,,,,,,,,,,,,,,,,,,,,,,,,,,,,,,,,,,,,,,,,,,,,,,,,,,,,,,,,,,,,,,,,,,,,,,,,,,,,,,,,,,,,,,,,,,,,,,,,,,,,,,,,,,,,,,,,,,,,,,,,,,,,,,,,,,,,,,,,,,,,,,,
,,,,,,,Electrical,Lamps & Bulbs,LED Lamps,,S11828,"S11828 8"" Led Down Light",-- Unbranded --,-- No Unilog Brand --,-- No DIB Brand --,Satco Prod Inc (5573),Satco Prod Inc,,,S11828,,Electrical>Lighting>Lamps & Bulbs>LED Lamps,"Satco Prod Inc, LED Lamp, S11828, 8 W Wattage, 8 K Color Temperature",LED LAMP 8W 8K S11828 8LM 8V 8 8CRI 8HR,"S11828 LED Lamp, 8 W Wattage, 8 K Color Temperature, Down Light Bulb Shape, S11828 Base Type, 8 lm Light Output","LED Lamp, 8 W Wattage, 8 K Color Temperature, Down Light Bulb Shape, S11828 Base Type, 8 lm Light Output, 8 V Voltage Rating, 8 Dimmable, 8 CRI Color Rendering Index, 8 hr Rated Life, 8 Quantity","LED Lamp, 8 W Wattage, 8 K Color Temperature, Down Light Bulb Shape, S11828 Base Type, 8 lm Light Output",,8 W,8 K,8 lm,8 V,8 CRI,8 hr,,,,,,,,,,,,,,,,,,,,,Wattage,8,W,Color Temperature,8,K,Bulb Shape,Down Light,,Base Type,S11828,,Light Output,8,lm,Voltage Rating,8,V,Dimmable,8,,Color Rendering Index,8,CRI,Rated Life,8,hr,Quantity,8,,,,,,,,,,,,,,,,,,,,,,,,,,,,,,,,,,,,,,,,,,,,,,,,,,,,,,,,,,,,,,,,,,,,,,,,,,,,,,,,,,,,,,,,,,,,,,,,,,,,,,,,,,,,,,,,,,,,,,,,,,,,,39101605,,,8,EA,,,,,,,,,,,,,,,,,,,,,,,,,,,,,,,,,,,,,,,
,,,,,,,Electrical,Lamps & Bulbs,LED Lamps,,801274,"801274 10w LED 6"" Retro 50k",-- Unbranded --,-- No Unilog Brand --,Philips,Phillips Lighting (5831),Phillips Lighting,Philips,,801274,,Electrical>Lighting>Lamps & Bulbs>LED Lamps,"Phillips Lighting Philips, LED Lamp, 801274, 10 W Wattage, Retro Bulb Shape",LED LAMP 10W RETRO 6IN,"Philips 801274 LED Lamp, 10 W Wattage, Retro Bulb Shape, 6 in Base Type","Philips LED Lamp, 10 W Wattage, Retro Bulb Shape, 6 in Base Type","LED Lamp, 10 W Wattage, Retro Bulb Shape, 6 in Base Type",,10 W,6 in,,,,,,,,,,,,,,,,,,,,,,,,,Wattage,10,W,Color Temperature,,,Bulb Shape,Retro,,Base Type,6,in,Light Output,,,Voltage Rating,,,Dimmable,,,Color Rendering Index,,,Rated Life,,,Quantity,,,,,,,,,,,,,,,,,,,,,,,,,,,,,,,,,,,,,,,,,,,,,,,,,,,,,,,,,,,,,,,,,,,,,,,,,,,,,,,,,,,,,,,,,,,,,,,,,,,,,,,,,,,,,,,,,,,,,,,,,,,,,,39101605,,,,,,,,,,,,,,,,,,,,,,,,,,,,,,,,,,,,,,,,,,,
,,,,,,,Electrical,Lighting Fixtures,Indoor & Outdoor Luminaires,,S11860,"S11860 6"" Downlight White 5 CCT",-- Unbranded --,-- No Unilog Brand --,-- No DIB Brand --,Satco Prod Inc (5573),Satco Prod Inc,,,S11860,,Electrical>Lighting>Fixtures>Luminaires,"Satco Prod Inc, Downlight, S11860, 6 W Wattage, 5 CCT Color Temperature",DOWNLIGHT 6W 5 CCT WHT,"S11860 Downlight, 6 W Wattage, 5 CCT Color Temperature, White","Downlight, 6 W Wattage, 5 CCT Color Temperature, White","Downlight, 6 W Wattage, 5 CCT Color Temperature, White",,6 W,,,,,,,,,,,,,,,,,,,,,,,,,Downlight,Product Name,downlight,,Wattage,6,W,Color Temperature,5 CCT,,Light Output,,,Length,,,Mounting Type,,,Finish,White,,Location Rating,,,Voltage Rating,,,,,,,,,,,,,,,,,,,,,,,,,,,,,,,,,,,,,,,,,,,,,,,,,,,,,,,,,,,,,,,,,,,,,,,,,,,,,,,,,,,,,,,,,,,,,,,,,,,,,,,,,,,,,,,,,,,,,,,,,,,,,,,,,39111500,,,,,,,,,,,,,,,,,,,,,,,,,,,,,,,,,,,,,,,,,,,
,,,,,,,Electrical,Lighting Fixtures,Indoor & Outdoor Luminaires,,S11562,"S11562 Starfish 6"" D/W Downlight",-- Unbranded --,-- No Unilog Brand --,-- No DIB Brand --,Satco Prod Inc (5573),Satco Prod Inc,,,S11562,,Electrical>Lighting>Fixtures>Luminaires,"Satco Prod Inc, Downlight, S11562, 6 W Wattage, D/W Color Temperature",DOWNLIGHT 6W D/W 6IN,"S11562 Downlight, 6 W Wattage, D/W Color Temperature, 6 in Length","Downlight, 6 W Wattage, D/W Color Temperature, 6 in Length","Downlight, 6 W Wattage, D/W Color Temperature, 6 in Length",,6 W,6 in,,,,,,,,,,,,,,,,,,,,,,,,Downlight,Product Name,downlight,,Wattage,6,W,Color Temperature,D/W,,Light Output,,,Length,6,in,Mounting Type,,,Finish,,,Location Rating,,,Voltage Rating,,,,,,,,,,,,,,,,,,,,,,,,,,,,,,,,,,,,,,,,,,,,,,,,,,,,,,,,,,,,,,,,,,,,,,,,,,,,,,,,,,,,,,,,,,,,,,,,,,,,,,,,,,,,,,,,,,,,,,,,,,,,,,,,,39111500,,,,,,6,in,,,,,,,,,,,,,,,,,,,,,,,,,,,,,,,,,,,,
,,,,,,,Electrical,Lighting Fixtures,Indoor & Outdoor Luminaires,,S11646,"S11646 6"" Downlight Wh",-- Unbranded --,-- No Unilog Brand --,-- No DIB Brand --,Satco Prod Inc (5573),Satco Prod Inc,,,S11646,,Electrical>Lighting>Fixtures>Luminaires,"Satco Prod Inc, Downlight, S11646, 6 W Wattage, white Color Temperature",DOWNLIGHT 6W WHT 6IN,"S11646 Downlight, 6 W Wattage, white Color Temperature, 6 in Length","Downlight, 6 W Wattage, white Color Temperature, 6 in Length","Downlight, 6 W Wattage, white Color Temperature, 6 in Length",,6 W,6 in,,,,,,,,,,,,,,,,,,,,,,,,Downlight,Product Name,downlight,,Wattage,6,W,Color Temperature,white,,Light Output,,,Length,6,in,Mounting Type,,,Finish,,,Location Rating,,,Voltage Rating,,,,,,,,,,,,,,,,,,,,,,,,,,,,,,,,,,,,,,,,,,,,,,,,,,,,,,,,,,,,,,,,,,,,,,,,,,,,,,,,,,,,,,,,,,,,,,,,,,,,,,,,,,,,,,,,,,,,,,,,,,,,,,,,,39111500,,,,,,6,in,,,,,,,,,,,,,,,,,,,,,,,,,,,,,,,,,,,,
,,,,,,,,,,,S11801R1,"S11801R1 6"" Led Downlight Wh",-- Unbranded --,-- No Unilog Brand --,-- No DIB Brand --,Satco Prod Inc (5573),Satco Prod Inc,S11801R1,,S11801R1,,,"Satco Prod Inc S11801R1, Led Downlight, S11801R1, 6 in",LED DOWNLIGHT 6IN,"S11801R1 S11801R1 Led Downlight, 6 in","S11801R1 Led Downlight, 6 in","Led Downlight, 6 in",,,,,,,,,,,,,,,,,,,,,,,,,,,Led Downlight,Product Name,Led Downlight,,Brand,S11801R1,,Material,,,Color,,,Size,6,in,Quantity,,,,,,,,,,,,,,,,,,,,,,,,,,,,,,,,,,,,,,,,,,,,,,,,,,,,,,,,,,,,,,,,,,,,,,,,,,,,,,,,,,,,,,,,,,,,,,,,,,,,,,,,,,,,,,,,,,,,,,,,,,,,,,,,,,,,,,,,,,,,,,,,,,,,,,,,,,,,,,,,,,,,,,,,,,,,,,,,,,,,,
,,,,,,,,,,,S11848,"S11848 10"" Down Light Wh",-- Unbranded --,-- No Unilog Brand --,-- No DIB Brand --,Satco Prod Inc (5573),Satco Prod Inc,S11848,,S11848,,,"Satco Prod Inc S11848, Down Light, S11848, 10 in",DOWN LIGHT 10IN,"S11848 S11848 Down Light, 10 in","S11848 Down Light, 10 in","Down Light, 10 in",,,,,,,,,,,,,,,,,,,,,,,,,,,Down Light,Product Name,Down Light,,Brand,S11848,,Material,,,Color,,,Size,10,in,Quantity,,,,,,,,,,,,,,,,,,,,,,,,,,,,,,,,,,,,,,,,,,,,,,,,,,,,,,,,,,,,,,,,,,,,,,,,,,,,,,,,,,,,,,,,,,,,,,,,,,,,,,,,,,,,,,,,,,,,,,,,,,,,,,,,,,,,,,,,,,,,,,,,,,,,,,,,,,,,,,,,,,,,,,,,,,,,,,,,,,,,,
,,,,,,,,,,,S11849,"S11849 12"" Down Light Wh",-- Unbranded --,-- No Unilog Brand --,-- No DIB Brand --,Satco Prod Inc (5573),Satco Prod Inc,S11849,,S11849,,,"Satco Prod Inc S11849, Down Light, S11849, 12 in",DOWN LIGHT 12IN,"S11849 S11849 Down Light, 12 in","S11849 Down Light, 12 in","Down Light, 12 in",,,,,,,,,,,,,,,,,,,,,,,,,,,Down Light,Product Name,Down Light,,Brand,S11849,,Material,,,Color,,,Size,12,in,Quantity,,,,,,,,,,,,,,,,,,,,,,,,,,,,,,,,,,,,,,,,,,,,,,,,,,,,,,,,,,,,,,,,,,,,,,,,,,,,,,,,,,,,,,,,,,,,,,,,,,,,,,,,,,,,,,,,,,,,,,,,,,,,,,,,,,,,,,,,,,,,,,,,,,,,,,,,,,,,,,,,,,,,,,,,,,,,,,,,,,,,,
,,,,,,,,,,,HLBSL609FS5,"HLBSL609FS5 6"" Down Light",-- Unbranded --,-- No Unilog Brand --,-- No DIB Brand --,Cooper Lighting (7638),Cooper Lighting,HLBSL609FS5,,HLBSL609FS5,,,"Cooper Lighting HLBSL609FS5, Down Light, HLBSL609FS5, 6 in",DOWN LIGHT 6IN,"HLBSL609FS5 HLBSL609FS5 Down Light, 6 in","HLBSL609FS5 Down Light, 6 in","Down Light, 6 in",,,,,,,,,,,,,,,,,,,,,,,,,,,Down Light,Product Name,Down Light,,Brand,HLBSL609FS5,,Material,,,Color,,,Size,6,in,Quantity,,,,,,,,,,,,,,,,,,,,,,,,,,,,,,,,,,,,,,,,,,,,,,,,,,,,,,,,,,,,,,,,,,,,,,,,,,,,,,,,,,,,,,,,,,,,,,,,,,,,,,,,,,,,,,,,,,,,,,,,,,,,,,,,,,,,,,,,,,,,,,,,,,,,,,,,,,,,,,,,,,,,,,,,,,,,,,,,,,,,,
,,,,,,,,,,,WF4REGSWW590CRIMW,"WF4REGSWW590CRIMW 4"" Down Light",-- Unbranded --,-- No Unilog Brand --,-- No DIB Brand --,Lithonia Lighting (2776),Lithonia Lighting,WF4REGSWW590CRIM,,WF4REGSWW590CRIMW,,,"Lithonia Lighting WF4REGSWW590CRIM, Down Light, WF4REGSWW590CRIMW",DOWN LIGHT 4IN,"WF4REGSWW590CRIM WF4REGSWW590CRIMW Down Light, 4 in","WF4REGSWW590CRIM Down Light, 4 in","Down Light, 4 in",,,,,,,,,,,,,,,,,,,,,,,,,,,Down Light,Product Name,Down Light,,Brand,WF4REGSWW590CRIM,,Material,,,Color,,,Size,4,in,Quantity,,,,,,,,,,,,,,,,,,,,,,,,,,,,,,,,,,,,,,,,,,,,,,,,,,,,,,,,,,,,,,,,,,,,,,,,,,,,,,,,,,,,,,,,,,,,,,,,,,,,,,,,,,,,,,,,,,,,,,,,,,,,,,,,,,,,,,,,,,,,,,,,,,,,,,,,,,,,,,,,,,,,,,,,,,,,,,,,,,,,,
,,,,,,,Electrical,Lighting Fixtures,Indoor & Outdoor Luminaires,,43849WH5CCT,43849WH5CCT Kichler Ceiling Lt,-- Unbranded --,-- No Unilog Brand --,-- No DIB Brand --,Kichler Lighting (KICLI),Kichler Lighting,,,43849WH5CCT,,Electrical>Lighting>Fixtures>Luminaires,"Kichler Lighting, Ceiling Lt, 43849WH5CCT, 43849 WH5CCT Wattage",CEILING LT KICHLER,"43849WH5CCT Ceiling Lt, 43849 WH5CCT Wattage, Kichler Color Temperature, 43849 WH5CCT Light Output, 43849 WH5CCT Length","Ceiling Lt, 43849 WH5CCT Wattage, Kichler Color Temperature, 43849 WH5CCT Light Output, 43849 WH5CCT Length, 43849WH5CCT Mounting Type, 43849WH5CCT, 43849WH5CCT Location Rating, 43849 WH5CCT Voltage Rating","Ceiling Lt, 43849 WH5CCT Wattage, Kichler Color Temperature, 43849 WH5CCT Light Output, 43849 WH5CCT Length",,,,,,,,,,,,,,,,,,,,,,,,,43849WH5CCT,,Ceiling Lt,Product Name,Ceiling Lt,,Wattage,43849 WH5CCT,,Color Temperature,Kichler,,Light Output,43849 WH5CCT,,Length,43849 WH5CCT,,Mounting Type,43849WH5CCT,,Finish,43849WH5CCT,,Location Rating,43849WH5CCT,,Voltage Rating,43849 WH5CCT,,,,,,,,,,,,,,,,,,,,,,,,,,,,,,,,,,,,,,,,,,,,,,,,,,,,,,,,,,,,,,,,,,,,,,,,,,,,,,,,,,,,,,,,,,,,,,,,,,,,,,,,,,,,,,,,,,,,,,,,,,,,,,,,39111500,,,,,,43849 WH5CCT,,,,,,,,,,,,,,,,,,,,,,,,,,,,,,,,,,,,,
,,,,,,,Electrical,Lighting Fixtures,Indoor & Outdoor Luminaires,,62-1777,"62-1777 15"" Ceiling Lt Wh",-- Unbranded --,-- No Unilog Brand --,-- No DIB Brand --,Satco Prod Inc (5573),Satco Prod Inc,,,62-1777,,Electrical>Lighting>Fixtures>Luminaires,"Satco Prod Inc, Ceiling Lt, 62-1777, 15 in Length",CEILING LT 15IN,"62-1777 Ceiling Lt, 15 in Length","Ceiling Lt, 15 in Length","Ceiling Lt, 15 in Length",,15 in,,,,,,,,,,,,,,,,,,,,,,,,,Ceiling Lt,Product Name,Ceiling Lt,,Wattage,,,Color Temperature,,,Light Output,,,Length,15,in,Mounting Type,,,Finish,,,Location Rating,,,Voltage Rating,,,,,,,,,,,,,,,,,,,,,,,,,,,,,,,,,,,,,,,,,,,,,,,,,,,,,,,,,,,,,,,,,,,,,,,,,,,,,,,,,,,,,,,,,,,,,,,,,,,,,,,,,,,,,,,,,,,,,,,,,,,,,,,,,39111500,,,,,,15,in,,,,,,,,,,,,,,,,,,,,,,,,,,,,,,,,,,,,
,,,,,,,Electrical,Lighting Fixtures,Indoor & Outdoor Luminaires,,62-1778,"62-1778 19"" Ceiling Lt Wh",-- Unbranded --,-- No Unilog Brand --,-- No DIB Brand --,Satco Prod Inc (5573),Satco Prod Inc,,,62-1778,,Electrical>Lighting>Fixtures>Luminaires,"Satco Prod Inc, Ceiling Lt, 62-1778, 19 W Wattage, white Color Temperature",CEILING LT 19W WHT,"62-1778 Ceiling Lt, 19 W Wattage, white Color Temperature","Ceiling Lt, 19 W Wattage, white Color Temperature","Ceiling Lt, 19 W Wattage, white Color Temperature",,19 W,,,,,,,,,,,,,,,,,,,,,,,,,Ceiling Lt,Product Name,Ceiling Lt,,Wattage,19,W,Color Temperature,white,,Light Output,,,Length,,,Mounting Type,,,Finish,,,Location Rating,,,Voltage Rating,,,,,,,,,,,,,,,,,,,,,,,,,,,,,,,,,,,,,,,,,,,,,,,,,,,,,,,,,,,,,,,,,,,,,,,,,,,,,,,,,,,,,,,,,,,,,,,,,,,,,,,,,,,,,,,,,,,,,,,,,,,,,,,,,39111500,,,,,,,,,,,,,,,,,,,,,,,,,,,,,,,,,,,,,,,,,,,
,,,,,,,Electrical,Lighting Fixtures,Indoor & Outdoor Luminaires,,62-1784,62-1784 24x24 Led Ceiling Lt,-- Unbranded --,-- No Unilog Brand --,-- No DIB Brand --,Satco Prod Inc (5573),Satco Prod Inc,,,62-1784,,Electrical>Lighting>Fixtures>Luminaires,"Satco Prod Inc, Ceiling Lt, 62-1784, 24 W Wattage, 24 x24 Color Temperature",CEILING LT 24W 24 X24 24 X24 24X24 24X24,"62-1784 Ceiling Lt, 24 W Wattage, 24 x24 Color Temperature, 24 x24 Length, 24x24, 24x24 Location Rating","Ceiling Lt, 24 W Wattage, 24 x24 Color Temperature, 24 x24 Length, 24x24, 24x24 Location Rating, 24 x24 Voltage Rating","Ceiling Lt, 24 W Wattage, 24 x24 Color Temperature, 24 x24 Length, 24x24, 24x24 Location Rating, 24 x24 Voltage Rating",,24 W,,,,,,,,,,,,,,,,,,,,,,,24x24,,Ceiling Lt,Product Name,Ceiling Lt,,Wattage,24,W,Color Temperature,24 x24,,Light Output,,,Length,24 x24,,Mounting Type,,,Finish,24x24,,Location Rating,24x24,,Voltage Rating,24 x24,,,,,,,,,,,,,,,,,,,,,,,,,,,,,,,,,,,,,,,,,,,,,,,,,,,,,,,,,,,,,,,,,,,,,,,,,,,,,,,,,,,,,,,,,,,,,,,,,,,,,,,,,,,,,,,,,,,,,,,,,,,,,,,,39111500,,,,,,24 x24,,,,,,,,,,,,,,,,,,,,,,,,,,,,,,,,,,,,,
,,,,,,,Electrical,Lighting Fixtures,Indoor & Outdoor Luminaires,,62-1787,"62-1787 15"" Ceiling Lt Bk",-- Unbranded --,-- No Unilog Brand --,-- No DIB Brand --,Satco Prod Inc (5573),Satco Prod Inc,,,62-1787,,Electrical>Lighting>Fixtures>Luminaires,"Satco Prod Inc, Ceiling Lt, 62-1787, 15 ft Length, black",CEILING LT 15FT BLK,"62-1787 Ceiling Lt, 15 ft Length, black","Ceiling Lt, 15 ft Length, black","Ceiling Lt, 15 ft Length, black",,15 ft,,,,,,,,,,,,,,,,,,,,,,,,,Ceiling Lt,Product Name,Ceiling Lt,,Wattage,,,Color Temperature,,,Light Output,,,Length,15,ft,Mounting Type,,,Finish,black,,Location Rating,,,Voltage Rating,,,,,,,,,,,,,,,,,,,,,,,,,,,,,,,,,,,,,,,,,,,,,,,,,,,,,,,,,,,,,,,,,,,,,,,,,,,,,,,,,,,,,,,,,,,,,,,,,,,,,,,,,,,,,,,,,,,,,,,,,,,,,,,,,39111500,,,,,,15,ft,,,,,,,,,,,,,,,,,,,,,,,,,,,,,,,,,,,,
,,,,,,,Electrical,Lighting Fixtures,Indoor & Outdoor Luminaires,,62-1788,"62-1788 19"" Ceiling Lt Bk",-- Unbranded --,-- No Unilog Brand --,-- No DIB Brand --,Satco Prod Inc (5573),Satco Prod Inc,,,62-1788,,Electrical>Lighting>Fixtures>Luminaires,"Satco Prod Inc, Ceiling Lt Bk, 62-1788, 19 W Wattage, 19 in Length",CEILING LT BK 19W 19IN,"62-1788 Ceiling Lt Bk, 19 W Wattage, 19 in Length","Ceiling Lt Bk, 19 W Wattage, 19 in Length","Ceiling Lt Bk, 19 W Wattage, 19 in Length",,19 W,19 in,,,,,,,,,,,,,,,,,,,,,,,,Ceiling Lt Bk,Product Name,Ceiling Lt Bk,,Wattage,19,W,Color Temperature,,,Light Output,,,Length,19,in,Mounting Type,,,Finish,,,Location Rating,,,Voltage Rating,,,,,,,,,,,,,,,,,,,,,,,,,,,,,,,,,,,,,,,,,,,,,,,,,,,,,,,,,,,,,,,,,,,,,,,,,,,,,,,,,,,,,,,,,,,,,,,,,,,,,,,,,,,,,,,,,,,,,,,,,,,,,,,,,39111500,,,,,,19,in,,,,,,,,,,,,,,,,,,,,,,,,,,,,,,,,,,,,
,,,,,,,,,,,SHOP/4X2/840/V1,4' Feit Shop Light 4500L 40k,-- Unbranded --,-- No Unilog Brand --,Feit Electric,Feit Electric (3468),Feit Electric,Feit Electric,,SHOP/4X2/840/V1,,,"Feit Electric, Shop Light, SHOP/4X2/840/V1, 4 ft",SHOP LIGHT 4FT,"Feit Electric SHOP/4X2/840/V1 Shop Light, 4 ft","Feit Electric Shop Light, 4 ft","Shop Light, 4 ft",,,,,,,,,,,,,,,,,,,,,,,,,,,Shop Light,Product Name,Shop Light,,Brand,Feit,,Material,,,Color,,,Size,4,ft,Quantity,,,,,,,,,,,,,,,,,,,,,,,,,,,,,,,,,,,,,,,,,,,,,,,,,,,,,,,,,,,,,,,,,,,,,,,,,,,,,,,,,,,,,,,,,,,,,,,,,,,,,,,,,,,,,,,,,,,,,,,,,,,,,,,,,,,,,,,,,,,,,,,,,,,,,,,,,,,,,,,,,,,,,,,,,,,,,,,,,,,,,
,,,,,,,Electrical,Lighting Fixtures,Indoor & Outdoor Luminaires,,45495BKCLR,45495BKCLR Kichler Wall Lt,-- Unbranded --,-- No Unilog Brand --,-- No DIB Brand --,Kichler Lighting (KICLI),Kichler Lighting,,,45495BKCLR,,Electrical>Lighting>Fixtures>Luminaires,"Kichler Lighting, Wall Lt, 45495BKCLR, 45495 BKCLR Wattage, 45495 BKCLR Length",WALL LT WALL LT,"45495BKCLR Wall Lt, 45495 BKCLR Wattage, 45495 BKCLR Color Temperature, 45495 BKCLR Light Output, 45495 BKCLR Length","Wall Lt, 45495 BKCLR Wattage, 45495 BKCLR Color Temperature, 45495 BKCLR Light Output, 45495 BKCLR Length, Wall Lt Mounting Type, 45495BKCLR, 45495BKCLR Location Rating, 45495 BKCLR Voltage Rating","Wall Lt, 45495 BKCLR Wattage, 45495 BKCLR Color Temperature, 45495 BKCLR Light Output, 45495 BKCLR Length",,,,,,,,,,,,,,,,,,,,,,,,,45495BKCLR,,Wall Lt,Product Name,Wall Lt,,Wattage,45495 BKCLR,,Color Temperature,45495 BKCLR,,Light Output,45495 BKCLR,,Length,45495 BKCLR,,Mounting Type,Wall Lt,,Finish,45495BKCLR,,Location Rating,45495BKCLR,,Voltage Rating,45495 BKCLR,,,,,,,,,,,,,,,,,,,,,,,,,,,,,,,,,,,,,,,,,,,,,,,,,,,,,,,,,,,,,,,,,,,,,,,,,,,,,,,,,,,,,,,,,,,,,,,,,,,,,,,,,,,,,,,,,,,,,,,,,,,,,,,,39111500,,,,,,45495 BKCLR,,,,,,,,,,,,,,,,,,,,,,,,,,,,,,,,,,,,,
,,,,,,,Electrical,Lighting Fixtures,Indoor & Outdoor Luminaires,,55209NI,55209NI Kichler Wall Sconce,-- Unbranded --,-- No Unilog Brand --,-- No DIB Brand --,Kichler Lighting (KICLI),Kichler Lighting,,,55209NI,,Electrical>Lighting>Fixtures>Luminaires,"Kichler Lighting, Wall Sconce, 55209NI, 55209 NI Wattage, 55209 NI Light Output",WALL SCONCE 55209 NI 55209 NI 55209 NI,"55209NI Wall Sconce, 55209 NI Wattage, 55209 NI Color Temperature, 55209 NI Light Output, 55209 NI Length","Wall Sconce, 55209 NI Wattage, 55209 NI Color Temperature, 55209 NI Light Output, 55209 NI Length, wall mount Mounting Type, 55209NI, 55209NI Location Rating, 55209 NI Voltage Rating","Wall Sconce, 55209 NI Wattage, 55209 NI Color Temperature, 55209 NI Light Output, 55209 NI Length",,,,,,,,,,,,,,,,,,,,,,,,,55209NI,,Wall Sconce,Product Name,wall sconce,,Wattage,55209 NI,,Color Temperature,55209 NI,,Light Output,55209 NI,,Length,55209 NI,,Mounting Type,wall mount,,Finish,55209NI,,Location Rating,55209NI,,Voltage Rating,55209 NI,,,,,,,,,,,,,,,,,,,,,,,,,,,,,,,,,,,,,,,,,,,,,,,,,,,,,,,,,,,,,,,,,,,,,,,,,,,,,,,,,,,,,,,,,,,,,,,,,,,,,,,,,,,,,,,,,,,,,,,,,,,,,,,,39111500,,,,,,55209 NI,,,,,,,,,,,,,,,,,,,,,,,,,,,,,,,,,,,,,
,,,,,,,Electrical,Lamps & Bulbs,LED Lamps,,65-1210,65-1210 2' LED Wrap Lt,-- Unbranded --,-- No Unilog Brand --,-- No DIB Brand --,Satco Prod Inc (5573),Satco Prod Inc,,,65-1210,,Electrical>Lighting>Lamps & Bulbs>LED Lamps,"Satco Prod Inc, LED Lamp, 65-1210, 65 W Wattage, Wrap Bulb Shape",LED LAMP 65W WRAP 1210 1210LM,"65-1210 LED Lamp, 65 W Wattage, Wrap Bulb Shape, 1210 Base Type, 1210 lm Light Output","LED Lamp, 65 W Wattage, Wrap Bulb Shape, 1210 Base Type, 1210 lm Light Output","LED Lamp, 65 W Wattage, Wrap Bulb Shape, 1210 Base Type, 1210 lm Light Output",,65 W,1210 lm,,,,,,,,,,,,,,,,,,,,,,,,,Wattage,65,W,Color Temperature,,,Bulb Shape,Wrap,,Base Type,1210,,Light Output,1210,lm,Voltage Rating,,,Dimmable,,,Color Rendering Index,,,Rated Life,,,Quantity,,,,,,,,,,,,,,,,,,,,,,,,,,,,,,,,,,,,,,,,,,,,,,,,,,,,,,,,,,,,,,,,,,,,,,,,,,,,,,,,,,,,,,,,,,,,,,,,,,,,,,,,,,,,,,,,,,,,,,,,,,,,,,39101605,,,,,,,,,,,,,,,,,,,,,,,,,,,,,,,,,,,,,,,,,,,
,,,,,,,Electrical,Lamps & Bulbs,LED Lamps,,65-1211,65-1211 4' Led Wrap Light,-- Unbranded --,-- No Unilog Brand --,-- No DIB Brand --,Satco Prod Inc (5573),Satco Prod Inc,,,65-1211,,Electrical>Lighting>Lamps & Bulbs>LED Lamps,"Satco Prod Inc, LED Lamp, 65-1211, 4 W Wattage, Wrap Bulb Shape",LED LAMP 4W WRAP 1211 1,"65-1211 LED Lamp, 4 W Wattage, Wrap Bulb Shape, 1211 Base Type, 1 Quantity","LED Lamp, 4 W Wattage, Wrap Bulb Shape, 1211 Base Type, 1 Quantity","LED Lamp, 4 W Wattage, Wrap Bulb Shape, 1211 Base Type, 1 Quantity",,4 W,,,,,,,,,,,,,,,,,,,,,,,,,,Wattage,4,W,Color Temperature,,,Bulb Shape,Wrap,,Base Type,1211,,Light Output,,,Voltage Rating,,,Dimmable,,,Color Rendering Index,,,Rated Life,,,Quantity,1,,,,,,,,,,,,,,,,,,,,,,,,,,,,,,,,,,,,,,,,,,,,,,,,,,,,,,,,,,,,,,,,,,,,,,,,,,,,,,,,,,,,,,,,,,,,,,,,,,,,,,,,,,,,,,,,,,,,,,,,,,,,,39101605,,,1,EA,,,,,,,,,,,,,,,,,,,,,,,,,,,,,,,,,,,,,,,
,,,,,,,Electrical,Lamps & Bulbs,LED Lamps,,141465,"141465 15W Flor 18"" T12 27k",-- Unbranded --,-- No Unilog Brand --,Philips,Phillips Lighting (5831),Phillips Lighting,Philips,,141465,,Electrical>Lighting>Lamps & Bulbs>LED Lamps,"Phillips Lighting Philips, LED Lamp, 141465, 15 W Wattage, T12 Bulb Shape",LED LAMP 15W T12 FLOR 18,"Philips 141465 LED Lamp, 15 W Wattage, T12 Bulb Shape, Flor 18 Base Type","Philips LED Lamp, 15 W Wattage, T12 Bulb Shape, Flor 18 Base Type","LED Lamp, 15 W Wattage, T12 Bulb Shape, Flor 18 Base Type",,15 W,,,,,,,,,,,,,,,,,,,,,,,,,,Wattage,15,W,Color Temperature,,,Bulb Shape,T12,,Base Type,Flor 18,,Light Output,,,Voltage Rating,,,Dimmable,,,Color Rendering Index,,,Rated Life,,,Quantity,,,,,,,,,,,,,,,,,,,,,,,,,,,,,,,,,,,,,,,,,,,,,,,,,,,,,,,,,,,,,,,,,,,,,,,,,,,,,,,,,,,,,,,,,,,,,,,,,,,,,,,,,,,,,,,,,,,,,,,,,,,,,,39101605,,,,,,,,,,,,,,,,,,,,,,,,,,,,,,,,,,,,,,,,,,,
,,,,,,,Electrical,Lamps & Bulbs,LED Lamps,,391227,"391227 32W Led 12"" T9 30K",-- Unbranded --,-- No Unilog Brand --,Philips,Phillips Lighting (5831),Phillips Lighting,Philips,,391227,,Electrical>Lighting>Lamps & Bulbs>LED Lamps,"Phillips Lighting Philips, LED Lamp, 391227, 32 W Wattage, T9 Bulb Shape",LED LAMP 32W 30K T9 12IN,"Philips 391227 LED Lamp, 32 W Wattage, 30 K Color Temperature, T9 Bulb Shape, 12 in Base Type","Philips LED Lamp, 32 W Wattage, 30 K Color Temperature, T9 Bulb Shape, 12 in Base Type","LED Lamp, 32 W Wattage, 30 K Color Temperature, T9 Bulb Shape, 12 in Base Type",,32 W,30 K,12 in,,,,,,,,,,,,,,,,,,,,,,,,Wattage,32,W,Color Temperature,30,K,Bulb Shape,T9,,Base Type,12,in,Light Output,,,Voltage Rating,,,Dimmable,,,Color Rendering Index,,,Rated Life,,,Quantity,,,,,,,,,,,,,,,,,,,,,,,,,,,,,,,,,,,,,,,,,,,,,,,,,,,,,,,,,,,,,,,,,,,,,,,,,,,,,,,,,,,,,,,,,,,,,,,,,,,,,,,,,,,,,,,,,,,,,,,,,,,,,,39101605,,,,,,,,,,,,,,,,,,,,,,,,,,,,,,,,,,,,,,,,,,,
,,,,,,,Electrical,Lamps & Bulbs,LED Lamps,,392225,"392225 22W Flor 8"" T9 30k",-- Unbranded --,-- No Unilog Brand --,Philips,Phillips Lighting (5831),Phillips Lighting,Philips,,392225,,Electrical>Lighting>Lamps & Bulbs>LED Lamps,"Phillips Lighting Philips, LED Lamp, 392225, 22 W Wattage, T9 Bulb Shape",LED LAMP 22W 30K T9 FLOR 8,"Philips 392225 LED Lamp, 22 W Wattage, 30 K Color Temperature, T9 Bulb Shape, Flor 8 Base Type","Philips LED Lamp, 22 W Wattage, 30 K Color Temperature, T9 Bulb Shape, Flor 8 Base Type","LED Lamp, 22 W Wattage, 30 K Color Temperature, T9 Bulb Shape, Flor 8 Base Type",,22 W,30 K,,,,,,,,,,,,,,,,,,,,,,,,,Wattage,22,W,Color Temperature,30,K,Bulb Shape,T9,,Base Type,Flor 8,,Light Output,,,Voltage Rating,,,Dimmable,,,Color Rendering Index,,,Rated Life,,,Quantity,,,,,,,,,,,,,,,,,,,,,,,,,,,,,,,,,,,,,,,,,,,,,,,,,,,,,,,,,,,,,,,,,,,,,,,,,,,,,,,,,,,,,,,,,,,,,,,,,,,,,,,,,,,,,,,,,,,,,,,,,,,,,,39101605,,,,,,,,,,,,,,,,,,,,,,,,,,,,,,,,,,,,,,,,,,,
,,,,,,,Electrical,Lamps & Bulbs,Incandescent & Halogen Lamps,,S3539,S3539 20W Halogen Pin T4,-- Unbranded --,-- No Unilog Brand --,Satco,Satco Prod Inc (5573),Satco Prod Inc,Satco,,S3539,,Electrical>Lighting>Lamps & Bulbs>Incandescent Lamps,"Satco, Halogen Pin T4, S3539",HALOGEN PIN T4,Satco S3539 Halogen Pin T4,Satco Halogen Pin T4,Halogen Pin T4,,,,,,,,,,,,,,,,,,,,,,,,,,,Halogen Pin T4,Product Name,Halogen Pin T4,,Brand,,,Material,,,Color,,,Size,,,Quantity,,,,,,,,,,,,,,,,,,,,,,,,,,,,,,,,,,,,,,,,,,,,,,,,,,,,,,,,,,,,,,,,,,,,,,,,,,,,,,,,,,,,,,,,,,,,,,,,,,,,,,,,,,,,,,,,,,,,,,,,,,,,,,,,,,,,,,,,,,39101601,,,,,,,,,,,,,,,,,,,,,,,,,,,,,,,,,,,,,,,,,,,
,,,,,,,Electrical,Lamps & Bulbs,Incandescent & Halogen Lamps,,S3496,S3496 300W Halogen T3 Bulb,-- Unbranded --,-- No Unilog Brand --,Satco,Satco Prod Inc (5573),Satco Prod Inc,Satco,,S3496,,Electrical>Lighting>Lamps & Bulbs>Incandescent Lamps,"Satco, Halogen T3 Bulb, S3496",HALOGEN T3 BULB,Satco S3496 Halogen T3 Bulb,Satco Halogen T3 Bulb,Halogen T3 Bulb,,,,,,,,,,,,,,,,,,,,,,,,,,,Halogen T3 Bulb,Product Name,Halogen T3 Bulb,,Brand,,,Material,,,Color,,,Size,,,Quantity,,,,,,,,,,,,,,,,,,,,,,,,,,,,,,,,,,,,,,,,,,,,,,,,,,,,,,,,,,,,,,,,,,,,,,,,,,,,,,,,,,,,,,,,,,,,,,,,,,,,,,,,,,,,,,,,,,,,,,,,,,,,,,,,,,,,,,,,,,39101601,,,,,,,,,,,,,,,,,,,,,,,,,,,,,,,,,,,,,,,,,,,
,,,,,,,Electrical,Lamps & Bulbs,LED Lamps,,467316,467316 150W Sodium Med 21k,-- Unbranded --,-- No Unilog Brand --,Philips,Phillips Lighting (5831),Phillips Lighting,Philips,,467316,,Electrical>Lighting>Lamps & Bulbs>LED Lamps,"Phillips Lighting Philips, LED Lamp, 467316, 150 W Wattage, Sodium Med Base Type",LED LAMP 150W 21K 150W,"Philips 467316 LED Lamp, 150 W Wattage, 21 K Color Temperature, Sodium Med Bulb Shape, Sodium Med Base Type","Philips LED Lamp, 150 W Wattage, 21 K Color Temperature, Sodium Med Bulb Shape, Sodium Med Base Type, 150 W Light Output","LED Lamp, 150 W Wattage, 21 K Color Temperature, Sodium Med Bulb Shape, Sodium Med Base Type, 150 W Light Output",,150 W,21 K,150 W,,,,,,,,,,,,,,,,,,,,,,,,Wattage,150,W,Color Temperature,21,K,Bulb Shape,Sodium Med,,Base Type,Sodium Med,,Light Output,150,W,Voltage Rating,,,Dimmable,,,Color Rendering Index,,,Rated Life,,,Quantity,,,,,,,,,,,,,,,,,,,,,,,,,,,,,,,,,,,,,,,,,,,,,,,,,,,,,,,,,,,,,,,,,,,,,,,,,,,,,,,,,,,,,,,,,,,,,,,,,,,,,,,,,,,,,,,,,,,,,,,,,,,,,,39101605,,,,,,,,,,,,,,,,,,,,,,,,,,,,,,,,,,,,,,,,,,,
,,,,,,,,,,,S3709,S3709 25W Incan 27K,-- Unbranded --,-- No Unilog Brand --,Satco,Satco Prod Inc (5573),Satco Prod Inc,Satco,,S3709,,,"Satco, S3709 25w Incan 27k, S3709",S3709 25W INCAN 27K,Satco S3709 S3709 25w Incan 27k,Satco S3709 25w Incan 27k,S3709 25w Incan 27k,,,,,,,,,,,,,,,,,,,,,,,,,,,S3709 25w Incan 27k,Product Name,S3709 25W Incan 27K,,Brand,,,Material,,,Color,,,Size,,,Quantity,,,,,,,,,,,,,,,,,,,,,,,,,,,,,,,,,,,,,,,,,,,,,,,,,,,,,,,,,,,,,,,,,,,,,,,,,,,,,,,,,,,,,,,,,,,,,,,,,,,,,,,,,,,,,,,,,,,,,,,,,,,,,,,,,,,,,,,,,,,,,,,,,,,,,,,,,,,,,,,,,,,,,,,,,,,,,,,,,,,,,
,,,,,,,,,,,S4720,S4720 25W Incan 27K,-- Unbranded --,-- No Unilog Brand --,Satco,Satco Prod Inc (5573),Satco Prod Inc,Satco,,S4720,,,"Satco, S4720 25w Incan 27k, S4720",S4720 25W INCAN 27K,Satco S4720 S4720 25w Incan 27k,Satco S4720 25w Incan 27k,S4720 25w Incan 27k,,,,,,,,,,,,,,,,,,,,,,,,,,,S4720 25w Incan 27k,Product Name,S4720 25W Incan 27K,,Brand,,,Material,,,Color,,,Size,,,Quantity,,,,,,,,,,,,,,,,,,,,,,,,,,,,,,,,,,,,,,,,,,,,,,,,,,,,,,,,,,,,,,,,,,,,,,,,,,,,,,,,,,,,,,,,,,,,,,,,,,,,,,,,,,,,,,,,,,,,,,,,,,,,,,,,,,,,,,,,,,,,,,,,,,,,,,,,,,,,,,,,,,,,,,,,,,,,,,,,,,,,,
,,,,,,,Electrical,Lamps & Bulbs,LED Lamps,,S3720,S3720 40w Inc A15 Med 26k,-- Unbranded --,-- No Unilog Brand --,Satco,Satco Prod Inc (5573),Satco Prod Inc,Satco,,S3720,,Electrical>Lighting>Lamps & Bulbs>LED Lamps,"Satco, LED Lamp, S3720, 40 W Wattage, 26 K Color Temperature",LED LAMP 40W 26K A15 MEDIUM,"Satco S3720 LED Lamp, 40 W Wattage, 26 K Color Temperature, A15 Bulb Shape, medium Base Type","Satco LED Lamp, 40 W Wattage, 26 K Color Temperature, A15 Bulb Shape, medium Base Type","LED Lamp, 40 W Wattage, 26 K Color Temperature, A15 Bulb Shape, medium Base Type",,40 W,26 K,,,,,,,,,,,,,,,,,,,,,,,,,Wattage,40,W,Color Temperature,26,K,Bulb Shape,A15,,Base Type,medium,,Light Output,,,Voltage Rating,,,Dimmable,,,Color Rendering Index,,,Rated Life,,,Quantity,,,,,,,,,,,,,,,,,,,,,,,,,,,,,,,,,,,,,,,,,,,,,,,,,,,,,,,,,,,,,,,,,,,,,,,,,,,,,,,,,,,,,,,,,,,,,,,,,,,,,,,,,,,,,,,,,,,,,,,,,,,,,,39101605,,,,,,,,,,,,,,,,,,,,,,,,,,,,,,,,,,,,,,,,,,,
,,,,,,,,,,,S3702,S3702 40W Incan Med 27K,-- Unbranded --,-- No Unilog Brand --,Satco,Satco Prod Inc (5573),Satco Prod Inc,Satco,,S3702,,,"Satco, Incan Med 27k, S3702",INCAN MED 27K,Satco S3702 Incan Med 27k,Satco Incan Med 27k,Incan Med 27k,,,,,,,,,,,,,,,,,,,,,,,,,,,Incan Med 27k,Product Name,Incan Med 27K,,Brand,Incan,,Material,,,Color,,,Size,,,Quantity,,,,,,,,,,,,,,,,,,,,,,,,,,,,,,,,,,,,,,,,,,,,,,,,,,,,,,,,,,,,,,,,,,,,,,,,,,,,,,,,,,,,,,,,,,,,,,,,,,,,,,,,,,,,,,,,,,,,,,,,,,,,,,,,,,,,,,,,,,,,,,,,,,,,,,,,,,,,,,,,,,,,,,,,,,,,,,,,,,,,,
,,,,,,,,,,,S3703,S3703 40W Incan Med 27K,-- Unbranded --,-- No Unilog Brand --,Satco,Satco Prod Inc (5573),Satco Prod Inc,Satco,,S3703,,,"Satco, Incan Med 27k, S3703, 40 W",INCAN MED 27K 40W,"Satco S3703 Incan Med 27k, 40 W","Satco Incan Med 27k, 40 W","Incan Med 27k, 40 W",,,,,,,,,,,,,,,,,,,,,,,,,,,Incan Med 27k,Product Name,Incan Med 27K,,Brand,Incan,,Material,,,Color,,,Size,40,W,Quantity,,,,,,,,,,,,,,,,,,,,,,,,,,,,,,,,,,,,,,,,,,,,,,,,,,,,,,,,,,,,,,,,,,,,,,,,,,,,,,,,,,,,,,,,,,,,,,,,,,,,,,,,,,,,,,,,,,,,,,,,,,,,,,,,,,,,,,,,,,,,,,,,,,,,,,,,,,,,,,,,,,,,,,,,,,,,,,,,,,,,,
,,,,,,,,,,,S3797,S3797 4W Incan Cand 27K 2pk,-- Unbranded --,-- No Unilog Brand --,Satco,Satco Prod Inc (5573),Satco Prod Inc,Satco,,S3797,,,"Satco, S3797 4W Incan Cand 27k, S3797, 2pk Quantity",S3797 4W INCAN CAND 27K 2PK,"Satco S3797 S3797 4W Incan Cand 27k, 2pk Quantity","Satco S3797 4W Incan Cand 27k, 2pk Quantity","S3797 4W Incan Cand 27k, 2pk Quantity",,,,,,,,,,,,,,,,,,,,,,,,,,,S3797 4W Incan Cand 27k,Product Name,S3797 4W Incan Cand 27K,,Brand,2pk,,Material,,,Color,,,Size,,,Quantity,2pk,,,,,,,,,,,,,,,,,,,,,,,,,,,,,,,,,,,,,,,,,,,,,,,,,,,,,,,,,,,,,,,,,,,,,,,,,,,,,,,,,,,,,,,,,,,,,,,,,,,,,,,,,,,,,,,,,,,,,,,,,,,,,,,,,,,,,,,,,,,,2,PK,,,,,,,,,,,,,,,,,,,,,,,,,,,,,,,,,,,,,,,
,,,,,,,,,,,S4724,S4724 4W Incan Cand 27K 4pk,-- Unbranded --,-- No Unilog Brand --,Satco,Satco Prod Inc (5573),Satco Prod Inc,Satco,,S4724,,,"Satco, S4724 4W Incan Cand 27k, S4724, 4pk Quantity",S4724 4W INCAN CAND 27K 4PK,"Satco S4724 S4724 4W Incan Cand 27k, 4pk Quantity","Satco S4724 4W Incan Cand 27k, 4pk Quantity","S4724 4W Incan Cand 27k, 4pk Quantity",,,,,,,,,,,,,,,,,,,,,,,,,,,S4724 4W Incan Cand 27k,Product Name,S4724 4W Incan Cand 27K,,Brand,4pk,,Material,,,Color,,,Size,,,Quantity,4pk,,,,,,,,,,,,,,,,,,,,,,,,,,,,,,,,,,,,,,,,,,,,,,,,,,,,,,,,,,,,,,,,,,,,,,,,,,,,,,,,,,,,,,,,,,,,,,,,,,,,,,,,,,,,,,,,,,,,,,,,,,,,,,,,,,,,,,,,,,,,4,PK,,,,,,,,,,,,,,,,,,,,,,,,,,,,,,,,,,,,,,,
,,,,,,,,,,,S4717,S4717 6W Incan Cand 27k 2pk,-- Unbranded --,-- No Unilog Brand --,Satco,Satco Prod Inc (5573),Satco Prod Inc,Satco,,S4717,,,"Satco, S4717 6W Incan Cand 27k, S4717, 2pk Quantity",S4717 6W INCAN CAND 27K 2PK,"Satco S4717 S4717 6W Incan Cand 27k, 2pk Quantity","Satco S4717 6W Incan Cand 27k, 2pk Quantity","S4717 6W Incan Cand 27k, 2pk Quantity",,,,,,,,,,,,,,,,,,,,,,,,,,,S4717 6W Incan Cand 27k,Product Name,S4717 6W Incan Cand 27k,,Brand,2pk,,Material,,,Color,,,Size,,,Quantity,2pk,,,,,,,,,,,,,,,,,,,,,,,,,,,,,,,,,,,,,,,,,,,,,,,,,,,,,,,,,,,,,,,,,,,,,,,,,,,,,,,,,,,,,,,,,,,,,,,,,,,,,,,,,,,,,,,,,,,,,,,,,,,,,,,,,,,,,,,,,,,,2,PK,,,,,,,,,,,,,,,,,,,,,,,,,,,,,,,,,,,,,,,
,,,,,,,,,,,S3794,S3794 7W Incan Med 27K,-- Unbranded --,-- No Unilog Brand --,Satco,Satco Prod Inc (5573),Satco Prod Inc,Satco,,S3794,,,"Satco, S3794 7W Incan Med 27k, S3794",S3794 7W INCAN MED 27K,Satco S3794 S3794 7W Incan Med 27k,Satco S3794 7W Incan Med 27k,S3794 7W Incan Med 27k,,,,,,,,,,,,,,,,,,,,,,,,,,,S3794 7W Incan Med 27k,Product Name,S3794 7W Incan Med 27K,,Brand,,,Material,,,Color,,,Size,,,Quantity,,,,,,,,,,,,,,,,,,,,,,,,,,,,,,,,,,,,,,,,,,,,,,,,,,,,,,,,,,,,,,,,,,,,,,,,,,,,,,,,,,,,,,,,,,,,,,,,,,,,,,,,,,,,,,,,,,,,,,,,,,,,,,,,,,,,,,,,,,,,,,,,,,,,,,,,,,,,,,,,,,,,,,,,,,,,,,,,,,,,,
,,,,,,,,,,,S3795,S3795 7W Incan Med 27K,-- Unbranded --,-- No Unilog Brand --,Satco,Satco Prod Inc (5573),Satco Prod Inc,Satco,,S3795,,,"Satco, S3795 7W Incan Med 27k, S3795",S3795 7W INCAN MED 27K,Satco S3795 S3795 7W Incan Med 27k,Satco S3795 7W Incan Med 27k,S3795 7W Incan Med 27k,,,,,,,,,,,,,,,,,,,,,,,,,,,S3795 7W Incan Med 27k,Product Name,S3795 7W Incan Med 27K,,Brand,,,Material,,,Color,,,Size,,,Quantity,,,,,,,,,,,,,,,,,,,,,,,,,,,,,,,,,,,,,,,,,,,,,,,,,,,,,,,,,,,,,,,,,,,,,,,,,,,,,,,,,,,,,,,,,,,,,,,,,,,,,,,,,,,,,,,,,,,,,,,,,,,,,,,,,,,,,,,,,,,,,,,,,,,,,,,,,,,,,,,,,,,,,,,,,,,,,,,,,,,,,
,,,,,,,,,,,S4726,S4726 7W Incan Cand 27K 4pk,-- Unbranded --,-- No Unilog Brand --,Satco,Satco Prod Inc (5573),Satco Prod Inc,Satco,,S4726,,,"Satco, S4726 7W Incan Cand 2000k 4pk, S4726, 4pk Quantity",S4726 7W INCAN CAND 2000K 4PK 4PK,"Satco S4726 S4726 7W Incan Cand 2000k 4pk, 4pk Quantity","Satco S4726 7W Incan Cand 2000k 4pk, 4pk Quantity","S4726 7W Incan Cand 2000k 4pk, 4pk Quantity",,,,,,,,,,,,,,,,,,,,,,,,,,,S4726 7W Incan Cand 2000k 4pk,Product Name,S4726 7W Incan Cand 2000K 4pk,,Brand,,,Material,,,Color,,,Size,,,Quantity,4pk,,,,,,,,,,,,,,,,,,,,,,,,,,,,,,,,,,,,,,,,,,,,,,,,,,,,,,,,,,,,,,,,,,,,,,,,,,,,,,,,,,,,,,,,,,,,,,,,,,,,,,,,,,,,,,,,,,,,,,,,,,,,,,,,,,,,,,,,,,,,4,PK,,,,,,,,,,,,,,,,,,,,,,,,,,,,,,,,,,,,,,,
,,,,,,,Electrical,Lamps & Bulbs,LED Lamps,,S11429,S11429 60W Led Bulb 27K,-- Unbranded --,-- No Unilog Brand --,Satco,Satco Prod Inc (5573),Satco Prod Inc,Satco,,S11429,,Electrical>Lighting>Lamps & Bulbs>LED Lamps,"Satco, LED Lamp, S11429, 60 W Wattage, Bulb Bulb Shape, 1 Quantity",LED LAMP 60W BULB 1,"Satco S11429 LED Lamp, 60 W Wattage, Bulb Bulb Shape, 1 Quantity","Satco LED Lamp, 60 W Wattage, Bulb Bulb Shape, 1 Quantity","LED Lamp, 60 W Wattage, Bulb Bulb Shape, 1 Quantity",,60 W,,,,,,,,,,,,,,,,,,,,,,,,,,Wattage,60,W,Color Temperature,,,Bulb Shape,Bulb,,Base Type,,,Light Output,,,Voltage Rating,,,Dimmable,,,Color Rendering Index,,,Rated Life,,,Quantity,1,,,,,,,,,,,,,,,,,,,,,,,,,,,,,,,,,,,,,,,,,,,,,,,,,,,,,,,,,,,,,,,,,,,,,,,,,,,,,,,,,,,,,,,,,,,,,,,,,,,,,,,,,,,,,,,,,,,,,,,,,,,,,39101605,,,1,EA,,,,,,,,,,,,,,,,,,,,,,,,,,,,,,,,,,,,,,,
,,,,,,,Electrical,Lamps & Bulbs,LED Lamps,,S21354,S21354 8W Led T9 Med 27k,-- Unbranded --,-- No Unilog Brand --,-- No DIB Brand --,Satco Prod Inc (5573),Satco Prod Inc,,,S21354,,Electrical>Lighting>Lamps & Bulbs>LED Lamps,"Satco Prod Inc, LED Lamp, S21354, 8 W Wattage, T9 Bulb Shape",LED LAMP 8W T9 MEDIUM 8W,"S21354 LED Lamp, 8 W Wattage, T9 Bulb Shape, medium Base Type, 8 W Light Output","LED Lamp, 8 W Wattage, T9 Bulb Shape, medium Base Type, 8 W Light Output","LED Lamp, 8 W Wattage, T9 Bulb Shape, medium Base Type, 8 W Light Output",,8 W,8 W,,,,,,,,,,,,,,,,,,,,,,,,,Wattage,8,W,Color Temperature,,,Bulb Shape,T9,,Base Type,medium,,Light Output,8,W,Voltage Rating,,,Dimmable,,,Color Rendering Index,,,Rated Life,,,Quantity,,,,,,,,,,,,,,,,,,,,,,,,,,,,,,,,,,,,,,,,,,,,,,,,,,,,,,,,,,,,,,,,,,,,,,,,,,,,,,,,,,,,,,,,,,,,,,,,,,,,,,,,,,,,,,,,,,,,,,,,,,,,,,39101605,,,,,,,,,,,,,,,,,,,,,,,,,,,,,,,,,,,,,,,,,,,
,,,,,,,Electrical,Lamps & Bulbs,LED Lamps,,S21363,S21363 8W Led Edison ST19 27K,-- Unbranded --,-- No Unilog Brand --,-- No DIB Brand --,Satco Prod Inc (5573),Satco Prod Inc,,,S21363,,Electrical>Lighting>Lamps & Bulbs>LED Lamps,"Satco Prod Inc, LED Lamp, S21363, 8 W Wattage, Edison Bulb Shape",LED LAMP 8W EDISON ST19 1,"S21363 LED Lamp, 8 W Wattage, Edison Bulb Shape, ST19 Base Type, 1 Quantity","LED Lamp, 8 W Wattage, Edison Bulb Shape, ST19 Base Type, 1 Quantity","LED Lamp, 8 W Wattage, Edison Bulb Shape, ST19 Base Type, 1 Quantity",,8 W,,,,,,,,,,,,,,,,,,,,,,,,,,Wattage,8,W,Color Temperature,,,Bulb Shape,Edison,,Base Type,ST19,,Light Output,,,Voltage Rating,,,Dimmable,,,Color Rendering Index,,,Rated Life,,,Quantity,1,,,,,,,,,,,,,,,,,,,,,,,,,,,,,,,,,,,,,,,,,,,,,,,,,,,,,,,,,,,,,,,,,,,,,,,,,,,,,,,,,,,,,,,,,,,,,,,,,,,,,,,,,,,,,,,,,,,,,,,,,,,,,39101605,,,1,EA,,,,,,,,,,,,,,,,,,,,,,,,,,,,,,,,,,,,,,,
,,,,,,,Electrical,Lamps & Bulbs,LED Lamps,,S11445,S11445 12W Led Med 30k Motion,-- Unbranded --,-- No Unilog Brand --,-- No DIB Brand --,Satco Prod Inc (5573),Satco Prod Inc,,,S11445,,Electrical>Lighting>Lamps & Bulbs>LED Lamps,"Satco Prod Inc, LED Lamp, S11445, 12 W Wattage, 30 K Color Temperature",LED LAMP 12W 30K MED S11445,"S11445 LED Lamp, 12 W Wattage, 30 K Color Temperature, Med Bulb Shape, S11445 Base Type","LED Lamp, 12 W Wattage, 30 K Color Temperature, Med Bulb Shape, S11445 Base Type","LED Lamp, 12 W Wattage, 30 K Color Temperature, Med Bulb Shape, S11445 Base Type",,12 W,30 K,,,,,,,,,,,,,,,,,,,,,,,,,Wattage,12,W,Color Temperature,30,K,Bulb Shape,Med,,Base Type,S11445,,Light Output,,,Voltage Rating,,,Dimmable,,,Color Rendering Index,,,Rated Life,,,Quantity,,,,,,,,,,,,,,,,,,,,,,,,,,,,,,,,,,,,,,,,,,,,,,,,,,,,,,,,,,,,,,,,,,,,,,,,,,,,,,,,,,,,,,,,,,,,,,,,,,,,,,,,,,,,,,,,,,,,,,,,,,,,,,39101605,,,,,,,,,,,,,,,,,,,,,,,,,,,,,,,,,,,,,,,,,,,
,,,,,,,Electrical,Lamps & Bulbs,LED Lamps,,567313,567313 50W Led MR16 30K 3pk,-- Unbranded --,-- No Unilog Brand --,Philips,Phillips Lighting (5831),Phillips Lighting,Philips,,567313,,Electrical>Lighting>Lamps & Bulbs>LED Lamps,"Phillips Lighting Philips, LED Lamp, 567313, 50 W Wattage, MR16 Bulb Shape",LED LAMP 50W 30K MR16 3 PK,"Philips 567313 LED Lamp, 50 W Wattage, 30 K Color Temperature, MR16 Bulb Shape, 3 pk Quantity","Philips LED Lamp, 50 W Wattage, 30 K Color Temperature, MR16 Bulb Shape, 3 pk Quantity","LED Lamp, 50 W Wattage, 30 K Color Temperature, MR16 Bulb Shape, 3 pk Quantity",,50 W,30 K,,,,,,,,,,,,,,,,,,,,,,,,,Wattage,50,W,Color Temperature,30,K,Bulb Shape,MR16,,Base Type,,,Light Output,,,Voltage Rating,,,Dimmable,,,Color Rendering Index,,,Rated Life,,,Quantity,3 pk,,,,,,,,,,,,,,,,,,,,,,,,,,,,,,,,,,,,,,,,,,,,,,,,,,,,,,,,,,,,,,,,,,,,,,,,,,,,,,,,,,,,,,,,,,,,,,,,,,,,,,,,,,,,,,,,,,,,,,,,,,,,,39101605,,,3,PK,,,,,,,,,,,,,,,,,,,,,,,,,,,,,,,,,,,,,,,
,,,,,,,Electrical,Lamps & Bulbs,LED Lamps,,586875,586875 60W Led Multi CCT 4pk,-- Unbranded --,-- No Unilog Brand --,Philips,Phillips Lighting (5831),Phillips Lighting,Philips,,586875,,Electrical>Lighting>Lamps & Bulbs>LED Lamps,"Phillips Lighting Philips, LED Lamp, 586875, 60 W Wattage, 60 W Bulb Shape",LED LAMP 60W 60W 4PK 4 PK,"Philips 586875 LED Lamp, 60 W Wattage, Multi CCT Color Temperature, 60 W Bulb Shape, 4pk Base Type, 4 pk Quantity","Philips LED Lamp, 60 W Wattage, Multi CCT Color Temperature, 60 W Bulb Shape, 4pk Base Type, 4 pk Quantity","LED Lamp, 60 W Wattage, Multi CCT Color Temperature, 60 W Bulb Shape, 4pk Base Type, 4 pk Quantity",,60 W,60 W,,,,,,,,,,,,,,,,,,,,,,,,,Wattage,60,W,Color Temperature,Multi CCT,,Bulb Shape,60,W,Base Type,4pk,,Light Output,,,Voltage Rating,,,Dimmable,,,Color Rendering Index,,,Rated Life,,,Quantity,4 pk,,,,,,,,,,,,,,,,,,,,,,,,,,,,,,,,,,,,,,,,,,,,,,,,,,,,,,,,,,,,,,,,,,,,,,,,,,,,,,,,,,,,,,,,,,,,,,,,,,,,,,,,,,,,,,,,,,,,,,,,,,,,,39101605,,,4,PK,,,,,,,,,,,,,,,,,,,,,,,,,,,,,,,,,,,,,,,
,,,,,,,Electrical,Lamps & Bulbs,LED Lamps,,576355,576355 60/100/150 Led Med 50k,-- Unbranded --,-- No Unilog Brand --,Philips,Phillips Lighting (5831),Phillips Lighting,Philips,,576355,,Electrical>Lighting>Lamps & Bulbs>LED Lamps,"Phillips Lighting Philips, LED Lamp, 576355, 60 W Wattage, Med Bulb Shape",LED LAMP 60W MED 100 150LM,"Philips 576355 LED Lamp, 60 W Wattage, Med Bulb Shape, 100 Base Type, 150 lm Light Output","Philips LED Lamp, 60 W Wattage, Med Bulb Shape, 100 Base Type, 150 lm Light Output","LED Lamp, 60 W Wattage, Med Bulb Shape, 100 Base Type, 150 lm Light Output",,60 W,150 lm,,,,,,,,,,,,,,,,,,,,,,,,,Wattage,60,W,Color Temperature,,,Bulb Shape,Med,,Base Type,100,,Light Output,150,lm,Voltage Rating,,,Dimmable,,,Color Rendering Index,,,Rated Life,,,Quantity,,,,,,,,,,,,,,,,,,,,,,,,,,,,,,,,,,,,,,,,,,,,,,,,,,,,,,,,,,,,,,,,,,,,,,,,,,,,,,,,,,,,,,,,,,,,,,,,,,,,,,,,,,,,,,,,,,,,,,,,,,,,,,39101605,,,,,,,,,,,,,,,,,,,,,,,,,,,,,,,,,,,,,,,,,,,
,,,,,,,Electrical,Lamps & Bulbs,LED Lamps,,576363,576363 100/150/200 Led Med 27k,-- Unbranded --,-- No Unilog Brand --,Philips,Phillips Lighting (5831),Phillips Lighting,Philips,,576363,,Electrical>Lighting>Lamps & Bulbs>LED Lamps,"Phillips Lighting Philips, LED Lamp, 576363, 10 /200 Wattage",LED LAMP 10 /200 MED LED,"Philips 576363 LED Lamp, 10 /200 Wattage, Med Bulb Shape, Led Base Type","Philips LED Lamp, 10 /200 Wattage, Med Bulb Shape, Led Base Type","LED Lamp, 10 /200 Wattage, Med Bulb Shape, Led Base Type",,,,,,,,,,,,,,,,,,,,,,,,,,,,Wattage,10 /200,,Color Temperature,,,Bulb Shape,Med,,Base Type,Led,,Light Output,,,Voltage Rating,,,Dimmable,,,Color Rendering Index,,,Rated Life,,,Quantity,,,,,,,,,,,,,,,,,,,,,,,,,,,,,,,,,,,,,,,,,,,,,,,,,,,,,,,,,,,,,,,,,,,,,,,,,,,,,,,,,,,,,,,,,,,,,,,,,,,,,,,,,,,,,,,,,,,,,,,,,,,,,,39101605,,,,,,,,,,,,,,,,,,,,,,,,,,,,,,,,,,,,,,,,,,,
,,,,,,,Electrical,Lamps & Bulbs,LED Lamps,,565374,565374 75W Led A19 Med 27k 4pk,-- Unbranded --,-- No Unilog Brand --,Philips,Phillips Lighting (5831),Phillips Lighting,Philips,,565374,,Electrical>Lighting>Lamps & Bulbs>LED Lamps,"Phillips Lighting Philips, LED Lamp, 565374, 75 W Wattage, A19 Bulb Shape",LED LAMP 75W A19 4 PK,"Philips 565374 LED Lamp, 75 W Wattage, A19 Bulb Shape, 4 pk Quantity","Philips LED Lamp, 75 W Wattage, A19 Bulb Shape, 4 pk Quantity","LED Lamp, 75 W Wattage, A19 Bulb Shape, 4 pk Quantity",,75 W,,,,,,,,,,,,,,,,,,,,,,,,,,Wattage,75,W,Color Temperature,,,Bulb Shape,A19,,Base Type,,,Light Output,,,Voltage Rating,,,Dimmable,,,Color Rendering Index,,,Rated Life,,,Quantity,4 pk,,,,,,,,,,,,,,,,,,,,,,,,,,,,,,,,,,,,,,,,,,,,,,,,,,,,,,,,,,,,,,,,,,,,,,,,,,,,,,,,,,,,,,,,,,,,,,,,,,,,,,,,,,,,,,,,,,,,,,,,,,,,,39101605,,,4,PK,,,,,,,,,,,,,,,,,,,,,,,,,,,,,,,,,,,,,,,
,,,,,,,Electrical,Lamps & Bulbs,LED Lamps,,565390,565390 75W Led A19 Med 50k 4pk,-- Unbranded --,-- No Unilog Brand --,Philips,Phillips Lighting (5831),Phillips Lighting,Philips,,565390,,Electrical>Lighting>Lamps & Bulbs>LED Lamps,"Phillips Lighting Philips, LED Lamp, 565390, 75 W Wattage, A19 Bulb Shape",LED LAMP 75W A19 4 PK,"Philips 565390 LED Lamp, 75 W Wattage, A19 Bulb Shape, 4 pk Quantity","Philips LED Lamp, 75 W Wattage, A19 Bulb Shape, 4 pk Quantity","LED Lamp, 75 W Wattage, A19 Bulb Shape, 4 pk Quantity",,75 W,,,,,,,,,,,,,,,,,,,,,,,,,,Wattage,75,W,Color Temperature,,,Bulb Shape,A19,,Base Type,,,Light Output,,,Voltage Rating,,,Dimmable,,,Color Rendering Index,,,Rated Life,,,Quantity,4 pk,,,,,,,,,,,,,,,,,,,,,,,,,,,,,,,,,,,,,,,,,,,,,,,,,,,,,,,,,,,,,,,,,,,,,,,,,,,,,,,,,,,,,,,,,,,,,,,,,,,,,,,,,,,,,,,,,,,,,,,,,,,,,39101605,,,4,PK,,,,,,,,,,,,,,,,,,,,,,,,,,,,,,,,,,,,,,,
,,,,,,,Electrical,Lamps & Bulbs,LED Lamps,,576371,576371 100/150/200 Led Med 50k,-- Unbranded --,-- No Unilog Brand --,Philips,Phillips Lighting (5831),Phillips Lighting,Philips,,576371,,Electrical>Lighting>Lamps & Bulbs>LED Lamps,"Phillips Lighting Philips, LED Lamp, 576371, 10 /200 Wattage",LED LAMP 10 /200 MED LED,"Philips 576371 LED Lamp, 10 /200 Wattage, Med Bulb Shape, Led Base Type","Philips LED Lamp, 10 /200 Wattage, Med Bulb Shape, Led Base Type","LED Lamp, 10 /200 Wattage, Med Bulb Shape, Led Base Type",,,,,,,,,,,,,,,,,,,,,,,,,,,,Wattage,10 /200,,Color Temperature,,,Bulb Shape,Med,,Base Type,Led,,Light Output,,,Voltage Rating,,,Dimmable,,,Color Rendering Index,,,Rated Life,,,Quantity,,,,,,,,,,,,,,,,,,,,,,,,,,,,,,,,,,,,,,,,,,,,,,,,,,,,,,,,,,,,,,,,,,,,,,,,,,,,,,,,,,,,,,,,,,,,,,,,,,,,,,,,,,,,,,,,,,,,,,,,,,,,,,39101605,,,,,,,,,,,,,,,,,,,,,,,,,,,,,,,,,,,,,,,,,,,
,,,,,,,Electrical,Lamps & Bulbs,LED Lamps,,576496,576496 45W Led R20 Med 27k,-- Unbranded --,-- No Unilog Brand --,Philips,Phillips Lighting (5831),Phillips Lighting,Philips,,576496,,Electrical>Lighting>Lamps & Bulbs>LED Lamps,"Phillips Lighting Philips, LED Lamp, 576496, 45 W Wattage, R20 Bulb Shape",LED LAMP 45W R20 MEDIUM,"Philips 576496 LED Lamp, 45 W Wattage, R20 Bulb Shape, medium Base Type","Philips LED Lamp, 45 W Wattage, R20 Bulb Shape, medium Base Type","LED Lamp, 45 W Wattage, R20 Bulb Shape, medium Base Type",,45 W,,,,,,,,,,,,,,,,,,,,,,,,,,Wattage,45,W,Color Temperature,,,Bulb Shape,R20,,Base Type,medium,,Light Output,,,Voltage Rating,,,Dimmable,,,Color Rendering Index,,,Rated Life,,,Quantity,,,,,,,,,,,,,,,,,,,,,,,,,,,,,,,,,,,,,,,,,,,,,,,,,,,,,,,,,,,,,,,,,,,,,,,,,,,,,,,,,,,,,,,,,,,,,,,,,,,,,,,,,,,,,,,,,,,,,,,,,,,,,,39101605,,,,,,,,,,,,,,,,,,,,,,,,,,,,,,,,,,,,,,,,,,,
,,,,,,,Electrical,Lamps & Bulbs,LED Lamps,,564856,564856 40W Led ST19 27k 2pk,-- Unbranded --,-- No Unilog Brand --,Philips,Phillips Lighting (5831),Phillips Lighting,Philips,,564856,,Electrical>Lighting>Lamps & Bulbs>LED Lamps,"Phillips Lighting Philips, LED Lamp, 564856, 40 W Wattage, ST19 Bulb Shape",LED LAMP 40W ST19 2 PK,"Philips 564856 LED Lamp, 40 W Wattage, ST19 Bulb Shape, 2 pk Quantity","Philips LED Lamp, 40 W Wattage, ST19 Bulb Shape, 2 pk Quantity","LED Lamp, 40 W Wattage, ST19 Bulb Shape, 2 pk Quantity",,40 W,,,,,,,,,,,,,,,,,,,,,,,,,,Wattage,40,W,Color Temperature,,,Bulb Shape,ST19,,Base Type,,,Light Output,,,Voltage Rating,,,Dimmable,,,Color Rendering Index,,,Rated Life,,,Quantity,2 pk,,,,,,,,,,,,,,,,,,,,,,,,,,,,,,,,,,,,,,,,,,,,,,,,,,,,,,,,,,,,,,,,,,,,,,,,,,,,,,,,,,,,,,,,,,,,,,,,,,,,,,,,,,,,,,,,,,,,,,,,,,,,,39101605,,,2,PK,,,,,,,,,,,,,,,,,,,,,,,,,,,,,,,,,,,,,,,
,,,,,,,Electrical,Lamps & Bulbs,LED Lamps,,565796,565796 60W Led A19 Med 20k,-- Unbranded --,-- No Unilog Brand --,Philips,Phillips Lighting (5831),Phillips Lighting,Philips,,565796,,Electrical>Lighting>Lamps & Bulbs>LED Lamps,"Phillips Lighting Philips, LED Lamp, 565796, 60 W Wattage, A19 Bulb Shape",LED LAMP 60W 20K A19 MEDIUM,"Philips 565796 LED Lamp, 60 W Wattage, 20 K Color Temperature, A19 Bulb Shape, medium Base Type","Philips LED Lamp, 60 W Wattage, 20 K Color Temperature, A19 Bulb Shape, medium Base Type","LED Lamp, 60 W Wattage, 20 K Color Temperature, A19 Bulb Shape, medium Base Type",,60 W,20 K,,,,,,,,,,,,,,,,,,,,,,,,,Wattage,60,W,Color Temperature,20,K,Bulb Shape,A19,,Base Type,medium,,Light Output,,,Voltage Rating,,,Dimmable,,,Color Rendering Index,,,Rated Life,,,Quantity,,,,,,,,,,,,,,,,,,,,,,,,,,,,,,,,,,,,,,,,,,,,,,,,,,,,,,,,,,,,,,,,,,,,,,,,,,,,,,,,,,,,,,,,,,,,,,,,,,,,,,,,,,,,,,,,,,,,,,,,,,,,,,39101605,,,,,,,,,,,,,,,,,,,,,,,,,,,,,,,,,,,,,,,,,,,
,,,,,,,Electrical,Lamps & Bulbs,LED Lamps,,576389,576389 100/200/300 Led Med 27k,-- Unbranded --,-- No Unilog Brand --,Philips,Phillips Lighting (5831),Phillips Lighting,Philips,,576389,,Electrical>Lighting>Lamps & Bulbs>LED Lamps,"Phillips Lighting Philips, LED Lamp, 576389, 10 /300 Wattage",LED LAMP 10 /300 MED LED,"Philips 576389 LED Lamp, 10 /300 Wattage, Med Bulb Shape, Led Base Type","Philips LED Lamp, 10 /300 Wattage, Med Bulb Shape, Led Base Type","LED Lamp, 10 /300 Wattage, Med Bulb Shape, Led Base Type",,,,,,,,,,,,,,,,,,,,,,,,,,,,Wattage,10 /300,,Color Temperature,,,Bulb Shape,Med,,Base Type,Led,,Light Output,,,Voltage Rating,,,Dimmable,,,Color Rendering Index,,,Rated Life,,,Quantity,,,,,,,,,,,,,,,,,,,,,,,,,,,,,,,,,,,,,,,,,,,,,,,,,,,,,,,,,,,,,,,,,,,,,,,,,,,,,,,,,,,,,,,,,,,,,,,,,,,,,,,,,,,,,,,,,,,,,,,,,,,,,,39101605,,,,,,,,,,,,,,,,,,,,,,,,,,,,,,,,,,,,,,,,,,,
,,,,,,,Electrical,Lamps & Bulbs,LED Lamps,,564492,564492 75W Adj Base 27k 3pk,-- Unbranded --,-- No Unilog Brand --,Philips,Phillips Lighting (5831),Phillips Lighting,Philips,,564492,,Electrical>Lighting>Lamps & Bulbs>LED Lamps,"Phillips Lighting Philips, LED Lamp, 564492, 75 W Wattage, Adj Bulb Shape",LED LAMP 75W ADJ BASE 3 PK,"Philips 564492 LED Lamp, 75 W Wattage, Adj Bulb Shape, Base Base Type, 3 pk Quantity","Philips LED Lamp, 75 W Wattage, Adj Bulb Shape, Base Base Type, 3 pk Quantity","LED Lamp, 75 W Wattage, Adj Bulb Shape, Base Base Type, 3 pk Quantity",,75 W,,,,,,,,,,,,,,,,,,,,,,,,,,Wattage,75,W,Color Temperature,,,Bulb Shape,Adj,,Base Type,Base,,Light Output,,,Voltage Rating,,,Dimmable,,,Color Rendering Index,,,Rated Life,,,Quantity,3 pk,,,,,,,,,,,,,,,,,,,,,,,,,,,,,,,,,,,,,,,,,,,,,,,,,,,,,,,,,,,,,,,,,,,,,,,,,,,,,,,,,,,,,,,,,,,,,,,,,,,,,,,,,,,,,,,,,,,,,,,,,,,,,39101605,,,3,PK,,,,,,,,,,,,,,,,,,,,,,,,,,,,,,,,,,,,,,,
,,,,,,,Electrical,Lamps & Bulbs,LED Lamps,,603449,603449 Wiz 60W Led Med Clr Ch,-- Unbranded --,-- No Unilog Brand --,Wiz,Phillips Lighting (5831),Phillips Lighting,Wiz,,603449,,Electrical>Lighting>Lamps & Bulbs>LED Lamps,"Phillips Lighting Wiz, LED Lamp, 603449, 60 W Wattage, Wiz Bulb Shape",LED LAMP 60W WIZ 603449 60W 603449,"Wiz 603449 LED Lamp, 60 W Wattage, Med Clr Ch Color Temperature, Wiz Bulb Shape, 603449 Base Type, 60 W Light Output","Wiz LED Lamp, 60 W Wattage, Med Clr Ch Color Temperature, Wiz Bulb Shape, 603449 Base Type, 60 W Light Output, 603449 Dimmable, 603449 CRI Color Rendering Index, 603449 hr Rated Life, 603449 Quantity","LED Lamp, 60 W Wattage, Med Clr Ch Color Temperature, Wiz Bulb Shape, 603449 Base Type, 60 W Light Output",,60 W,60 W,603449 CRI,603449 hr,,,,,,,,,,,,,,,,,,,,,,,Wattage,60,W,Color Temperature,Med Clr Ch,,Bulb Shape,Wiz,,Base Type,603449,,Light Output,60,W,Voltage Rating,,,Dimmable,603449,,Color Rendering Index,603449,CRI,Rated Life,603449,hr,Quantity,603449,,,,,,,,,,,,,,,,,,,,,,,,,,,,,,,,,,,,,,,,,,,,,,,,,,,,,,,,,,,,,,,,,,,,,,,,,,,,,,,,,,,,,,,,,,,,,,,,,,,,,,,,,,,,,,,,,,,,,,,,,,,,,39101605,,,603449,EA,,,,,,,,,,,,,,,,,,,,,,,,,,,,,,,,,,,,,,,
,,,,,,,Electrical,Lamps & Bulbs,LED Lamps,,586909,586909 Led 60W Med A19 27K,-- Unbranded --,-- No Unilog Brand --,Philips,Phillips Lighting (5831),Phillips Lighting,Philips,,586909,,Electrical>Lighting>Lamps & Bulbs>LED Lamps,"Phillips Lighting Philips, LED Lamp, 586909, 60 W Wattage, A19 Bulb Shape",LED LAMP 60W A19 MEDIUM,"Philips 586909 LED Lamp, 60 W Wattage, A19 Bulb Shape, medium Base Type","Philips LED Lamp, 60 W Wattage, A19 Bulb Shape, medium Base Type","LED Lamp, 60 W Wattage, A19 Bulb Shape, medium Base Type",,60 W,,,,,,,,,,,,,,,,,,,,,,,,,,Wattage,60,W,Color Temperature,,,Bulb Shape,A19,,Base Type,medium,,Light Output,,,Voltage Rating,,,Dimmable,,,Color Rendering Index,,,Rated Life,,,Quantity,,,,,,,,,,,,,,,,,,,,,,,,,,,,,,,,,,,,,,,,,,,,,,,,,,,,,,,,,,,,,,,,,,,,,,,,,,,,,,,,,,,,,,,,,,,,,,,,,,,,,,,,,,,,,,,,,,,,,,,,,,,,,,39101605,,,,,,,,,,,,,,,,,,,,,,,,,,,,,,,,,,,,,,,,,,,
,,,,,,,Electrical,Lamps & Bulbs,LED Lamps,,566364,566364 75W Led ST19 27k 4pk,-- Unbranded --,-- No Unilog Brand --,Philips,Phillips Lighting (5831),Phillips Lighting,Philips,,566364,,Electrical>Lighting>Lamps & Bulbs>LED Lamps,"Phillips Lighting Philips, LED Lamp, 566364, 75 W Wattage, ST19 Bulb Shape",LED LAMP 75W ST19 4 PK,"Philips 566364 LED Lamp, 75 W Wattage, ST19 Bulb Shape, 4 pk Quantity","Philips LED Lamp, 75 W Wattage, ST19 Bulb Shape, 4 pk Quantity","LED Lamp, 75 W Wattage, ST19 Bulb Shape, 4 pk Quantity",,75 W,,,,,,,,,,,,,,,,,,,,,,,,,,Wattage,75,W,Color Temperature,,,Bulb Shape,ST19,,Base Type,,,Light Output,,,Voltage Rating,,,Dimmable,,,Color Rendering Index,,,Rated Life,,,Quantity,4 pk,,,,,,,,,,,,,,,,,,,,,,,,,,,,,,,,,,,,,,,,,,,,,,,,,,,,,,,,,,,,,,,,,,,,,,,,,,,,,,,,,,,,,,,,,,,,,,,,,,,,,,,,,,,,,,,,,,,,,,,,,,,,,39101605,,,4,PK,,,,,,,,,,,,,,,,,,,,,,,,,,,,,,,,,,,,,,,
,,,,,,,Electrical,Lamps & Bulbs,LED Lamps,,576397,576394 100/200/300 Led A23 50k,-- Unbranded --,-- No Unilog Brand --,Philips,Phillips Lighting (5831),Phillips Lighting,Philips,,576397,,Electrical>Lighting>Lamps & Bulbs>LED Lamps,"Phillips Lighting Philips, LED Lamp, 576397, 10 /300 Wattage",LED LAMP 10 /300 A23,"Philips 576397 LED Lamp, 10 /300 Wattage, A23 Bulb Shape","Philips LED Lamp, 10 /300 Wattage, A23 Bulb Shape","LED Lamp, 10 /300 Wattage, A23 Bulb Shape",,,,,,,,,,,,,,,,,,,,,,,,,,,,Wattage,10 /300,,Color Temperature,,,Bulb Shape,A23,,Base Type,,,Light Output,,,Voltage Rating,,,Dimmable,,,Color Rendering Index,,,Rated Life,,,Quantity,,,,,,,,,,,,,,,,,,,,,,,,,,,,,,,,,,,,,,,,,,,,,,,,,,,,,,,,,,,,,,,,,,,,,,,,,,,,,,,,,,,,,,,,,,,,,,,,,,,,,,,,,,,,,,,,,,,,,,,,,,,,,,39101605,,,,,,,,,,,,,,,,,,,,,,,,,,,,,,,,,,,,,,,,,,,
,,,,,,,Electrical,Lamps & Bulbs,LED Lamps,,571497,571497 150W Led Med 27k,-- Unbranded --,-- No Unilog Brand --,Philips,Phillips Lighting (5831),Phillips Lighting,Philips,,571497,,Electrical>Lighting>Lamps & Bulbs>LED Lamps,"Phillips Lighting Philips, LED Lamp, 571497, 150 W Wattage, Med Bulb Shape",LED LAMP 150W MED,"Philips 571497 LED Lamp, 150 W Wattage, Med Bulb Shape","Philips LED Lamp, 150 W Wattage, Med Bulb Shape","LED Lamp, 150 W Wattage, Med Bulb Shape",,150 W,,,,,,,,,,,,,,,,,,,,,,,,,,Wattage,150,W,Color Temperature,,,Bulb Shape,Med,,Base Type,,,Light Output,,,Voltage Rating,,,Dimmable,,,Color Rendering Index,,,Rated Life,,,Quantity,,,,,,,,,,,,,,,,,,,,,,,,,,,,,,,,,,,,,,,,,,,,,,,,,,,,,,,,,,,,,,,,,,,,,,,,,,,,,,,,,,,,,,,,,,,,,,,,,,,,,,,,,,,,,,,,,,,,,,,,,,,,,,39101605,,,,,,,,,,,,,,,,,,,,,,,,,,,,,,,,,,,,,,,,,,,
,,,,,,,Electrical,Lamps & Bulbs,LED Lamps,,576306,576306 40W Led A19 5CCT 4pk,-- Unbranded --,-- No Unilog Brand --,Philips,Phillips Lighting (5831),Phillips Lighting,Philips,,576306,,Electrical>Lighting>Lamps & Bulbs>LED Lamps,"Phillips Lighting Philips, LED Lamp, 576306, 40 W Wattage, A19 Bulb Shape",LED LAMP 40W 5 CCT A19 4 PK,"Philips 576306 LED Lamp, 40 W Wattage, 5 CCT Color Temperature, A19 Bulb Shape, 4 pk Quantity","Philips LED Lamp, 40 W Wattage, 5 CCT Color Temperature, A19 Bulb Shape, 4 pk Quantity","LED Lamp, 40 W Wattage, 5 CCT Color Temperature, A19 Bulb Shape, 4 pk Quantity",,40 W,,,,,,,,,,,,,,,,,,,,,,,,,,Wattage,40,W,Color Temperature,5 CCT,,Bulb Shape,A19,,Base Type,,,Light Output,,,Voltage Rating,,,Dimmable,,,Color Rendering Index,,,Rated Life,,,Quantity,4 pk,,,,,,,,,,,,,,,,,,,,,,,,,,,,,,,,,,,,,,,,,,,,,,,,,,,,,,,,,,,,,,,,,,,,,,,,,,,,,,,,,,,,,,,,,,,,,,,,,,,,,,,,,,,,,,,,,,,,,,,,,,,,,39101605,,,4,PK,,,,,,,,,,,,,,,,,,,,,,,,,,,,,,,,,,,,,,,
,,,,,,,Electrical,Lamps & Bulbs,LED Lamps,,588533,588533 40W Led Cand 3pk,-- Unbranded --,-- No Unilog Brand --,Philips,Phillips Lighting (5831),Phillips Lighting,Philips,,588533,,Electrical>Lighting>Lamps & Bulbs>LED Lamps,"Phillips Lighting Philips, LED Lamp, 588533, 40 W Wattage, 3 pk Quantity",LED LAMP 40W 3 PK,"Philips 588533 LED Lamp, 40 W Wattage, 3 pk Quantity","Philips LED Lamp, 40 W Wattage, 3 pk Quantity","LED Lamp, 40 W Wattage, 3 pk Quantity",,40 W,,,,,,,,,,,,,,,,,,,,,,,,,,Wattage,40,W,Color Temperature,,,Bulb Shape,,,Base Type,,,Light Output,,,Voltage Rating,,,Dimmable,,,Color Rendering Index,,,Rated Life,,,Quantity,3 pk,,,,,,,,,,,,,,,,,,,,,,,,,,,,,,,,,,,,,,,,,,,,,,,,,,,,,,,,,,,,,,,,,,,,,,,,,,,,,,,,,,,,,,,,,,,,,,,,,,,,,,,,,,,,,,,,,,,,,,,,,,,,,39101605,,,3,PK,,,,,,,,,,,,,,,,,,,,,,,,,,,,,,,,,,,,,,,
,,,,,,,Electrical,Lamps & Bulbs,LED Lamps,,576520,576520 65W Led Med 27k,-- Unbranded --,-- No Unilog Brand --,Philips,Phillips Lighting (5831),Phillips Lighting,Philips,,576520,,Electrical>Lighting>Lamps & Bulbs>LED Lamps,"Phillips Lighting Philips, LED Lamp, 576520, 65 W Wattage, Med Bulb Shape",LED LAMP 65W MED,"Philips 576520 LED Lamp, 65 W Wattage, Med Bulb Shape","Philips LED Lamp, 65 W Wattage, Med Bulb Shape","LED Lamp, 65 W Wattage, Med Bulb Shape",,65 W,,,,,,,,,,,,,,,,,,,,,,,,,,Wattage,65,W,Color Temperature,,,Bulb Shape,Med,,Base Type,,,Light Output,,,Voltage Rating,,,Dimmable,,,Color Rendering Index,,,Rated Life,,,Quantity,,,,,,,,,,,,,,,,,,,,,,,,,,,,,,,,,,,,,,,,,,,,,,,,,,,,,,,,,,,,,,,,,,,,,,,,,,,,,,,,,,,,,,,,,,,,,,,,,,,,,,,,,,,,,,,,,,,,,,,,,,,,,,39101605,,,,,,,,,,,,,,,,,,,,,,,,,,,,,,,,,,,,,,,,,,,
,,,,,,,Electrical,Lamps & Bulbs,LED Lamps,,574004,574004 75W Led ST19 27k 2pk,-- Unbranded --,-- No Unilog Brand --,Philips,Phillips Lighting (5831),Phillips Lighting,Philips,,574004,,Electrical>Lighting>Lamps & Bulbs>LED Lamps,"Phillips Lighting Philips, LED Lamp, 574004, 75 W Wattage, ST19 Bulb Shape",LED LAMP 75W ST19 2 PK,"Philips 574004 LED Lamp, 75 W Wattage, ST19 Bulb Shape, 2 pk Quantity","Philips LED Lamp, 75 W Wattage, ST19 Bulb Shape, 2 pk Quantity","LED Lamp, 75 W Wattage, ST19 Bulb Shape, 2 pk Quantity",,75 W,,,,,,,,,,,,,,,,,,,,,,,,,,Wattage,75,W,Color Temperature,,,Bulb Shape,ST19,,Base Type,,,Light Output,,,Voltage Rating,,,Dimmable,,,Color Rendering Index,,,Rated Life,,,Quantity,2 pk,,,,,,,,,,,,,,,,,,,,,,,,,,,,,,,,,,,,,,,,,,,,,,,,,,,,,,,,,,,,,,,,,,,,,,,,,,,,,,,,,,,,,,,,,,,,,,,,,,,,,,,,,,,,,,,,,,,,,,,,,,,,,39101605,,,2,PK,,,,,,,,,,,,,,,,,,,,,,,,,,,,,,,,,,,,,,,
,,,,,,,Electrical,Lamps & Bulbs,LED Lamps,,574012,574012 75W Led ST19 50k 2pk,-- Unbranded --,-- No Unilog Brand --,Philips,Phillips Lighting (5831),Phillips Lighting,Philips,,574012,,Electrical>Lighting>Lamps & Bulbs>LED Lamps,"Phillips Lighting Philips, LED Lamp, 574012, 75 W Wattage, ST19 Bulb Shape",LED LAMP 75W ST19 2 PK,"Philips 574012 LED Lamp, 75 W Wattage, ST19 Bulb Shape, 2 pk Quantity","Philips LED Lamp, 75 W Wattage, ST19 Bulb Shape, 2 pk Quantity","LED Lamp, 75 W Wattage, ST19 Bulb Shape, 2 pk Quantity",,75 W,,,,,,,,,,,,,,,,,,,,,,,,,,Wattage,75,W,Color Temperature,,,Bulb Shape,ST19,,Base Type,,,Light Output,,,Voltage Rating,,,Dimmable,,,Color Rendering Index,,,Rated Life,,,Quantity,2 pk,,,,,,,,,,,,,,,,,,,,,,,,,,,,,,,,,,,,,,,,,,,,,,,,,,,,,,,,,,,,,,,,,,,,,,,,,,,,,,,,,,,,,,,,,,,,,,,,,,,,,,,,,,,,,,,,,,,,,,,,,,,,,39101605,,,2,PK,,,,,,,,,,,,,,,,,,,,,,,,,,,,,,,,,,,,,,,
,,,,,,,Electrical,Lamps & Bulbs,LED Lamps,,573971,573971 75W Led ST19 20k 4pk,-- Unbranded --,-- No Unilog Brand --,Philips,Phillips Lighting (5831),Phillips Lighting,Philips,,573971,,Electrical>Lighting>Lamps & Bulbs>LED Lamps,"Phillips Lighting Philips, LED Lamp, 573971, 75 W Wattage, ST19 Bulb Shape",LED LAMP 75W 20K ST19 4 PK,"Philips 573971 LED Lamp, 75 W Wattage, 20 K Color Temperature, ST19 Bulb Shape, 4 pk Quantity","Philips LED Lamp, 75 W Wattage, 20 K Color Temperature, ST19 Bulb Shape, 4 pk Quantity","LED Lamp, 75 W Wattage, 20 K Color Temperature, ST19 Bulb Shape, 4 pk Quantity",,75 W,20 K,,,,,,,,,,,,,,,,,,,,,,,,,Wattage,75,W,Color Temperature,20,K,Bulb Shape,ST19,,Base Type,,,Light Output,,,Voltage Rating,,,Dimmable,,,Color Rendering Index,,,Rated Life,,,Quantity,4 pk,,,,,,,,,,,,,,,,,,,,,,,,,,,,,,,,,,,,,,,,,,,,,,,,,,,,,,,,,,,,,,,,,,,,,,,,,,,,,,,,,,,,,,,,,,,,,,,,,,,,,,,,,,,,,,,,,,,,,,,,,,,,,39101605,,,4,PK,,,,,,,,,,,,,,,,,,,,,,,,,,,,,,,,,,,,,,,
,,,,,,,Electrical,Lamps & Bulbs,LED Lamps,,573989,573989 40W Led Med 27K 4pk,-- Unbranded --,-- No Unilog Brand --,Philips,Phillips Lighting (5831),Phillips Lighting,Philips,,573989,,Electrical>Lighting>Lamps & Bulbs>LED Lamps,"Phillips Lighting Philips, LED Lamp, 573989, 40 W Wattage, 4 pk Quantity",LED LAMP 40W 4 PK,"Philips 573989 LED Lamp, 40 W Wattage, 4 pk Quantity","Philips LED Lamp, 40 W Wattage, 4 pk Quantity","LED Lamp, 40 W Wattage, 4 pk Quantity",,40 W,,,,,,,,,,,,,,,,,,,,,,,,,,Wattage,40,W,Color Temperature,,,Bulb Shape,,,Base Type,,,Light Output,,,Voltage Rating,,,Dimmable,,,Color Rendering Index,,,Rated Life,,,Quantity,4 pk,,,,,,,,,,,,,,,,,,,,,,,,,,,,,,,,,,,,,,,,,,,,,,,,,,,,,,,,,,,,,,,,,,,,,,,,,,,,,,,,,,,,,,,,,,,,,,,,,,,,,,,,,,,,,,,,,,,,,,,,,,,,,39101605,,,4,PK,,,,,,,,,,,,,,,,,,,,,,,,,,,,,,,,,,,,,,,
,,,,,,,Electrical,Lamps & Bulbs,LED Lamps,,576769,576769 65W Led BR30 Med 27k,-- Unbranded --,-- No Unilog Brand --,Philips,Phillips Lighting (5831),Phillips Lighting,Philips,,576769,,Electrical>Lighting>Lamps & Bulbs>LED Lamps,"Phillips Lighting Philips, LED Lamp, 576769, 65 W Wattage, BR30 Bulb Shape",LED LAMP 65W BR30 MEDIUM,"Philips 576769 LED Lamp, 65 W Wattage, BR30 Bulb Shape, medium Base Type","Philips LED Lamp, 65 W Wattage, BR30 Bulb Shape, medium Base Type","LED Lamp, 65 W Wattage, BR30 Bulb Shape, medium Base Type",,65 W,,,,,,,,,,,,,,,,,,,,,,,,,,Wattage,65,W,Color Temperature,,,Bulb Shape,BR30,,Base Type,medium,,Light Output,,,Voltage Rating,,,Dimmable,,,Color Rendering Index,,,Rated Life,,,Quantity,,,,,,,,,,,,,,,,,,,,,,,,,,,,,,,,,,,,,,,,,,,,,,,,,,,,,,,,,,,,,,,,,,,,,,,,,,,,,,,,,,,,,,,,,,,,,,,,,,,,,,,,,,,,,,,,,,,,,,,,,,,,,,39101605,,,,,,,,,,,,,,,,,,,,,,,,,,,,,,,,,,,,,,,,,,,
,,,,,,,Electrical,Lamps & Bulbs,LED Lamps,,567446,567446 60W Led Med 50K 3pk,-- Unbranded --,-- No Unilog Brand --,Philips,Phillips Lighting (5831),Phillips Lighting,Philips,,567446,,Electrical>Lighting>Lamps & Bulbs>LED Lamps,"Phillips Lighting Philips, LED Lamp, 567446, 60 W Wattage, Med Bulb Shape",LED LAMP 60W MED 3 PK,"Philips 567446 LED Lamp, 60 W Wattage, Med Bulb Shape, 3 pk Quantity","Philips LED Lamp, 60 W Wattage, Med Bulb Shape, 3 pk Quantity","LED Lamp, 60 W Wattage, Med Bulb Shape, 3 pk Quantity",,60 W,,,,,,,,,,,,,,,,,,,,,,,,,,Wattage,60,W,Color Temperature,,,Bulb Shape,Med,,Base Type,,,Light Output,,,Voltage Rating,,,Dimmable,,,Color Rendering Index,,,Rated Life,,,Quantity,3 pk,,,,,,,,,,,,,,,,,,,,,,,,,,,,,,,,,,,,,,,,,,,,,,,,,,,,,,,,,,,,,,,,,,,,,,,,,,,,,,,,,,,,,,,,,,,,,,,,,,,,,,,,,,,,,,,,,,,,,,,,,,,,,39101605,,,3,PK,,,,,,,,,,,,,,,,,,,,,,,,,,,,,,,,,,,,,,,
,,,,,,,Electrical,Lamps & Bulbs,LED Lamps,,573997,573997 40W Led Med 50k 4pk,-- Unbranded --,-- No Unilog Brand --,Philips,Phillips Lighting (5831),Phillips Lighting,Philips,,573997,,Electrical>Lighting>Lamps & Bulbs>LED Lamps,"Phillips Lighting Philips, LED Lamp, 573997, 40 W Wattage, 4 pk Quantity",LED LAMP 40W 4 PK,"Philips 573997 LED Lamp, 40 W Wattage, 4 pk Quantity","Philips LED Lamp, 40 W Wattage, 4 pk Quantity","LED Lamp, 40 W Wattage, 4 pk Quantity",,40 W,,,,,,,,,,,,,,,,,,,,,,,,,,Wattage,40,W,Color Temperature,,,Bulb Shape,,,Base Type,,,Light Output,,,Voltage Rating,,,Dimmable,,,Color Rendering Index,,,Rated Life,,,Quantity,4 pk,,,,,,,,,,,,,,,,,,,,,,,,,,,,,,,,,,,,,,,,,,,,,,,,,,,,,,,,,,,,,,,,,,,,,,,,,,,,,,,,,,,,,,,,,,,,,,,,,,,,,,,,,,,,,,,,,,,,,,,,,,,,,39101605,,,4,PK,,,,,,,,,,,,,,,,,,,,,,,,,,,,,,,,,,,,,,,
,,,,,,,Electrical,Lamps & Bulbs,LED Lamps,,571463,571463 100W Led BR30 Med 50k,-- Unbranded --,-- No Unilog Brand --,Philips,Phillips Lighting (5831),Phillips Lighting,Philips,,571463,,Electrical>Lighting>Lamps & Bulbs>LED Lamps,"Phillips Lighting Philips, LED Lamp, 571463, 100 W Wattage, BR30 Bulb Shape",LED LAMP 100W BR30 MEDIUM 1,"Philips 571463 LED Lamp, 100 W Wattage, BR30 Bulb Shape, medium Base Type, 1 Quantity","Philips LED Lamp, 100 W Wattage, BR30 Bulb Shape, medium Base Type, 1 Quantity","LED Lamp, 100 W Wattage, BR30 Bulb Shape, medium Base Type, 1 Quantity",,100 W,,,,,,,,,,,,,,,,,,,,,,,,,,Wattage,100,W,Color Temperature,,,Bulb Shape,BR30,,Base Type,medium,,Light Output,,,Voltage Rating,,,Dimmable,,,Color Rendering Index,,,Rated Life,,,Quantity,1,,,,,,,,,,,,,,,,,,,,,,,,,,,,,,,,,,,,,,,,,,,,,,,,,,,,,,,,,,,,,,,,,,,,,,,,,,,,,,,,,,,,,,,,,,,,,,,,,,,,,,,,,,,,,,,,,,,,,,,,,,,,,39101605,,,1,EA,,,,,,,,,,,,,,,,,,,,,,,,,,,,,,,,,,,,,,,
,,,,,,,Electrical,Lamps & Bulbs,LED Lamps,,576512,576512 65W Led BR40 Med 27k,-- Unbranded --,-- No Unilog Brand --,Philips,Phillips Lighting (5831),Phillips Lighting,Philips,,576512,,Electrical>Lighting>Lamps & Bulbs>LED Lamps,"Phillips Lighting Philips, LED Lamp, 576512, 65 W Wattage, BR40 Bulb Shape",LED LAMP 65W BR40 MEDIUM,"Philips 576512 LED Lamp, 65 W Wattage, BR40 Bulb Shape, medium Base Type","Philips LED Lamp, 65 W Wattage, BR40 Bulb Shape, medium Base Type","LED Lamp, 65 W Wattage, BR40 Bulb Shape, medium Base Type",,65 W,,,,,,,,,,,,,,,,,,,,,,,,,,Wattage,65,W,Color Temperature,,,Bulb Shape,BR40,,Base Type,medium,,Light Output,,,Voltage Rating,,,Dimmable,,,Color Rendering Index,,,Rated Life,,,Quantity,,,,,,,,,,,,,,,,,,,,,,,,,,,,,,,,,,,,,,,,,,,,,,,,,,,,,,,,,,,,,,,,,,,,,,,,,,,,,,,,,,,,,,,,,,,,,,,,,,,,,,,,,,,,,,,,,,,,,,,,,,,,,,39101605,,,,,,,,,,,,,,,,,,,,,,,,,,,,,,,,,,,,,,,,,,,
,,,,,,,Electrical,Lamps & Bulbs,LED Lamps,,581181,581181 40W Led Med 2pk,-- Unbranded --,-- No Unilog Brand --,Philips,Phillips Lighting (5831),Phillips Lighting,Philips,,581181,,Electrical>Lighting>Lamps & Bulbs>LED Lamps,"Phillips Lighting Philips, LED Lamp, 581181, 40 W Wattage, 2 pk Quantity",LED LAMP 40W 2 PK,"Philips 581181 LED Lamp, 40 W Wattage, 2 pk Quantity","Philips LED Lamp, 40 W Wattage, 2 pk Quantity","LED Lamp, 40 W Wattage, 2 pk Quantity",,40 W,,,,,,,,,,,,,,,,,,,,,,,,,,Wattage,40,W,Color Temperature,,,Bulb Shape,,,Base Type,,,Light Output,,,Voltage Rating,,,Dimmable,,,Color Rendering Index,,,Rated Life,,,Quantity,2 pk,,,,,,,,,,,,,,,,,,,,,,,,,,,,,,,,,,,,,,,,,,,,,,,,,,,,,,,,,,,,,,,,,,,,,,,,,,,,,,,,,,,,,,,,,,,,,,,,,,,,,,,,,,,,,,,,,,,,,,,,,,,,,39101605,,,2,PK,,,,,,,,,,,,,,,,,,,,,,,,,,,,,,,,,,,,,,,
,,,,,,,Electrical,Lamps & Bulbs,LED Lamps,,GT-CB-100C,GTCB100C Led 100W Cob Bulb,-- Unbranded --,-- No Unilog Brand --,GT-Lite,Keystone (5702),Keystone,GT-Lite,,GT-CB-100C,,Electrical>Lighting>Lamps & Bulbs>LED Lamps,"Keystone GT-Lite, LED Lamp, GT-CB-100C, 100 W Wattage, Bulb Bulb Shape",LED LAMP 100W BULB GTCB100C,"GT-Lite GT-CB-100C LED Lamp, 100 W Wattage, Bulb Bulb Shape, GTCB100C Base Type","GT-Lite LED Lamp, 100 W Wattage, Bulb Bulb Shape, GTCB100C Base Type","LED Lamp, 100 W Wattage, Bulb Bulb Shape, GTCB100C Base Type",,100 W,,,,,,,,,,,,,,,,,,,,,,,,,,Wattage,100,W,Color Temperature,,,Bulb Shape,Bulb,,Base Type,GTCB100C,,Light Output,,,Voltage Rating,,,Dimmable,,,Color Rendering Index,,,Rated Life,,,Quantity,,,,,,,,,,,,,,,,,,,,,,,,,,,,,,,,,,,,,,,,,,,,,,,,,,,,,,,,,,,,,,,,,,,,,,,,,,,,,,,,,,,,,,,,,,,,,,,,,,,,,,,,,,,,,,,,,,,,,,,,,,,,,,39101605,,,,,,,,,,,,,,,,,,,,,,,,,,,,,,,,,,,,,,,,,,,
,,,,,,,Electrical,Lamps & Bulbs,LED Lamps,,566430,566430 75W Led Med 50k 4pk,-- Unbranded --,-- No Unilog Brand --,Philips,Phillips Lighting (5831),Phillips Lighting,Philips,,566430,,Electrical>Lighting>Lamps & Bulbs>LED Lamps,"Phillips Lighting Philips, LED Lamp, 566430, 75 W Wattage, 4 pk Quantity",LED LAMP 75W 4 PK,"Philips 566430 LED Lamp, 75 W Wattage, 4 pk Quantity","Philips LED Lamp, 75 W Wattage, 4 pk Quantity","LED Lamp, 75 W Wattage, 4 pk Quantity",,75 W,,,,,,,,,,,,,,,,,,,,,,,,,,Wattage,75,W,Color Temperature,,,Bulb Shape,,,Base Type,,,Light Output,,,Voltage Rating,,,Dimmable,,,Color Rendering Index,,,Rated Life,,,Quantity,4 pk,,,,,,,,,,,,,,,,,,,,,,,,,,,,,,,,,,,,,,,,,,,,,,,,,,,,,,,,,,,,,,,,,,,,,,,,,,,,,,,,,,,,,,,,,,,,,,,,,,,,,,,,,,,,,,,,,,,,,,,,,,,,,39101605,,,4,PK,,,,,,,,,,,,,,,,,,,,,,,,,,,,,,,,,,,,,,,
,,,,,,,Electrical,Lamps & Bulbs,LED Lamps,,568337,568337 120W Led Par38 Med 50k,-- Unbranded --,-- No Unilog Brand --,Philips,Phillips Lighting (5831),Phillips Lighting,Philips,,568337,,Electrical>Lighting>Lamps & Bulbs>LED Lamps,"Phillips Lighting Philips, LED Lamp, 568337, 120 W Wattage, PAR38 Bulb Shape",LED LAMP 120W PAR38 MEDIUM 120W 120V,"Philips 568337 LED Lamp, 120 W Wattage, PAR38 Bulb Shape, medium Base Type, 120 W Light Output, 120 V Voltage Rating","Philips LED Lamp, 120 W Wattage, PAR38 Bulb Shape, medium Base Type, 120 W Light Output, 120 V Voltage Rating","LED Lamp, 120 W Wattage, PAR38 Bulb Shape, medium Base Type, 120 W Light Output, 120 V Voltage Rating",,120 W,120 W,120 V,,,,,,,,,,,,,,,,,,,,,,,,Wattage,120,W,Color Temperature,,,Bulb Shape,PAR38,,Base Type,medium,,Light Output,120,W,Voltage Rating,120,V,Dimmable,,,Color Rendering Index,,,Rated Life,,,Quantity,,,,,,,,,,,,,,,,,,,,,,,,,,,,,,,,,,,,,,,,,,,,,,,,,,,,,,,,,,,,,,,,,,,,,,,,,,,,,,,,,,,,,,,,,,,,,,,,,,,,,,,,,,,,,,,,,,,,,,,,,,,,,,39101605,,,,,,,,,,,,,,,,,,,,,,,,,,,,,,,,,,,,,,,,,,,
,,,,,,,Electrical,Lamps & Bulbs,LED Lamps,,565788,565788 40W Led A19 Med 27k,-- Unbranded --,-- No Unilog Brand --,Philips,Phillips Lighting (5831),Phillips Lighting,Philips,,565788,,Electrical>Lighting>Lamps & Bulbs>LED Lamps,"Phillips Lighting Philips, LED Lamp, 565788, 40 W Wattage, A19 Bulb Shape",LED LAMP 40W A19 MEDIUM 1,"Philips 565788 LED Lamp, 40 W Wattage, A19 Bulb Shape, medium Base Type, 1 Quantity","Philips LED Lamp, 40 W Wattage, A19 Bulb Shape, medium Base Type, 1 Quantity","LED Lamp, 40 W Wattage, A19 Bulb Shape, medium Base Type, 1 Quantity",,40 W,,,,,,,,,,,,,,,,,,,,,,,,,,Wattage,40,W,Color Temperature,,,Bulb Shape,A19,,Base Type,medium,,Light Output,,,Voltage Rating,,,Dimmable,,,Color Rendering Index,,,Rated Life,,,Quantity,1,,,,,,,,,,,,,,,,,,,,,,,,,,,,,,,,,,,,,,,,,,,,,,,,,,,,,,,,,,,,,,,,,,,,,,,,,,,,,,,,,,,,,,,,,,,,,,,,,,,,,,,,,,,,,,,,,,,,,,,,,,,,,39101605,,,1,EA,,,,,,,,,,,,,,,,,,,,,,,,,,,,,,,,,,,,,,,
,,,,,,,Electrical,Lamps & Bulbs,LED Lamps,,565770,565770 40W Led A19 Med 50k,-- Unbranded --,-- No Unilog Brand --,Philips,Phillips Lighting (5831),Phillips Lighting,Philips,,565770,,Electrical>Lighting>Lamps & Bulbs>LED Lamps,"Phillips Lighting Philips, LED Lamp, 565770, 40 W Wattage, A19 Bulb Shape",LED LAMP 40W A19 MEDIUM 1,"Philips 565770 LED Lamp, 40 W Wattage, A19 Bulb Shape, medium Base Type, 1 Quantity","Philips LED Lamp, 40 W Wattage, A19 Bulb Shape, medium Base Type, 1 Quantity","LED Lamp, 40 W Wattage, A19 Bulb Shape, medium Base Type, 1 Quantity",,40 W,,,,,,,,,,,,,,,,,,,,,,,,,,Wattage,40,W,Color Temperature,,,Bulb Shape,A19,,Base Type,medium,,Light Output,,,Voltage Rating,,,Dimmable,,,Color Rendering Index,,,Rated Life,,,Quantity,1,,,,,,,,,,,,,,,,,,,,,,,,,,,,,,,,,,,,,,,,,,,,,,,,,,,,,,,,,,,,,,,,,,,,,,,,,,,,,,,,,,,,,,,,,,,,,,,,,,,,,,,,,,,,,,,,,,,,,,,,,,,,,39101605,,,1,EA,,,,,,,,,,,,,,,,,,,,,,,,,,,,,,,,,,,,,,,
,,,,,,,Electrical,Lamps & Bulbs,LED Lamps,,573436,573436 60W Led A19 Med 27k 2pk,-- Unbranded --,-- No Unilog Brand --,Philips,Phillips Lighting (5831),Phillips Lighting,Philips,,573436,,Electrical>Lighting>Lamps & Bulbs>LED Lamps,"Phillips Lighting Philips, LED Lamp, 573436, 60 W Wattage, A19 Bulb Shape",LED LAMP 60W A19 2 PK,"Philips 573436 LED Lamp, 60 W Wattage, A19 Bulb Shape, 2 pk Quantity","Philips LED Lamp, 60 W Wattage, A19 Bulb Shape, 2 pk Quantity","LED Lamp, 60 W Wattage, A19 Bulb Shape, 2 pk Quantity",,60 W,,,,,,,,,,,,,,,,,,,,,,,,,,Wattage,60,W,Color Temperature,,,Bulb Shape,A19,,Base Type,,,Light Output,,,Voltage Rating,,,Dimmable,,,Color Rendering Index,,,Rated Life,,,Quantity,2 pk,,,,,,,,,,,,,,,,,,,,,,,,,,,,,,,,,,,,,,,,,,,,,,,,,,,,,,,,,,,,,,,,,,,,,,,,,,,,,,,,,,,,,,,,,,,,,,,,,,,,,,,,,,,,,,,,,,,,,,,,,,,,,39101605,,,2,PK,,,,,,,,,,,,,,,,,,,,,,,,,,,,,,,,,,,,,,,
,,,,,,,Electrical,Lamps & Bulbs,LED Lamps,,576538,576538 65W Led BR30 Med 50k,-- Unbranded --,-- No Unilog Brand --,Philips,Phillips Lighting (5831),Phillips Lighting,Philips,,576538,,Electrical>Lighting>Lamps & Bulbs>LED Lamps,"Phillips Lighting Philips, LED Lamp, 576538, 65 W Wattage, BR30 Bulb Shape",LED LAMP 65W BR30 MEDIUM,"Philips 576538 LED Lamp, 65 W Wattage, BR30 Bulb Shape, medium Base Type","Philips LED Lamp, 65 W Wattage, BR30 Bulb Shape, medium Base Type","LED Lamp, 65 W Wattage, BR30 Bulb Shape, medium Base Type",,65 W,,,,,,,,,,,,,,,,,,,,,,,,,,Wattage,65,W,Color Temperature,,,Bulb Shape,BR30,,Base Type,medium,,Light Output,,,Voltage Rating,,,Dimmable,,,Color Rendering Index,,,Rated Life,,,Quantity,,,,,,,,,,,,,,,,,,,,,,,,,,,,,,,,,,,,,,,,,,,,,,,,,,,,,,,,,,,,,,,,,,,,,,,,,,,,,,,,,,,,,,,,,,,,,,,,,,,,,,,,,,,,,,,,,,,,,,,,,,,,,,39101605,,,,,,,,,,,,,,,,,,,,,,,,,,,,,,,,,,,,,,,,,,,
,,,,,,,Electrical,Lamps & Bulbs,LED Lamps,,573451,573451 40W Led Med 27k 2pk,-- Unbranded --,-- No Unilog Brand --,Philips,Phillips Lighting (5831),Phillips Lighting,Philips,,573451,,Electrical>Lighting>Lamps & Bulbs>LED Lamps,"Phillips Lighting Philips, LED Lamp, 573451, 40 W Wattage, Med Bulb Shape",LED LAMP 40W MED 2PK 40W 2PK 2 PK 2 PK,"Philips 573451 LED Lamp, 40 W Wattage, Med Bulb Shape, 2pk Base Type, 40 W Light Output, 2pk Dimmable","Philips LED Lamp, 40 W Wattage, Med Bulb Shape, 2pk Base Type, 40 W Light Output, 2pk Dimmable, 2 pk Color Rendering Index, 2 pk Rated Life, 2 pk Quantity","LED Lamp, 40 W Wattage, Med Bulb Shape, 2pk Base Type, 40 W Light Output, 2pk Dimmable, 2 pk Color Rendering Index",,40 W,40 W,,,,,,,,,,,,,,,,,,,,,,,,,Wattage,40,W,Color Temperature,,,Bulb Shape,Med,,Base Type,2pk,,Light Output,40,W,Voltage Rating,,,Dimmable,2pk,,Color Rendering Index,2 pk,,Rated Life,2 pk,,Quantity,2 pk,,,,,,,,,,,,,,,,,,,,,,,,,,,,,,,,,,,,,,,,,,,,,,,,,,,,,,,,,,,,,,,,,,,,,,,,,,,,,,,,,,,,,,,,,,,,,,,,,,,,,,,,,,,,,,,,,,,,,,,,,,,,,39101605,,,2,PK,,,,,,,,,,,,,,,,,,,,,,,,,,,,,,,,,,,,,,,
,,,,,,,Electrical,Lamps & Bulbs,LED Lamps,,586883,586883 100W Led Multi CCT 2pk,-- Unbranded --,-- No Unilog Brand --,Philips,Phillips Lighting (5831),Phillips Lighting,Philips,,586883,,Electrical>Lighting>Lamps & Bulbs>LED Lamps,"Phillips Lighting Philips, LED Lamp, 586883, 100 W Wattage, Multi CCT Bulb Shape",LED LAMP 100W 2 PK,"Philips 586883 LED Lamp, 100 W Wattage, Multi CCT Color Temperature, Multi CCT Bulb Shape, Multi CCT Base Type","Philips LED Lamp, 100 W Wattage, Multi CCT Color Temperature, Multi CCT Bulb Shape, Multi CCT Base Type, Multi CCT Light Output, Multi CCT Voltage Rating, Multi CCT Dimmable, Multi CCT Color Rendering Index, Multi CCT Rated Life, 2 pk Quantity","LED Lamp, 100 W Wattage, Multi CCT Color Temperature, Multi CCT Bulb Shape, Multi CCT Base Type, Multi CCT Light Output",,100 W,,,,,,,,,,,,,,,,,,,,,,,,,,Wattage,100,W,Color Temperature,Multi CCT,,Bulb Shape,Multi CCT,,Base Type,Multi CCT,,Light Output,Multi CCT,,Voltage Rating,Multi CCT,,Dimmable,Multi CCT,,Color Rendering Index,Multi CCT,,Rated Life,Multi CCT,,Quantity,2 pk,,,,,,,,,,,,,,,,,,,,,,,,,,,,,,,,,,,,,,,,,,,,,,,,,,,,,,,,,,,,,,,,,,,,,,,,,,,,,,,,,,,,,,,,,,,,,,,,,,,,,,,,,,,,,,,,,,,,,,,,,,,,,39101605,,,2,PK,,,,,,,,,,,,,,,,,,,,,,,,,,,,,,,,,,,,,,,
,,,,,,,Electrical,Lamps & Bulbs,LED Lamps,,586859,586859 40W Led Med 27K Back Up,-- Unbranded --,-- No Unilog Brand --,Philips,Phillips Lighting (5831),Phillips Lighting,Philips,,586859,,Electrical>Lighting>Lamps & Bulbs>LED Lamps,"Phillips Lighting Philips, LED Lamp, 586859, 40 W Wattage, Med Bulb Shape",LED LAMP 40W MED BACK UP,"Philips 586859 LED Lamp, 40 W Wattage, Med Bulb Shape, Back Up Base Type","Philips LED Lamp, 40 W Wattage, Med Bulb Shape, Back Up Base Type","LED Lamp, 40 W Wattage, Med Bulb Shape, Back Up Base Type",,40 W,,,,,,,,,,,,,,,,,,,,,,,,,,Wattage,40,W,Color Temperature,,,Bulb Shape,Med,,Base Type,Back Up,,Light Output,,,Voltage Rating,,,Dimmable,,,Color Rendering Index,,,Rated Life,,,Quantity,,,,,,,,,,,,,,,,,,,,,,,,,,,,,,,,,,,,,,,,,,,,,,,,,,,,,,,,,,,,,,,,,,,,,,,,,,,,,,,,,,,,,,,,,,,,,,,,,,,,,,,,,,,,,,,,,,,,,,,,,,,,,,39101605,,,,,,,,,,,,,,,,,,,,,,,,,,,,,,,,,,,,,,,,,,,
,,,,,,,Electrical,Lamps & Bulbs,LED Lamps,,576488,576488 45W Led R20 Med 50k,-- Unbranded --,-- No Unilog Brand --,Philips,Phillips Lighting (5831),Phillips Lighting,Philips,,576488,,Electrical>Lighting>Lamps & Bulbs>LED Lamps,"Phillips Lighting Philips, LED Lamp, 576488, 45 W Wattage, R20 Bulb Shape",LED LAMP 45W R20 MEDIUM 45W,"Philips 576488 LED Lamp, 45 W Wattage, R20 Bulb Shape, medium Base Type, 45 W Light Output","Philips LED Lamp, 45 W Wattage, R20 Bulb Shape, medium Base Type, 45 W Light Output","LED Lamp, 45 W Wattage, R20 Bulb Shape, medium Base Type, 45 W Light Output",,45 W,45 W,,,,,,,,,,,,,,,,,,,,,,,,,Wattage,45,W,Color Temperature,,,Bulb Shape,R20,,Base Type,medium,,Light Output,45,W,Voltage Rating,,,Dimmable,,,Color Rendering Index,,,Rated Life,,,Quantity,,,,,,,,,,,,,,,,,,,,,,,,,,,,,,,,,,,,,,,,,,,,,,,,,,,,,,,,,,,,,,,,,,,,,,,,,,,,,,,,,,,,,,,,,,,,,,,,,,,,,,,,,,,,,,,,,,,,,,,,,,,,,,39101605,,,,,,,,,,,,,,,,,,,,,,,,,,,,,,,,,,,,,,,,,,,
,,,,,,,Electrical,Lamps & Bulbs,LED Lamps,,575217,575217 60W Led Med 50k 2pk,-- Unbranded --,-- No Unilog Brand --,Philips,Phillips Lighting (5831),Phillips Lighting,Philips,,575217,,Electrical>Lighting>Lamps & Bulbs>LED Lamps,"Phillips Lighting Philips, LED Lamp, 575217, 60 W Wattage, 2 pk Quantity",LED LAMP 60W 2 PK,"Philips 575217 LED Lamp, 60 W Wattage, 2 pk Quantity","Philips LED Lamp, 60 W Wattage, 2 pk Quantity","LED Lamp, 60 W Wattage, 2 pk Quantity",,60 W,,,,,,,,,,,,,,,,,,,,,,,,,,Wattage,60,W,Color Temperature,,,Bulb Shape,,,Base Type,,,Light Output,,,Voltage Rating,,,Dimmable,,,Color Rendering Index,,,Rated Life,,,Quantity,2 pk,,,,,,,,,,,,,,,,,,,,,,,,,,,,,,,,,,,,,,,,,,,,,,,,,,,,,,,,,,,,,,,,,,,,,,,,,,,,,,,,,,,,,,,,,,,,,,,,,,,,,,,,,,,,,,,,,,,,,,,,,,,,,39101605,,,2,PK,,,,,,,,,,,,,,,,,,,,,,,,,,,,,,,,,,,,,,,
,,,,,,,Electrical,Lamps & Bulbs,LED Lamps,,586479,586479 90W Led Med Multi CCT,-- Unbranded --,-- No Unilog Brand --,Philips,Phillips Lighting (5831),Phillips Lighting,Philips,,586479,,Electrical>Lighting>Lamps & Bulbs>LED Lamps,"Phillips Lighting Philips, LED Lamp, 586479, 90 W Wattage, Med Bulb Shape",LED LAMP 90W MED MEDIUM 90W MED MED MED,"Philips 586479 LED Lamp, 90 W Wattage, Multi CCT Color Temperature, Med Bulb Shape, medium Base Type, 90 W Light Output","Philips LED Lamp, 90 W Wattage, Multi CCT Color Temperature, Med Bulb Shape, medium Base Type, 90 W Light Output, Med Dimmable, Med Color Rendering Index, Med Rated Life, Med Quantity","LED Lamp, 90 W Wattage, Multi CCT Color Temperature, Med Bulb Shape, medium Base Type, 90 W Light Output, Med Dimmable",,90 W,90 W,,,,,,,,,,,,,,,,,,,,,,,,,Wattage,90,W,Color Temperature,Multi CCT,,Bulb Shape,Med,,Base Type,medium,,Light Output,90,W,Voltage Rating,,,Dimmable,Med,,Color Rendering Index,Med,,Rated Life,Med,,Quantity,Med,,,,,,,,,,,,,,,,,,,,,,,,,,,,,,,,,,,,,,,,,,,,,,,,,,,,,,,,,,,,,,,,,,,,,,,,,,,,,,,,,,,,,,,,,,,,,,,,,,,,,,,,,,,,,,,,,,,,,,,,,,,,,39101605,,,,,,,,,,,,,,,,,,,,,,,,,,,,,,,,,,,,,,,,,,,
,,,,,,,Electrical,Lamps & Bulbs,LED Lamps,,571471,571471 100W Led BR30 Med 27k,-- Unbranded --,-- No Unilog Brand --,Philips,Phillips Lighting (5831),Phillips Lighting,Philips,,571471,,Electrical>Lighting>Lamps & Bulbs>LED Lamps,"Phillips Lighting Philips, LED Lamp, 571471, 100 W Wattage, BR30 Bulb Shape",LED LAMP 100W BR30 MEDIUM 1,"Philips 571471 LED Lamp, 100 W Wattage, BR30 Bulb Shape, medium Base Type, 1 Quantity","Philips LED Lamp, 100 W Wattage, BR30 Bulb Shape, medium Base Type, 1 Quantity","LED Lamp, 100 W Wattage, BR30 Bulb Shape, medium Base Type, 1 Quantity",,100 W,,,,,,,,,,,,,,,,,,,,,,,,,,Wattage,100,W,Color Temperature,,,Bulb Shape,BR30,,Base Type,medium,,Light Output,,,Voltage Rating,,,Dimmable,,,Color Rendering Index,,,Rated Life,,,Quantity,1,,,,,,,,,,,,,,,,,,,,,,,,,,,,,,,,,,,,,,,,,,,,,,,,,,,,,,,,,,,,,,,,,,,,,,,,,,,,,,,,,,,,,,,,,,,,,,,,,,,,,,,,,,,,,,,,,,,,,,,,,,,,,39101605,,,1,EA,,,,,,,,,,,,,,,,,,,,,,,,,,,,,,,,,,,,,,,
,,,,,,,Electrical,Lamps & Bulbs,LED Lamps,,570762,570762 50W Led Par16 30k 3pk,-- Unbranded --,-- No Unilog Brand --,Philips,Phillips Lighting (5831),Phillips Lighting,Philips,,570762,,Electrical>Lighting>Lamps & Bulbs>LED Lamps,"Phillips Lighting Philips, LED Lamp, 570762, 50 W Wattage, PAR16 Bulb Shape",LED LAMP 50W 30K PAR16 3 PK,"Philips 570762 LED Lamp, 50 W Wattage, 30 K Color Temperature, PAR16 Bulb Shape, 3 pk Quantity","Philips LED Lamp, 50 W Wattage, 30 K Color Temperature, PAR16 Bulb Shape, 3 pk Quantity","LED Lamp, 50 W Wattage, 30 K Color Temperature, PAR16 Bulb Shape, 3 pk Quantity",,50 W,30 K,,,,,,,,,,,,,,,,,,,,,,,,,Wattage,50,W,Color Temperature,30,K,Bulb Shape,PAR16,,Base Type,,,Light Output,,,Voltage Rating,,,Dimmable,,,Color Rendering Index,,,Rated Life,,,Quantity,3 pk,,,,,,,,,,,,,,,,,,,,,,,,,,,,,,,,,,,,,,,,,,,,,,,,,,,,,,,,,,,,,,,,,,,,,,,,,,,,,,,,,,,,,,,,,,,,,,,,,,,,,,,,,,,,,,,,,,,,,,,,,,,,,39101605,,,3,PK,,,,,,,,,,,,,,,,,,,,,,,,,,,,,,,,,,,,,,,
,,,,,,,Electrical,Lamps & Bulbs,LED Lamps,,533352,571505 150W Led Med 50k,-- Unbranded --,-- No Unilog Brand --,Philips,Phillips Lighting (5831),Phillips Lighting,Philips,,533352,,Electrical>Lighting>Lamps & Bulbs>LED Lamps,"Phillips Lighting Philips, LED Lamp, 533352, 150 W Wattage, Med Bulb Shape",LED LAMP 150W MED,"Philips 533352 LED Lamp, 150 W Wattage, Med Bulb Shape","Philips LED Lamp, 150 W Wattage, Med Bulb Shape","LED Lamp, 150 W Wattage, Med Bulb Shape",,150 W,,,,,,,,,,,,,,,,,,,,,,,,,,Wattage,150,W,Color Temperature,,,Bulb Shape,Med,,Base Type,,,Light Output,,,Voltage Rating,,,Dimmable,,,Color Rendering Index,,,Rated Life,,,Quantity,,,,,,,,,,,,,,,,,,,,,,,,,,,,,,,,,,,,,,,,,,,,,,,,,,,,,,,,,,,,,,,,,,,,,,,,,,,,,,,,,,,,,,,,,,,,,,,,,,,,,,,,,,,,,,,,,,,,,,,,,,,,,,39101605,,,,,,,,,,,,,,,,,,,,,,,,,,,,,,,,,,,,,,,,,,,
,,,,,,,Electrical,Lamps & Bulbs,LED Lamps,,573519,573519 100W Led A21 27k 2pk,-- Unbranded --,-- No Unilog Brand --,Philips,Phillips Lighting (5831),Phillips Lighting,Philips,,573519,,Electrical>Lighting>Lamps & Bulbs>LED Lamps,"Phillips Lighting Philips, LED Lamp, 573519, 100 W Wattage, A21 Bulb Shape",LED LAMP 100W A21 2 PK,"Philips 573519 LED Lamp, 100 W Wattage, A21 Bulb Shape, 2 pk Quantity","Philips LED Lamp, 100 W Wattage, A21 Bulb Shape, 2 pk Quantity","LED Lamp, 100 W Wattage, A21 Bulb Shape, 2 pk Quantity",,100 W,,,,,,,,,,,,,,,,,,,,,,,,,,Wattage,100,W,Color Temperature,,,Bulb Shape,A21,,Base Type,,,Light Output,,,Voltage Rating,,,Dimmable,,,Color Rendering Index,,,Rated Life,,,Quantity,2 pk,,,,,,,,,,,,,,,,,,,,,,,,,,,,,,,,,,,,,,,,,,,,,,,,,,,,,,,,,,,,,,,,,,,,,,,,,,,,,,,,,,,,,,,,,,,,,,,,,,,,,,,,,,,,,,,,,,,,,,,,,,,,,39101605,,,2,PK,,,,,,,,,,,,,,,,,,,,,,,,,,,,,,,,,,,,,,,
,,,,,,,Electrical,Lamps & Bulbs,LED Lamps,,573378,573378 60W Led Med 27k 3pk,-- Unbranded --,-- No Unilog Brand --,Philips,Phillips Lighting (5831),Phillips Lighting,Philips,,573378,,Electrical>Lighting>Lamps & Bulbs>LED Lamps,"Phillips Lighting Philips, LED Lamp, 573378, 60 W Wattage, Med Bulb Shape",LED LAMP 60W MED 3 PK,"Philips 573378 LED Lamp, 60 W Wattage, Med Bulb Shape, 3 pk Quantity","Philips LED Lamp, 60 W Wattage, Med Bulb Shape, 3 pk Quantity","LED Lamp, 60 W Wattage, Med Bulb Shape, 3 pk Quantity",,60 W,,,,,,,,,,,,,,,,,,,,,,,,,,Wattage,60,W,Color Temperature,,,Bulb Shape,Med,,Base Type,,,Light Output,,,Voltage Rating,,,Dimmable,,,Color Rendering Index,,,Rated Life,,,Quantity,3 pk,,,,,,,,,,,,,,,,,,,,,,,,,,,,,,,,,,,,,,,,,,,,,,,,,,,,,,,,,,,,,,,,,,,,,,,,,,,,,,,,,,,,,,,,,,,,,,,,,,,,,,,,,,,,,,,,,,,,,,,,,,,,,39101605,,,3,PK,,,,,,,,,,,,,,,,,,,,,,,,,,,,,,,,,,,,,,,
,,,,,,,Electrical,Lamps & Bulbs,LED Lamps,,565622,565622 60W Led Med 20k,-- Unbranded --,-- No Unilog Brand --,Philips,Phillips Lighting (5831),Phillips Lighting,Philips,,565622,,Electrical>Lighting>Lamps & Bulbs>LED Lamps,"Phillips Lighting Philips, LED Lamp, 565622, 60 W Wattage, Med Bulb Shape",LED LAMP 60W 20K MED,"Philips 565622 LED Lamp, 60 W Wattage, 20 K Color Temperature, Med Bulb Shape","Philips LED Lamp, 60 W Wattage, 20 K Color Temperature, Med Bulb Shape","LED Lamp, 60 W Wattage, 20 K Color Temperature, Med Bulb Shape",,60 W,20 K,,,,,,,,,,,,,,,,,,,,,,,,,Wattage,60,W,Color Temperature,20,K,Bulb Shape,Med,,Base Type,,,Light Output,,,Voltage Rating,,,Dimmable,,,Color Rendering Index,,,Rated Life,,,Quantity,,,,,,,,,,,,,,,,,,,,,,,,,,,,,,,,,,,,,,,,,,,,,,,,,,,,,,,,,,,,,,,,,,,,,,,,,,,,,,,,,,,,,,,,,,,,,,,,,,,,,,,,,,,,,,,,,,,,,,,,,,,,,,39101605,,,,,,,,,,,,,,,,,,,,,,,,,,,,,,,,,,,,,,,,,,,
,,,,,,,Electrical,Lamps & Bulbs,LED Lamps,,586891,586891 Led 60W Med A19 27k,-- Unbranded --,-- No Unilog Brand --,Philips,Phillips Lighting (5831),Phillips Lighting,Philips,,586891,,Electrical>Lighting>Lamps & Bulbs>LED Lamps,"Phillips Lighting Philips, LED Lamp, 586891, 60 W Wattage, A19 Bulb Shape",LED LAMP 60W A19 MEDIUM,"Philips 586891 LED Lamp, 60 W Wattage, A19 Bulb Shape, medium Base Type","Philips LED Lamp, 60 W Wattage, A19 Bulb Shape, medium Base Type","LED Lamp, 60 W Wattage, A19 Bulb Shape, medium Base Type",,60 W,,,,,,,,,,,,,,,,,,,,,,,,,,Wattage,60,W,Color Temperature,,,Bulb Shape,A19,,Base Type,medium,,Light Output,,,Voltage Rating,,,Dimmable,,,Color Rendering Index,,,Rated Life,,,Quantity,,,,,,,,,,,,,,,,,,,,,,,,,,,,,,,,,,,,,,,,,,,,,,,,,,,,,,,,,,,,,,,,,,,,,,,,,,,,,,,,,,,,,,,,,,,,,,,,,,,,,,,,,,,,,,,,,,,,,,,,,,,,,,39101605,,,,,,,,,,,,,,,,,,,,,,,,,,,,,,,,,,,,,,,,,,,
,,,,,,,Electrical,Lamps & Bulbs,LED Lamps,,585448,585448 120W Led Motion Bulb,-- Unbranded --,-- No Unilog Brand --,Philips,Phillips Lighting (5831),Phillips Lighting,Philips,,585448,,Electrical>Lighting>Lamps & Bulbs>LED Lamps,"Phillips Lighting Philips, LED Lamp, 585448, 120 W Wattage, Bulb Bulb Shape",LED LAMP 120W BULB MOTION,"Philips 585448 LED Lamp, 120 W Wattage, Bulb Bulb Shape, Motion Base Type","Philips LED Lamp, 120 W Wattage, Bulb Bulb Shape, Motion Base Type","LED Lamp, 120 W Wattage, Bulb Bulb Shape, Motion Base Type",,120 W,,,,,,,,,,,,,,,,,,,,,,,,,,Wattage,120,W,Color Temperature,,,Bulb Shape,Bulb,,Base Type,Motion,,Light Output,,,Voltage Rating,,,Dimmable,,,Color Rendering Index,,,Rated Life,,,Quantity,,,,,,,,,,,,,,,,,,,,,,,,,,,,,,,,,,,,,,,,,,,,,,,,,,,,,,,,,,,,,,,,,,,,,,,,,,,,,,,,,,,,,,,,,,,,,,,,,,,,,,,,,,,,,,,,,,,,,,,,,,,,,,39101605,,,,,,,,,,,,,,,,,,,,,,,,,,,,,,,,,,,,,,,,,,,
,,,,,,,Electrical,Lamps & Bulbs,LED Lamps,,573444,573444 60W Led A19 Med 50k 2pk,-- Unbranded --,-- No Unilog Brand --,Philips,Phillips Lighting (5831),Phillips Lighting,Philips,,573444,,Electrical>Lighting>Lamps & Bulbs>LED Lamps,"Phillips Lighting Philips, LED Lamp, 573444, 60 W Wattage, A19 Bulb Shape",LED LAMP 60W A19 2 PK,"Philips 573444 LED Lamp, 60 W Wattage, A19 Bulb Shape, 2 pk Quantity","Philips LED Lamp, 60 W Wattage, A19 Bulb Shape, 2 pk Quantity","LED Lamp, 60 W Wattage, A19 Bulb Shape, 2 pk Quantity",,60 W,,,,,,,,,,,,,,,,,,,,,,,,,,Wattage,60,W,Color Temperature,,,Bulb Shape,A19,,Base Type,,,Light Output,,,Voltage Rating,,,Dimmable,,,Color Rendering Index,,,Rated Life,,,Quantity,2 pk,,,,,,,,,,,,,,,,,,,,,,,,,,,,,,,,,,,,,,,,,,,,,,,,,,,,,,,,,,,,,,,,,,,,,,,,,,,,,,,,,,,,,,,,,,,,,,,,,,,,,,,,,,,,,,,,,,,,,,,,,,,,,39101605,,,2,PK,,,,,,,,,,,,,,,,,,,,,,,,,,,,,,,,,,,,,,,
,,,,,,,Electrical,Lamps & Bulbs,LED Lamps,,566687,566687 60W Cand Led 27k 3pk,-- Unbranded --,-- No Unilog Brand --,Philips,Phillips Lighting (5831),Phillips Lighting,Philips,,566687,,Electrical>Lighting>Lamps & Bulbs>LED Lamps,"Phillips Lighting Philips, LED Lamp, 566687, 60 W Wattage, Cand Bulb Shape",LED LAMP 60W CAND LED 3 PK,"Philips 566687 LED Lamp, 60 W Wattage, Cand Bulb Shape, Led Base Type, 3 pk Quantity","Philips LED Lamp, 60 W Wattage, Cand Bulb Shape, Led Base Type, 3 pk Quantity","LED Lamp, 60 W Wattage, Cand Bulb Shape, Led Base Type, 3 pk Quantity",,60 W,,,,,,,,,,,,,,,,,,,,,,,,,,Wattage,60,W,Color Temperature,,,Bulb Shape,Cand,,Base Type,Led,,Light Output,,,Voltage Rating,,,Dimmable,,,Color Rendering Index,,,Rated Life,,,Quantity,3 pk,,,,,,,,,,,,,,,,,,,,,,,,,,,,,,,,,,,,,,,,,,,,,,,,,,,,,,,,,,,,,,,,,,,,,,,,,,,,,,,,,,,,,,,,,,,,,,,,,,,,,,,,,,,,,,,,,,,,,,,,,,,,,39101605,,,3,PK,,,,,,,,,,,,,,,,,,,,,,,,,,,,,,,,,,,,,,,
,,,,,,,Electrical,Lamps & Bulbs,LED Lamps,,564385,564385 40w Led Med 27k 2pk,-- Unbranded --,-- No Unilog Brand --,Philips,Phillips Lighting (5831),Phillips Lighting,Philips,,564385,,Electrical>Lighting>Lamps & Bulbs>LED Lamps,"Phillips Lighting Philips, LED Lamp, 564385, 40 W Wattage, Med Bulb Shape",LED LAMP 40W MED 2PK 40W 2PK 2 PK 2 PK,"Philips 564385 LED Lamp, 40 W Wattage, Med Bulb Shape, 2pk Base Type, 40 W Light Output, 2pk Dimmable, 2 pk Rated Life","Philips LED Lamp, 40 W Wattage, Med Bulb Shape, 2pk Base Type, 40 W Light Output, 2pk Dimmable, 2 pk Rated Life, 2 pk Quantity","LED Lamp, 40 W Wattage, Med Bulb Shape, 2pk Base Type, 40 W Light Output, 2pk Dimmable, 2 pk Rated Life, 2 pk Quantity",,40 W,40 W,,,,,,,,,,,,,,,,,,,,,,,,,Wattage,40,W,Color Temperature,,,Bulb Shape,Med,,Base Type,2pk,,Light Output,40,W,Voltage Rating,,,Dimmable,2pk,,Color Rendering Index,,,Rated Life,2 pk,,Quantity,2 pk,,,,,,,,,,,,,,,,,,,,,,,,,,,,,,,,,,,,,,,,,,,,,,,,,,,,,,,,,,,,,,,,,,,,,,,,,,,,,,,,,,,,,,,,,,,,,,,,,,,,,,,,,,,,,,,,,,,,,,,,,,,,,39101605,,,2,PK,,,,,,,,,,,,,,,,,,,,,,,,,,,,,,,,,,,,,,,
,,,,,,,Electrical,Lamps & Bulbs,LED Lamps,,566661,566661 40W LED Cand 27k 3pk,-- Unbranded --,-- No Unilog Brand --,Philips,Phillips Lighting (5831),Phillips Lighting,Philips,,566661,,Electrical>Lighting>Lamps & Bulbs>LED Lamps,"Phillips Lighting Philips, LED Lamp, 566661, 40 W Wattage, Cand Bulb Shape",LED LAMP 40W CAND 3PK 3 PK,"Philips 566661 LED Lamp, 40 W Wattage, Cand Bulb Shape, 3pk Base Type, 3 pk Quantity","Philips LED Lamp, 40 W Wattage, Cand Bulb Shape, 3pk Base Type, 3 pk Quantity","LED Lamp, 40 W Wattage, Cand Bulb Shape, 3pk Base Type, 3 pk Quantity",,40 W,,,,,,,,,,,,,,,,,,,,,,,,,,Wattage,40,W,Color Temperature,,,Bulb Shape,Cand,,Base Type,3pk,,Light Output,,,Voltage Rating,,,Dimmable,,,Color Rendering Index,,,Rated Life,,,Quantity,3 pk,,,,,,,,,,,,,,,,,,,,,,,,,,,,,,,,,,,,,,,,,,,,,,,,,,,,,,,,,,,,,,,,,,,,,,,,,,,,,,,,,,,,,,,,,,,,,,,,,,,,,,,,,,,,,,,,,,,,,,,,,,,,,39101605,,,3,PK,,,,,,,,,,,,,,,,,,,,,,,,,,,,,,,,,,,,,,,
,,,,,,,Electrical,Lamps & Bulbs,LED Lamps,,564898,564898 60W Cand Led 50k 3pk,-- Unbranded --,-- No Unilog Brand --,Philips,Phillips Lighting (5831),Phillips Lighting,Philips,,564898,,Electrical>Lighting>Lamps & Bulbs>LED Lamps,"Phillips Lighting Philips, LED Lamp, 564898, 60 W Wattage, Cand Bulb Shape",LED LAMP 60W CAND LED 3 PK,"Philips 564898 LED Lamp, 60 W Wattage, Cand Bulb Shape, Led Base Type, 3 pk Quantity","Philips LED Lamp, 60 W Wattage, Cand Bulb Shape, Led Base Type, 3 pk Quantity","LED Lamp, 60 W Wattage, Cand Bulb Shape, Led Base Type, 3 pk Quantity",,60 W,,,,,,,,,,,,,,,,,,,,,,,,,,Wattage,60,W,Color Temperature,,,Bulb Shape,Cand,,Base Type,Led,,Light Output,,,Voltage Rating,,,Dimmable,,,Color Rendering Index,,,Rated Life,,,Quantity,3 pk,,,,,,,,,,,,,,,,,,,,,,,,,,,,,,,,,,,,,,,,,,,,,,,,,,,,,,,,,,,,,,,,,,,,,,,,,,,,,,,,,,,,,,,,,,,,,,,,,,,,,,,,,,,,,,,,,,,,,,,,,,,,,39101605,,,3,PK,,,,,,,,,,,,,,,,,,,,,,,,,,,,,,,,,,,,,,,
,,,,,,,Electrical,Lamps & Bulbs,LED Lamps,,538319,588525 40W Led Cand 3pk,-- Unbranded --,-- No Unilog Brand --,Philips,Phillips Lighting (5831),Phillips Lighting,Philips,,538319,,Electrical>Lighting>Lamps & Bulbs>LED Lamps,"Phillips Lighting Philips, LED Lamp, 538319, 40 W Wattage, 3 pk Quantity",LED LAMP 40W 3 PK,"Philips 538319 LED Lamp, 40 W Wattage, 3 pk Quantity","Philips LED Lamp, 40 W Wattage, 3 pk Quantity","LED Lamp, 40 W Wattage, 3 pk Quantity",,40 W,,,,,,,,,,,,,,,,,,,,,,,,,,Wattage,40,W,Color Temperature,,,Bulb Shape,,,Base Type,,,Light Output,,,Voltage Rating,,,Dimmable,,,Color Rendering Index,,,Rated Life,,,Quantity,3 pk,,,,,,,,,,,,,,,,,,,,,,,,,,,,,,,,,,,,,,,,,,,,,,,,,,,,,,,,,,,,,,,,,,,,,,,,,,,,,,,,,,,,,,,,,,,,,,,,,,,,,,,,,,,,,,,,,,,,,,,,,,,,,39101605,,,3,PK,,,,,,,,,,,,,,,,,,,,,,,,,,,,,,,,,,,,,,,
,,,,,,,Electrical,Lamps & Bulbs,LED Lamps,,576009,576009 100W Led Par30L Med 50k,-- Unbranded --,-- No Unilog Brand --,Philips,Phillips Lighting (5831),Phillips Lighting,Philips,,576009,,Electrical>Lighting>Lamps & Bulbs>LED Lamps,"Phillips Lighting Philips, LED Lamp, 576009, 100 W Wattage, Par30L Bulb Shape",LED LAMP 100W PAR30L MEDIUM 1,"Philips 576009 LED Lamp, 100 W Wattage, Par30L Bulb Shape, medium Base Type, 1 Quantity","Philips LED Lamp, 100 W Wattage, Par30L Bulb Shape, medium Base Type, 1 Quantity","LED Lamp, 100 W Wattage, Par30L Bulb Shape, medium Base Type, 1 Quantity",,100 W,,,,,,,,,,,,,,,,,,,,,,,,,,Wattage,100,W,Color Temperature,,,Bulb Shape,Par30L,,Base Type,medium,,Light Output,,,Voltage Rating,,,Dimmable,,,Color Rendering Index,,,Rated Life,,,Quantity,1,,,,,,,,,,,,,,,,,,,,,,,,,,,,,,,,,,,,,,,,,,,,,,,,,,,,,,,,,,,,,,,,,,,,,,,,,,,,,,,,,,,,,,,,,,,,,,,,,,,,,,,,,,,,,,,,,,,,,,,,,,,,,39101605,,,1,EA,,,,,,,,,,,,,,,,,,,,,,,,,,,,,,,,,,,,,,,
,,,,,,,Electrical,Lamps & Bulbs,LED Lamps,,564450,564450 40W Led Cand 27k 2pk,-- Unbranded --,-- No Unilog Brand --,Philips,Phillips Lighting (5831),Phillips Lighting,Philips,,564450,,Electrical>Lighting>Lamps & Bulbs>LED Lamps,"Phillips Lighting Philips, LED Lamp, 564450, 40 W Wattage, Cand Bulb Shape",LED LAMP 40W CAND 2PK 2 PK,"Philips 564450 LED Lamp, 40 W Wattage, Cand Bulb Shape, 2pk Base Type, 2 pk Quantity","Philips LED Lamp, 40 W Wattage, Cand Bulb Shape, 2pk Base Type, 2 pk Quantity","LED Lamp, 40 W Wattage, Cand Bulb Shape, 2pk Base Type, 2 pk Quantity",,40 W,,,,,,,,,,,,,,,,,,,,,,,,,,Wattage,40,W,Color Temperature,,,Bulb Shape,Cand,,Base Type,2pk,,Light Output,,,Voltage Rating,,,Dimmable,,,Color Rendering Index,,,Rated Life,,,Quantity,2 pk,,,,,,,,,,,,,,,,,,,,,,,,,,,,,,,,,,,,,,,,,,,,,,,,,,,,,,,,,,,,,,,,,,,,,,,,,,,,,,,,,,,,,,,,,,,,,,,,,,,,,,,,,,,,,,,,,,,,,,,,,,,,,39101605,,,2,PK,,,,,,,,,,,,,,,,,,,,,,,,,,,,,,,,,,,,,,,
,,,,,,,Electrical,Lamps & Bulbs,LED Lamps,,572669,572669 60W Led F15 Med 27k,-- Unbranded --,-- No Unilog Brand --,Philips,Phillips Lighting (5831),Phillips Lighting,Philips,,572669,,Electrical>Lighting>Lamps & Bulbs>LED Lamps,"Phillips Lighting Philips, LED Lamp, 572669, 60 W Wattage, F15 Bulb Shape",LED LAMP 60W F15 MEDIUM,"Philips 572669 LED Lamp, 60 W Wattage, F15 Bulb Shape, medium Base Type","Philips LED Lamp, 60 W Wattage, F15 Bulb Shape, medium Base Type","LED Lamp, 60 W Wattage, F15 Bulb Shape, medium Base Type",,60 W,,,,,,,,,,,,,,,,,,,,,,,,,,Wattage,60,W,Color Temperature,,,Bulb Shape,F15,,Base Type,medium,,Light Output,,,Voltage Rating,,,Dimmable,,,Color Rendering Index,,,Rated Life,,,Quantity,,,,,,,,,,,,,,,,,,,,,,,,,,,,,,,,,,,,,,,,,,,,,,,,,,,,,,,,,,,,,,,,,,,,,,,,,,,,,,,,,,,,,,,,,,,,,,,,,,,,,,,,,,,,,,,,,,,,,,,,,,,,,,39101605,,,,,,,,,,,,,,,,,,,,,,,,,,,,,,,,,,,,,,,,,,,
,,,,,,,Electrical,Lamps & Bulbs,LED Lamps,,564906,564906 60W Led Med 27k 2pk,-- Unbranded --,-- No Unilog Brand --,Philips,Phillips Lighting (5831),Phillips Lighting,Philips,,564906,,Electrical>Lighting>Lamps & Bulbs>LED Lamps,"Phillips Lighting Philips, LED Lamp, 564906, 60 W Wattage, Med Bulb Shape",LED LAMP 60W MED 2PK 60W 2PK 2 PK 2 PK,"Philips 564906 LED Lamp, 60 W Wattage, Med Bulb Shape, 2pk Base Type, 60 W Light Output, 2pk Dimmable","Philips LED Lamp, 60 W Wattage, Med Bulb Shape, 2pk Base Type, 60 W Light Output, 2pk Dimmable, 2 pk Color Rendering Index, 2 pk Rated Life, 2 pk Quantity","LED Lamp, 60 W Wattage, Med Bulb Shape, 2pk Base Type, 60 W Light Output, 2pk Dimmable, 2 pk Color Rendering Index",,60 W,60 W,,,,,,,,,,,,,,,,,,,,,,,,,Wattage,60,W,Color Temperature,,,Bulb Shape,Med,,Base Type,2pk,,Light Output,60,W,Voltage Rating,,,Dimmable,2pk,,Color Rendering Index,2 pk,,Rated Life,2 pk,,Quantity,2 pk,,,,,,,,,,,,,,,,,,,,,,,,,,,,,,,,,,,,,,,,,,,,,,,,,,,,,,,,,,,,,,,,,,,,,,,,,,,,,,,,,,,,,,,,,,,,,,,,,,,,,,,,,,,,,,,,,,,,,,,,,,,,,39101605,,,2,PK,,,,,,,,,,,,,,,,,,,,,,,,,,,,,,,,,,,,,,,
,,,,,,,Electrical,Lamps & Bulbs,LED Lamps,,573410,573410 40W Led A19 Med 27k 2pk,-- Unbranded --,-- No Unilog Brand --,Philips,Phillips Lighting (5831),Phillips Lighting,Philips,,573410,,Electrical>Lighting>Lamps & Bulbs>LED Lamps,"Phillips Lighting Philips, LED Lamp, 573410, 40 W Wattage, A19 Bulb Shape",LED LAMP 40W A19 2 PK,"Philips 573410 LED Lamp, 40 W Wattage, A19 Bulb Shape, 2 pk Quantity","Philips LED Lamp, 40 W Wattage, A19 Bulb Shape, 2 pk Quantity","LED Lamp, 40 W Wattage, A19 Bulb Shape, 2 pk Quantity",,40 W,,,,,,,,,,,,,,,,,,,,,,,,,,Wattage,40,W,Color Temperature,,,Bulb Shape,A19,,Base Type,,,Light Output,,,Voltage Rating,,,Dimmable,,,Color Rendering Index,,,Rated Life,,,Quantity,2 pk,,,,,,,,,,,,,,,,,,,,,,,,,,,,,,,,,,,,,,,,,,,,,,,,,,,,,,,,,,,,,,,,,,,,,,,,,,,,,,,,,,,,,,,,,,,,,,,,,,,,,,,,,,,,,,,,,,,,,,,,,,,,,39101605,,,2,PK,,,,,,,,,,,,,,,,,,,,,,,,,,,,,,,,,,,,,,,
,,,,,,,Electrical,Lamps & Bulbs,LED Lamps,,576504,576504 65W Led BR40 Med 50k,-- Unbranded --,-- No Unilog Brand --,Philips,Phillips Lighting (5831),Phillips Lighting,Philips,,576504,,Electrical>Lighting>Lamps & Bulbs>LED Lamps,"Phillips Lighting Philips, LED Lamp, 576504, 65 W Wattage, BR40 Bulb Shape",LED LAMP 65W BR40 MEDIUM,"Philips 576504 LED Lamp, 65 W Wattage, BR40 Bulb Shape, medium Base Type","Philips LED Lamp, 65 W Wattage, BR40 Bulb Shape, medium Base Type","LED Lamp, 65 W Wattage, BR40 Bulb Shape, medium Base Type",,65 W,,,,,,,,,,,,,,,,,,,,,,,,,,Wattage,65,W,Color Temperature,,,Bulb Shape,BR40,,Base Type,medium,,Light Output,,,Voltage Rating,,,Dimmable,,,Color Rendering Index,,,Rated Life,,,Quantity,,,,,,,,,,,,,,,,,,,,,,,,,,,,,,,,,,,,,,,,,,,,,,,,,,,,,,,,,,,,,,,,,,,,,,,,,,,,,,,,,,,,,,,,,,,,,,,,,,,,,,,,,,,,,,,,,,,,,,,,,,,,,,39101605,,,,,,,,,,,,,,,,,,,,,,,,,,,,,,,,,,,,,,,,,,,
,,,,,,,Electrical,Lamps & Bulbs,LED Lamps,,576017,576017 100W Led Par30L Med 30k,-- Unbranded --,-- No Unilog Brand --,Philips,Phillips Lighting (5831),Phillips Lighting,Philips,,576017,,Electrical>Lighting>Lamps & Bulbs>LED Lamps,"Phillips Lighting Philips, LED Lamp, 576017, 100 W Wattage, Par30L Bulb Shape",LED LAMP 100W 30K PAR30L,"Philips 576017 LED Lamp, 100 W Wattage, 30 K Color Temperature, Par30L Bulb Shape","Philips LED Lamp, 100 W Wattage, 30 K Color Temperature, Par30L Bulb Shape","LED Lamp, 100 W Wattage, 30 K Color Temperature, Par30L Bulb Shape",,100 W,30 K,,,,,,,,,,,,,,,,,,,,,,,,,Wattage,100,W,Color Temperature,30,K,Bulb Shape,Par30L,,Base Type,,,Light Output,,,Voltage Rating,,,Dimmable,,,Color Rendering Index,,,Rated Life,,,Quantity,,,,,,,,,,,,,,,,,,,,,,,,,,,,,,,,,,,,,,,,,,,,,,,,,,,,,,,,,,,,,,,,,,,,,,,,,,,,,,,,,,,,,,,,,,,,,,,,,,,,,,,,,,,,,,,,,,,,,,,,,,,,,,39101605,,,,,,,,,,,,,,,,,,,,,,,,,,,,,,,,,,,,,,,,,,,
,,,,,,,Electrical,Lamps & Bulbs,LED Lamps,,574392,574392 40W Led B11 Med 27k 3pk,-- Unbranded --,-- No Unilog Brand --,Philips,Phillips Lighting (5831),Phillips Lighting,Philips,,574392,,Electrical>Lighting>Lamps & Bulbs>LED Lamps,"Phillips Lighting Philips, LED Lamp, 574392, 40 W Wattage, B11 Bulb Shape",LED LAMP 40W B11 3 PK,"Philips 574392 LED Lamp, 40 W Wattage, B11 Bulb Shape, 3 pk Quantity","Philips LED Lamp, 40 W Wattage, B11 Bulb Shape, 3 pk Quantity","LED Lamp, 40 W Wattage, B11 Bulb Shape, 3 pk Quantity",,40 W,,,,,,,,,,,,,,,,,,,,,,,,,,Wattage,40,W,Color Temperature,,,Bulb Shape,B11,,Base Type,,,Light Output,,,Voltage Rating,,,Dimmable,,,Color Rendering Index,,,Rated Life,,,Quantity,3 pk,,,,,,,,,,,,,,,,,,,,,,,,,,,,,,,,,,,,,,,,,,,,,,,,,,,,,,,,,,,,,,,,,,,,,,,,,,,,,,,,,,,,,,,,,,,,,,,,,,,,,,,,,,,,,,,,,,,,,,,,,,,,,39101605,,,3,PK,,,,,,,,,,,,,,,,,,,,,,,,,,,,,,,,,,,,,,,
,,,,,,,Electrical,Lamps & Bulbs,LED Lamps,,576751,576751 65W Led BR30 Med 3pk,-- Unbranded --,-- No Unilog Brand --,Philips,Phillips Lighting (5831),Phillips Lighting,Philips,,576751,,Electrical>Lighting>Lamps & Bulbs>LED Lamps,"Phillips Lighting Philips, LED Lamp, 576751, 65 W Wattage, Med Color Temperature",LED LAMP 65W MED BR30 3 PK,"Philips 576751 LED Lamp, 65 W Wattage, Med Color Temperature, BR30 Bulb Shape, 3 pk Quantity","Philips LED Lamp, 65 W Wattage, Med Color Temperature, BR30 Bulb Shape, 3 pk Quantity","LED Lamp, 65 W Wattage, Med Color Temperature, BR30 Bulb Shape, 3 pk Quantity",,65 W,,,,,,,,,,,,,,,,,,,,,,,,,,Wattage,65,W,Color Temperature,Med,,Bulb Shape,BR30,,Base Type,,,Light Output,,,Voltage Rating,,,Dimmable,,,Color Rendering Index,,,Rated Life,,,Quantity,3 pk,,,,,,,,,,,,,,,,,,,,,,,,,,,,,,,,,,,,,,,,,,,,,,,,,,,,,,,,,,,,,,,,,,,,,,,,,,,,,,,,,,,,,,,,,,,,,,,,,,,,,,,,,,,,,,,,,,,,,,,,,,,,,39101605,,,3,PK,,,,,,,,,,,,,,,,,,,,,,,,,,,,,,,,,,,,,,,
,,,,,,,Electrical,Lamps & Bulbs,LED Lamps,,583161,583161 Led 65W Med BR30 3pk,-- Unbranded --,-- No Unilog Brand --,Philips,Phillips Lighting (5831),Phillips Lighting,Philips,,583161,,Electrical>Lighting>Lamps & Bulbs>LED Lamps,"Phillips Lighting Philips, LED Lamp, 583161, 65 W Wattage, BR30 Bulb Shape",LED LAMP 65W BR30 MEDIUM 65W 3PK 3 PK,"Philips 583161 LED Lamp, 65 W Wattage, BR30 Bulb Shape, medium Base Type, 65 W Light Output, 3pk Dimmable","Philips LED Lamp, 65 W Wattage, BR30 Bulb Shape, medium Base Type, 65 W Light Output, 3pk Dimmable, 3 pk Rated Life, 3 pk Quantity","LED Lamp, 65 W Wattage, BR30 Bulb Shape, medium Base Type, 65 W Light Output, 3pk Dimmable, 3 pk Rated Life",,65 W,65 W,,,,,,,,,,,,,,,,,,,,,,,,,Wattage,65,W,Color Temperature,,,Bulb Shape,BR30,,Base Type,medium,,Light Output,65,W,Voltage Rating,,,Dimmable,3pk,,Color Rendering Index,,,Rated Life,3 pk,,Quantity,3 pk,,,,,,,,,,,,,,,,,,,,,,,,,,,,,,,,,,,,,,,,,,,,,,,,,,,,,,,,,,,,,,,,,,,,,,,,,,,,,,,,,,,,,,,,,,,,,,,,,,,,,,,,,,,,,,,,,,,,,,,,,,,,,39101605,,,3,PK,,,,,,,,,,,,,,,,,,,,,,,,,,,,,,,,,,,,,,,
,,,,,,,Electrical,Lamps & Bulbs,LED Lamps,,566695,566695 60W Led Med 27k 3pk,-- Unbranded --,-- No Unilog Brand --,Philips,Phillips Lighting (5831),Phillips Lighting,Philips,,566695,,Electrical>Lighting>Lamps & Bulbs>LED Lamps,"Phillips Lighting Philips, LED Lamp, 566695, 60 W Wattage, Med Bulb Shape",LED LAMP 60W MED 3 PK,"Philips 566695 LED Lamp, 60 W Wattage, Med Bulb Shape, 3 pk Quantity","Philips LED Lamp, 60 W Wattage, Med Bulb Shape, 3 pk Quantity","LED Lamp, 60 W Wattage, Med Bulb Shape, 3 pk Quantity",,60 W,,,,,,,,,,,,,,,,,,,,,,,,,,Wattage,60,W,Color Temperature,,,Bulb Shape,Med,,Base Type,,,Light Output,,,Voltage Rating,,,Dimmable,,,Color Rendering Index,,,Rated Life,,,Quantity,3 pk,,,,,,,,,,,,,,,,,,,,,,,,,,,,,,,,,,,,,,,,,,,,,,,,,,,,,,,,,,,,,,,,,,,,,,,,,,,,,,,,,,,,,,,,,,,,,,,,,,,,,,,,,,,,,,,,,,,,,,,,,,,,,39101605,,,3,PK,,,,,,,,,,,,,,,,,,,,,,,,,,,,,,,,,,,,,,,
,,,,,,,Electrical,Lamps & Bulbs,LED Lamps,,577007,577007 125W Led Med 30k Flood,-- Unbranded --,-- No Unilog Brand --,Philips,Phillips Lighting (5831),Phillips Lighting,Philips,,577007,,Electrical>Lighting>Lamps & Bulbs>LED Lamps,"Phillips Lighting Philips, LED Lamp, 577007, 125 W Wattage, Flood Bulb Shape",LED LAMP 125W 30K FLOOD MEDIUM,"Philips 577007 LED Lamp, 125 W Wattage, 30 K Color Temperature, Flood Bulb Shape, medium Base Type","Philips LED Lamp, 125 W Wattage, 30 K Color Temperature, Flood Bulb Shape, medium Base Type","LED Lamp, 125 W Wattage, 30 K Color Temperature, Flood Bulb Shape, medium Base Type",,125 W,30 K,,,,,,,,,,,,,,,,,,,,,,,,,Wattage,125,W,Color Temperature,30,K,Bulb Shape,Flood,,Base Type,medium,,Light Output,,,Voltage Rating,,,Dimmable,,,Color Rendering Index,,,Rated Life,,,Quantity,,,,,,,,,,,,,,,,,,,,,,,,,,,,,,,,,,,,,,,,,,,,,,,,,,,,,,,,,,,,,,,,,,,,,,,,,,,,,,,,,,,,,,,,,,,,,,,,,,,,,,,,,,,,,,,,,,,,,,,,,,,,,,39101605,,,,,,,,,,,,,,,,,,,,,,,,,,,,,,,,,,,,,,,,,,,
,,,,,,,Electrical,Lamps & Bulbs,LED Lamps,,566653,566653 25W Led Cand 27k 3pk,-- Unbranded --,-- No Unilog Brand --,Philips,Phillips Lighting (5831),Phillips Lighting,Philips,,566653,,Electrical>Lighting>Lamps & Bulbs>LED Lamps,"Phillips Lighting Philips, LED Lamp, 566653, 25 W Wattage, Cand Bulb Shape",LED LAMP 25W CAND 3PK 3 PK,"Philips 566653 LED Lamp, 25 W Wattage, Cand Bulb Shape, 3pk Base Type, 3 pk Quantity","Philips LED Lamp, 25 W Wattage, Cand Bulb Shape, 3pk Base Type, 3 pk Quantity","LED Lamp, 25 W Wattage, Cand Bulb Shape, 3pk Base Type, 3 pk Quantity",,25 W,,,,,,,,,,,,,,,,,,,,,,,,,,Wattage,25,W,Color Temperature,,,Bulb Shape,Cand,,Base Type,3pk,,Light Output,,,Voltage Rating,,,Dimmable,,,Color Rendering Index,,,Rated Life,,,Quantity,3 pk,,,,,,,,,,,,,,,,,,,,,,,,,,,,,,,,,,,,,,,,,,,,,,,,,,,,,,,,,,,,,,,,,,,,,,,,,,,,,,,,,,,,,,,,,,,,,,,,,,,,,,,,,,,,,,,,,,,,,,,,,,,,,39101605,,,3,PK,,,,,,,,,,,,,,,,,,,,,,,,,,,,,,,,,,,,,,,
,,,,,,,Electrical,Lamps & Bulbs,LED Lamps,,566679,566679 40W Led Med 27k 3pk,-- Unbranded --,-- No Unilog Brand --,Philips,Phillips Lighting (5831),Phillips Lighting,Philips,,566679,,Electrical>Lighting>Lamps & Bulbs>LED Lamps,"Phillips Lighting Philips, LED Lamp, 566679, 40 W Wattage, Med Bulb Shape",LED LAMP 40W MED 3 PK,"Philips 566679 LED Lamp, 40 W Wattage, Med Bulb Shape, 3 pk Quantity","Philips LED Lamp, 40 W Wattage, Med Bulb Shape, 3 pk Quantity","LED Lamp, 40 W Wattage, Med Bulb Shape, 3 pk Quantity",,40 W,,,,,,,,,,,,,,,,,,,,,,,,,,Wattage,40,W,Color Temperature,,,Bulb Shape,Med,,Base Type,,,Light Output,,,Voltage Rating,,,Dimmable,,,Color Rendering Index,,,Rated Life,,,Quantity,3 pk,,,,,,,,,,,,,,,,,,,,,,,,,,,,,,,,,,,,,,,,,,,,,,,,,,,,,,,,,,,,,,,,,,,,,,,,,,,,,,,,,,,,,,,,,,,,,,,,,,,,,,,,,,,,,,,,,,,,,,,,,,,,,39101605,,,3,PK,,,,,,,,,,,,,,,,,,,,,,,,,,,,,,,,,,,,,,,
,,,,,,,Electrical,Lamps & Bulbs,LED Lamps,,573311,573311 60W Led Med 27k 2pk,-- Unbranded --,-- No Unilog Brand --,Philips,Phillips Lighting (5831),Phillips Lighting,Philips,,573311,,Electrical>Lighting>Lamps & Bulbs>LED Lamps,"Phillips Lighting Philips, LED Lamp, 573311, 60 W Wattage, Med Bulb Shape",LED LAMP 60W MED 2PK 60W 2PK 2 PK 2 PK,"Philips 573311 LED Lamp, 60 W Wattage, Med Bulb Shape, 2pk Base Type, 60 W Light Output, 2pk Dimmable","Philips LED Lamp, 60 W Wattage, Med Bulb Shape, 2pk Base Type, 60 W Light Output, 2pk Dimmable, 2 pk Color Rendering Index, 2 pk Rated Life, 2 pk Quantity","LED Lamp, 60 W Wattage, Med Bulb Shape, 2pk Base Type, 60 W Light Output, 2pk Dimmable, 2 pk Color Rendering Index",,60 W,60 W,,,,,,,,,,,,,,,,,,,,,,,,,Wattage,60,W,Color Temperature,,,Bulb Shape,Med,,Base Type,2pk,,Light Output,60,W,Voltage Rating,,,Dimmable,2pk,,Color Rendering Index,2 pk,,Rated Life,2 pk,,Quantity,2 pk,,,,,,,,,,,,,,,,,,,,,,,,,,,,,,,,,,,,,,,,,,,,,,,,,,,,,,,,,,,,,,,,,,,,,,,,,,,,,,,,,,,,,,,,,,,,,,,,,,,,,,,,,,,,,,,,,,,,,,,,,,,,,39101605,,,2,PK,,,,,,,,,,,,,,,,,,,,,,,,,,,,,,,,,,,,,,,
,,,,,,,Electrical,Lamps & Bulbs,LED Lamps,,573394,573394 60W Led Cand 27k 2pk,-- Unbranded --,-- No Unilog Brand --,Philips,Phillips Lighting (5831),Phillips Lighting,Philips,,573394,,Electrical>Lighting>Lamps & Bulbs>LED Lamps,"Phillips Lighting Philips, LED Lamp, 573394, 60 W Wattage, Cand Bulb Shape",LED LAMP 60W CAND 2PK 2 PK,"Philips 573394 LED Lamp, 60 W Wattage, Cand Bulb Shape, 2pk Base Type, 2 pk Quantity","Philips LED Lamp, 60 W Wattage, Cand Bulb Shape, 2pk Base Type, 2 pk Quantity","LED Lamp, 60 W Wattage, Cand Bulb Shape, 2pk Base Type, 2 pk Quantity",,60 W,,,,,,,,,,,,,,,,,,,,,,,,,,Wattage,60,W,Color Temperature,,,Bulb Shape,Cand,,Base Type,2pk,,Light Output,,,Voltage Rating,,,Dimmable,,,Color Rendering Index,,,Rated Life,,,Quantity,2 pk,,,,,,,,,,,,,,,,,,,,,,,,,,,,,,,,,,,,,,,,,,,,,,,,,,,,,,,,,,,,,,,,,,,,,,,,,,,,,,,,,,,,,,,,,,,,,,,,,,,,,,,,,,,,,,,,,,,,,,,,,,,,,39101605,,,2,PK,,,,,,,,,,,,,,,,,,,,,,,,,,,,,,,,,,,,,,,
,,,,,,,Electrical,Lamps & Bulbs,LED Lamps,,573329,573329 60W Cand Led 27k 2pk,-- Unbranded --,-- No Unilog Brand --,Philips,Phillips Lighting (5831),Phillips Lighting,Philips,,573329,,Electrical>Lighting>Lamps & Bulbs>LED Lamps,"Phillips Lighting Philips, LED Lamp, 573329, 60 W Wattage, Cand Bulb Shape",LED LAMP 60W CAND LED 2 PK,"Philips 573329 LED Lamp, 60 W Wattage, Cand Bulb Shape, Led Base Type, 2 pk Quantity","Philips LED Lamp, 60 W Wattage, Cand Bulb Shape, Led Base Type, 2 pk Quantity","LED Lamp, 60 W Wattage, Cand Bulb Shape, Led Base Type, 2 pk Quantity",,60 W,,,,,,,,,,,,,,,,,,,,,,,,,,Wattage,60,W,Color Temperature,,,Bulb Shape,Cand,,Base Type,Led,,Light Output,,,Voltage Rating,,,Dimmable,,,Color Rendering Index,,,Rated Life,,,Quantity,2 pk,,,,,,,,,,,,,,,,,,,,,,,,,,,,,,,,,,,,,,,,,,,,,,,,,,,,,,,,,,,,,,,,,,,,,,,,,,,,,,,,,,,,,,,,,,,,,,,,,,,,,,,,,,,,,,,,,,,,,,,,,,,,,39101605,,,2,PK,,,,,,,,,,,,,,,,,,,,,,,,,,,,,,,,,,,,,,,
,,,,,,,Electrical,Lamps & Bulbs,LED Lamps,,564930,564930 40W Cand Led 50k 3pk,-- Unbranded --,-- No Unilog Brand --,Philips,Phillips Lighting (5831),Phillips Lighting,Philips,,564930,,Electrical>Lighting>Lamps & Bulbs>LED Lamps,"Phillips Lighting Philips, LED Lamp, 564930, 40 W Wattage, Cand Bulb Shape",LED LAMP 40W CAND LED 3 PK,"Philips 564930 LED Lamp, 40 W Wattage, Cand Bulb Shape, Led Base Type, 3 pk Quantity","Philips LED Lamp, 40 W Wattage, Cand Bulb Shape, Led Base Type, 3 pk Quantity","LED Lamp, 40 W Wattage, Cand Bulb Shape, Led Base Type, 3 pk Quantity",,40 W,,,,,,,,,,,,,,,,,,,,,,,,,,Wattage,40,W,Color Temperature,,,Bulb Shape,Cand,,Base Type,Led,,Light Output,,,Voltage Rating,,,Dimmable,,,Color Rendering Index,,,Rated Life,,,Quantity,3 pk,,,,,,,,,,,,,,,,,,,,,,,,,,,,,,,,,,,,,,,,,,,,,,,,,,,,,,,,,,,,,,,,,,,,,,,,,,,,,,,,,,,,,,,,,,,,,,,,,,,,,,,,,,,,,,,,,,,,,,,,,,,,,39101605,,,3,PK,,,,,,,,,,,,,,,,,,,,,,,,,,,,,,,,,,,,,,,
,,,,,,,Electrical,Lamps & Bulbs,LED Lamps,,565000,565000 60W Led Med 27k 2pk,-- Unbranded --,-- No Unilog Brand --,Philips,Phillips Lighting (5831),Phillips Lighting,Philips,,565000,,Electrical>Lighting>Lamps & Bulbs>LED Lamps,"Phillips Lighting Philips, LED Lamp, 565000, 60 W Wattage, Med Bulb Shape",LED LAMP 60W MED 2PK 60W 2PK 2 PK 2 PK,"Philips 565000 LED Lamp, 60 W Wattage, Med Bulb Shape, 2pk Base Type, 60 W Light Output, 2pk Dimmable","Philips LED Lamp, 60 W Wattage, Med Bulb Shape, 2pk Base Type, 60 W Light Output, 2pk Dimmable, 2 pk Color Rendering Index, 2 pk Rated Life, 2 pk Quantity","LED Lamp, 60 W Wattage, Med Bulb Shape, 2pk Base Type, 60 W Light Output, 2pk Dimmable, 2 pk Color Rendering Index",,60 W,60 W,,,,,,,,,,,,,,,,,,,,,,,,,Wattage,60,W,Color Temperature,,,Bulb Shape,Med,,Base Type,2pk,,Light Output,60,W,Voltage Rating,,,Dimmable,2pk,,Color Rendering Index,2 pk,,Rated Life,2 pk,,Quantity,2 pk,,,,,,,,,,,,,,,,,,,,,,,,,,,,,,,,,,,,,,,,,,,,,,,,,,,,,,,,,,,,,,,,,,,,,,,,,,,,,,,,,,,,,,,,,,,,,,,,,,,,,,,,,,,,,,,,,,,,,,,,,,,,,39101605,,,2,PK,,,,,,,,,,,,,,,,,,,,,,,,,,,,,,,,,,,,,,,
,,,,,,,Electrical,Lamps & Bulbs,LED Lamps,,564922,564922 60W Led BA11 50k 3pk,-- Unbranded --,-- No Unilog Brand --,Philips,Phillips Lighting (5831),Phillips Lighting,Philips,,564922,,Electrical>Lighting>Lamps & Bulbs>LED Lamps,"Phillips Lighting Philips, LED Lamp, 564922, 60 W Wattage, BA11 Bulb Shape",LED LAMP 60W BA11 BA11 3 PK,"Philips 564922 LED Lamp, 60 W Wattage, BA11 Bulb Shape, BA11 Base Type, 3 pk Quantity","Philips LED Lamp, 60 W Wattage, BA11 Bulb Shape, BA11 Base Type, 3 pk Quantity","LED Lamp, 60 W Wattage, BA11 Bulb Shape, BA11 Base Type, 3 pk Quantity",,60 W,,,,,,,,,,,,,,,,,,,,,,,,,,Wattage,60,W,Color Temperature,,,Bulb Shape,BA11,,Base Type,BA11,,Light Output,,,Voltage Rating,,,Dimmable,,,Color Rendering Index,,,Rated Life,,,Quantity,3 pk,,,,,,,,,,,,,,,,,,,,,,,,,,,,,,,,,,,,,,,,,,,,,,,,,,,,,,,,,,,,,,,,,,,,,,,,,,,,,,,,,,,,,,,,,,,,,,,,,,,,,,,,,,,,,,,,,,,,,,,,,,,,,39101605,,,3,PK,,,,,,,,,,,,,,,,,,,,,,,,,,,,,,,,,,,,,,,
,,,,,,,Electrical,Lamps & Bulbs,LED Lamps,,573295,573295 40W Led Med 27k 2pk,-- Unbranded --,-- No Unilog Brand --,Philips,Phillips Lighting (5831),Phillips Lighting,Philips,,573295,,Electrical>Lighting>Lamps & Bulbs>LED Lamps,"Phillips Lighting Philips, LED Lamp, 573295, 40 W Wattage, Med Bulb Shape",LED LAMP 40W MED 2PK 40W 2PK 2 PK 2 PK,"Philips 573295 LED Lamp, 40 W Wattage, Med Bulb Shape, 2pk Base Type, 40 W Light Output, 2pk Dimmable","Philips LED Lamp, 40 W Wattage, Med Bulb Shape, 2pk Base Type, 40 W Light Output, 2pk Dimmable, 2 pk Color Rendering Index, 2 pk Rated Life, 2 pk Quantity","LED Lamp, 40 W Wattage, Med Bulb Shape, 2pk Base Type, 40 W Light Output, 2pk Dimmable, 2 pk Color Rendering Index",,40 W,40 W,,,,,,,,,,,,,,,,,,,,,,,,,Wattage,40,W,Color Temperature,,,Bulb Shape,Med,,Base Type,2pk,,Light Output,40,W,Voltage Rating,,,Dimmable,2pk,,Color Rendering Index,2 pk,,Rated Life,2 pk,,Quantity,2 pk,,,,,,,,,,,,,,,,,,,,,,,,,,,,,,,,,,,,,,,,,,,,,,,,,,,,,,,,,,,,,,,,,,,,,,,,,,,,,,,,,,,,,,,,,,,,,,,,,,,,,,,,,,,,,,,,,,,,,,,,,,,,,39101605,,,2,PK,,,,,,,,,,,,,,,,,,,,,,,,,,,,,,,,,,,,,,,
,,,,,,,Electrical,Lamps & Bulbs,LED Lamps,,564914,564914 60W Med Led 50k 2pk,-- Unbranded --,-- No Unilog Brand --,Philips,Phillips Lighting (5831),Phillips Lighting,Philips,,564914,,Electrical>Lighting>Lamps & Bulbs>LED Lamps,"Phillips Lighting Philips, LED Lamp, 564914, 60 W Wattage, 2 pk Quantity",LED LAMP 60W 2 PK,"Philips 564914 LED Lamp, 60 W Wattage, 2 pk Quantity","Philips LED Lamp, 60 W Wattage, 2 pk Quantity","LED Lamp, 60 W Wattage, 2 pk Quantity",,60 W,,,,,,,,,,,,,,,,,,,,,,,,,,Wattage,60,W,Color Temperature,,,Bulb Shape,,,Base Type,,,Light Output,,,Voltage Rating,,,Dimmable,,,Color Rendering Index,,,Rated Life,,,Quantity,2 pk,,,,,,,,,,,,,,,,,,,,,,,,,,,,,,,,,,,,,,,,,,,,,,,,,,,,,,,,,,,,,,,,,,,,,,,,,,,,,,,,,,,,,,,,,,,,,,,,,,,,,,,,,,,,,,,,,,,,,,,,,,,,,39101605,,,2,PK,,,,,,,,,,,,,,,,,,,,,,,,,,,,,,,,,,,,,,,
,,,,,,,Electrical,Lamps & Bulbs,LED Lamps,,573485,573485 60W Led A19 Med 50k 2pk,-- Unbranded --,-- No Unilog Brand --,Philips,Phillips Lighting (5831),Phillips Lighting,Philips,,573485,,Electrical>Lighting>Lamps & Bulbs>LED Lamps,"Phillips Lighting Philips, LED Lamp, 573485, 60 W Wattage, A19 Bulb Shape",LED LAMP 60W A19 2 PK,"Philips 573485 LED Lamp, 60 W Wattage, A19 Bulb Shape, 2 pk Quantity","Philips LED Lamp, 60 W Wattage, A19 Bulb Shape, 2 pk Quantity","LED Lamp, 60 W Wattage, A19 Bulb Shape, 2 pk Quantity",,60 W,,,,,,,,,,,,,,,,,,,,,,,,,,Wattage,60,W,Color Temperature,,,Bulb Shape,A19,,Base Type,,,Light Output,,,Voltage Rating,,,Dimmable,,,Color Rendering Index,,,Rated Life,,,Quantity,2 pk,,,,,,,,,,,,,,,,,,,,,,,,,,,,,,,,,,,,,,,,,,,,,,,,,,,,,,,,,,,,,,,,,,,,,,,,,,,,,,,,,,,,,,,,,,,,,,,,,,,,,,,,,,,,,,,,,,,,,,,,,,,,,39101605,,,2,PK,,,,,,,,,,,,,,,,,,,,,,,,,,,,,,,,,,,,,,,
,,,,,,,Electrical,Lamps & Bulbs,LED Lamps,,573337,573337 40W Led G25 Med 50k 2pk,-- Unbranded --,-- No Unilog Brand --,Philips,Phillips Lighting (5831),Phillips Lighting,Philips,,573337,,Electrical>Lighting>Lamps & Bulbs>LED Lamps,"Phillips Lighting Philips, LED Lamp, 573337, 40 W Wattage, G25 Bulb Shape",LED LAMP 40W G25 2 PK,"Philips 573337 LED Lamp, 40 W Wattage, G25 Bulb Shape, 2 pk Quantity","Philips LED Lamp, 40 W Wattage, G25 Bulb Shape, 2 pk Quantity","LED Lamp, 40 W Wattage, G25 Bulb Shape, 2 pk Quantity",,40 W,,,,,,,,,,,,,,,,,,,,,,,,,,Wattage,40,W,Color Temperature,,,Bulb Shape,G25,,Base Type,,,Light Output,,,Voltage Rating,,,Dimmable,,,Color Rendering Index,,,Rated Life,,,Quantity,2 pk,,,,,,,,,,,,,,,,,,,,,,,,,,,,,,,,,,,,,,,,,,,,,,,,,,,,,,,,,,,,,,,,,,,,,,,,,,,,,,,,,,,,,,,,,,,,,,,,,,,,,,,,,,,,,,,,,,,,,,,,,,,,,39101605,,,2,PK,,,,,,,,,,,,,,,,,,,,,,,,,,,,,,,,,,,,,,,
,,,,,,,Electrical,Lamps & Bulbs,LED Lamps,,544874,544874 32W Led T8 UBulb 40k,-- Unbranded --,-- No Unilog Brand --,Philips,Phillips Lighting (5831),Phillips Lighting,Philips,,544874,,Electrical>Lighting>Lamps & Bulbs>LED Lamps,"Phillips Lighting Philips, LED Lamp, 544874, 32 W Wattage, T8 Bulb Shape",LED LAMP 32W 40K T8 UBULB,"Philips 544874 LED Lamp, 32 W Wattage, 40 K Color Temperature, T8 Bulb Shape, UBulb Base Type","Philips LED Lamp, 32 W Wattage, 40 K Color Temperature, T8 Bulb Shape, UBulb Base Type","LED Lamp, 32 W Wattage, 40 K Color Temperature, T8 Bulb Shape, UBulb Base Type",,32 W,40 K,,,,,,,,,,,,,,,,,,,,,,,,,Wattage,32,W,Color Temperature,40,K,Bulb Shape,T8,,Base Type,UBulb,,Light Output,,,Voltage Rating,,,Dimmable,,,Color Rendering Index,,,Rated Life,,,Quantity,,,,,,,,,,,,,,,,,,,,,,,,,,,,,,,,,,,,,,,,,,,,,,,,,,,,,,,,,,,,,,,,,,,,,,,,,,,,,,,,,,,,,,,,,,,,,,,,,,,,,,,,,,,,,,,,,,,,,,,,,,,,,,39101605,,,,,,,,,,,,,,,,,,,,,,,,,,,,,,,,,,,,,,,,,,,
,,,,,,,Electrical,Lamps & Bulbs,LED Lamps,,570846,570846 50W Led Med 22K 2pk,-- Unbranded --,-- No Unilog Brand --,Philips,Phillips Lighting (5831),Phillips Lighting,Philips,,570846,,Electrical>Lighting>Lamps & Bulbs>LED Lamps,"Phillips Lighting Philips, LED Lamp, 570846, 50 W Wattage, 2 pk Quantity",LED LAMP 50W 22K 2 PK,"Philips 570846 LED Lamp, 50 W Wattage, 22 K Color Temperature, 2 pk Quantity","Philips LED Lamp, 50 W Wattage, 22 K Color Temperature, 2 pk Quantity","LED Lamp, 50 W Wattage, 22 K Color Temperature, 2 pk Quantity",,50 W,22 K,,,,,,,,,,,,,,,,,,,,,,,,,Wattage,50,W,Color Temperature,22,K,Bulb Shape,,,Base Type,,,Light Output,,,Voltage Rating,,,Dimmable,,,Color Rendering Index,,,Rated Life,,,Quantity,2 pk,,,,,,,,,,,,,,,,,,,,,,,,,,,,,,,,,,,,,,,,,,,,,,,,,,,,,,,,,,,,,,,,,,,,,,,,,,,,,,,,,,,,,,,,,,,,,,,,,,,,,,,,,,,,,,,,,,,,,,,,,,,,,39101605,,,2,PK,,,,,,,,,,,,,,,,,,,,,,,,,,,,,,,,,,,,,,,
,,,,,,,Electrical,Lamps & Bulbs,LED Lamps,,565473,565473 60W Led A19 Bulb 2pk,-- Unbranded --,-- No Unilog Brand --,Philips,Phillips Lighting (5831),Phillips Lighting,Philips,,565473,,Electrical>Lighting>Lamps & Bulbs>LED Lamps,"Phillips Lighting Philips, LED Lamp, 565473, 60 W Wattage, A19 Bulb Shape",LED LAMP 60W A19 2 PK,"Philips 565473 LED Lamp, 60 W Wattage, A19 Bulb Shape, 2 pk Quantity","Philips LED Lamp, 60 W Wattage, A19 Bulb Shape, 2 pk Quantity","LED Lamp, 60 W Wattage, A19 Bulb Shape, 2 pk Quantity",,60 W,,,,,,,,,,,,,,,,,,,,,,,,,,Wattage,60,W,Color Temperature,,,Bulb Shape,A19,,Base Type,,,Light Output,,,Voltage Rating,,,Dimmable,,,Color Rendering Index,,,Rated Life,,,Quantity,2 pk,,,,,,,,,,,,,,,,,,,,,,,,,,,,,,,,,,,,,,,,,,,,,,,,,,,,,,,,,,,,,,,,,,,,,,,,,,,,,,,,,,,,,,,,,,,,,,,,,,,,,,,,,,,,,,,,,,,,,,,,,,,,,39101605,,,2,PK,,,,,,,,,,,,,,,,,,,,,,,,,,,,,,,,,,,,,,,
,,,,,,,Electrical,Lamps & Bulbs,LED Lamps,,573402,573402 60W Led Med 50k 2pk,-- Unbranded --,-- No Unilog Brand --,Philips,Phillips Lighting (5831),Phillips Lighting,Philips,,573402,,Electrical>Lighting>Lamps & Bulbs>LED Lamps,"Phillips Lighting Philips, LED Lamp, 573402, 60 W Wattage, 2 pk Quantity",LED LAMP 60W 2 PK,"Philips 573402 LED Lamp, 60 W Wattage, 2 pk Quantity","Philips LED Lamp, 60 W Wattage, 2 pk Quantity","LED Lamp, 60 W Wattage, 2 pk Quantity",,60 W,,,,,,,,,,,,,,,,,,,,,,,,,,Wattage,60,W,Color Temperature,,,Bulb Shape,,,Base Type,,,Light Output,,,Voltage Rating,,,Dimmable,,,Color Rendering Index,,,Rated Life,,,Quantity,2 pk,,,,,,,,,,,,,,,,,,,,,,,,,,,,,,,,,,,,,,,,,,,,,,,,,,,,,,,,,,,,,,,,,,,,,,,,,,,,,,,,,,,,,,,,,,,,,,,,,,,,,,,,,,,,,,,,,,,,,,,,,,,,,39101605,,,2,PK,,,,,,,,,,,,,,,,,,,,,,,,,,,,,,,,,,,,,,,
,,,,,,,Electrical,Lamps & Bulbs,LED Lamps,,573352,573352 40W Led Med 27k 2pk,-- Unbranded --,-- No Unilog Brand --,Philips,Phillips Lighting (5831),Phillips Lighting,Philips,,573352,,Electrical>Lighting>Lamps & Bulbs>LED Lamps,"Phillips Lighting Philips, LED Lamp, 573352, 40 W Wattage, Med Bulb Shape",LED LAMP 40W MED 2PK 40W 2PK 2 PK 2 PK,"Philips 573352 LED Lamp, 40 W Wattage, Med Bulb Shape, 2pk Base Type, 40 W Light Output, 2pk Dimmable","Philips LED Lamp, 40 W Wattage, Med Bulb Shape, 2pk Base Type, 40 W Light Output, 2pk Dimmable, 2 pk Color Rendering Index, 2 pk Rated Life, 2 pk Quantity","LED Lamp, 40 W Wattage, Med Bulb Shape, 2pk Base Type, 40 W Light Output, 2pk Dimmable, 2 pk Color Rendering Index",,40 W,40 W,,,,,,,,,,,,,,,,,,,,,,,,,Wattage,40,W,Color Temperature,,,Bulb Shape,Med,,Base Type,2pk,,Light Output,40,W,Voltage Rating,,,Dimmable,2pk,,Color Rendering Index,2 pk,,Rated Life,2 pk,,Quantity,2 pk,,,,,,,,,,,,,,,,,,,,,,,,,,,,,,,,,,,,,,,,,,,,,,,,,,,,,,,,,,,,,,,,,,,,,,,,,,,,,,,,,,,,,,,,,,,,,,,,,,,,,,,,,,,,,,,,,,,,,,,,,,,,,39101605,,,2,PK,,,,,,,,,,,,,,,,,,,,,,,,,,,,,,,,,,,,,,,
,,,,,,,Electrical,Lamps & Bulbs,LED Lamps,,573428,573428 40W Med Led 50k 2pk,-- Unbranded --,-- No Unilog Brand --,Philips,Phillips Lighting (5831),Phillips Lighting,Philips,,573428,,Electrical>Lighting>Lamps & Bulbs>LED Lamps,"Phillips Lighting Philips, LED Lamp, 573428, 40 W Wattage, 2 pk Quantity",LED LAMP 40W 2 PK,"Philips 573428 LED Lamp, 40 W Wattage, 2 pk Quantity","Philips LED Lamp, 40 W Wattage, 2 pk Quantity","LED Lamp, 40 W Wattage, 2 pk Quantity",,40 W,,,,,,,,,,,,,,,,,,,,,,,,,,Wattage,40,W,Color Temperature,,,Bulb Shape,,,Base Type,,,Light Output,,,Voltage Rating,,,Dimmable,,,Color Rendering Index,,,Rated Life,,,Quantity,2 pk,,,,,,,,,,,,,,,,,,,,,,,,,,,,,,,,,,,,,,,,,,,,,,,,,,,,,,,,,,,,,,,,,,,,,,,,,,,,,,,,,,,,,,,,,,,,,,,,,,,,,,,,,,,,,,,,,,,,,,,,,,,,,39101605,,,2,PK,,,,,,,,,,,,,,,,,,,,,,,,,,,,,,,,,,,,,,,
,,,,,,,Electrical,Lamps & Bulbs,LED Lamps,,573386,573386 60W Led Med 27k 2pk,-- Unbranded --,-- No Unilog Brand --,Philips,Phillips Lighting (5831),Phillips Lighting,Philips,,573386,,Electrical>Lighting>Lamps & Bulbs>LED Lamps,"Phillips Lighting Philips, LED Lamp, 573386, 60 W Wattage, Med Bulb Shape",LED LAMP 60W MED 2PK 60W 2PK 2 PK 2 PK,"Philips 573386 LED Lamp, 60 W Wattage, Med Bulb Shape, 2pk Base Type, 60 W Light Output, 2pk Dimmable","Philips LED Lamp, 60 W Wattage, Med Bulb Shape, 2pk Base Type, 60 W Light Output, 2pk Dimmable, 2 pk Color Rendering Index, 2 pk Rated Life, 2 pk Quantity","LED Lamp, 60 W Wattage, Med Bulb Shape, 2pk Base Type, 60 W Light Output, 2pk Dimmable, 2 pk Color Rendering Index",,60 W,60 W,,,,,,,,,,,,,,,,,,,,,,,,,Wattage,60,W,Color Temperature,,,Bulb Shape,Med,,Base Type,2pk,,Light Output,60,W,Voltage Rating,,,Dimmable,2pk,,Color Rendering Index,2 pk,,Rated Life,2 pk,,Quantity,2 pk,,,,,,,,,,,,,,,,,,,,,,,,,,,,,,,,,,,,,,,,,,,,,,,,,,,,,,,,,,,,,,,,,,,,,,,,,,,,,,,,,,,,,,,,,,,,,,,,,,,,,,,,,,,,,,,,,,,,,,,,,,,,,39101605,,,2,PK,,,,,,,,,,,,,,,,,,,,,,,,,,,,,,,,,,,,,,,
,,,,,,,Electrical,Lamps & Bulbs,LED Lamps,,564948,564948 40W Led Med 50k 3pk,-- Unbranded --,-- No Unilog Brand --,Philips,Phillips Lighting (5831),Phillips Lighting,Philips,,564948,,Electrical>Lighting>Lamps & Bulbs>LED Lamps,"Phillips Lighting Philips, LED Lamp, 564948, 40 W Wattage, Med Bulb Shape",LED LAMP 40W MED 3 PK,"Philips 564948 LED Lamp, 40 W Wattage, Med Bulb Shape, 3 pk Quantity","Philips LED Lamp, 40 W Wattage, Med Bulb Shape, 3 pk Quantity","LED Lamp, 40 W Wattage, Med Bulb Shape, 3 pk Quantity",,40 W,,,,,,,,,,,,,,,,,,,,,,,,,,Wattage,40,W,Color Temperature,,,Bulb Shape,Med,,Base Type,,,Light Output,,,Voltage Rating,,,Dimmable,,,Color Rendering Index,,,Rated Life,,,Quantity,3 pk,,,,,,,,,,,,,,,,,,,,,,,,,,,,,,,,,,,,,,,,,,,,,,,,,,,,,,,,,,,,,,,,,,,,,,,,,,,,,,,,,,,,,,,,,,,,,,,,,,,,,,,,,,,,,,,,,,,,,,,,,,,,,39101605,,,3,PK,,,,,,,,,,,,,,,,,,,,,,,,,,,,,,,,,,,,,,,
,,,,,,,Electrical,Lamps & Bulbs,LED Lamps,,573303,573303 40W Led Cand 27k 2pk,-- Unbranded --,-- No Unilog Brand --,Philips,Phillips Lighting (5831),Phillips Lighting,Philips,,573303,,Electrical>Lighting>Lamps & Bulbs>LED Lamps,"Phillips Lighting Philips, LED Lamp, 573303, 40 W Wattage, Cand Bulb Shape",LED LAMP 40W CAND 2PK 2 PK,"Philips 573303 LED Lamp, 40 W Wattage, Cand Bulb Shape, 2pk Base Type, 2 pk Quantity","Philips LED Lamp, 40 W Wattage, Cand Bulb Shape, 2pk Base Type, 2 pk Quantity","LED Lamp, 40 W Wattage, Cand Bulb Shape, 2pk Base Type, 2 pk Quantity",,40 W,,,,,,,,,,,,,,,,,,,,,,,,,,Wattage,40,W,Color Temperature,,,Bulb Shape,Cand,,Base Type,2pk,,Light Output,,,Voltage Rating,,,Dimmable,,,Color Rendering Index,,,Rated Life,,,Quantity,2 pk,,,,,,,,,,,,,,,,,,,,,,,,,,,,,,,,,,,,,,,,,,,,,,,,,,,,,,,,,,,,,,,,,,,,,,,,,,,,,,,,,,,,,,,,,,,,,,,,,,,,,,,,,,,,,,,,,,,,,,,,,,,,,39101605,,,2,PK,,,,,,,,,,,,,,,,,,,,,,,,,,,,,,,,,,,,,,,
,,,,,,,Electrical,Lamps & Bulbs,LED Lamps,,573188,573188 250W Led Par38 Med 50k,-- Unbranded --,-- No Unilog Brand --,Philips,Phillips Lighting (5831),Phillips Lighting,Philips,,573188,,Electrical>Lighting>Lamps & Bulbs>LED Lamps,"Phillips Lighting Philips, LED Lamp, 573188, 250 W Wattage, PAR38 Bulb Shape",LED LAMP 250W PAR38 MEDIUM,"Philips 573188 LED Lamp, 250 W Wattage, PAR38 Bulb Shape, medium Base Type","Philips LED Lamp, 250 W Wattage, PAR38 Bulb Shape, medium Base Type","LED Lamp, 250 W Wattage, PAR38 Bulb Shape, medium Base Type",,250 W,,,,,,,,,,,,,,,,,,,,,,,,,,Wattage,250,W,Color Temperature,,,Bulb Shape,PAR38,,Base Type,medium,,Light Output,,,Voltage Rating,,,Dimmable,,,Color Rendering Index,,,Rated Life,,,Quantity,,,,,,,,,,,,,,,,,,,,,,,,,,,,,,,,,,,,,,,,,,,,,,,,,,,,,,,,,,,,,,,,,,,,,,,,,,,,,,,,,,,,,,,,,,,,,,,,,,,,,,,,,,,,,,,,,,,,,,,,,,,,,,39101605,,,,,,,,,,,,,,,,,,,,,,,,,,,,,,,,,,,,,,,,,,,
,,,,,,,Electrical,Lamps & Bulbs,LED Lamps,,573469,573469 40W Led A19 Med 50k 2pk,-- Unbranded --,-- No Unilog Brand --,Philips,Phillips Lighting (5831),Phillips Lighting,Philips,,573469,,Electrical>Lighting>Lamps & Bulbs>LED Lamps,"Phillips Lighting Philips, LED Lamp, 573469, 40 W Wattage, A19 Bulb Shape",LED LAMP 40W A19 2 PK,"Philips 573469 LED Lamp, 40 W Wattage, A19 Bulb Shape, 2 pk Quantity","Philips LED Lamp, 40 W Wattage, A19 Bulb Shape, 2 pk Quantity","LED Lamp, 40 W Wattage, A19 Bulb Shape, 2 pk Quantity",,40 W,,,,,,,,,,,,,,,,,,,,,,,,,,Wattage,40,W,Color Temperature,,,Bulb Shape,A19,,Base Type,,,Light Output,,,Voltage Rating,,,Dimmable,,,Color Rendering Index,,,Rated Life,,,Quantity,2 pk,,,,,,,,,,,,,,,,,,,,,,,,,,,,,,,,,,,,,,,,,,,,,,,,,,,,,,,,,,,,,,,,,,,,,,,,,,,,,,,,,,,,,,,,,,,,,,,,,,,,,,,,,,,,,,,,,,,,,,,,,,,,,39101605,,,2,PK,,,,,,,,,,,,,,,,,,,,,,,,,,,,,,,,,,,,,,,
,,,,,,,Electrical,Lamps & Bulbs,LED Lamps,,565671,565671 25W Led Med 20K,-- Unbranded --,-- No Unilog Brand --,Philips,Phillips Lighting (5831),Phillips Lighting,Philips,,565671,,Electrical>Lighting>Lamps & Bulbs>LED Lamps,"Phillips Lighting Philips, LED Lamp, 565671, 25 W Wattage, Med Bulb Shape",LED LAMP 25W 20K MED 20K 25W 20K 20K 20K,"Philips 565671 LED Lamp, 25 W Wattage, 20 K Color Temperature, Med Bulb Shape, 20 K Base Type, 25 W Light Output","Philips LED Lamp, 25 W Wattage, 20 K Color Temperature, Med Bulb Shape, 20 K Base Type, 25 W Light Output, 20 K Dimmable, 20 K Color Rendering Index, 20 K Rated Life, 20 K Quantity","LED Lamp, 25 W Wattage, 20 K Color Temperature, Med Bulb Shape, 20 K Base Type, 25 W Light Output, 20 K Dimmable",,25 W,20 K,20 K,25 W,20 K,20 K,20 K,20 K,,,,,,,,,,,,,,,,,,,Wattage,25,W,Color Temperature,20,K,Bulb Shape,Med,,Base Type,20,K,Light Output,25,W,Voltage Rating,,,Dimmable,20,K,Color Rendering Index,20,K,Rated Life,20,K,Quantity,20,K,,,,,,,,,,,,,,,,,,,,,,,,,,,,,,,,,,,,,,,,,,,,,,,,,,,,,,,,,,,,,,,,,,,,,,,,,,,,,,,,,,,,,,,,,,,,,,,,,,,,,,,,,,,,,,,,,,,,,,,,,,,,39101605,,,,,,,,,,,,,,,,,,,,,,,,,,,,,,,,,,,,,,,,,,,
,,,,,,,Electrical,Lamps & Bulbs,LED Lamps,,573204,573204 75W Led Par20 Med 50k,-- Unbranded --,-- No Unilog Brand --,Philips,Phillips Lighting (5831),Phillips Lighting,Philips,,573204,,Electrical>Lighting>Lamps & Bulbs>LED Lamps,"Phillips Lighting Philips, LED Lamp, 573204, 75 W Wattage, PAR20 Bulb Shape",LED LAMP 75W PAR20 MEDIUM 75W,"Philips 573204 LED Lamp, 75 W Wattage, PAR20 Bulb Shape, medium Base Type, 75 W Light Output","Philips LED Lamp, 75 W Wattage, PAR20 Bulb Shape, medium Base Type, 75 W Light Output","LED Lamp, 75 W Wattage, PAR20 Bulb Shape, medium Base Type, 75 W Light Output",,75 W,75 W,,,,,,,,,,,,,,,,,,,,,,,,,Wattage,75,W,Color Temperature,,,Bulb Shape,PAR20,,Base Type,medium,,Light Output,75,W,Voltage Rating,,,Dimmable,,,Color Rendering Index,,,Rated Life,,,Quantity,,,,,,,,,,,,,,,,,,,,,,,,,,,,,,,,,,,,,,,,,,,,,,,,,,,,,,,,,,,,,,,,,,,,,,,,,,,,,,,,,,,,,,,,,,,,,,,,,,,,,,,,,,,,,,,,,,,,,,,,,,,,,,39101605,,,,,,,,,,,,,,,,,,,,,,,,,,,,,,,,,,,,,,,,,,,
,,,,,,,Electrical,Lamps & Bulbs,LED Lamps,,581199,581199 60W Led Med 2pk,-- Unbranded --,-- No Unilog Brand --,Philips,Phillips Lighting (5831),Phillips Lighting,Philips,,581199,,Electrical>Lighting>Lamps & Bulbs>LED Lamps,"Phillips Lighting Philips, LED Lamp, 581199, 60 W Wattage, 2 pk Quantity",LED LAMP 60W 2 PK,"Philips 581199 LED Lamp, 60 W Wattage, 2 pk Quantity","Philips LED Lamp, 60 W Wattage, 2 pk Quantity","LED Lamp, 60 W Wattage, 2 pk Quantity",,60 W,,,,,,,,,,,,,,,,,,,,,,,,,,Wattage,60,W,Color Temperature,,,Bulb Shape,,,Base Type,,,Light Output,,,Voltage Rating,,,Dimmable,,,Color Rendering Index,,,Rated Life,,,Quantity,2 pk,,,,,,,,,,,,,,,,,,,,,,,,,,,,,,,,,,,,,,,,,,,,,,,,,,,,,,,,,,,,,,,,,,,,,,,,,,,,,,,,,,,,,,,,,,,,,,,,,,,,,,,,,,,,,,,,,,,,,,,,,,,,,39101605,,,2,PK,,,,,,,,,,,,,,,,,,,,,,,,,,,,,,,,,,,,,,,
,,,,,,,Electrical,Lamps & Bulbs,LED Lamps,,565887,565887 60W Led Med 20k,-- Unbranded --,-- No Unilog Brand --,Philips,Phillips Lighting (5831),Phillips Lighting,Philips,,565887,,Electrical>Lighting>Lamps & Bulbs>LED Lamps,"Phillips Lighting Philips, LED Lamp, 565887, 60 W Wattage, Med Bulb Shape",LED LAMP 60W 20K MED 60W LED,"Philips 565887 LED Lamp, 60 W Wattage, 20 K Color Temperature, Med Bulb Shape, 60W Led Base Type","Philips LED Lamp, 60 W Wattage, 20 K Color Temperature, Med Bulb Shape, 60W Led Base Type","LED Lamp, 60 W Wattage, 20 K Color Temperature, Med Bulb Shape, 60W Led Base Type",,60 W,20 K,,,,,,,,,,,,,,,,,,,,,,,,,Wattage,60,W,Color Temperature,20,K,Bulb Shape,Med,,Base Type,60W Led,,Light Output,,,Voltage Rating,,,Dimmable,,,Color Rendering Index,,,Rated Life,,,Quantity,,,,,,,,,,,,,,,,,,,,,,,,,,,,,,,,,,,,,,,,,,,,,,,,,,,,,,,,,,,,,,,,,,,,,,,,,,,,,,,,,,,,,,,,,,,,,,,,,,,,,,,,,,,,,,,,,,,,,,,,,,,,,,39101605,,,,,,,,,,,,,,,,,,,,,,,,,,,,,,,,,,,,,,,,,,,
,,,,,,,Electrical,Lamps & Bulbs,LED Lamps,,586867,586867 60W Led Med 27K,-- Unbranded --,-- No Unilog Brand --,Philips,Phillips Lighting (5831),Phillips Lighting,Philips,,586867,,Electrical>Lighting>Lamps & Bulbs>LED Lamps,"Phillips Lighting Philips, LED Lamp, 586867, 60 W Wattage, Med Bulb Shape",LED LAMP 60W MED,"Philips 586867 LED Lamp, 60 W Wattage, Med Bulb Shape","Philips LED Lamp, 60 W Wattage, Med Bulb Shape","LED Lamp, 60 W Wattage, Med Bulb Shape",,60 W,,,,,,,,,,,,,,,,,,,,,,,,,,Wattage,60,W,Color Temperature,,,Bulb Shape,Med,,Base Type,,,Light Output,,,Voltage Rating,,,Dimmable,,,Color Rendering Index,,,Rated Life,,,Quantity,,,,,,,,,,,,,,,,,,,,,,,,,,,,,,,,,,,,,,,,,,,,,,,,,,,,,,,,,,,,,,,,,,,,,,,,,,,,,,,,,,,,,,,,,,,,,,,,,,,,,,,,,,,,,,,,,,,,,,,,,,,,,,39101605,,,,,,,,,,,,,,,,,,,,,,,,,,,,,,,,,,,,,,,,,,,
,,,,,,,Electrical,Lamps & Bulbs,LED Lamps,,568451,5686451 50W Led Med 50k 2pk,-- Unbranded --,-- No Unilog Brand --,Philips,Phillips Lighting (5831),Phillips Lighting,Philips,,568451,,Electrical>Lighting>Lamps & Bulbs>LED Lamps,"Phillips Lighting Philips, LED Lamp, 568451, 50 W Wattage, 2 pk Quantity",LED LAMP 50W 2 PK,"Philips 568451 LED Lamp, 50 W Wattage, 2 pk Quantity","Philips LED Lamp, 50 W Wattage, 2 pk Quantity","LED Lamp, 50 W Wattage, 2 pk Quantity",,50 W,,,,,,,,,,,,,,,,,,,,,,,,,,Wattage,50,W,Color Temperature,,,Bulb Shape,,,Base Type,,,Light Output,,,Voltage Rating,,,Dimmable,,,Color Rendering Index,,,Rated Life,,,Quantity,2 pk,,,,,,,,,,,,,,,,,,,,,,,,,,,,,,,,,,,,,,,,,,,,,,,,,,,,,,,,,,,,,,,,,,,,,,,,,,,,,,,,,,,,,,,,,,,,,,,,,,,,,,,,,,,,,,,,,,,,,,,,,,,,,39101605,,,2,PK,,,,,,,,,,,,,,,,,,,,,,,,,,,,,,,,,,,,,,,
,,,,,,,Electrical,Lamps & Bulbs,LED Lamps,,568444,568444 90W Led Par38 50k 2pk,-- Unbranded --,-- No Unilog Brand --,Philips,Phillips Lighting (5831),Phillips Lighting,Philips,,568444,,Electrical>Lighting>Lamps & Bulbs>LED Lamps,"Phillips Lighting Philips, LED Lamp, 568444, 90 W Wattage, PAR38 Bulb Shape",LED LAMP 90W PAR38 2 PK,"Philips 568444 LED Lamp, 90 W Wattage, PAR38 Bulb Shape, 2 pk Quantity","Philips LED Lamp, 90 W Wattage, PAR38 Bulb Shape, 2 pk Quantity","LED Lamp, 90 W Wattage, PAR38 Bulb Shape, 2 pk Quantity",,90 W,,,,,,,,,,,,,,,,,,,,,,,,,,Wattage,90,W,Color Temperature,,,Bulb Shape,PAR38,,Base Type,,,Light Output,,,Voltage Rating,,,Dimmable,,,Color Rendering Index,,,Rated Life,,,Quantity,2 pk,,,,,,,,,,,,,,,,,,,,,,,,,,,,,,,,,,,,,,,,,,,,,,,,,,,,,,,,,,,,,,,,,,,,,,,,,,,,,,,,,,,,,,,,,,,,,,,,,,,,,,,,,,,,,,,,,,,,,,,,,,,,,39101605,,,2,PK,,,,,,,,,,,,,,,,,,,,,,,,,,,,,,,,,,,,,,,
,,,,,,,Electrical,Lamps & Bulbs,LED Lamps,,573196,573196 75W Led Med 30K,-- Unbranded --,-- No Unilog Brand --,Philips,Phillips Lighting (5831),Phillips Lighting,Philips,,573196,,Electrical>Lighting>Lamps & Bulbs>LED Lamps,"Phillips Lighting Philips, LED Lamp, 573196, 75 W Wattage, Med Bulb Shape",LED LAMP 75W 30K MED,"Philips 573196 LED Lamp, 75 W Wattage, 30 K Color Temperature, Med Bulb Shape","Philips LED Lamp, 75 W Wattage, 30 K Color Temperature, Med Bulb Shape","LED Lamp, 75 W Wattage, 30 K Color Temperature, Med Bulb Shape",,75 W,30 K,,,,,,,,,,,,,,,,,,,,,,,,,Wattage,75,W,Color Temperature,30,K,Bulb Shape,Med,,Base Type,,,Light Output,,,Voltage Rating,,,Dimmable,,,Color Rendering Index,,,Rated Life,,,Quantity,,,,,,,,,,,,,,,,,,,,,,,,,,,,,,,,,,,,,,,,,,,,,,,,,,,,,,,,,,,,,,,,,,,,,,,,,,,,,,,,,,,,,,,,,,,,,,,,,,,,,,,,,,,,,,,,,,,,,,,,,,,,,,39101605,,,,,,,,,,,,,,,,,,,,,,,,,,,,,,,,,,,,,,,,,,,
,,,,,,,Electrical,Lamps & Bulbs,LED Lamps,,564500,564500 75W Adj Base 50k 3pk,-- Unbranded --,-- No Unilog Brand --,Philips,Phillips Lighting (5831),Phillips Lighting,Philips,,564500,,Electrical>Lighting>Lamps & Bulbs>LED Lamps,"Phillips Lighting Philips, LED Lamp, 564500, 75 W Wattage, Adj Bulb Shape",LED LAMP 75W ADJ BASE 3 PK,"Philips 564500 LED Lamp, 75 W Wattage, Adj Bulb Shape, Base Base Type, 3 pk Quantity","Philips LED Lamp, 75 W Wattage, Adj Bulb Shape, Base Base Type, 3 pk Quantity","LED Lamp, 75 W Wattage, Adj Bulb Shape, Base Base Type, 3 pk Quantity",,75 W,,,,,,,,,,,,,,,,,,,,,,,,,,Wattage,75,W,Color Temperature,,,Bulb Shape,Adj,,Base Type,Base,,Light Output,,,Voltage Rating,,,Dimmable,,,Color Rendering Index,,,Rated Life,,,Quantity,3 pk,,,,,,,,,,,,,,,,,,,,,,,,,,,,,,,,,,,,,,,,,,,,,,,,,,,,,,,,,,,,,,,,,,,,,,,,,,,,,,,,,,,,,,,,,,,,,,,,,,,,,,,,,,,,,,,,,,,,,,,,,,,,,39101605,,,3,PK,,,,,,,,,,,,,,,,,,,,,,,,,,,,,,,,,,,,,,,
,,,,,,,Electrical,Lamps & Bulbs,LED Lamps,,571513,571513 40/60/100 Led Med 27k,-- Unbranded --,-- No Unilog Brand --,Philips,Phillips Lighting (5831),Phillips Lighting,Philips,,571513,,Electrical>Lighting>Lamps & Bulbs>LED Lamps,"Phillips Lighting Philips, LED Lamp, 571513, 4 /100 Wattage, Med Bulb Shape",LED LAMP 4 /100 MED LED 4 /100 LED LED,"Philips 571513 LED Lamp, 4 /100 Wattage, Med Bulb Shape, Led Base Type, 4 /100 Light Output, Led Dimmable","Philips LED Lamp, 4 /100 Wattage, Med Bulb Shape, Led Base Type, 4 /100 Light Output, Led Dimmable, Led Color Rendering Index, Led Rated Life, Led Quantity","LED Lamp, 4 /100 Wattage, Med Bulb Shape, Led Base Type, 4 /100 Light Output, Led Dimmable, Led Color Rendering Index",,,,,,,,,,,,,,,,,,,,,,,,,,,,Wattage,4 /100,,Color Temperature,,,Bulb Shape,Med,,Base Type,Led,,Light Output,4 /100,,Voltage Rating,,,Dimmable,Led,,Color Rendering Index,Led,,Rated Life,Led,,Quantity,Led,,,,,,,,,,,,,,,,,,,,,,,,,,,,,,,,,,,,,,,,,,,,,,,,,,,,,,,,,,,,,,,,,,,,,,,,,,,,,,,,,,,,,,,,,,,,,,,,,,,,,,,,,,,,,,,,,,,,,,,,,,,,,39101605,,,,,,,,,,,,,,,,,,,,,,,,,,,,,,,,,,,,,,,,,,,
,,,,,,,Electrical,Lamps & Bulbs,LED Lamps,,588566,588566 40W Led Med 55k 3pk,-- Unbranded --,-- No Unilog Brand --,Philips,Phillips Lighting (5831),Phillips Lighting,Philips,,588566,,Electrical>Lighting>Lamps & Bulbs>LED Lamps,"Phillips Lighting Philips, LED Lamp, 588566, 40 W Wattage, Med Bulb Shape",LED LAMP 40W MED 3 PK,"Philips 588566 LED Lamp, 40 W Wattage, Med Bulb Shape, 3 pk Quantity","Philips LED Lamp, 40 W Wattage, Med Bulb Shape, 3 pk Quantity","LED Lamp, 40 W Wattage, Med Bulb Shape, 3 pk Quantity",,40 W,,,,,,,,,,,,,,,,,,,,,,,,,,Wattage,40,W,Color Temperature,,,Bulb Shape,Med,,Base Type,,,Light Output,,,Voltage Rating,,,Dimmable,,,Color Rendering Index,,,Rated Life,,,Quantity,3 pk,,,,,,,,,,,,,,,,,,,,,,,,,,,,,,,,,,,,,,,,,,,,,,,,,,,,,,,,,,,,,,,,,,,,,,,,,,,,,,,,,,,,,,,,,,,,,,,,,,,,,,,,,,,,,,,,,,,,,,,,,,,,,39101605,,,3,PK,,,,,,,,,,,,,,,,,,,,,,,,,,,,,,,,,,,,,,,
,,,,,,,Electrical,Lamps & Bulbs,LED Lamps,,565655,565655 25W Led A15 Med 20k,-- Unbranded --,-- No Unilog Brand --,Philips,Phillips Lighting (5831),Phillips Lighting,Philips,,565655,,Electrical>Lighting>Lamps & Bulbs>LED Lamps,"Phillips Lighting Philips, LED Lamp, 565655, 25 W Wattage, A15 Bulb Shape",LED LAMP 25W 20K A15 MEDIUM,"Philips 565655 LED Lamp, 25 W Wattage, 20 K Color Temperature, A15 Bulb Shape, medium Base Type","Philips LED Lamp, 25 W Wattage, 20 K Color Temperature, A15 Bulb Shape, medium Base Type","LED Lamp, 25 W Wattage, 20 K Color Temperature, A15 Bulb Shape, medium Base Type",,25 W,20 K,,,,,,,,,,,,,,,,,,,,,,,,,Wattage,25,W,Color Temperature,20,K,Bulb Shape,A15,,Base Type,medium,,Light Output,,,Voltage Rating,,,Dimmable,,,Color Rendering Index,,,Rated Life,,,Quantity,,,,,,,,,,,,,,,,,,,,,,,,,,,,,,,,,,,,,,,,,,,,,,,,,,,,,,,,,,,,,,,,,,,,,,,,,,,,,,,,,,,,,,,,,,,,,,,,,,,,,,,,,,,,,,,,,,,,,,,,,,,,,,39101605,,,,,,,,,,,,,,,,,,,,,,,,,,,,,,,,,,,,,,,,,,,
,,,,,,,Electrical,Lamps & Bulbs,LED Lamps,,565812,565812 60W Med Led 50k,-- Unbranded --,-- No Unilog Brand --,Philips,Phillips Lighting (5831),Phillips Lighting,Philips,,565812,,Electrical>Lighting>Lamps & Bulbs>LED Lamps,"Phillips Lighting Philips, LED Lamp, 565812, 60 W Wattage, Med Bulb Shape",LED LAMP 60W MED 60W 60W 60W 60W 60W 60W,"Philips 565812 LED Lamp, 60 W Wattage, Med Bulb Shape, 60 W Base Type, 60 W Light Output, 60 W Dimmable","Philips LED Lamp, 60 W Wattage, Med Bulb Shape, 60 W Base Type, 60 W Light Output, 60 W Dimmable, 60 W Color Rendering Index, 60 W Rated Life, 60 W Quantity","LED Lamp, 60 W Wattage, Med Bulb Shape, 60 W Base Type, 60 W Light Output, 60 W Dimmable, 60 W Color Rendering Index",,60 W,60 W,60 W,60 W,60 W,60 W,60 W,,,,,,,,,,,,,,,,,,,,Wattage,60,W,Color Temperature,,,Bulb Shape,Med,,Base Type,60,W,Light Output,60,W,Voltage Rating,,,Dimmable,60,W,Color Rendering Index,60,W,Rated Life,60,W,Quantity,60,W,,,,,,,,,,,,,,,,,,,,,,,,,,,,,,,,,,,,,,,,,,,,,,,,,,,,,,,,,,,,,,,,,,,,,,,,,,,,,,,,,,,,,,,,,,,,,,,,,,,,,,,,,,,,,,,,,,,,,,,,,,,,39101605,,,,,,,,,,,,,,,,,,,,,,,,,,,,,,,,,,,,,,,,,,,
,,,,,,,Electrical,Lamps & Bulbs,LED Lamps,,586917,586917 40W Led Cand 27K 2pk,-- Unbranded --,-- No Unilog Brand --,Philips,Phillips Lighting (5831),Phillips Lighting,Philips,,586917,,Electrical>Lighting>Lamps & Bulbs>LED Lamps,"Phillips Lighting Philips, LED Lamp, 586917, 40 W Wattage, Cand Bulb Shape",LED LAMP 40W CAND 2PK 2 PK,"Philips 586917 LED Lamp, 40 W Wattage, Cand Bulb Shape, 2pk Base Type, 2 pk Quantity","Philips LED Lamp, 40 W Wattage, Cand Bulb Shape, 2pk Base Type, 2 pk Quantity","LED Lamp, 40 W Wattage, Cand Bulb Shape, 2pk Base Type, 2 pk Quantity",,40 W,,,,,,,,,,,,,,,,,,,,,,,,,,Wattage,40,W,Color Temperature,,,Bulb Shape,Cand,,Base Type,2pk,,Light Output,,,Voltage Rating,,,Dimmable,,,Color Rendering Index,,,Rated Life,,,Quantity,2 pk,,,,,,,,,,,,,,,,,,,,,,,,,,,,,,,,,,,,,,,,,,,,,,,,,,,,,,,,,,,,,,,,,,,,,,,,,,,,,,,,,,,,,,,,,,,,,,,,,,,,,,,,,,,,,,,,,,,,,,,,,,,,,39101605,,,2,PK,,,,,,,,,,,,,,,,,,,,,,,,,,,,,,,,,,,,,,,
,,,,,,,Electrical,Lighting Fixtures,Indoor & Outdoor Luminaires,,46719,49719 Wall Light Motion Wh,-- Unbranded --,-- No Unilog Brand --,-- No DIB Brand --,Maxsa Innovations (MAXIN),Maxsa Innovations,,,46719,,Electrical>Lighting>Fixtures>Luminaires,"Maxsa Innovations, Wall Light, 46719, 49719 W Wattage, white Color Temperature",WALL LIGHT 49719W WHT,"46719 Wall Light, 49719 W Wattage, white Color Temperature","Wall Light, 49719 W Wattage, white Color Temperature","Wall Light, 49719 W Wattage, white Color Temperature",,49719 W,,,,,,,,,,,,,,,,,,,,,,,,,Wall Light,Product Name,Wall Light,,Wattage,49719,W,Color Temperature,white,,Light Output,,,Length,,,Mounting Type,,,Finish,,,Location Rating,,,Voltage Rating,,,,,,,,,,,,,,,,,,,,,,,,,,,,,,,,,,,,,,,,,,,,,,,,,,,,,,,,,,,,,,,,,,,,,,,,,,,,,,,,,,,,,,,,,,,,,,,,,,,,,,,,,,,,,,,,,,,,,,,,,,,,,,,,,39111500,,,,,,,,,,,,,,,,,,,,,,,,,,,,,,,,,,,,,,,,,,,
,,,,,,,Electrical,Lighting Fixtures,Indoor & Outdoor Luminaires,,59061BSL,59061BSL Kichler Ext Wall Lt,-- Unbranded --,-- No Unilog Brand --,-- No DIB Brand --,Kichler Lighting (KICLI),Kichler Lighting,,,59061BSL,,Electrical>Lighting>Fixtures>Luminaires,"Kichler Lighting, Ext Wall Lt, 59061BSL, 59061 BSL Wattage, 59061 BSL Length",EXT WALL LT 59061BSL 59061BSL 59061BSL,"59061BSL Ext Wall Lt, 59061 BSL Wattage, 59061 BSL Color Temperature, 59061 BSL Light Output, 59061 BSL Length","Ext Wall Lt, 59061 BSL Wattage, 59061 BSL Color Temperature, 59061 BSL Light Output, 59061 BSL Length, 59061BSL Mounting Type, 59061BSL, 59061BSL Location Rating, 59061 BSL Voltage Rating","Ext Wall Lt, 59061 BSL Wattage, 59061 BSL Color Temperature, 59061 BSL Light Output, 59061 BSL Length",,,,,,,,,,,,,,,,,,,,,,,,,59061BSL,,Ext Wall Lt,Product Name,Ext Wall Lt,,Wattage,59061 BSL,,Color Temperature,59061 BSL,,Light Output,59061 BSL,,Length,59061 BSL,,Mounting Type,59061BSL,,Finish,59061BSL,,Location Rating,59061BSL,,Voltage Rating,59061 BSL,,,,,,,,,,,,,,,,,,,,,,,,,,,,,,,,,,,,,,,,,,,,,,,,,,,,,,,,,,,,,,,,,,,,,,,,,,,,,,,,,,,,,,,,,,,,,,,,,,,,,,,,,,,,,,,,,,,,,,,,,,,,,,,,39111500,,,,,,59061 BSL,,,,,,,,,,,,,,,,,,,,,,,,,,,,,,,,,,,,,
,,,,,,,Electrical,Lighting Fixtures,Indoor & Outdoor Luminaires,,59062BSL,59062BSL Kichler Ext Wall Lt,-- Unbranded --,-- No Unilog Brand --,-- No DIB Brand --,Kichler Lighting (KICLI),Kichler Lighting,,,59062BSL,,Electrical>Lighting>Fixtures>Luminaires,"Kichler Lighting, Ext Wall Lt, 59062BSL, 59062 BSL Wattage, 59062 BSL Length",EXT WALL LT 59062BSL 59062BSL 59062BSL,"59062BSL Ext Wall Lt, 59062 BSL Wattage, 59062 BSL Color Temperature, 59062 BSL Light Output, 59062 BSL Length","Ext Wall Lt, 59062 BSL Wattage, 59062 BSL Color Temperature, 59062 BSL Light Output, 59062 BSL Length, 59062BSL Mounting Type, 59062BSL, 59062BSL Location Rating, 59062 BSL Voltage Rating","Ext Wall Lt, 59062 BSL Wattage, 59062 BSL Color Temperature, 59062 BSL Light Output, 59062 BSL Length",,,,,,,,,,,,,,,,,,,,,,,,,59062BSL,,Ext Wall Lt,Product Name,Ext Wall Lt,,Wattage,59062 BSL,,Color Temperature,59062 BSL,,Light Output,59062 BSL,,Length,59062 BSL,,Mounting Type,59062BSL,,Finish,59062BSL,,Location Rating,59062BSL,,Voltage Rating,59062 BSL,,,,,,,,,,,,,,,,,,,,,,,,,,,,,,,,,,,,,,,,,,,,,,,,,,,,,,,,,,,,,,,,,,,,,,,,,,,,,,,,,,,,,,,,,,,,,,,,,,,,,,,,,,,,,,,,,,,,,,,,,,,,,,,,39111500,,,,,,59062 BSL,,,,,,,,,,,,,,,,,,,,,,,,,,,,,,,,,,,,,
,,,,,,,Electrical,Lighting Fixtures,Indoor & Outdoor Luminaires,,59124BKT,59124BKT Kichler Ext Wall Lt,-- Unbranded --,-- No Unilog Brand --,-- No DIB Brand --,Kichler Lighting (KICLI),Kichler Lighting,,,59124BKT,,Electrical>Lighting>Fixtures>Luminaires,"Kichler Lighting, Ext Wall Lt, 59124BKT, 59124 BKT Wattage, 59124 BKT Length",EXT WALL LT 59124BKT 59124BKT 59124BKT,"59124BKT Ext Wall Lt, 59124 BKT Wattage, 59124 BKT Color Temperature, 59124 BKT Light Output, 59124 BKT Length","Ext Wall Lt, 59124 BKT Wattage, 59124 BKT Color Temperature, 59124 BKT Light Output, 59124 BKT Length, 59124BKT Mounting Type, 59124BKT, 59124BKT Location Rating, 59124 BKT Voltage Rating","Ext Wall Lt, 59124 BKT Wattage, 59124 BKT Color Temperature, 59124 BKT Light Output, 59124 BKT Length",,,,,,,,,,,,,,,,,,,,,,,,,59124BKT,,Ext Wall Lt,Product Name,Ext Wall Lt,,Wattage,59124 BKT,,Color Temperature,59124 BKT,,Light Output,59124 BKT,,Length,59124 BKT,,Mounting Type,59124BKT,,Finish,59124BKT,,Location Rating,59124BKT,,Voltage Rating,59124 BKT,,,,,,,,,,,,,,,,,,,,,,,,,,,,,,,,,,,,,,,,,,,,,,,,,,,,,,,,,,,,,,,,,,,,,,,,,,,,,,,,,,,,,,,,,,,,,,,,,,,,,,,,,,,,,,,,,,,,,,,,,,,,,,,,39111500,,,,,,59124 BKT,,,,,,,,,,,,,,,,,,,,,,,,,,,,,,,,,,,,,
,,,,,,,,,,,59025BK,59025BK Kichler Post Lt,-- Unbranded --,-- No Unilog Brand --,-- No DIB Brand --,Kichler Lighting (KICLI),Kichler Lighting,Kichler,,59025BK,,,"Kichler, Post Lt, 59025BK, black",POST LT BLK,"Kichler 59025BK Post Lt, black","Kichler Post Lt, black","Post Lt, black",,,,,,,,,,,,,,,,,,,,,,,,,,,Post Lt,Product Name,Post Lt,,Brand,Kichler,,Material,,,Color,black,,Size,,,Quantity,,,,,,,,,,,,,,,,,,,,,,,,,,,,,,,,,,,,,,,,,,,,,,,,,,,,,,,,,,,,,,,,,,,,,,,,,,,,,,,,,,,,,,,,,,,,,,,,,,,,,,,,,,,,,,,,,,,,,,,,,,,,,,,,,,,,,,,,,,,,,,,,,,,,,,,,,,,,,,,,,,,,,,,,,,,,,,,,,,,,,
,,,,,,,,,,,DCL183,Dewalt DCL183 Light - Rechargeable,-- Unbranded --,-- No Unilog Brand --,DEWALT,Black & Decker/dewlt (2585),Black & Decker/dewlt,DEWALT,,DCL183,,,"Black & Decker/dewlt DEWALT, Dewalt DCL183 Light, DCL183",DEWALT DCL183 LIGHT,DEWALT DCL183 Dewalt DCL183 Light,DEWALT Dewalt DCL183 Light,Dewalt DCL183 Light,,,,,,,,,,,,,,,,,,,,,,,,,,,Dewalt DCL183 Light,Product Name,Dewalt DCL183 Light,,Brand,Dewalt,,Material,,,Color,,,Size,,,Quantity,,,,,,,,,,,,,,,,,,,,,,,,,,,,,,,,,,,,,,,,,,,,,,,,,,,,,,,,,,,,,,,,,,,,,,,,,,,,,,,,,,,,,,,,,,,,,,,,,,,,,,,,,,,,,,,,,,,,,,,,,,,,,,,,,,,,,,,,,,,,,,,,,,,,,,,,,,,,,,,,,,,,,,,,,,,,,,,,,,,,,
,,,,,,,,,,,73020,73020 Nano Clip Light Bk,-- Unbranded --,-- No Unilog Brand --,-- No DIB Brand --,Streamlight (7277),Streamlight,black,,73020,,,"Streamlight black, Nano Clip Light, 73020",NANO CLIP LIGHT,black 73020 Nano Clip Light,black Nano Clip Light,Nano Clip Light,,,,,,,,,,,,,,,,,,,,,,,,,,,Nano Clip Light,Product Name,Nano Clip Light,,Brand,black,,Material,,,Color,,,Size,,,Quantity,,,,,,,,,,,,,,,,,,,,,,,,,,,,,,,,,,,,,,,,,,,,,,,,,,,,,,,,,,,,,,,,,,,,,,,,,,,,,,,,,,,,,,,,,,,,,,,,,,,,,,,,,,,,,,,,,,,,,,,,,,,,,,,,,,,,,,,,,,,,,,,,,,,,,,,,,,,,,,,,,,,,,,,,,,,,,,,,,,,,,
,,,,,,,,,,,NEB-FLT-1021,NEBFLT1021 Slyde King FlashLt,-- Unbranded --,-- No Unilog Brand --,-- No DIB Brand --,ACG Brands (1154),ACG Brands,NEBFLT1021,,NEB-FLT-1021,,,"ACG Brands NEBFLT1021, Slyde King Flashlt, NEB-FLT-1021",SLYDE KING FLASHLT,NEBFLT1021 NEB-FLT-1021 Slyde King Flashlt,NEBFLT1021 Slyde King Flashlt,Slyde King Flashlt,,,,,,,,,,,,,,,,,,,,,,,,,,,Slyde King Flashlt,Product Name,Slyde King FlashLt,,Brand,NEBFLT1021,,Material,,,Color,,,Size,,,Quantity,,,,,,,,,,,,,,,,,,,,,,,,,,,,,,,,,,,,,,,,,,,,,,,,,,,,,,,,,,,,,,,,,,,,,,,,,,,,,,,,,,,,,,,,,,,,,,,,,,,,,,,,,,,,,,,,,,,,,,,,,,,,,,,,,,,,,,,,,,,,,,,,,,,,,,,,,,,,,,,,,,,,,,,,,,,,,,,,,,,,,
,,,,,,,,,,,NEB-FLT-0053,NEBFLT0053 2600L Flash Light,-- Unbranded --,-- No Unilog Brand --,-- No DIB Brand --,ACG Brands (1154),ACG Brands,NEBFLT0053,,NEB-FLT-0053,,,"ACG Brands NEBFLT0053, Flash Light, NEB-FLT-0053",FLASH LIGHT,NEBFLT0053 NEB-FLT-0053 Flash Light,NEBFLT0053 Flash Light,Flash Light,,,,,,,,,,,,,,,,,,,,,,,,,,,Flash Light,Product Name,Flash Light,,Brand,NEBFLT0053,,Material,,,Color,,,Size,,,Quantity,,,,,,,,,,,,,,,,,,,,,,,,,,,,,,,,,,,,,,,,,,,,,,,,,,,,,,,,,,,,,,,,,,,,,,,,,,,,,,,,,,,,,,,,,,,,,,,,,,,,,,,,,,,,,,,,,,,,,,,,,,,,,,,,,,,,,,,,,,,,,,,,,,,,,,,,,,,,,,,,,,,,,,,,,,,,,,,,,,,,,
,,,,,,,,,,,97708,97708 Police 800L Headlight,-- Unbranded --,-- No Unilog Brand --,Police Security,Police Security (9470),Police Security,Police Security,,97708,,,"Police Security, Headlight, 97708, 800 L",HEADLIGHT 800L,"Police Security 97708 Headlight, 800 L","Police Security Headlight, 800 L","Headlight, 800 L",,,,,,,,,,,,,,,,,,,,,,,,,,,Headlight,Product Name,Headlight,,Brand,Police,,Material,,,Color,,,Size,800,L,Quantity,,,,,,,,,,,,,,,,,,,,,,,,,,,,,,,,,,,,,,,,,,,,,,,,,,,,,,,,,,,,,,,,,,,,,,,,,,,,,,,,,,,,,,,,,,,,,,,,,,,,,,,,,,,,,,,,,,,,,,,,,,,,,,,,,,,,,,,,,,,,,,,,,,,,,,,,,,,,,,,,,,,,,,,,,,,,,,,,,,,,,
,,,,,,,,,,,WORK6000XLTPPLUG,6000L Twin Head Work Light,-- Unbranded --,-- No Unilog Brand --,Feit Electric,Feit Electric (3468),Feit Electric,Feit Electric,,WORK6000XLTPPLUG,,,"Feit Electric, Twin Head Work Light, WORK6000XLTPPLUG, 6000 L Quantity",TWIN HEAD WORK LIGHT 6000L,"Feit Electric WORK6000XLTPPLUG Twin Head Work Light, 6000 L Quantity","Feit Electric Twin Head Work Light, 6000 L Quantity","Twin Head Work Light, 6000 L Quantity",,6000 L,,,,,,,,,,,,,,,,,,,,,,,,,Twin Head Work Light,Product Name,Twin Head Work Light,,Brand,,,Material,,,Color,,,Size,,,Quantity,6000,L,,,,,,,,,,,,,,,,,,,,,,,,,,,,,,,,,,,,,,,,,,,,,,,,,,,,,,,,,,,,,,,,,,,,,,,,,,,,,,,,,,,,,,,,,,,,,,,,,,,,,,,,,,,,,,,,,,,,,,,,,,,,,,,,,,,,,,,,,,,,,,,,,,,,,,,,,,,,,,,,,,,,,,,,,,,,,,,,,,,
,,,,,,,,,,,HOM2040M200PRB,HOM2040M200PRB 200A Load Cntr,-- Unbranded --,-- No Unilog Brand --,-- No DIB Brand --,Square D Con Prod Dv (6825),Square D Con Prod Dv,HOM2040M200PRB,,HOM2040M200PRB,,,"Square D Con Prod Dv HOM2040M200PRB, Load Cntr, HOM2040M200PRB",LOAD CNTR,HOM2040M200PRB HOM2040M200PRB Load Cntr,HOM2040M200PRB Load Cntr,Load Cntr,,,,,,,,,,,,,,,,,,,,,,,,,,,Load Cntr,Product Name,Load Cntr,,Brand,HOM2040M200PRB,,Material,,,Color,,,Size,,,Quantity,,,,,,,,,,,,,,,,,,,,,,,,,,,,,,,,,,,,,,,,,,,,,,,,,,,,,,,,,,,,,,,,,,,,,,,,,,,,,,,,,,,,,,,,,,,,,,,,,,,,,,,,,,,,,,,,,,,,,,,,,,,,,,,,,,,,,,,,,,,,,,,,,,,,,,,,,,,,,,,,,,,,,,,,,,,,,,,,,,,,,
,,,,,,,,,,,HOM3060L225PGC,HOM3060L225PGC 225 Load Center,-- Unbranded --,-- No Unilog Brand --,Square D,Square D Con Prod Dv (6825),Square D Con Prod Dv,Square D,,HOM3060L225PGC,,,"Square D, Load Center, HOM3060L225PGC",LOAD CENTER,Square D HOM3060L225PGC Load Center,Square D Load Center,Load Center,,,,,,,,,,,,,,,,,,,,,,,,,,,Load Center,Product Name,Load Center,,Brand,HOM3060L225PGC,,Material,,,Color,,,Size,,,Quantity,,,,,,,,,,,,,,,,,,,,,,,,,,,,,,,,,,,,,,,,,,,,,,,,,,,,,,,,,,,,,,,,,,,,,,,,,,,,,,,,,,,,,,,,,,,,,,,,,,,,,,,,,,,,,,,,,,,,,,,,,,,,,,,,,,,,,,,,,,,,,,,,,,,,,,,,,,,,,,,,,,,,,,,,,,,,,,,,,,,,,
,,,,,,,,,,,QO612L100RBCP,QO612L100RBCP 100A Load Center,-- Unbranded --,-- No Unilog Brand --,Square D,Square D Con Prod Dv (6825),Square D Con Prod Dv,Square D,,QO612L100RBCP,,,"Square D, Load Center, QO612L100RBCP",LOAD CENTER,Square D QO612L100RBCP Load Center,Square D Load Center,Load Center,,,,,,,,,,,,,,,,,,,,,,,,,,,Load Center,Product Name,Load Center,,Brand,QO612L100RBCP,,Material,,,Color,,,Size,,,Quantity,,,,,,,,,,,,,,,,,,,,,,,,,,,,,,,,,,,,,,,,,,,,,,,,,,,,,,,,,,,,,,,,,,,,,,,,,,,,,,,,,,,,,,,,,,,,,,,,,,,,,,,,,,,,,,,,,,,,,,,,,,,,,,,,,,,,,,,,,,,,,,,,,,,,,,,,,,,,,,,,,,,,,,,,,,,,,,,,,,,,,
,,,,,,,,,,,13093005,4/0 Aluminum Entrance Cable (Linear Foot),-- Unbranded --,-- No Unilog Brand --,-- No DIB Brand --,Southwire/g Turner (6603),Southwire/g Turner,,,13093005,,,"Southwire/g Turner, 4/0 Aluminum Entrance Cable, 13093005, Aluminum",4/0 ALUMINUM ENTRANCE CABLE ALUM,"13093005 4/0 Aluminum Entrance Cable, Aluminum, Linear Foot","4/0 Aluminum Entrance Cable, Aluminum, Linear Foot","4/0 Aluminum Entrance Cable, Aluminum, Linear Foot",,,,,,,,,,,,,,,,,,,,,,,,,,,4/0 Aluminum Entrance Cable,Product Name,4/0 Aluminum Entrance Cable,,Brand,,,Material,Aluminum,,Color,,,Size,Linear Foot,,Quantity,,,,,,,,,,,,,,,,,,,,,,,,,,,,,,,,,,,,,,,,,,,,,,,,,,,,,,,,,,,,,,,,,,,,,,,,,,,,,,,,,,,,,,,,,,,,,,,,,,,,,,,,,,,,,,,,,,,,,,,,,,,,,,,,,,,,,,,,,,,,,,,,,,,,,,,,,,,,,,,,,,,,,,,,,,,,,,,,,,,,,
,,,,,,,,,,,12-4 SO,12-4 SO Cord (Linear Foot),-- Unbranded --,-- No Unilog Brand --,-- No DIB Brand --,-,,,,12-4 SO,,,"SO Cord, 12-4 SO, 12-4, Linear Foot Quantity",SO CORD 12-4,"12-4 SO SO Cord, 12-4, Linear Foot Quantity","SO Cord, 12-4, Linear Foot Quantity","SO Cord, 12-4, Linear Foot Quantity",,,,,,,,,,,,,,,,,,,,,,,,,,,SO Cord,Product Name,SO Cord,,Brand,,,Material,,,Color,,,Size,12-4,,Quantity,Linear Foot,,,,,,,,,,,,,,,,,,,,,,,,,,,,,,,,,,,,,,,,,,,,,,,,,,,,,,,,,,,,,,,,,,,,,,,,,,,,,,,,,,,,,,,,,,,,,,,,,,,,,,,,,,,,,,,,,,,,,,,,,,,,,,,,,,,,,,,,,,,,,,,,,,,,,,,,,,,,,,,,,,,,,,,,,,,,,,,,,,,,
,,,,,,,,,,,96263-46-06,96263-46-06 CAT5E Wire (Linear Foot),-- Unbranded --,-- No Unilog Brand --,-- No DIB Brand --,Woods Wire Southwire (7579),Woods Wire Southwire,,,96263-46-06,,,"Woods Wire Southwire, CAT5E Wire, 96263-46-06, 96263-46-06, Linear Foot Quantity",CAT5E WIRE,"96263-46-06 CAT5E Wire, 96263-46-06, Linear Foot Quantity","CAT5E Wire, 96263-46-06, Linear Foot Quantity","CAT5E Wire, 96263-46-06, Linear Foot Quantity",,,,,,,,,,,,,,,,,,,,,,,,,,,CAT5E Wire,Product Name,CAT5E Wire,,Brand,,,Material,,,Color,,,Size,96263-46-06,,Quantity,Linear Foot,,,,,,,,,,,,,,,,,,,,,,,,,,,,,,,,,,,,,,,,,,,,,,,,,,,,,,,,,,,,,,,,,,,,,,,,,,,,,,,,,,,,,,,,,,,,,,,,,,,,,,,,,,,,,,,,,,,,,,,,,,,,,,,,,,,,,,,,,,,,,,,,,,,,,,,,,,,,,,,,,,,,,,,,,,,,,,,,,,,,
,,,,,,,,,,,R50003-ID,16-2 Stranded Wire CL3 500' (Linear Foot),-- Unbranded --,-- No Unilog Brand --,-- No DIB Brand --,Southwire/g Turner (6603),Southwire/g Turner,,,R50003-ID,,,"Southwire/g Turner, 16-2 Stranded Wire CL3, R50003-ID, Wire, 500' (Linear Foot)",16-2 STRANDED WIRE CL3 WIRE,"R50003-ID 16-2 Stranded Wire CL3, Wire, 500' (Linear Foot)","16-2 Stranded Wire CL3, Wire, 500' (Linear Foot)","16-2 Stranded Wire CL3, Wire, 500' (Linear Foot)",,,,,,,,,,,,,,,,,,,,,,,,,,,16-2 Stranded Wire CL3,Product Name,16-2 Stranded Wire CL3,,Brand,,,Material,Wire,,Color,,,Size,500' (Linear Foot),,Quantity,,,,,,,,,,,,,,,,,,,,,,,,,,,,,,,,,,,,,,,,,,,,,,,,,,,,,,,,,,,,,,,,,,,,,,,,,,,,,,,,,,,,,,,,,,,,,,,,,,,,,,,,,,,,,,,,,,,,,,,,,,,,,,,,,,,,,,,,,,,,,,,,,,,,,,,,,,,,,,,,,,,,,,,,,,,,,,,,,,,,,
,,,,,,,,,,,10-4 SO,10-4 SO Cord (Linear Foot),-- Unbranded --,-- No Unilog Brand --,-- No DIB Brand --,Southwire/g Turner (6603),Southwire/g Turner,,,10-4 SO,,,"Southwire/g Turner, SO Cord, 10-4 SO, 10-4",SO CORD 10-4,"10-4 SO SO Cord, 10-4","SO Cord, 10-4","SO Cord, 10-4",,,,,,,,,,,,,,,,,,,,,,,,,,,SO Cord,Product Name,SO Cord,,Brand,,,Material,,,Color,,,Size,10-4,,Quantity,,,,,,,,,,,,,,,,,,,,,,,,,,,,,,,,,,,,,,,,,,,,,,,,,,,,,,,,,,,,,,,,,,,,,,,,,,,,,,,,,,,,,,,,,,,,,,,,,,,,,,,,,,,,,,,,,,,,,,,,,,,,,,,,,,,,,,,,,,,,,,,,,,,,,,,,,,,,,,,,,,,,,,,,,,,,,,,,,,,,,
,,,,,,,,,,,23346-0408,23346-0408 Wire 16/3 SJEWA 250 (Linear Foot),-- Unbranded --,-- No Unilog Brand --,-- No DIB Brand --,-,,,,23346-0408,,,"Wire, 23346-0408, SJEWA, 250 (Linear Foot)",WIRE SJEWA,"23346-0408 Wire, SJEWA, 250 (Linear Foot)","Wire, SJEWA, 250 (Linear Foot)","Wire, SJEWA, 250 (Linear Foot)",,,,,,,,,,,,,,,,,,,,,,,,,,,Wire,Product Name,Wire,,Brand,,,Material,SJEWA,,Color,,,Size,250 (Linear Foot),,Quantity,,,,,,,,,,,,,,,,,,,,,,,,,,,,,,,,,,,,,,,,,,,,,,,,,,,,,,,,,,,,,,,,,,,,,,,,,,,,,,,,,,,,,,,,,,,,,,,,,,,,,,,,,,,,,,,,,,,,,,,,,,,,,,,,,,,,,,,,,,,,,,,,,,,,,,,,,,,,,,,,,,,,,,,,,,,,,,,,,,,,,
,,,,,,,,,,,2/2/4 UD ALUM,2/2/4 UD Aluminum Triplex Wire (Linear Foot),-- Unbranded --,-- No Unilog Brand --,-- No DIB Brand --,Southwire/g Turner (6603),Southwire/g Turner,,,2/2/4 UD ALUM,,,"Southwire/g Turner, 2/2/4 UD Aluminum Triplex Wire, 2/2/4 UD ALUM",2/2/4 UD ALUMINUM TRIPLEX WIRE ALUM,"2/2/4 UD ALUM 2/2/4 UD Aluminum Triplex Wire, Aluminum, Linear Foot","2/2/4 UD Aluminum Triplex Wire, Aluminum, Linear Foot","2/2/4 UD Aluminum Triplex Wire, Aluminum, Linear Foot",,,,,,,,,,,,,,,,,,,,,,,,,,,2/2/4 UD Aluminum Triplex Wire,Product Name,2/2/4 UD Aluminum Triplex Wire,,Brand,,,Material,Aluminum,,Color,,,Size,Linear Foot,,Quantity,,,,,,,,,,,,,,,,,,,,,,,,,,,,,,,,,,,,,,,,,,,,,,,,,,,,,,,,,,,,,,,,,,,,,,,,,,,,,,,,,,,,,,,,,,,,,,,,,,,,,,,,,,,,,,,,,,,,,,,,,,,,,,,,,,,,,,,,,,,,,,,,,,,,,,,,,,,,,,,,,,,,,,,,,,,,,,,,,,,,,
,,,,,,,,,,,55418901,6/6/6 UD Triplex Aluminum Wire,-- Unbranded --,-- No Unilog Brand --,-- No DIB Brand --,Southwire/g Turner (6603),Southwire/g Turner,,,55418901,,,"Southwire/g Turner, Triplex Aluminum Wire, 55418901, Aluminum",TRIPLEX ALUMINUM WIRE ALUM 6/6/6,"55418901 Triplex Aluminum Wire, Aluminum, 6/6/6 Quantity","Triplex Aluminum Wire, Aluminum, 6/6/6 Quantity","Triplex Aluminum Wire, Aluminum, 6/6/6 Quantity",,,,,,,,,,,,,,,,,,,,,,,,,,,Triplex Aluminum Wire,Product Name,Triplex Aluminum Wire,,Brand,,,Material,Aluminum,,Color,,,Size,,,Quantity,6/6/6,,,,,,,,,,,,,,,,,,,,,,,,,,,,,,,,,,,,,,,,,,,,,,,,,,,,,,,,,,,,,,,,,,,,,,,,,,,,,,,,,,,,,,,,,,,,,,,,,,,,,,,,,,,,,,,,,,,,,,,,,,,,,,,,,,,,,,,,,,,,,,,,,,,,,,,,,,,,,,,,,,,,,,,,,,,,,,,,,,,,
,,,,,,,,,,,CG50K,"CG50K 1/2"" Cord Grip Kit",-- Unbranded --,-- No Unilog Brand --,-- No DIB Brand --,Fenton Bros Electric Inc (FENBR),Fenton Bros Electric Inc,,,CG50K,,,"Fenton Bros Electric Inc, Cord Grip Kit, CG50K, 1/2 in",CORD GRIP KIT 1/2IN,"CG50K Cord Grip Kit, 1/2 in","Cord Grip Kit, 1/2 in","Cord Grip Kit, 1/2 in",,,,,,,,,,,,,,,,,,,,,,,,,,,Cord Grip Kit,Product Name,Cord Grip Kit,,Brand,,,Material,,,Color,,,Size,1/2,in,Quantity,,,,,,,,,,,,,,,,,,,,,,,,,,,,,,,,,,,,,,,,,,,,,,,,,,,,,,,,,,,,,,,,,,,,,,,,,,,,,,,,,,,,,,,,,,,,,,,,,,,,,,,,,,,,,,,,,,,,,,,,,,,,,,,,,,,,,,,,,,,,,,,,,,,,,,,,,,,,,,,,,,,,,,,,,,,,,,,,,,,,,
,,,,,,,Electrical,Wiring Devices,"Outlets, Switches & Plates",,R02-D215P-1RW,R02D215P1RW 15A Mini Outlet Wh,-- Unbranded --,-- No Unilog Brand --,Leviton,Leviton Mfg Co (4927),Leviton Mfg Co,Leviton,,R02-D215P-1RW,,Electrical>Wiring Devices>Receptacles & Switches,"Leviton, Mini Outlet Wh, R02-D215P-1RW",MINI OUTLET WH,Leviton R02-D215P-1RW Mini Outlet Wh,Leviton Mini Outlet Wh,Mini Outlet Wh,,,,,,,,,,,,,,,,,,,,,,,,,,,Mini Outlet Wh,Product Name,Mini Outlet Wh,,Brand,,,Material,,,Color,,,Size,,,Quantity,,,,,,,,,,,,,,,,,,,,,,,,,,,,,,,,,,,,,,,,,,,,,,,,,,,,,,,,,,,,,,,,,,,,,,,,,,,,,,,,,,,,,,,,,,,,,,,,,,,,,,,,,,,,,,,,,,,,,,,,,,,,,,,,,,,,,,,,,,39121400,,,,,,,,,,,,,,,,,,,,,,,,,,,,,,,,,,,,,,,,,,,
,,,,,,,Electrical,Wiring Devices,"Outlets, Switches & Plates",,PBUC013,PBUC013 15A Wall Tap w/USB,-- Unbranded --,-- No Unilog Brand --,Prime,Prime Wire & Cable (3562),Prime Wire & Cable,Prime,,PBUC013,,Electrical>Wiring Devices>Receptacles & Switches,"Prime, Wall Tap, PBUC013",WALL TAP,Prime PBUC013 Wall Tap,Prime Wall Tap,Wall Tap,,,,,,,,,,,,,,,,,,,,,,,,,,,Wall Tap,Product Name,Wall Tap,,Brand,,,Material,,,Color,,,Size,,,Quantity,,,,,,,,,,,,,,,,,,,,,,,,,,,,,,,,,,,,,,,,,,,,,,,,,,,,,,,,,,,,,,,,,,,,,,,,,,,,,,,,,,,,,,,,,,,,,,,,,,,,,,,,,,,,,,,,,,,,,,,,,,,,,,,,,,,,,,,,,,39121400,,,,,,,,,,,,,,,,,,,,,,,,,,,,,,,,,,,,,,,,,,,
,,,,,,,Electrical,Wiring Devices,"Outlets, Switches & Plates",,R00-GFNT1-00K,R00GFNT100K 15A Outlet Br,-- Unbranded --,-- No Unilog Brand --,Leviton,Leviton Mfg Co (4927),Leviton Mfg Co,Leviton,,R00-GFNT1-00K,,Electrical>Wiring Devices>Receptacles & Switches,"Leviton, Outlet Br, R00-GFNT1-00K",OUTLET BR,Leviton R00-GFNT1-00K Outlet Br,Leviton Outlet Br,Outlet Br,,,,,,,,,,,,,,,,,,,,,,,,,,,Outlet Br,Product Name,Outlet Br,,Brand,,,Material,,,Color,,,Size,,,Quantity,,,,,,,,,,,,,,,,,,,,,,,,,,,,,,,,,,,,,,,,,,,,,,,,,,,,,,,,,,,,,,,,,,,,,,,,,,,,,,,,,,,,,,,,,,,,,,,,,,,,,,,,,,,,,,,,,,,,,,,,,,,,,,,,,,,,,,,,,,39121400,,,,,,,,,,,,,,,,,,,,,,,,,,,,,,,,,,,,,,,,,,,
,,,,,,,Electrical,Wiring Devices,"Outlets, Switches & Plates",,R92-GFWT1-0KW,R92GFWT10KW 15A GFCI Outlet Wh,-- Unbranded --,-- No Unilog Brand --,Leviton,Leviton Mfg Co (4927),Leviton Mfg Co,Leviton,,R92-GFWT1-0KW,,Electrical>Wiring Devices>Receptacles & Switches,"Leviton, GFCI Outlet Wh, R92-GFWT1-0KW",GFCI OUTLET WH,Leviton R92-GFWT1-0KW GFCI Outlet Wh,Leviton GFCI Outlet Wh,GFCI Outlet Wh,,,,,,,,,,,,,,,,,,,,,,,,,,,GFCI Outlet Wh,Product Name,GFCI Outlet Wh,,Brand,,,Material,,,Color,,,Size,,,Quantity,,,,,,,,,,,,,,,,,,,,,,,,,,,,,,,,,,,,,,,,,,,,,,,,,,,,,,,,,,,,,,,,,,,,,,,,,,,,,,,,,,,,,,,,,,,,,,,,,,,,,,,,,,,,,,,,,,,,,,,,,,,,,,,,,,,,,,,,,,39121400,,,,,,,,,,,,,,,,,,,,,,,,,,,,,,,,,,,,,,,,,,,
,,,,,,,,,,,R12-AGTR1-0KW,R12AGTR10KW 15A GFCI Outler Wh,-- Unbranded --,-- No Unilog Brand --,Leviton,Leviton Mfg Co (4927),Leviton Mfg Co,Leviton,,R12-AGTR1-0KW,,,"Leviton, GFCI Outler Wh, R12-AGTR1-0KW",GFCI OUTLER WH,Leviton R12-AGTR1-0KW GFCI Outler Wh,Leviton GFCI Outler Wh,GFCI Outler Wh,,,,,,,,,,,,,,,,,,,,,,,,,,,GFCI Outler Wh,Product Name,GFCI Outler Wh,,Brand,,,Material,,,Color,,,Size,,,Quantity,,,,,,,,,,,,,,,,,,,,,,,,,,,,,,,,,,,,,,,,,,,,,,,,,,,,,,,,,,,,,,,,,,,,,,,,,,,,,,,,,,,,,,,,,,,,,,,,,,,,,,,,,,,,,,,,,,,,,,,,,,,,,,,,,,,,,,,,,,,,,,,,,,,,,,,,,,,,,,,,,,,,,,,,,,,,,,,,,,,,,
,,,,,,,Electrical,Wiring Devices,"Outlets, Switches & Plates",,R62-GFTA1-0KW,R92GFTA10KW 15A GFCI Outlet Wh,-- Unbranded --,-- No Unilog Brand --,Leviton,Leviton Mfg Co (4927),Leviton Mfg Co,Leviton,,R62-GFTA1-0KW,,Electrical>Wiring Devices>Receptacles & Switches,"Leviton, GFCI Outlet Wh, R62-GFTA1-0KW",GFCI OUTLET WH,Leviton R62-GFTA1-0KW GFCI Outlet Wh,Leviton GFCI Outlet Wh,GFCI Outlet Wh,,,,,,,,,,,,,,,,,,,,,,,,,,,GFCI Outlet Wh,Product Name,GFCI Outlet Wh,,Brand,,,Material,,,Color,,,Size,,,Quantity,,,,,,,,,,,,,,,,,,,,,,,,,,,,,,,,,,,,,,,,,,,,,,,,,,,,,,,,,,,,,,,,,,,,,,,,,,,,,,,,,,,,,,,,,,,,,,,,,,,,,,,,,,,,,,,,,,,,,,,,,,,,,,,,,,,,,,,,,,39121400,,,,,,,,,,,,,,,,,,,,,,,,,,,,,,,,,,,,,,,,,,,
,,,,,,,,,,,165-04729-00C,1650472900C 15A 125V Cord Conn,-- Unbranded --,-- No Unilog Brand --,Leviton,Leviton Mfg Co (4927),Leviton Mfg Co,Leviton,,165-04729-00C,,,"Leviton, Cord Conn, 165-04729-00C",CORD CONN,Leviton 165-04729-00C Cord Conn,Leviton Cord Conn,Cord Conn,,,,,,,,,,,,,,,,,,,,,,,,,,,Cord Conn,Product Name,Cord Conn,,Brand,,,Material,,,Color,,,Size,,,Quantity,,,,,,,,,,,,,,,,,,,,,,,,,,,,,,,,,,,,,,,,,,,,,,,,,,,,,,,,,,,,,,,,,,,,,,,,,,,,,,,,,,,,,,,,,,,,,,,,,,,,,,,,,,,,,,,,,,,,,,,,,,,,,,,,,,,,,,,,,,,,,,,,,,,,,,,,,,,,,,,,,,,,,,,,,,,,,,,,,,,,,
,,,,,,,,,,,161-04720-00C,1610472000C 15A 125V Cord Conn,-- Unbranded --,-- No Unilog Brand --,Leviton,Leviton Mfg Co (4927),Leviton Mfg Co,Leviton,,161-04720-00C,,,"Leviton, Cord Conn, 161-04720-00C",CORD CONN,Leviton 161-04720-00C Cord Conn,Leviton Cord Conn,Cord Conn,,,,,,,,,,,,,,,,,,,,,,,,,,,Cord Conn,Product Name,Cord Conn,,Brand,,,Material,,,Color,,,Size,,,Quantity,,,,,,,,,,,,,,,,,,,,,,,,,,,,,,,,,,,,,,,,,,,,,,,,,,,,,,,,,,,,,,,,,,,,,,,,,,,,,,,,,,,,,,,,,,,,,,,,,,,,,,,,,,,,,,,,,,,,,,,,,,,,,,,,,,,,,,,,,,,,,,,,,,,,,,,,,,,,,,,,,,,,,,,,,,,,,,,,,,,,,
,,,,,,,Electrical,Wiring Devices,"Outlets, Switches & Plates",,R02-GUAC1-0BW,R02GUAC10BW 15A/USB Outlet Wh,-- Unbranded --,-- No Unilog Brand --,Leviton,Leviton Mfg Co (4927),Leviton Mfg Co,Leviton,,R02-GUAC1-0BW,,Electrical>Wiring Devices>Receptacles & Switches,"Leviton, Outlet Wh, R02-GUAC1-0BW",OUTLET WH,Leviton R02-GUAC1-0BW Outlet Wh,Leviton Outlet Wh,Outlet Wh,,,,,,,,,,,,,,,,,,,,,,,,,,,Outlet Wh,Product Name,Outlet Wh,,Brand,,,Material,,,Color,,,Size,,,Quantity,,,,,,,,,,,,,,,,,,,,,,,,,,,,,,,,,,,,,,,,,,,,,,,,,,,,,,,,,,,,,,,,,,,,,,,,,,,,,,,,,,,,,,,,,,,,,,,,,,,,,,,,,,,,,,,,,,,,,,,,,,,,,,,,,,,,,,,,,,39121400,,,,,,,,,,,,,,,,,,,,,,,,,,,,,,,,,,,,,,,,,,,
,,,,,,,Electrical,Wiring Devices,"Outlets, Switches & Plates",,R56-CBR15-00T,R56CBR1500T 15A Outlet LA,-- Unbranded --,-- No Unilog Brand --,Leviton,Leviton Mfg Co (4927),Leviton Mfg Co,Leviton,,R56-CBR15-00T,,Electrical>Wiring Devices>Receptacles & Switches,"Leviton, Outlet, R56-CBR15-00T, 15 A",OUTLET 15A,"Leviton R56-CBR15-00T Outlet, 15 A","Leviton Outlet, 15 A","Outlet, 15 A",,,,,,,,,,,,,,,,,,,,,,,,,,,Outlet,Product Name,Outlet,,Brand,,,Material,,,Color,,,Size,15,A,Quantity,,,,,,,,,,,,,,,,,,,,,,,,,,,,,,,,,,,,,,,,,,,,,,,,,,,,,,,,,,,,,,,,,,,,,,,,,,,,,,,,,,,,,,,,,,,,,,,,,,,,,,,,,,,,,,,,,,,,,,,,,,,,,,,,,,,,,,,,,,39121400,,,,,,,,,,,,,,,,,,,,,,,,,,,,,,,,,,,,,,,,,,,
,,,,,,,,,,,R20-05378-P00,R2005378P00 6-50R Welder Outet,-- Unbranded --,-- No Unilog Brand --,Leviton,Leviton Mfg Co (4927),Leviton Mfg Co,Leviton,,R20-05378-P00,,,"Leviton, Welder Outet, R20-05378-P00, 6-50R Quantity",WELDER OUTET 6-50R,"Leviton R20-05378-P00 Welder Outet, 6-50R Quantity","Leviton Welder Outet, 6-50R Quantity","Welder Outet, 6-50R Quantity",,,,,,,,,,,,,,,,,,,,,,,,,,,Welder Outet,Product Name,Welder Outet,,Brand,,,Material,,,Color,,,Size,,,Quantity,6-50R,,,,,,,,,,,,,,,,,,,,,,,,,,,,,,,,,,,,,,,,,,,,,,,,,,,,,,,,,,,,,,,,,,,,,,,,,,,,,,,,,,,,,,,,,,,,,,,,,,,,,,,,,,,,,,,,,,,,,,,,,,,,,,,,,,,,,,,,,,,,,,,,,,,,,,,,,,,,,,,,,,,,,,,,,,,,,,,,,,,,
,,,,,,,,,,,WC1V12W-SG-UPC,WC1V12WSGUPC 1G Cover Wh,-- Unbranded --,-- No Unilog Brand --,Southwire,Southwire/g Turner (6603),Southwire/g Turner,Southwire,,WC1V12W-SG-UPC,,,"Southwire/g Turner Southwire, Cover Wh, WC1V12W-SG-UPC",COVER WH,Southwire WC1V12W-SG-UPC Cover Wh,Southwire Cover Wh,Cover Wh,,,,,,,,,,,,,,,,,,,,,,,,,,,Cover Wh,Product Name,Cover Wh,,Brand,,,Material,,,Color,,,Size,,,Quantity,,,,,,,,,,,,,,,,,,,,,,,,,,,,,,,,,,,,,,,,,,,,,,,,,,,,,,,,,,,,,,,,,,,,,,,,,,,,,,,,,,,,,,,,,,,,,,,,,,,,,,,,,,,,,,,,,,,,,,,,,,,,,,,,,,,,,,,,,,,,,,,,,,,,,,,,,,,,,,,,,,,,,,,,,,,,,,,,,,,,,
,,,,,,,,,,,R51-GSRA1-THD,R5GSRA1THD 15A GFCI Plug,-- Unbranded --,-- No Unilog Brand --,Leviton,Leviton Mfg Co (4927),Leviton Mfg Co,Leviton,,R51-GSRA1-THD,,,"Leviton, GFCI Plug, R51-GSRA1-THD",GFCI PLUG,Leviton R51-GSRA1-THD GFCI Plug,Leviton GFCI Plug,GFCI Plug,,,,,,,,,,,,,,,,,,,,,,,,,,,GFCI Plug,Product Name,GFCI Plug,,Brand,,,Material,,,Color,,,Size,,,Quantity,,,,,,,,,,,,,,,,,,,,,,,,,,,,,,,,,,,,,,,,,,,,,,,,,,,,,,,,,,,,,,,,,,,,,,,,,,,,,,,,,,,,,,,,,,,,,,,,,,,,,,,,,,,,,,,,,,,,,,,,,,,,,,,,,,,,,,,,,,,,,,,,,,,,,,,,,,,,,,,,,,,,,,,,,,,,,,,,,,,,,
,,,,,,,Electrical,Wiring Devices,"Outlets, Switches & Plates",,R62-CBR15-00W,R62CBR1500W 15A Outlet Wh,-- Unbranded --,-- No Unilog Brand --,Leviton,Leviton Mfg Co (4927),Leviton Mfg Co,Leviton,,R62-CBR15-00W,,Electrical>Wiring Devices>Receptacles & Switches,"Leviton, Outlet Wh, R62-CBR15-00W",OUTLET WH,Leviton R62-CBR15-00W Outlet Wh,Leviton Outlet Wh,Outlet Wh,,,,,,,,,,,,,,,,,,,,,,,,,,,Outlet Wh,Product Name,Outlet Wh,,Brand,,,Material,,,Color,,,Size,,,Quantity,,,,,,,,,,,,,,,,,,,,,,,,,,,,,,,,,,,,,,,,,,,,,,,,,,,,,,,,,,,,,,,,,,,,,,,,,,,,,,,,,,,,,,,,,,,,,,,,,,,,,,,,,,,,,,,,,,,,,,,,,,,,,,,,,,,,,,,,,,39121400,,,,,,,,,,,,,,,,,,,,,,,,,,,,,,,,,,,,,,,,,,,
,,,,,,,,,,,S03-05226-IS,S0305226IS IV Switch / Pilot,-- Unbranded --,-- No Unilog Brand --,Leviton,Leviton Mfg Co (4927),Leviton Mfg Co,Leviton,,S03-05226-IS,,,"Leviton, Switch / Pilot, S03-05226-IS",SWITCH / PILOT,Leviton S03-05226-IS Switch / Pilot,Leviton Switch / Pilot,Switch / Pilot,,,,,,,,,,,,,,,,,,,,,,,,,,,Switch / Pilot,Product Name,Switch / Pilot,,Brand,,,Material,,,Color,,,Size,,,Quantity,,,,,,,,,,,,,,,,,,,,,,,,,,,,,,,,,,,,,,,,,,,,,,,,,,,,,,,,,,,,,,,,,,,,,,,,,,,,,,,,,,,,,,,,,,,,,,,,,,,,,,,,,,,,,,,,,,,,,,,,,,,,,,,,,,,,,,,,,,,,,,,,,,,,,,,,,,,,,,,,,,,,,,,,,,,,,,,,,,,,,
,,,,,,,,,,,174-0CSB3-15W,174-OCSB3-15A Toggle 3-Way Switch Wh,-- Unbranded --,-- No Unilog Brand --,-- No DIB Brand --,Leviton Mfg Co (4927),Leviton Mfg Co,,,174-0CSB3-15W,,,"Leviton Mfg Co, Toggle 3-Way Switch, 174-0CSB3-15W",TOGGLE 3-WAY SWITCH,174-0CSB3-15W Toggle 3-Way Switch,Toggle 3-Way Switch,Toggle 3-Way Switch,,,,,,,,,,,,,,,,,,,,,,,,,,,Toggle 3-way Switch,Product Name,Toggle 3-Way Switch,,Brand,,,Material,,,Color,,,Size,,,Quantity,,,,,,,,,,,,,,,,,,,,,,,,,,,,,,,,,,,,,,,,,,,,,,,,,,,,,,,,,,,,,,,,,,,,,,,,,,,,,,,,,,,,,,,,,,,,,,,,,,,,,,,,,,,,,,,,,,,,,,,,,,,,,,,,,,,,,,,,,,,,,,,,,,,,,,,,,,,,,,,,,,,,,,,,,,,,,,,,,,,,,
,,,,,,,Electrical,Wiring Devices,"Switches, Outlets & Plates",,R50-0SL13-000,T50-0SL13000 1G Wallplate SS - Blank,-- Unbranded --,-- No Unilog Brand --,Leviton,Leviton Mfg Co (4927),Leviton Mfg Co,Leviton,,R50-0SL13-000,,Electrical>Wiring Devices>Switches & Receptacles,"Leviton, Wallplate, R50-0SL13-000, 316 stainless steel, Blank",WALLPLATE BLANK,"Leviton R50-0SL13-000 Wallplate, 316 stainless steel, Blank","Leviton Wallplate, 316 stainless steel, Blank","Wallplate, 316 stainless steel, Blank",,,,,,,,,,,,,,,,,,,,,,,,,,,Wallplate,Product Name,Wallplate,,Brand,T50-0SL13000,,Material,316 stainless steel,,Color,Blank,,Size,,,Quantity,,,,,,,,,,,,,,,,,,,,,,,,,,,,,,,,,,,,,,,,,,,,,,,,,,,,,,,,,,,,,,,,,,,,,,,,,,,,,,,,,,,,,,,,,,,,,,,,,,,,,,,,,,,,,,,,,,,,,,,,,,,,,,,,,,,,,,,,,,39121400,,,,,,,,,,,,,,,,,,,,,,,,,,,,,,,,,,,,,,,,,,,
,,,,,,,Electrical,Wiring Devices,"Switches, Outlets & Plates",,R52-0PJ13-00W,R520PJ1300W 1G Wallplate Wh - Blank,-- Unbranded --,-- No Unilog Brand --,Leviton,Leviton Mfg Co (4927),Leviton Mfg Co,Leviton,,R52-0PJ13-00W,,Electrical>Wiring Devices>Switches & Receptacles,"Leviton, Wallplate, R52-0PJ13-00W, Blank",WALLPLATE BLANK,"Leviton R52-0PJ13-00W Wallplate, Blank","Leviton Wallplate, Blank","Wallplate, Blank",,,,,,,,,,,,,,,,,,,,,,,,,,,Wallplate,Product Name,Wallplate,,Brand,R520PJ1300W,,Material,,,Color,Blank,,Size,,,Quantity,,,,,,,,,,,,,,,,,,,,,,,,,,,,,,,,,,,,,,,,,,,,,,,,,,,,,,,,,,,,,,,,,,,,,,,,,,,,,,,,,,,,,,,,,,,,,,,,,,,,,,,,,,,,,,,,,,,,,,,,,,,,,,,,,,,,,,,,,,39121400,,,,,,,,,,,,,,,,,,,,,,,,,,,,,,,,,,,,,,,,,,,
,,,,,,,,,,,XOU2470BCGS,XOU2470BCGS Tall Beverage Center SS,-- Unbranded --,-- No Unilog Brand --,-- No DIB Brand --,Appliance Dealers Cooperative (APPDE),Appliance Dealers Cooperative,XOU2470BCGS,,XOU2470BCGS,,,"Appliance Dealers Cooperative XOU2470BCGS, Tall Beverage Center, XOU2470BCGS",TALL BEVERAGE CENTER,"XOU2470BCGS XOU2470BCGS Tall Beverage Center, 316 stainless steel","XOU2470BCGS Tall Beverage Center, 316 stainless steel","Tall Beverage Center, 316 stainless steel",,,,,,,,,,,,,,,,,,,,,,,,,,,Tall Beverage Center,Product Name,Tall Beverage Center,,Brand,XOU2470BCGS,,Material,316 stainless steel,,Color,,,Size,,,Quantity,,,,,,,,,,,,,,,,,,,,,,,,,,,,,,,,,,,,,,,,,,,,,,,,,,,,,,,,,,,,,,,,,,,,,,,,,,,,,,,,,,,,,,,,,,,,,,,,,,,,,,,,,,,,,,,,,,,,,,,,,,,,,,,,,,,,,,,,,,,,,,,,,,,,,,,,,,,,,,,,,,,,,,,,,,,,,,,,,,,,,
,,,,,,,,,,,XOU24BCGSR,XOU24BCGSR Beverage Center SS,-- Unbranded --,-- No Unilog Brand --,-- No DIB Brand --,Appliance Dealers Cooperative (APPDE),Appliance Dealers Cooperative,XOU24BCGSR,,XOU24BCGSR,,,"Appliance Dealers Cooperative XOU24BCGSR, Beverage Center, XOU24BCGSR",BEVERAGE CENTER,"XOU24BCGSR XOU24BCGSR Beverage Center, 316 stainless steel","XOU24BCGSR Beverage Center, 316 stainless steel","Beverage Center, 316 stainless steel",,,,,,,,,,,,,,,,,,,,,,,,,,,Beverage Center,Product Name,Beverage Center,,Brand,XOU24BCGSR,,Material,316 stainless steel,,Color,,,Size,,,Quantity,,,,,,,,,,,,,,,,,,,,,,,,,,,,,,,,,,,,,,,,,,,,,,,,,,,,,,,,,,,,,,,,,,,,,,,,,,,,,,,,,,,,,,,,,,,,,,,,,,,,,,,,,,,,,,,,,,,,,,,,,,,,,,,,,,,,,,,,,,,,,,,,,,,,,,,,,,,,,,,,,,,,,,,,,,,,,,,,,,,,,
,,,,,,,,,,,XOU24WDZGBR,XOU24WDZGBR Beverage Center Bk,-- Unbranded --,-- No Unilog Brand --,-- No DIB Brand --,Appliance Dealers Cooperative (APPDE),Appliance Dealers Cooperative,XOU24WDZGBR,,XOU24WDZGBR,,,"Appliance Dealers Cooperative XOU24WDZGBR, Beverage Center, XOU24WDZGBR",BEVERAGE CENTER BLK,"XOU24WDZGBR XOU24WDZGBR Beverage Center, black","XOU24WDZGBR Beverage Center, black","Beverage Center, black",,,,,,,,,,,,,,,,,,,,,,,,,,,Beverage Center,Product Name,Beverage Center,,Brand,XOU24WDZGBR,,Material,,,Color,black,,Size,,,Quantity,,,,,,,,,,,,,,,,,,,,,,,,,,,,,,,,,,,,,,,,,,,,,,,,,,,,,,,,,,,,,,,,,,,,,,,,,,,,,,,,,,,,,,,,,,,,,,,,,,,,,,,,,,,,,,,,,,,,,,,,,,,,,,,,,,,,,,,,,,,,,,,,,,,,,,,,,,,,,,,,,,,,,,,,,,,,,,,,,,,,,
,,,,,,,,,,,C7CDAAS3PD3,C7CDAAS3PD3 Café Drip Coffee Maker MB,-- Unbranded --,-- No Unilog Brand --,-- No DIB Brand --,Appliance Dealers Cooperative (APPDE),Appliance Dealers Cooperative,C7CDAAS3PD3,,C7CDAAS3PD3,,,"Appliance Dealers Cooperative C7CDAAS3PD3, Café Drip Coffee Maker, C7CDAAS3PD3",CAFÉ DRIP COFFEE MAKER,C7CDAAS3PD3 C7CDAAS3PD3 Café Drip Coffee Maker,C7CDAAS3PD3 Café Drip Coffee Maker,Café Drip Coffee Maker,,,,,,,,,,,,,,,,,,,,,,,,,,,Café Drip Coffee Maker,Product Name,Café Drip Coffee Maker,,Brand,C7CDAAS3PD3,,Material,,,Color,,,Size,,,Quantity,,,,,,,,,,,,,,,,,,,,,,,,,,,,,,,,,,,,,,,,,,,,,,,,,,,,,,,,,,,,,,,,,,,,,,,,,,,,,,,,,,,,,,,,,,,,,,,,,,,,,,,,,,,,,,,,,,,,,,,,,,,,,,,,,,,,,,,,,,,,,,,,,,,,,,,,,,,,,,,,,,,,,,,,,,,,,,,,,,,,,
,,,,,,,,,,,C7CDAAS4PW3,C7CDAAS4PW3 Café Drip Coffee Maker MW,-- Unbranded --,-- No Unilog Brand --,-- No DIB Brand --,Appliance Dealers Cooperative (APPDE),Appliance Dealers Cooperative,C7CDAAS4PW3,,C7CDAAS4PW3,,,"Appliance Dealers Cooperative C7CDAAS4PW3, Café Drip Coffee Maker, C7CDAAS4PW3",CAFÉ DRIP COFFEE MAKER,C7CDAAS4PW3 C7CDAAS4PW3 Café Drip Coffee Maker,C7CDAAS4PW3 Café Drip Coffee Maker,Café Drip Coffee Maker,,,,,,,,,,,,,,,,,,,,,,,,,,,Café Drip Coffee Maker,Product Name,Café Drip Coffee Maker,,Brand,C7CDAAS4PW3,,Material,,,Color,,,Size,,,Quantity,,,,,,,,,,,,,,,,,,,,,,,,,,,,,,,,,,,,,,,,,,,,,,,,,,,,,,,,,,,,,,,,,,,,,,,,,,,,,,,,,,,,,,,,,,,,,,,,,,,,,,,,,,,,,,,,,,,,,,,,,,,,,,,,,,,,,,,,,,,,,,,,,,,,,,,,,,,,,,,,,,,,,,,,,,,,,,,,,,,,,
,,,,,,,,,,,C7CDABS2RS3,C7CDABS2RS3 Cafe Coffee Maker,-- Unbranded --,-- No Unilog Brand --,-- No DIB Brand --,Appliance Dealers Cooperative (APPDE),Appliance Dealers Cooperative,C7CDABS2RS3,,C7CDABS2RS3,,,"Appliance Dealers Cooperative C7CDABS2RS3, Cafe Coffee Maker, C7CDABS2RS3",CAFE COFFEE MAKER,C7CDABS2RS3 C7CDABS2RS3 Cafe Coffee Maker,C7CDABS2RS3 Cafe Coffee Maker,Cafe Coffee Maker,,,,,,,,,,,,,,,,,,,,,,,,,,,Cafe Coffee Maker,Product Name,Cafe Coffee Maker,,Brand,C7CDABS2RS3,,Material,,,Color,,,Size,,,Quantity,,,,,,,,,,,,,,,,,,,,,,,,,,,,,,,,,,,,,,,,,,,,,,,,,,,,,,,,,,,,,,,,,,,,,,,,,,,,,,,,,,,,,,,,,,,,,,,,,,,,,,,,,,,,,,,,,,,,,,,,,,,,,,,,,,,,,,,,,,,,,,,,,,,,,,,,,,,,,,,,,,,,,,,,,,,,,,,,,,,,,
,,,,,,,,,,,C7CDABS3RD3,C7CDABS3RD3 Café Coffee Maker MB,-- Unbranded --,-- No Unilog Brand --,-- No DIB Brand --,Appliance Dealers Cooperative (APPDE),Appliance Dealers Cooperative,C7CDABS3RD3,,C7CDABS3RD3,,,"Appliance Dealers Cooperative C7CDABS3RD3, Café Coffee Maker, C7CDABS3RD3",CAFÉ COFFEE MAKER,C7CDABS3RD3 C7CDABS3RD3 Café Coffee Maker,C7CDABS3RD3 Café Coffee Maker,Café Coffee Maker,,,,,,,,,,,,,,,,,,,,,,,,,,,Café Coffee Maker,Product Name,Café Coffee Maker,,Brand,C7CDABS3RD3,,Material,,,Color,,,Size,,,Quantity,,,,,,,,,,,,,,,,,,,,,,,,,,,,,,,,,,,,,,,,,,,,,,,,,,,,,,,,,,,,,,,,,,,,,,,,,,,,,,,,,,,,,,,,,,,,,,,,,,,,,,,,,,,,,,,,,,,,,,,,,,,,,,,,,,,,,,,,,,,,,,,,,,,,,,,,,,,,,,,,,,,,,,,,,,,,,,,,,,,,,
,,,,,,,,,,,C7CDABS4RW3,C7CDABS4RW3 Café Coffee Maker MW,-- Unbranded --,-- No Unilog Brand --,-- No DIB Brand --,Appliance Dealers Cooperative (APPDE),Appliance Dealers Cooperative,C7CDABS4RW3,,C7CDABS4RW3,,,"Appliance Dealers Cooperative C7CDABS4RW3, Café Coffee Maker, C7CDABS4RW3",CAFÉ COFFEE MAKER,C7CDABS4RW3 C7CDABS4RW3 Café Coffee Maker,C7CDABS4RW3 Café Coffee Maker,Café Coffee Maker,,,,,,,,,,,,,,,,,,,,,,,,,,,Café Coffee Maker,Product Name,Café Coffee Maker,,Brand,C7CDABS4RW3,,Material,,,Color,,,Size,,,Quantity,,,,,,,,,,,,,,,,,,,,,,,,,,,,,,,,,,,,,,,,,,,,,,,,,,,,,,,,,,,,,,,,,,,,,,,,,,,,,,,,,,,,,,,,,,,,,,,,,,,,,,,,,,,,,,,,,,,,,,,,,,,,,,,,,,,,,,,,,,,,,,,,,,,,,,,,,,,,,,,,,,,,,,,,,,,,,,,,,,,,,
,,,,,,,,,,,C7CEBBS2RS3,C7CEBBS2RS3 Cafe Auto Espresso Machine SS,-- Unbranded --,-- No Unilog Brand --,-- No DIB Brand --,Appliance Dealers Cooperative (APPDE),Appliance Dealers Cooperative,C7CEBBS2RS3,,C7CEBBS2RS3,,,"Appliance Dealers Cooperative C7CEBBS2RS3, Cafe Auto Espresso Machine, C7CEBBS2RS3",CAFE AUTO ESPRESSO MACHINE,"C7CEBBS2RS3 C7CEBBS2RS3 Cafe Auto Espresso Machine, 316 stainless steel","C7CEBBS2RS3 Cafe Auto Espresso Machine, 316 stainless steel","Cafe Auto Espresso Machine, 316 stainless steel",,,,,,,,,,,,,,,,,,,,,,,,,,,Cafe Auto Espresso Machine,Product Name,Cafe Auto Espresso Machine,,Brand,C7CEBBS2RS3,,Material,316 stainless steel,,Color,,,Size,,,Quantity,,,,,,,,,,,,,,,,,,,,,,,,,,,,,,,,,,,,,,,,,,,,,,,,,,,,,,,,,,,,,,,,,,,,,,,,,,,,,,,,,,,,,,,,,,,,,,,,,,,,,,,,,,,,,,,,,,,,,,,,,,,,,,,,,,,,,,,,,,,,,,,,,,,,,,,,,,,,,,,,,,,,,,,,,,,,,,,,,,,,,
,,,,,,,,,,,C7CEBBS4RW3,C7CEBBS4RW3 Café Auto Espresso Machine Wh,-- Unbranded --,-- No Unilog Brand --,-- No DIB Brand --,Appliance Dealers Cooperative (APPDE),Appliance Dealers Cooperative,,,C7CEBBS4RW3,,,"Appliance Dealers Cooperative, Café Auto Espresso Machine, C7CEBBS4RW3",CAFÉ AUTO ESPRESSO MACHINE,C7CEBBS4RW3 Café Auto Espresso Machine,Café Auto Espresso Machine,Café Auto Espresso Machine,,,,,,,,,,,,,,,,,,,,,,,,,,,Café Auto Espresso Machine,Product Name,Café Auto Espresso Machine,,Brand,,,Material,,,Color,,,Size,,,Quantity,,,,,,,,,,,,,,,,,,,,,,,,,,,,,,,,,,,,,,,,,,,,,,,,,,,,,,,,,,,,,,,,,,,,,,,,,,,,,,,,,,,,,,,,,,,,,,,,,,,,,,,,,,,,,,,,,,,,,,,,,,,,,,,,,,,,,,,,,,,,,,,,,,,,,,,,,,,,,,,,,,,,,,,,,,,,,,,,,,,,,
,,,,,,,,,,,C7CESAS2RS3,C7CESAS2RS3 Café Espresso SS,-- Unbranded --,-- No Unilog Brand --,-- No DIB Brand --,Appliance Dealers Cooperative (APPDE),Appliance Dealers Cooperative,C7CESAS2RS3,,C7CESAS2RS3,,,"Appliance Dealers Cooperative C7CESAS2RS3, Café Espresso SS, C7CESAS2RS3",CAFÉ ESPRESSO SS,C7CESAS2RS3 C7CESAS2RS3 Café Espresso SS,C7CESAS2RS3 Café Espresso SS,Café Espresso SS,,,,,,,,,,,,,,,,,,,,,,,,,,,Café Espresso SS,Product Name,Café Espresso SS,,Brand,C7CESAS2RS3,,Material,,,Color,,,Size,,,Quantity,,,,,,,,,,,,,,,,,,,,,,,,,,,,,,,,,,,,,,,,,,,,,,,,,,,,,,,,,,,,,,,,,,,,,,,,,,,,,,,,,,,,,,,,,,,,,,,,,,,,,,,,,,,,,,,,,,,,,,,,,,,,,,,,,,,,,,,,,,,,,,,,,,,,,,,,,,,,,,,,,,,,,,,,,,,,,,,,,,,,,
,,,,,,,,,,,C7CESAS3RD3,C7CESAS3RD3 Café Espresso Machine MB,-- Unbranded --,-- No Unilog Brand --,-- No DIB Brand --,Appliance Dealers Cooperative (APPDE),Appliance Dealers Cooperative,C7CESAS3RD3,,C7CESAS3RD3,,,"Appliance Dealers Cooperative C7CESAS3RD3, Café Espresso Machine, C7CESAS3RD3",CAFÉ ESPRESSO MACHINE,C7CESAS3RD3 C7CESAS3RD3 Café Espresso Machine,C7CESAS3RD3 Café Espresso Machine,Café Espresso Machine,,,,,,,,,,,,,,,,,,,,,,,,,,,Café Espresso Machine,Product Name,Café Espresso Machine,,Brand,C7CESAS3RD3,,Material,,,Color,,,Size,,,Quantity,,,,,,,,,,,,,,,,,,,,,,,,,,,,,,,,,,,,,,,,,,,,,,,,,,,,,,,,,,,,,,,,,,,,,,,,,,,,,,,,,,,,,,,,,,,,,,,,,,,,,,,,,,,,,,,,,,,,,,,,,,,,,,,,,,,,,,,,,,,,,,,,,,,,,,,,,,,,,,,,,,,,,,,,,,,,,,,,,,,,,
,,,,,,,,,,,C7CESAS4RW3,C7CESAS4RW3 Cafe Espresso Wh,-- Unbranded --,-- No Unilog Brand --,-- No DIB Brand --,Appliance Dealers Cooperative (APPDE),Appliance Dealers Cooperative,,,C7CESAS4RW3,,,"Appliance Dealers Cooperative, Cafe Espresso Wh, C7CESAS4RW3",CAFE ESPRESSO WH,C7CESAS4RW3 Cafe Espresso Wh,Cafe Espresso Wh,Cafe Espresso Wh,,,,,,,,,,,,,,,,,,,,,,,,,,,Cafe Espresso Wh,Product Name,Cafe Espresso Wh,,Brand,,,Material,,,Color,,,Size,,,Quantity,,,,,,,,,,,,,,,,,,,,,,,,,,,,,,,,,,,,,,,,,,,,,,,,,,,,,,,,,,,,,,,,,,,,,,,,,,,,,,,,,,,,,,,,,,,,,,,,,,,,,,,,,,,,,,,,,,,,,,,,,,,,,,,,,,,,,,,,,,,,,,,,,,,,,,,,,,,,,,,,,,,,,,,,,,,,,,,,,,,,,
,,,,,,,Appliances,Large Appliances,Major Kitchen & Laundry Appliances,,WOSP30100SS,WOSP30100SS Beko Wall Oven SS,-- Unbranded --,-- No Unilog Brand --,-- No DIB Brand --,Appliance Dealers Cooperative (APPDE),Appliance Dealers Cooperative,,,WOSP30100SS,,Appliances & Consumer Electronics>Kitchen Appliances>Major Appliances,"Appliance Dealers Cooperative, Wall Oven, WOSP30100SS, WOSP30100SS",WALL OVEN 30IN WALL SST,"WOSP30100SS WOSP30100SS Wall Oven, 30 in Width, Wall Mounting Type, stainless steel","Wall Oven, WOSP30100SS, 30 in Width, Wall Mounting Type, stainless steel","WOSP30100SS Wall Oven, 30 in Width, Wall Mounting Type, stainless steel",,30 in,,,,,,,,,,,,,,,,,,,,,,,,,Wall Oven,Product Name,wall oven,,Series,WOSP30100SS,,Capacity,,,Voltage Rating,,,Amperage Rating,,,Width,30,in,Mounting Type,Wall,,Fuel Type,,,Sound Level,,,Color,stainless steel,,,,,,,,,,,,,,,,,,,,,,,,,,,,,,,,,,,,,,,,,,,,,,,,,,,,,,,,,,,,,,,,,,,,,,,,,,,,,,,,,,,,,,,,,,,,,,,,,,,,,,,,,,,,,,,,,,,,,,,,,,,,,52141500,,,,,,,,,,30,in,,,,,,,,,,,,,,,,,,,,,,,,,,,,,,,,
,,,,,,,Appliances,Large Appliances,Major Kitchen & Laundry Appliances,,MSER2090S,MSER2090S LG Microwave SS,-- Unbranded --,-- No Unilog Brand --,-- No DIB Brand --,Appliance Dealers Cooperative (APPDE),Appliance Dealers Cooperative,,,MSER2090S,,Appliances & Consumer Electronics>Kitchen Appliances>Major Appliances,"Appliance Dealers Cooperative, Microwave, MSER2090S, stainless steel",MICROWAVE SST,"MSER2090S Microwave, stainless steel","Microwave, stainless steel","Microwave, stainless steel",,,,,,,,,,,,,,,,,,,,,,,,,,,Microwave,Product Name,microwave,,Series,,,Capacity,,,Voltage Rating,,,Amperage Rating,,,Width,,,Mounting Type,,,Fuel Type,,,Sound Level,,,Color,stainless steel,,,,,,,,,,,,,,,,,,,,,,,,,,,,,,,,,,,,,,,,,,,,,,,,,,,,,,,,,,,,,,,,,,,,,,,,,,,,,,,,,,,,,,,,,,,,,,,,,,,,,,,,,,,,,,,,,,,,,,,,,,,,,52141500,,,,,,,,,,,,,,,,,,,,,,,,,,,,,,,,,,,,,,,,,,,
,,,,,,,Appliances,Large Appliances,Major Kitchen & Laundry Appliances,,GCST16S1WSS,GCST16S1WSS GE Microwave SS,-- Unbranded --,-- No Unilog Brand --,-- No DIB Brand --,Appliance Dealers Cooperative (APPDE),Appliance Dealers Cooperative,,,GCST16S1WSS,,Appliances & Consumer Electronics>Kitchen Appliances>Major Appliances,"Appliance Dealers Cooperative, Microwave, GCST16S1WSS, stainless steel",MICROWAVE SST,"GCST16S1WSS Microwave, stainless steel","Microwave, stainless steel","Microwave, stainless steel",,,,,,,,,,,,,,,,,,,,,,,,,,,Microwave,Product Name,microwave,,Series,,,Capacity,,,Voltage Rating,,,Amperage Rating,,,Width,,,Mounting Type,,,Fuel Type,,,Sound Level,,,Color,stainless steel,,,,,,,,,,,,,,,,,,,,,,,,,,,,,,,,,,,,,,,,,,,,,,,,,,,,,,,,,,,,,,,,,,,,,,,,,,,,,,,,,,,,,,,,,,,,,,,,,,,,,,,,,,,,,,,,,,,,,,,,,,,,,52141500,,,,,,,,,,,,,,,,,,,,,,,,,,,,,,,,,,,,,,,,,,,
,,,,,,,Appliances,Large Appliances,Major Kitchen & Laundry Appliances,,PCWK15C1WSS,PCWK15C1WSS GE Microwave,-- Unbranded --,-- No Unilog Brand --,-- No DIB Brand --,Appliance Dealers Cooperative (APPDE),Appliance Dealers Cooperative,,,PCWK15C1WSS,,Appliances & Consumer Electronics>Kitchen Appliances>Major Appliances,"Appliance Dealers Cooperative, Microwave, PCWK15C1WSS",MICROWAVE,PCWK15C1WSS Microwave,Microwave,Microwave,,,,,,,,,,,,,,,,,,,,,,,,,,,Microwave,Product Name,microwave,,Series,,,Capacity,,,Voltage Rating,,,Amperage Rating,,,Width,,,Mounting Type,,,Fuel Type,,,Sound Level,,,Color,,,,,,,,,,,,,,,,,,,,,,,,,,,,,,,,,,,,,,,,,,,,,,,,,,,,,,,,,,,,,,,,,,,,,,,,,,,,,,,,,,,,,,,,,,,,,,,,,,,,,,,,,,,,,,,,,,,,,,,,,,,,,,52141500,,,,,,,,,,,,,,,,,,,,,,,,,,,,,,,,,,,,,,,,,,,
,,,,,,,Appliances,Large Appliances,Major Kitchen & Laundry Appliances,,SMC2266KS,SMC2266KS Microwave SS Display Only,-- Unbranded --,-- No Unilog Brand --,-- No DIB Brand --,Appliance Dealers Cooperative (APPDE),Appliance Dealers Cooperative,,,SMC2266KS,,Appliances & Consumer Electronics>Kitchen Appliances>Major Appliances,"Appliance Dealers Cooperative, Microwave, 316 stainless steel, SMC2266KS",MICROWAVE,316 stainless steel SMC2266KS Microwave,"Microwave, 316 stainless steel",316 stainless steel Microwave,,,,,,,,,,,,,,,,,,,,,,,,,,,Microwave,Product Name,microwave,,Series,316 stainless steel,,Capacity,,,Voltage Rating,,,Amperage Rating,,,Width,,,Mounting Type,,,Fuel Type,,,Sound Level,,,Color,,,,,,,,,,,,,,,,,,,,,,,,,,,,,,,,,,,,,,,,,,,,,,,,,,,,,,,,,,,,,,,,,,,,,,,,,,,,,,,,,,,,,,,,,,,,,,,,,,,,,,,,,,,,,,,,,,,,,,,,,,,,,,52141500,,,,,,,,,,,,,,,,,,,,,,,,,,,,,,,,,,,,,,,,,,,
,,,,,,,Appliances,Large Appliances,Major Kitchen & Laundry Appliances,,SMD2479JS,SMD2479JS Microwave Drawer SS Display Only,-- Unbranded --,-- No Unilog Brand --,-- No DIB Brand --,Appliance Dealers Cooperative (APPDE),Appliance Dealers Cooperative,,,SMD2479JS,,Appliances & Consumer Electronics>Kitchen Appliances>Major Appliances,"Appliance Dealers Cooperative, Microwave, SMD2479JS, SMD2479JS",MICROWAVE 24IN,"SMD2479JS SMD2479JS Microwave, 24 in Width, Display Only Mounting Type","Microwave, SMD2479JS, 24 in Width, Display Only Mounting Type","SMD2479JS Microwave, 24 in Width, Display Only Mounting Type",,24 in,,,,,,,,,,,,,,,,,,,,,,,,,Microwave,Product Name,microwave,,Series,SMD2479JS,,Capacity,,,Voltage Rating,,,Amperage Rating,,,Width,24,in,Mounting Type,Display Only,,Fuel Type,,,Sound Level,,,Color,,,,,,,,,,,,,,,,,,,,,,,,,,,,,,,,,,,,,,,,,,,,,,,,,,,,,,,,,,,,,,,,,,,,,,,,,,,,,,,,,,,,,,,,,,,,,,,,,,,,,,,,,,,,,,,,,,,,,,,,,,,,,,52141500,,,,,,,,,,24,in,,,,,,,,,,,,,,,,,,,,,,,,,,,,,,,,
,,,,,,,Appliances,Large Appliances,Major Kitchen & Laundry Appliances,,PEP9030DTBB,"PEP9030DTBB 30"" GE Cooktop Bk",-- Unbranded --,-- No Unilog Brand --,-- No DIB Brand --,Appliance Dealers Cooperative (APPDE),Appliance Dealers Cooperative,,,PEP9030DTBB,,Appliances & Consumer Electronics>Kitchen Appliances>Major Appliances,"Appliance Dealers Cooperative, Cooktop, PEP9030DTBB, 30 in Width",COOKTOP 30IN,"PEP9030DTBB Cooktop, 30 in Width","Cooktop, 30 in Width","Cooktop, 30 in Width",,30 in,,,,,,,,,,,,,,,,,,,,,,,,,Cooktop,Product Name,cooktop,,Series,,,Capacity,,,Voltage Rating,,,Amperage Rating,,,Width,30,in,Mounting Type,,,Fuel Type,,,Sound Level,,,Color,,,,,,,,,,,,,,,,,,,,,,,,,,,,,,,,,,,,,,,,,,,,,,,,,,,,,,,,,,,,,,,,,,,,,,,,,,,,,,,,,,,,,,,,,,,,,,,,,,,,,,,,,,,,,,,,,,,,,,,,,,,,,,52141500,,,,,,,,,,30,in,,,,,,,,,,,,,,,,,,,,,,,,,,,,,,,,
,,,,,,,Appliances,Large Appliances,Major Kitchen & Laundry Appliances,,CES700P3MD1,"CES700P3MD1 Cafe 30"" Range Bk - Display",-- Unbranded --,-- No Unilog Brand --,-- No DIB Brand --,Appliance Dealers Cooperative (APPDE),Appliance Dealers Cooperative,,,CES700P3MD1,,Appliances & Consumer Electronics>Kitchen Appliances>Major Appliances,"Appliance Dealers Cooperative, Range, Cafe, CES700P3MD1, 30 in Width",RANGE 30IN,"Cafe CES700P3MD1 Range, 30 in Width","Range, Cafe, 30 in Width","Cafe Range, 30 in Width",,30 in,,,,,,,,,,,,,,,,,,,,,,,,,Range,Product Name,range,,Series,Cafe,,Capacity,,,Voltage Rating,,,Amperage Rating,,,Width,30,in,Mounting Type,,,Fuel Type,,,Sound Level,,,Color,,,,,,,,,,,,,,,,,,,,,,,,,,,,,,,,,,,,,,,,,,,,,,,,,,,,,,,,,,,,,,,,,,,,,,,,,,,,,,,,,,,,,,,,,,,,,,,,,,,,,,,,,,,,,,,,,,,,,,,,,,,,,,52141500,,,,,,,,,,30,in,,,,,,,,,,,,,,,,,,,,,,,,,,,,,,,,
,,,,,,,Appliances,Large Appliances,Major Kitchen & Laundry Appliances,,PS960YPFS,"PS960YPFS 30"" GE Electric Range SS - Display Only",-- Unbranded --,-- No Unilog Brand --,-- No DIB Brand --,Appliance Dealers Cooperative (APPDE),Appliance Dealers Cooperative,,,PS960YPFS,,Appliances & Consumer Electronics>Kitchen Appliances>Major Appliances,"Appliance Dealers Cooperative, Range, PS960YPFS, 30 in Width",RANGE 30IN ELEC,"PS960YPFS Range, 30 in Width, Display Only Mounting Type, electric Fuel Type","Range, 30 in Width, Display Only Mounting Type, electric Fuel Type","Range, 30 in Width, Display Only Mounting Type, electric Fuel Type",,30 in,,,,,,,,,,,,,,,,,,,,,,,,,Range,Product Name,range,,Series,,,Capacity,,,Voltage Rating,,,Amperage Rating,,,Width,30,in,Mounting Type,Display Only,,Fuel Type,electric,,Sound Level,,,Color,,,,,,,,,,,,,,,,,,,,,,,,,,,,,,,,,,,,,,,,,,,,,,,,,,,,,,,,,,,,,,,,,,,,,,,,,,,,,,,,,,,,,,,,,,,,,,,,,,,,,,,,,,,,,,,,,,,,,,,,,,,,,,52141500,,,,,,,,,,30,in,,,,,,,,,,,,,,,,,,,,,,,,,,,,,,,,
,,,,,,,Appliances,Large Appliances,Major Kitchen & Laundry Appliances,,PB900YVFS,"PB900YVFS Elect 30"" Range SS",-- Unbranded --,-- No Unilog Brand --,-- No DIB Brand --,Appliance Dealers Cooperative (APPDE),Appliance Dealers Cooperative,,,PB900YVFS,,Appliances & Consumer Electronics>Kitchen Appliances>Major Appliances,"Appliance Dealers Cooperative, Range, Elect, PB900YVFS, 30 in Width",RANGE 30IN,"Elect PB900YVFS Range, 30 in Width","Range, Elect, 30 in Width","Elect Range, 30 in Width",,30 in,,,,,,,,,,,,,,,,,,,,,,,,,Range,Product Name,range,,Series,Elect,,Capacity,,,Voltage Rating,,,Amperage Rating,,,Width,30,in,Mounting Type,,,Fuel Type,,,Sound Level,,,Color,,,,,,,,,,,,,,,,,,,,,,,,,,,,,,,,,,,,,,,,,,,,,,,,,,,,,,,,,,,,,,,,,,,,,,,,,,,,,,,,,,,,,,,,,,,,,,,,,,,,,,,,,,,,,,,,,,,,,,,,,,,,,,52141500,,,,,,,,,,30,in,,,,,,,,,,,,,,,,,,,,,,,,,,,,,,,,
,,,,,,,Appliances,Large Appliances,Major Kitchen & Laundry Appliances,,PCFE3080AF,"PCFE3080AF 30"" Elect Range SS - Display Only",-- Unbranded --,-- No Unilog Brand --,-- No DIB Brand --,Appliance Dealers Cooperative (APPDE),Appliance Dealers Cooperative,,,PCFE3080AF,,Appliances & Consumer Electronics>Kitchen Appliances>Major Appliances,"Appliance Dealers Cooperative, Range, PCFE3080AF, 30 in Width",RANGE 30IN,"PCFE3080AF Range, 30 in Width","Range, 30 in Width","Range, 30 in Width",,30 in,,,,,,,,,,,,,,,,,,,,,,,,,Range,Product Name,range,,Series,,,Capacity,,,Voltage Rating,,,Amperage Rating,,,Width,30,in,Mounting Type,,,Fuel Type,,,Sound Level,,,Color,,,,,,,,,,,,,,,,,,,,,,,,,,,,,,,,,,,,,,,,,,,,,,,,,,,,,,,,,,,,,,,,,,,,,,,,,,,,,,,,,,,,,,,,,,,,,,,,,,,,,,,,,,,,,,,,,,,,,,,,,,,,,,52141500,,,,,,,,,,30,in,,,,,,,,,,,,,,,,,,,,,,,,,,,,,,,,
,,,,,,,Appliances,Large Appliances,Major Kitchen & Laundry Appliances,,SLER30524SS,"SLER30524SS 30"" Elect Range SS",-- Unbranded --,-- No Unilog Brand --,-- No DIB Brand --,Appliance Dealers Cooperative (APPDE),Appliance Dealers Cooperative,,,SLER30524SS,,Appliances & Consumer Electronics>Kitchen Appliances>Major Appliances,"Appliance Dealers Cooperative, Range, SLER30524SS, SLER30524SS",RANGE 30CF 30IN SST,"SLER30524SS SLER30524SS Range, 30 CF Capacity, 30 in Width, stainless steel","Range, SLER30524SS, 30 CF Capacity, 30 in Width, stainless steel","SLER30524SS Range, 30 CF Capacity, 30 in Width, stainless steel",,30 CF,30 in,,,,,,,,,,,,,,,,,,,,,,,,Range,Product Name,range,,Series,SLER30524SS,,Capacity,30,CF,Voltage Rating,,,Amperage Rating,,,Width,30,in,Mounting Type,,,Fuel Type,,,Sound Level,,,Color,stainless steel,,,,,,,,,,,,,,,,,,,,,,,,,,,,,,,,,,,,,,,,,,,,,,,,,,,,,,,,,,,,,,,,,,,,,,,,,,,,,,,,,,,,,,,,,,,,,,,,,,,,,,,,,,,,,,,,,,,,,,,,,,,,,52141500,,,,,,,,,,30,in,,,30,CF,,,,,,,,,,,,,,,,,,,,,,,,,,,,
,,,,,,,Appliances,Large Appliances,Major Kitchen & Laundry Appliances,,LSEL6333ZE,"LSEL6333ZE LG 30"" Elec Range BS-Display Only",-- Unbranded --,-- No Unilog Brand --,-- No DIB Brand --,Appliance Dealers Cooperative (APPDE),Appliance Dealers Cooperative,,,LSEL6333ZE,,Appliances & Consumer Electronics>Kitchen Appliances>Major Appliances,"Appliance Dealers Cooperative, Range, BS-Display Only, LSEL6333ZE",RANGE 30IN,"BS-Display Only LSEL6333ZE Range, 30 in Width","Range, BS-Display Only, 30 in Width","BS-Display Only Range, 30 in Width",,30 in,,,,,,,,,,,,,,,,,,,,,,,,,Range,Product Name,range,,Series,BS-Display Only,,Capacity,,,Voltage Rating,,,Amperage Rating,,,Width,30,in,Mounting Type,,,Fuel Type,,,Sound Level,,,Color,,,,,,,,,,,,,,,,,,,,,,,,,,,,,,,,,,,,,,,,,,,,,,,,,,,,,,,,,,,,,,,,,,,,,,,,,,,,,,,,,,,,,,,,,,,,,,,,,,,,,,,,,,,,,,,,,,,,,,,,,,,,,,52141500,,,,,,,,,,30,in,,,,,,,,,,,,,,,,,,,,,,,,,,,,,,,,
,,,,,,,Appliances,Large Appliances,Major Kitchen & Laundry Appliances,,KSES530SBE,"KSES530SBE 30"" Elect Range BO Display Only",-- Unbranded --,-- No Unilog Brand --,-- No DIB Brand --,Appliance Dealers Cooperative (APPDE),Appliance Dealers Cooperative,,,KSES530SBE,,Appliances & Consumer Electronics>Kitchen Appliances>Major Appliances,"Appliance Dealers Cooperative, Range, BO, KSES530SBE, 30 in Width",RANGE 30IN,"BO KSES530SBE Range, 30 in Width, Display Only Mounting Type","Range, BO, 30 in Width, Display Only Mounting Type","BO Range, 30 in Width, Display Only Mounting Type",,30 in,,,,,,,,,,,,,,,,,,,,,,,,,Range,Product Name,range,,Series,BO,,Capacity,,,Voltage Rating,,,Amperage Rating,,,Width,30,in,Mounting Type,Display Only,,Fuel Type,,,Sound Level,,,Color,,,,,,,,,,,,,,,,,,,,,,,,,,,,,,,,,,,,,,,,,,,,,,,,,,,,,,,,,,,,,,,,,,,,,,,,,,,,,,,,,,,,,,,,,,,,,,,,,,,,,,,,,,,,,,,,,,,,,,,,,,,,,,52141500,,,,,,,,,,30,in,,,,,,,,,,,,,,,,,,,,,,,,,,,,,,,,
,,,,,,,Appliances,Large Appliances,Major Kitchen & Laundry Appliances,,GCFG3661AF,"GCFG3661AF 36"" Frigidaire Gas Range SS",-- Unbranded --,-- No Unilog Brand --,-- No DIB Brand --,Appliance Dealers Cooperative (APPDE),Appliance Dealers Cooperative,,,GCFG3661AF,,Appliances & Consumer Electronics>Kitchen Appliances>Major Appliances,"Appliance Dealers Cooperative, Range, GCFG3661AF, 36 in Width",RANGE 36IN GAS SST,"GCFG3661AF Range, 36 in Width, gas Fuel Type, stainless steel","Range, 36 in Width, gas Fuel Type, stainless steel","Range, 36 in Width, gas Fuel Type, stainless steel",,36 in,,,,,,,,,,,,,,,,,,,,,,,,,Range,Product Name,range,,Series,,,Capacity,,,Voltage Rating,,,Amperage Rating,,,Width,36,in,Mounting Type,,,Fuel Type,gas,,Sound Level,,,Color,stainless steel,,,,,,,,,,,,,,,,,,,,,,,,,,,,,,,,,,,,,,,,,,,,,,,,,,,,,,,,,,,,,,,,,,,,,,,,,,,,,,,,,,,,,,,,,,,,,,,,,,,,,,,,,,,,,,,,,,,,,,,,,,,,,52141500,,,,,,,,,,36,in,,,,,,,,,,,,,,,,,,,,,,,,,,,,,,,,
,,,,,,,Appliances,Large Appliances,Major Kitchen & Laundry Appliances,,WSGS7530RZ,"WSGS7530RZ 30"" Gas Range SS - Display Only",-- Unbranded --,-- No Unilog Brand --,-- No DIB Brand --,Appliance Dealers Cooperative (APPDE),Appliance Dealers Cooperative,,,WSGS7530RZ,,Appliances & Consumer Electronics>Kitchen Appliances>Major Appliances,"Appliance Dealers Cooperative, Range, WSGS7530RZ, 30 in Width",RANGE 30IN GAS SST,"WSGS7530RZ Range, 30 in Width, gas Fuel Type, stainless steel","Range, 30 in Width, gas Fuel Type, stainless steel","Range, 30 in Width, gas Fuel Type, stainless steel",,30 in,,,,,,,,,,,,,,,,,,,,,,,,,Range,Product Name,range,,Series,,,Capacity,,,Voltage Rating,,,Amperage Rating,,,Width,30,in,Mounting Type,,,Fuel Type,gas,,Sound Level,,,Color,stainless steel,,,,,,,,,,,,,,,,,,,,,,,,,,,,,,,,,,,,,,,,,,,,,,,,,,,,,,,,,,,,,,,,,,,,,,,,,,,,,,,,,,,,,,,,,,,,,,,,,,,,,,,,,,,,,,,,,,,,,,,,,,,,,52141500,,,,,,,,,,30,in,,,,,,,,,,,,,,,,,,,,,,,,,,,,,,,,
,,,,,,,Appliances,Large Appliances,Major Kitchen & Laundry Appliances,,CHP90301TBB,CHP90301TBB Café Cooktop Bk,-- Unbranded --,-- No Unilog Brand --,-- No DIB Brand --,Appliance Dealers Cooperative (APPDE),Appliance Dealers Cooperative,,,CHP90301TBB,,Appliances & Consumer Electronics>Kitchen Appliances>Major Appliances,"Appliance Dealers Cooperative, Cooktop, Café, CHP90301TBB, 30 in Width",COOKTOP 30IN,"Café CHP90301TBB Cooktop, 30 in Width","Cooktop, Café, 30 in Width","Café Cooktop, 30 in Width",,30 in,,,,,,,,,,,,,,,,,,,,,,,,,Cooktop,Product Name,cooktop,,Series,Café,,Capacity,,,Voltage Rating,,,Amperage Rating,,,Width,30,in,Mounting Type,,,Fuel Type,,,Sound Level,,,Color,,,,,,,,,,,,,,,,,,,,,,,,,,,,,,,,,,,,,,,,,,,,,,,,,,,,,,,,,,,,,,,,,,,,,,,,,,,,,,,,,,,,,,,,,,,,,,,,,,,,,,,,,,,,,,,,,,,,,,,,,,,,,,52141500,,,,,,,,,,30,in,,,,,,,,,,,,,,,,,,,,,,,,,,,,,,,,
,,,,,,,Appliances,Large Appliances,Major Kitchen & Laundry Appliances,,CVM517P3RD1,CVM517P3RD1 Cafe Microwave Bk - Display,-- Unbranded --,-- No Unilog Brand --,-- No DIB Brand --,Appliance Dealers Cooperative (APPDE),Appliance Dealers Cooperative,,,CVM517P3RD1,,Appliances & Consumer Electronics>Kitchen Appliances>Major Appliances,"Appliance Dealers Cooperative, Microwave, Cafe, CVM517P3RD1",MICROWAVE,Cafe CVM517P3RD1 Microwave,"Microwave, Cafe",Cafe Microwave,,,,,,,,,,,,,,,,,,,,,,,,,,,Microwave,Product Name,microwave,,Series,Cafe,,Capacity,,,Voltage Rating,,,Amperage Rating,,,Width,,,Mounting Type,,,Fuel Type,,,Sound Level,,,Color,,,,,,,,,,,,,,,,,,,,,,,,,,,,,,,,,,,,,,,,,,,,,,,,,,,,,,,,,,,,,,,,,,,,,,,,,,,,,,,,,,,,,,,,,,,,,,,,,,,,,,,,,,,,,,,,,,,,,,,,,,,,,,52141500,,,,,,,,,,,,,,,,,,,,,,,,,,,,,,,,,,,,,,,,,,,
,,,,,,,Appliances,Large Appliances,Major Kitchen & Laundry Appliances,,PMOS1980AF,PMOS1980AF OTR Microwave SS - Display Only,-- Unbranded --,-- No Unilog Brand --,-- No DIB Brand --,Appliance Dealers Cooperative (APPDE),Appliance Dealers Cooperative,,,PMOS1980AF,,Appliances & Consumer Electronics>Kitchen Appliances>Major Appliances,"Appliance Dealers Cooperative, Microwave, PMOS1980AF, OTR Mounting Type",MICROWAVE OTR,"PMOS1980AF Microwave, OTR Mounting Type","Microwave, OTR Mounting Type","Microwave, OTR Mounting Type",,,,,,,,,,,,,,,,,,,,,,,,,,,Microwave,Product Name,microwave,,Series,,,Capacity,,,Voltage Rating,,,Amperage Rating,,,Width,,,Mounting Type,OTR,,Fuel Type,,,Sound Level,,,Color,,,,,,,,,,,,,,,,,,,,,,,,,,,,,,,,,,,,,,,,,,,,,,,,,,,,,,,,,,,,,,,,,,,,,,,,,,,,,,,,,,,,,,,,,,,,,,,,,,,,,,,,,,,,,,,,,,,,,,,,,,,,,,52141500,,,,,,,,,,,,,,,,,,,,,,,,,,,,,,,,,,,,,,,,,,,
,,,,,,,,,,,WMMS3330RZ,WMMS3330RZ OTR Mocrowave SS - Display Only,-- Unbranded --,-- No Unilog Brand --,-- No DIB Brand --,Appliance Dealers Cooperative (APPDE),Appliance Dealers Cooperative,WMMS3330RZ,,WMMS3330RZ,,,,,,,,,,,,,,,,,,,,,,,,,,,,,,,,,,,Product Name,,,Brand,WMMS3330RZ,,Material,316 stainless steel,,Color,Display Only,,Size,,,Quantity,,,,,,,,,,,,,,,,,,,,,,,,,,,,,,,,,,,,,,,,,,,,,,,,,,,,,,,,,,,,,,,,,,,,,,,,,,,,,,,,,,,,,,,,,,,,,,,,,,,,,,,,,,,,,,,,,,,,,,,,,,,,,,,,,,,,,,,,,,,,,,,,,,,,,,,,,,,,,,,,,,,,,,,,,,,,,,,,,,,,,
,,,,,,,Appliances,Large Appliances,Major Kitchen & Laundry Appliances,,KMMF530PBE,KMMF530PBE OTR Microwave BO Display Only,-- Unbranded --,-- No Unilog Brand --,-- No DIB Brand --,Appliance Dealers Cooperative (APPDE),Appliance Dealers Cooperative,,,KMMF530PBE,,Appliances & Consumer Electronics>Kitchen Appliances>Major Appliances,"Appliance Dealers Cooperative, Microwave, BO, KMMF530PBE, OTR Mounting Type",MICROWAVE OTR,"BO KMMF530PBE Microwave, OTR Mounting Type","Microwave, BO, OTR Mounting Type","BO Microwave, OTR Mounting Type",,,,,,,,,,,,,,,,,,,,,,,,,,,Microwave,Product Name,microwave,,Series,BO,,Capacity,,,Voltage Rating,,,Amperage Rating,,,Width,,,Mounting Type,OTR,,Fuel Type,,,Sound Level,,,Color,,,,,,,,,,,,,,,,,,,,,,,,,,,,,,,,,,,,,,,,,,,,,,,,,,,,,,,,,,,,,,,,,,,,,,,,,,,,,,,,,,,,,,,,,,,,,,,,,,,,,,,,,,,,,,,,,,,,,,,,,,,,,,52141500,,,,,,,,,,,,,,,,,,,,,,,,,,,,,,,,,,,,,,,,,,,
,,,,,,,Appliances,Large Appliances,Major Kitchen & Laundry Appliances,,JXGRILL1,JXGRILL1 GE Range Grill,-- Unbranded --,-- No Unilog Brand --,-- No DIB Brand --,Appliance Dealers Cooperative (APPDE),Appliance Dealers Cooperative,,,JXGRILL1,,Appliances & Consumer Electronics>Kitchen Appliances>Major Appliances,"Appliance Dealers Cooperative, Range, JXGRILL1, JXGRILL1",RANGE,JXGRILL1 JXGRILL1 Range,"Range, JXGRILL1",JXGRILL1 Range,,,,,,,,,,,,,,,,,,,,,,,,,,,Range,Product Name,range,,Series,JXGRILL1,,Capacity,,,Voltage Rating,,,Amperage Rating,,,Width,,,Mounting Type,,,Fuel Type,,,Sound Level,,,Color,,,,,,,,,,,,,,,,,,,,,,,,,,,,,,,,,,,,,,,,,,,,,,,,,,,,,,,,,,,,,,,,,,,,,,,,,,,,,,,,,,,,,,,,,,,,,,,,,,,,,,,,,,,,,,,,,,,,,,,,,,,,,,52141500,,,,,,,,,,,,,,,,,,,,,,,,,,,,,,,,,,,,,,,,,,,
,,,,,,,,,,,C9TMA2S3PD3,C9TMA2S3PD3 Café Toaster MB,-- Unbranded --,-- No Unilog Brand --,-- No DIB Brand --,Appliance Dealers Cooperative (APPDE),Appliance Dealers Cooperative,MB,,C9TMA2S3PD3,,,"Appliance Dealers Cooperative MB, Café Toaster, C9TMA2S3PD3",CAFÉ TOASTER,MB C9TMA2S3PD3 Café Toaster,MB Café Toaster,Café Toaster,,,,,,,,,,,,,,,,,,,,,,,,,,,Café Toaster,Product Name,Café Toaster,,Brand,MB,,Material,,,Color,,,Size,,,Quantity,,,,,,,,,,,,,,,,,,,,,,,,,,,,,,,,,,,,,,,,,,,,,,,,,,,,,,,,,,,,,,,,,,,,,,,,,,,,,,,,,,,,,,,,,,,,,,,,,,,,,,,,,,,,,,,,,,,,,,,,,,,,,,,,,,,,,,,,,,,,,,,,,,,,,,,,,,,,,,,,,,,,,,,,,,,,,,,,,,,,,
,,,,,,,,,,,C9TMA2S4PW3,C9TMA2S4PW3 Café Toaster MW,-- Unbranded --,-- No Unilog Brand --,-- No DIB Brand --,Appliance Dealers Cooperative (APPDE),Appliance Dealers Cooperative,C9TMA2S4PW3,,C9TMA2S4PW3,,,"Appliance Dealers Cooperative C9TMA2S4PW3, Café Toaster, C9TMA2S4PW3",CAFÉ TOASTER,C9TMA2S4PW3 C9TMA2S4PW3 Café Toaster,C9TMA2S4PW3 Café Toaster,Café Toaster,,,,,,,,,,,,,,,,,,,,,,,,,,,Café Toaster,Product Name,Café Toaster,,Brand,C9TMA2S4PW3,,Material,,,Color,,,Size,,,Quantity,,,,,,,,,,,,,,,,,,,,,,,,,,,,,,,,,,,,,,,,,,,,,,,,,,,,,,,,,,,,,,,,,,,,,,,,,,,,,,,,,,,,,,,,,,,,,,,,,,,,,,,,,,,,,,,,,,,,,,,,,,,,,,,,,,,,,,,,,,,,,,,,,,,,,,,,,,,,,,,,,,,,,,,,,,,,,,,,,,,,,
,,,,,,,Appliances,Large Appliances,Major Kitchen & Laundry Appliances,,C90AAAS2RS3,C90AAAS2RS3 Cafe Toast Oven SS,-- Unbranded --,-- No Unilog Brand --,-- No DIB Brand --,Appliance Dealers Cooperative (APPDE),Appliance Dealers Cooperative,,,C90AAAS2RS3,,Appliances & Consumer Electronics>Kitchen Appliances>Major Appliances,"Appliance Dealers Cooperative, Cafe Toast Oven, Cafe, C90AAAS2RS3",CAFE TOAST OVEN SST,"Cafe C90AAAS2RS3 Cafe Toast Oven, stainless steel","Cafe Toast Oven, Cafe, stainless steel","Cafe Cafe Toast Oven, stainless steel",,,,,,,,,,,,,,,,,,,,,,,,,,,Cafe Toast Oven,Product Name,Cafe Toast Oven,,Series,Cafe,,Capacity,,,Voltage Rating,,,Amperage Rating,,,Width,,,Mounting Type,,,Fuel Type,,,Sound Level,,,Color,stainless steel,,,,,,,,,,,,,,,,,,,,,,,,,,,,,,,,,,,,,,,,,,,,,,,,,,,,,,,,,,,,,,,,,,,,,,,,,,,,,,,,,,,,,,,,,,,,,,,,,,,,,,,,,,,,,,,,,,,,,,,,,,,,,52141500,,,,,,,,,,,,,,,,,,,,,,,,,,,,,,,,,,,,,,,,,,,
,,,,,,,,,,,C9TMA2SP2PS3,C9TMA2S2PS3 Cafe Toaster SS,-- Unbranded --,-- No Unilog Brand --,-- No DIB Brand --,Appliance Dealers Cooperative (APPDE),Appliance Dealers Cooperative,C9TMA2S2PS3,,C9TMA2SP2PS3,,,"Appliance Dealers Cooperative C9TMA2S2PS3, Cafe Toaster, C9TMA2SP2PS3",CAFE TOASTER,"C9TMA2S2PS3 C9TMA2SP2PS3 Cafe Toaster, 316 stainless steel","C9TMA2S2PS3 Cafe Toaster, 316 stainless steel","Cafe Toaster, 316 stainless steel",,,,,,,,,,,,,,,,,,,,,,,,,,,Cafe Toaster,Product Name,Cafe Toaster,,Brand,C9TMA2S2PS3,,Material,316 stainless steel,,Color,,,Size,,,Quantity,,,,,,,,,,,,,,,,,,,,,,,,,,,,,,,,,,,,,,,,,,,,,,,,,,,,,,,,,,,,,,,,,,,,,,,,,,,,,,,,,,,,,,,,,,,,,,,,,,,,,,,,,,,,,,,,,,,,,,,,,,,,,,,,,,,,,,,,,,,,,,,,,,,,,,,,,,,,,,,,,,,,,,,,,,,,,,,,,,,,,
,,,,,,,Appliances,Large Appliances,Major Kitchen & Laundry Appliances,,GDE21EMKES,GDE21EMKES GE 21CF Fridge SL Display Only,-- Unbranded --,-- No Unilog Brand --,-- No DIB Brand --,Appliance Dealers Cooperative (APPDE),Appliance Dealers Cooperative,,,GDE21EMKES,,Appliances & Consumer Electronics>Kitchen Appliances>Major Appliances,"Appliance Dealers Cooperative, Fridge, SL, GDE21EMKES, 21 CF Capacity",FRIDGE 21CF,"SL GDE21EMKES Fridge, 21 CF Capacity, Display Only","Fridge, SL, 21 CF Capacity, Display Only","SL Fridge, 21 CF Capacity, Display Only",,21 CF,,,,,,,,,,,,,,,,,,,,,,,,,Fridge,Product Name,Fridge,,Series,SL,,Capacity,21,CF,Voltage Rating,,,Amperage Rating,,,Width,,,Mounting Type,,,Fuel Type,,,Sound Level,,,Color,Display Only,,,,,,,,,,,,,,,,,,,,,,,,,,,,,,,,,,,,,,,,,,,,,,,,,,,,,,,,,,,,,,,,,,,,,,,,,,,,,,,,,,,,,,,,,,,,,,,,,,,,,,,,,,,,,,,,,,,,,,,,,,,,,52141500,,,,,,,,,,,,,,21,CF,,,,,,,,,,,,,,,,,,,,,,,,,,,,
,,,,,,,Appliances,Large Appliances,Major Kitchen & Laundry Appliances,,FCM16SLWW,FCM16SLWW 16CF GE Freezer Chest MH,-- Unbranded --,-- No Unilog Brand --,-- No DIB Brand --,Appliance Dealers Cooperative (APPDE),Appliance Dealers Cooperative,,,FCM16SLWW,,Appliances & Consumer Electronics>Kitchen Appliances>Major Appliances,"Appliance Dealers Cooperative, Freezer, FCM16SLWW, 16 CF Capacity",FREEZER 16CF MH MH MH MH WW,"FCM16SLWW Freezer, 16 CF Capacity, MH Voltage Rating, MH Amperage Rating, MH Fuel Type, MH Sound Level, WW","Freezer, 16 CF Capacity, MH Voltage Rating, MH Amperage Rating, MH Fuel Type, MH Sound Level, WW","Freezer, 16 CF Capacity, MH Voltage Rating, MH Amperage Rating, MH Fuel Type, MH Sound Level, WW",,16 CF,,,,,,,,,,,,,,,,,,,,,,,,,Freezer,Product Name,freezer,,Series,,,Capacity,16,CF,Voltage Rating,MH,,Amperage Rating,MH,,Width,,,Mounting Type,,,Fuel Type,MH,,Sound Level,MH,,Color,WW,,,,,,,,,,,,,,,,,,,,,,,,,,,,,,,,,,,,,,,,,,,,,,,,,,,,,,,,,,,,,,,,,,,,,,,,,,,,,,,,,,,,,,,,,,,,,,,,,,,,,,,,,,,,,,,,,,,,,,,,,,,,,52141500,,,,,,,,,,,,,,16,CF,,,,,,,,,,,,,,,,,,,,,,,,,,,,
,,,,,,,Appliances,Large Appliances,Major Kitchen & Laundry Appliances,,GNE27JYMFS,GNE27JYMFS GE Fridge SS,-- Unbranded --,-- No Unilog Brand --,-- No DIB Brand --,Appliance Dealers Cooperative (APPDE),Appliance Dealers Cooperative,,,GNE27JYMFS,,Appliances & Consumer Electronics>Kitchen Appliances>Major Appliances,"Appliance Dealers Cooperative, Fridge, GNE27JYMFS",FRIDGE,GNE27JYMFS Fridge,Fridge,Fridge,,,,,,,,,,,,,,,,,,,,,,,,,,,Fridge,Product Name,Fridge,,Series,,,Capacity,,,Voltage Rating,,,Amperage Rating,,,Width,,,Mounting Type,,,Fuel Type,,,Sound Level,,,Color,,,,,,,,,,,,,,,,,,,,,,,,,,,,,,,,,,,,,,,,,,,,,,,,,,,,,,,,,,,,,,,,,,,,,,,,,,,,,,,,,,,,,,,,,,,,,,,,,,,,,,,,,,,,,,,,,,,,,,,,,,,,,,52141500,,,,,,,,,,,,,,,,,,,,,,,,,,,,,,,,,,,,,,,,,,,
,,,,,,,,,,,CVE28DP3ND1,CVE28DP3ND1 Cafe Fridge Bk,-- Unbranded --,-- No Unilog Brand --,-- No DIB Brand --,Appliance Dealers Cooperative (APPDE),Appliance Dealers Cooperative,CVE28DP3ND1,,CVE28DP3ND1,,,"Appliance Dealers Cooperative CVE28DP3ND1, Cafe Fridge, CVE28DP3ND1",CAFE FRIDGE BLK,"CVE28DP3ND1 CVE28DP3ND1 Cafe Fridge, black","CVE28DP3ND1 Cafe Fridge, black","Cafe Fridge, black",,,,,,,,,,,,,,,,,,,,,,,,,,,Cafe Fridge,Product Name,Cafe Fridge,,Brand,CVE28DP3ND1,,Material,,,Color,black,,Size,,,Quantity,,,,,,,,,,,,,,,,,,,,,,,,,,,,,,,,,,,,,,,,,,,,,,,,,,,,,,,,,,,,,,,,,,,,,,,,,,,,,,,,,,,,,,,,,,,,,,,,,,,,,,,,,,,,,,,,,,,,,,,,,,,,,,,,,,,,,,,,,,,,,,,,,,,,,,,,,,,,,,,,,,,,,,,,,,,,,,,,,,,,,
,,,,,,,Appliances,Large Appliances,Major Kitchen & Laundry Appliances,,GNE25JMKES,GNE25JMKES GE Fridge Slate - Display,-- Unbranded --,-- No Unilog Brand --,-- No DIB Brand --,Appliance Dealers Cooperative (APPDE),Appliance Dealers Cooperative,,,GNE25JMKES,,Appliances & Consumer Electronics>Kitchen Appliances>Major Appliances,"Appliance Dealers Cooperative, Fridge, Slate, GNE25JMKES, Display Mounting Type",FRIDGE DISPLAY,"Slate GNE25JMKES Fridge, Display Mounting Type","Fridge, Slate, Display Mounting Type","Slate Fridge, Display Mounting Type",,,,,,,,,,,,,,,,,,,,,,,,,,,Fridge,Product Name,Fridge,,Series,Slate,,Capacity,,,Voltage Rating,,,Amperage Rating,,,Width,,,Mounting Type,Display,,Fuel Type,,,Sound Level,,,Color,,,,,,,,,,,,,,,,,,,,,,,,,,,,,,,,,,,,,,,,,,,,,,,,,,,,,,,,,,,,,,,,,,,,,,,,,,,,,,,,,,,,,,,,,,,,,,,,,,,,,,,,,,,,,,,,,,,,,,,,,,,,,,52141500,,,,,,,,,,,,,,,,,,,,,,,,,,,,,,,,,,,,,,,,,,,
,,,,,,,Appliances,Large Appliances,Major Kitchen & Laundry Appliances,,PRFS2883AF,"PRFS2883AF 36"" Fridge SS - Display Only",-- Unbranded --,-- No Unilog Brand --,-- No DIB Brand --,Appliance Dealers Cooperative (APPDE),Appliance Dealers Cooperative,,,PRFS2883AF,,Appliances & Consumer Electronics>Kitchen Appliances>Major Appliances,"Appliance Dealers Cooperative, Fridge, PRFS2883AF, 36 in Width",FRIDGE 36IN,"PRFS2883AF Fridge, 36 in Width, Display Only Mounting Type","Fridge, 36 in Width, Display Only Mounting Type","Fridge, 36 in Width, Display Only Mounting Type",,36 in,,,,,,,,,,,,,,,,,,,,,,,,,Fridge,Product Name,Fridge,,Series,,,Capacity,,,Voltage Rating,,,Amperage Rating,,,Width,36,in,Mounting Type,Display Only,,Fuel Type,,,Sound Level,,,Color,,,,,,,,,,,,,,,,,,,,,,,,,,,,,,,,,,,,,,,,,,,,,,,,,,,,,,,,,,,,,,,,,,,,,,,,,,,,,,,,,,,,,,,,,,,,,,,,,,,,,,,,,,,,,,,,,,,,,,,,,,,,,,52141500,,,,,,,,,,36,in,,,,,,,,,,,,,,,,,,,,,,,,,,,,,,,,
,,,,,,,Appliances,Large Appliances,Major Kitchen & Laundry Appliances,,PAD28BYTFS,PAD28BYTFS GE Fridge SS,-- Unbranded --,-- No Unilog Brand --,-- No DIB Brand --,Appliance Dealers Cooperative (APPDE),Appliance Dealers Cooperative,,,PAD28BYTFS,,Appliances & Consumer Electronics>Kitchen Appliances>Major Appliances,"Appliance Dealers Cooperative, Fridge, PAD28BYTFS",FRIDGE,PAD28BYTFS Fridge,Fridge,Fridge,,,,,,,,,,,,,,,,,,,,,,,,,,,Fridge,Product Name,Fridge,,Series,,,Capacity,,,Voltage Rating,,,Amperage Rating,,,Width,,,Mounting Type,,,Fuel Type,,,Sound Level,,,Color,,,,,,,,,,,,,,,,,,,,,,,,,,,,,,,,,,,,,,,,,,,,,,,,,,,,,,,,,,,,,,,,,,,,,,,,,,,,,,,,,,,,,,,,,,,,,,,,,,,,,,,,,,,,,,,,,,,,,,,,,,,,,,52141500,,,,,,,,,,,,,,,,,,,,,,,,,,,,,,,,,,,,,,,,,,,
,,,,,,,Appliances,Large Appliances,Major Kitchen & Laundry Appliances,,PGE29BYTFS,PGE29BYTFS GE Fridge SS,-- Unbranded --,-- No Unilog Brand --,-- No DIB Brand --,Appliance Dealers Cooperative (APPDE),Appliance Dealers Cooperative,,,PGE29BYTFS,,Appliances & Consumer Electronics>Kitchen Appliances>Major Appliances,"Appliance Dealers Cooperative, Fridge, PGE29BYTFS, stainless steel",FRIDGE SST,"PGE29BYTFS Fridge, stainless steel","Fridge, stainless steel","Fridge, stainless steel",,,,,,,,,,,,,,,,,,,,,,,,,,,Fridge,Product Name,Fridge,,Series,,,Capacity,,,Voltage Rating,,,Amperage Rating,,,Width,,,Mounting Type,,,Fuel Type,,,Sound Level,,,Color,stainless steel,,,,,,,,,,,,,,,,,,,,,,,,,,,,,,,,,,,,,,,,,,,,,,,,,,,,,,,,,,,,,,,,,,,,,,,,,,,,,,,,,,,,,,,,,,,,,,,,,,,,,,,,,,,,,,,,,,,,,,,,,,,,,52141500,,,,,,,,,,,,,,,,,,,,,,,,,,,,,,,,,,,,,,,,,,,
,,,,,,,,,,,ERFD19CGCS,ERFD19CGCS Element Fridge SS,-- Unbranded --,-- No Unilog Brand --,-- No DIB Brand --,Appliance Dealers Cooperative (APPDE),Appliance Dealers Cooperative,ERFD19CGCS,,ERFD19CGCS,,,"Appliance Dealers Cooperative ERFD19CGCS, Element Fridge, ERFD19CGCS",ELEMENT FRIDGE,"ERFD19CGCS ERFD19CGCS Element Fridge, 316 stainless steel","ERFD19CGCS Element Fridge, 316 stainless steel","Element Fridge, 316 stainless steel",,,,,,,,,,,,,,,,,,,,,,,,,,,Element Fridge,Product Name,Element Fridge,,Brand,ERFD19CGCS,,Material,316 stainless steel,,Color,,,Size,,,Quantity,,,,,,,,,,,,,,,,,,,,,,,,,,,,,,,,,,,,,,,,,,,,,,,,,,,,,,,,,,,,,,,,,,,,,,,,,,,,,,,,,,,,,,,,,,,,,,,,,,,,,,,,,,,,,,,,,,,,,,,,,,,,,,,,,,,,,,,,,,,,,,,,,,,,,,,,,,,,,,,,,,,,,,,,,,,,,,,,,,,,,
,,,,,,,,,,,LT18S2100W,LT18S2100W LG Fridge Wh,-- Unbranded --,-- No Unilog Brand --,-- No DIB Brand --,Appliance Dealers Cooperative (APPDE),Appliance Dealers Cooperative,LG,,LT18S2100W,,,"Appliance Dealers Cooperative LG, Fridge, LT18S2100W",FRIDGE,LG LT18S2100W Fridge,LG Fridge,Fridge,,,,,,,,,,,,,,,,,,,,,,,,,,,Fridge,Product Name,Fridge,,Brand,LG,,Material,,,Color,,,Size,,,Quantity,,,,,,,,,,,,,,,,,,,,,,,,,,,,,,,,,,,,,,,,,,,,,,,,,,,,,,,,,,,,,,,,,,,,,,,,,,,,,,,,,,,,,,,,,,,,,,,,,,,,,,,,,,,,,,,,,,,,,,,,,,,,,,,,,,,,,,,,,,,,,,,,,,,,,,,,,,,,,,,,,,,,,,,,,,,,,,,,,,,,,
,,,,,,,Appliances,Large Appliances,Major Kitchen & Laundry Appliances,,LT18S2100SS,LT18S2100S 18CF LG Fridge SS,-- Unbranded --,-- No Unilog Brand --,-- No DIB Brand --,Appliance Dealers Cooperative (APPDE),Appliance Dealers Cooperative,,,LT18S2100SS,,Appliances & Consumer Electronics>Kitchen Appliances>Major Appliances,"Appliance Dealers Cooperative, Fridge, LT18S2100S, LT18S2100SS",FRIDGE 18CF SST,"LT18S2100S LT18S2100SS Fridge, 18 CF Capacity, stainless steel","Fridge, LT18S2100S, 18 CF Capacity, stainless steel","LT18S2100S Fridge, 18 CF Capacity, stainless steel",,18 CF,,,,,,,,,,,,,,,,,,,,,,,,,Fridge,Product Name,Fridge,,Series,LT18S2100S,,Capacity,18,CF,Voltage Rating,,,Amperage Rating,,,Width,,,Mounting Type,,,Fuel Type,,,Sound Level,,,Color,stainless steel,,,,,,,,,,,,,,,,,,,,,,,,,,,,,,,,,,,,,,,,,,,,,,,,,,,,,,,,,,,,,,,,,,,,,,,,,,,,,,,,,,,,,,,,,,,,,,,,,,,,,,,,,,,,,,,,,,,,,,,,,,,,,52141500,,,,,,,,,,,,,,18,CF,,,,,,,,,,,,,,,,,,,,,,,,,,,,
,,,,,,,Appliances,Large Appliances,Major Kitchen & Laundry Appliances,,EUF17CDBW,EUF17CDBW Element 17CF Freezer - Upright,-- Unbranded --,-- No Unilog Brand --,-- No DIB Brand --,Appliance Dealers Cooperative (APPDE),Appliance Dealers Cooperative,,,EUF17CDBW,,Appliances & Consumer Electronics>Kitchen Appliances>Major Appliances,"Appliance Dealers Cooperative, Freezer, Element, EUF17CDBW, 17 CF Capacity",FREEZER 17CF,"Element EUF17CDBW Freezer, 17 CF Capacity","Freezer, Element, 17 CF Capacity","Element Freezer, 17 CF Capacity",,17 CF,,,,,,,,,,,,,,,,,,,,,,,,,Freezer,Product Name,freezer,,Series,Element,,Capacity,17,CF,Voltage Rating,,,Amperage Rating,,,Width,,,Mounting Type,,,Fuel Type,,,Sound Level,,,Color,,,,,,,,,,,,,,,,,,,,,,,,,,,,,,,,,,,,,,,,,,,,,,,,,,,,,,,,,,,,,,,,,,,,,,,,,,,,,,,,,,,,,,,,,,,,,,,,,,,,,,,,,,,,,,,,,,,,,,,,,,,,,,52141500,,,,,,,,,,,,,,17,CF,,,,,,,,,,,,,,,,,,,,,,,,,,,,
,,,,,,,Appliances,Large Appliances,Major Kitchen & Laundry Appliances,,EUF21CDBW,EUF21CDBW Element 21CF Freezer - Upright,-- Unbranded --,-- No Unilog Brand --,-- No DIB Brand --,Appliance Dealers Cooperative (APPDE),Appliance Dealers Cooperative,,,EUF21CDBW,,Appliances & Consumer Electronics>Kitchen Appliances>Major Appliances,"Appliance Dealers Cooperative, Freezer, Element, EUF21CDBW, 21 CF Capacity",FREEZER 21CF UPRIGHT,"Element EUF21CDBW Freezer, 21 CF Capacity, Upright Mounting Type","Freezer, Element, 21 CF Capacity, Upright Mounting Type","Element Freezer, 21 CF Capacity, Upright Mounting Type",,21 CF,,,,,,,,,,,,,,,,,,,,,,,,,Freezer,Product Name,freezer,,Series,Element,,Capacity,21,CF,Voltage Rating,,,Amperage Rating,,,Width,,,Mounting Type,Upright,,Fuel Type,,,Sound Level,,,Color,,,,,,,,,,,,,,,,,,,,,,,,,,,,,,,,,,,,,,,,,,,,,,,,,,,,,,,,,,,,,,,,,,,,,,,,,,,,,,,,,,,,,,,,,,,,,,,,,,,,,,,,,,,,,,,,,,,,,,,,,,,,,,52141500,,,,,,,,,,,,,,21,CF,,,,,,,,,,,,,,,,,,,,,,,,,,,,
,,,,,,,,,,,TP-1935,TP-1935 Hole Drilling System,-- Unbranded --,-- No Unilog Brand --,-- No DIB Brand --,-,,TP-1935,,TP-1935,,,"TP-1935, Hole Drilling System, TP-1935",HOLE DRILLING SYSTEM,TP-1935 TP-1935 Hole Drilling System,TP-1935 Hole Drilling System,Hole Drilling System,,,,,,,,,,,,,,,,,,,,,,,,,,,Hole Drilling System,Product Name,Hole Drilling System,,Brand,TP-1935,,Material,,,Color,,,Size,,,Quantity,,,,,,,,,,,,,,,,,,,,,,,,,,,,,,,,,,,,,,,,,,,,,,,,,,,,,,,,,,,,,,,,,,,,,,,,,,,,,,,,,,,,,,,,,,,,,,,,,,,,,,,,,,,,,,,,,,,,,,,,,,,,,,,,,,,,,,,,,,,,,,,,,,,,,,,,,,,,,,,,,,,,,,,,,,,,,,,,,,,,,
,,,,,,,,,,,K527APBXR,"K527APBXR Senco .131x3"" SM BB - 500CT",-- Unbranded --,-- No Unilog Brand --,-- No DIB Brand --,Senco Products Inc (4650),Senco Products Inc,Senco,,K527APBXR,,,"Senco, Senco, K527APBXR, .131x3"" SM BB, 500CT Quantity",SENCO 500CT,"Senco K527APBXR Senco, .131x3"" SM BB, 500CT Quantity","Senco Senco, .131x3"" SM BB, 500CT Quantity","Senco, .131x3"" SM BB, 500CT Quantity",,,,,,,,,,,,,,,,,,,,,,,,,,,Senco,Product Name,Senco,,Brand,Senco,,Material,,,Color,,,Size,".131x3"" SM BB",,Quantity,500CT,,,,,,,,,,,,,,,,,,,,,,,,,,,,,,,,,,,,,,,,,,,,,,,,,,,,,,,,,,,,,,,,,,,,,,,,,,,,,,,,,,,,,,,,,,,,,,,,,,,,,,,,,,,,,,,,,,,,,,,,,,,,,,,,,,,,,,,,,,,,500,PK,,,,,,,,,,,,,,,,,,,,,,,,,,,,,,,,,,,,,,,
,,,,,,,,,,,603150,"603150 2-1/2"" Finish Nail 15GA - 4M",-- Unbranded --,-- No Unilog Brand --,-- No DIB Brand --,National Nail Corp (7439),National Nail Corp,,,603150,,,"National Nail Corp, Finish Nail, 603150, 4 m, 603150 2-1/2"" 15GA Quantity",FINISH NAIL 4M,"603150 Finish Nail, 4 m, 603150 2-1/2"" 15GA Quantity","Finish Nail, 4 m, 603150 2-1/2"" 15GA Quantity","Finish Nail, 4 m, 603150 2-1/2"" 15GA Quantity",,,,,,,,,,,,,,,,,,,,,,,,,,,Finish Nail,Product Name,Finish Nail,,Brand,,,Material,,,Color,,,Size,4,m,Quantity,"603150 2-1/2"" 15GA",,,,,,,,,,,,,,,,,,,,,,,,,,,,,,,,,,,,,,,,,,,,,,,,,,,,,,,,,,,,,,,,,,,,,,,,,,,,,,,,,,,,,,,,,,,,,,,,,,,,,,,,,,,,,,,,,,,,,,,,,,,,,,,,,,,,,,,,,,,,,,,,,,,,,,,,,,,,,,,,,,,,,,,,,,,,,,,,,,,,
,,,,,,,,,,,d10cnk,"D10CNK Prebena 1/2""x3/8"" - Staple",-- Unbranded --,-- No Unilog Brand --,-- No DIB Brand --,Prebena (PREBE),Prebena,Prebena,,d10cnk,,,"Prebena, Staple, d10cnk, 1/2""x3/8""",STAPLE,"Prebena d10cnk Staple, 1/2""x3/8""","Prebena Staple, 1/2""x3/8""","Staple, 1/2""x3/8""",,,,,,,,,,,,,,,,,,,,,,,,,,,Staple,Product Name,Staple,,Brand,Prebena,,Material,,,Color,,,Size,"1/2""x3/8""",,Quantity,,,,,,,,,,,,,,,,,,,,,,,,,,,,,,,,,,,,,,,,,,,,,,,,,,,,,,,,,,,,,,,,,,,,,,,,,,,,,,,,,,,,,,,,,,,,,,,,,,,,,,,,,,,,,,,,,,,,,,,,,,,,,,,,,,,,,,,,,,,,,,,,,,,,,,,,,,,,,,,,,,,,,,,,,,,,,,,,,,,,,
,,,,,,,,,,,e28cnkha,"E28CNKHA Prebena 2/4""x1 1/8"" - Staple",-- Unbranded --,-- No Unilog Brand --,-- No DIB Brand --,Prebena (PREBE),Prebena,Prebena,,e28cnkha,,,"Prebena, Staple, e28cnkha, 2/4""x1 1/8""",STAPLE,"Prebena e28cnkha Staple, 2/4""x1 1/8""","Prebena Staple, 2/4""x1 1/8""","Staple, 2/4""x1 1/8""",,,,,,,,,,,,,,,,,,,,,,,,,,,Staple,Product Name,Staple,,Brand,Prebena,,Material,,,Color,,,Size,"2/4""x1 1/8""",,Quantity,,,,,,,,,,,,,,,,,,,,,,,,,,,,,,,,,,,,,,,,,,,,,,,,,,,,,,,,,,,,,,,,,,,,,,,,,,,,,,,,,,,,,,,,,,,,,,,,,,,,,,,,,,,,,,,,,,,,,,,,,,,,,,,,,,,,,,,,,,,,,,,,,,,,,,,,,,,,,,,,,,,,,,,,,,,,,,,,,,,,,
,,,,,,,,,,,51334,"51334 44"" Wh Gilmour Fan",-- Unbranded --,-- No Unilog Brand --,-- No DIB Brand --,Hunter Fan Co (4381),Hunter Fan Co,Gilmour,,51334,,,"Hunter Fan Co Gilmour, Fan, 51334",FAN,Gilmour 51334 Fan,Gilmour Fan,Fan,,,,,,,,,,,,,,,,,,,,,,,,,,,Fan,Product Name,Fan,,Brand,Gilmour,,Material,,,Color,,,Size,,,Quantity,,,,,,,,,,,,,,,,,,,,,,,,,,,,,,,,,,,,,,,,,,,,,,,,,,,,,,,,,,,,,,,,,,,,,,,,,,,,,,,,,,,,,,,,,,,,,,,,,,,,,,,,,,,,,,,,,,,,,,,,,,,,,,,,,,,,,,,,,,,,,,,,,,,,,,,,,,,,,,,,,,,,,,,,,,,,,,,,,,,,,
,,,,,,,,,,,59210,"59210 52"" BZ Sent Hunter Fan",-- Unbranded --,-- No Unilog Brand --,Hunter,Hunter Fan Co (4381),Hunter Fan Co,Hunter,,59210,,,"Hunter, Sent Hunter Fan, 59210",SENT HUNTER FAN,Hunter 59210 Sent Hunter Fan,Hunter Sent Hunter Fan,Sent Hunter Fan,,,,,,,,,,,,,,,,,,,,,,,,,,,Sent Hunter Fan,Product Name,Sent Hunter Fan,,Brand,BZ,,Material,,,Color,,,Size,,,Quantity,,,,,,,,,,,,,,,,,,,,,,,,,,,,,,,,,,,,,,,,,,,,,,,,,,,,,,,,,,,,,,,,,,,,,,,,,,,,,,,,,,,,,,,,,,,,,,,,,,,,,,,,,,,,,,,,,,,,,,,,,,,,,,,,,,,,,,,,,,,,,,,,,,,,,,,,,,,,,,,,,,,,,,,,,,,,,,,,,,,,,
,,,,,,,,,,,52485,"52485 52"" MB Anisten Fan",-- Unbranded --,-- No Unilog Brand --,-- No DIB Brand --,Hunter Fan Co (4381),Hunter Fan Co,MB Anisten,,52485,,,"Hunter Fan Co MB Anisten, Fan, 52485",FAN,MB Anisten 52485 Fan,MB Anisten Fan,Fan,,,,,,,,,,,,,,,,,,,,,,,,,,,Fan,Product Name,Fan,,Brand,MB Anisten,,Material,,,Color,,,Size,,,Quantity,,,,,,,,,,,,,,,,,,,,,,,,,,,,,,,,,,,,,,,,,,,,,,,,,,,,,,,,,,,,,,,,,,,,,,,,,,,,,,,,,,,,,,,,,,,,,,,,,,,,,,,,,,,,,,,,,,,,,,,,,,,,,,,,,,,,,,,,,,,,,,,,,,,,,,,,,,,,,,,,,,,,,,,,,,,,,,,,,,,,,
,,,,,,,,,,,52486,"52486 44"" MB Anisten Fan",-- Unbranded --,-- No Unilog Brand --,-- No DIB Brand --,Hunter Fan Co (4381),Hunter Fan Co,MB Anisten,,52486,,,"Hunter Fan Co MB Anisten, Fan, 52486",FAN,MB Anisten 52486 Fan,MB Anisten Fan,Fan,,,,,,,,,,,,,,,,,,,,,,,,,,,Fan,Product Name,Fan,,Brand,MB Anisten,,Material,,,Color,,,Size,,,Quantity,,,,,,,,,,,,,,,,,,,,,,,,,,,,,,,,,,,,,,,,,,,,,,,,,,,,,,,,,,,,,,,,,,,,,,,,,,,,,,,,,,,,,,,,,,,,,,,,,,,,,,,,,,,,,,,,,,,,,,,,,,,,,,,,,,,,,,,,,,,,,,,,,,,,,,,,,,,,,,,,,,,,,,,,,,,,,,,,,,,,,
,,,,,,,,,,,52487,"52487 52"" WH Anisten Fan",-- Unbranded --,-- No Unilog Brand --,-- No DIB Brand --,Hunter Fan Co (4381),Hunter Fan Co,Anisten,,52487,,,"Hunter Fan Co Anisten, Fan, 52487, white",FAN WHT,"Anisten 52487 Fan, white","Anisten Fan, white","Fan, white",,,,,,,,,,,,,,,,,,,,,,,,,,,Fan,Product Name,Fan,,Brand,Anisten,,Material,,,Color,white,,Size,,,Quantity,,,,,,,,,,,,,,,,,,,,,,,,,,,,,,,,,,,,,,,,,,,,,,,,,,,,,,,,,,,,,,,,,,,,,,,,,,,,,,,,,,,,,,,,,,,,,,,,,,,,,,,,,,,,,,,,,,,,,,,,,,,,,,,,,,,,,,,,,,,,,,,,,,,,,,,,,,,,,,,,,,,,,,,,,,,,,,,,,,,,,
,,,,,,,,,,,52488,"52488 44"" WH Anisten Fan",-- Unbranded --,-- No Unilog Brand --,-- No DIB Brand --,Hunter Fan Co (4381),Hunter Fan Co,Anisten,,52488,,,"Hunter Fan Co Anisten, Fan, 52488, white",FAN WHT,"Anisten 52488 Fan, white","Anisten Fan, white","Fan, white",,,,,,,,,,,,,,,,,,,,,,,,,,,Fan,Product Name,Fan,,Brand,Anisten,,Material,,,Color,white,,Size,,,Quantity,,,,,,,,,,,,,,,,,,,,,,,,,,,,,,,,,,,,,,,,,,,,,,,,,,,,,,,,,,,,,,,,,,,,,,,,,,,,,,,,,,,,,,,,,,,,,,,,,,,,,,,,,,,,,,,,,,,,,,,,,,,,,,,,,,,,,,,,,,,,,,,,,,,,,,,,,,,,,,,,,,,,,,,,,,,,,,,,,,,,,
,,,,,,,,,,,52655,"52655 52"" MB Xidane Hunter Fan",-- Unbranded --,-- No Unilog Brand --,-- No DIB Brand --,Hunter Fan Co (4381),Hunter Fan Co,Xidane,,52655,,,"Hunter Fan Co Xidane, Hunter Fan, 52655",HUNTER FAN,Xidane 52655 Hunter Fan,Xidane Hunter Fan,Hunter Fan,,,,,,,,,,,,,,,,,,,,,,,,,,,Hunter Fan,Product Name,Hunter Fan,,Brand,Xidane,,Material,,,Color,,,Size,,,Quantity,,,,,,,,,,,,,,,,,,,,,,,,,,,,,,,,,,,,,,,,,,,,,,,,,,,,,,,,,,,,,,,,,,,,,,,,,,,,,,,,,,,,,,,,,,,,,,,,,,,,,,,,,,,,,,,,,,,,,,,,,,,,,,,,,,,,,,,,,,,,,,,,,,,,,,,,,,,,,,,,,,,,,,,,,,,,,,,,,,,,,
,,,,,,,,,,,59261,"59261 52"" PB Cassius Fan",-- Unbranded --,-- No Unilog Brand --,-- No DIB Brand --,Hunter Fan Co (4381),Hunter Fan Co,PB Cassius,,59261,,,"Hunter Fan Co PB Cassius, Fan, 59261",FAN,PB Cassius 59261 Fan,PB Cassius Fan,Fan,,,,,,,,,,,,,,,,,,,,,,,,,,,Fan,Product Name,Fan,,Brand,PB Cassius,,Material,,,Color,,,Size,,,Quantity,,,,,,,,,,,,,,,,,,,,,,,,,,,,,,,,,,,,,,,,,,,,,,,,,,,,,,,,,,,,,,,,,,,,,,,,,,,,,,,,,,,,,,,,,,,,,,,,,,,,,,,,,,,,,,,,,,,,,,,,,,,,,,,,,,,,,,,,,,,,,,,,,,,,,,,,,,,,,,,,,,,,,,,,,,,,,,,,,,,,,
,,,,,,,,,,,51731,"51731 52"" MB Jetty Hunter Fan",-- Unbranded --,-- No Unilog Brand --,-- No DIB Brand --,Hunter Fan Co (4381),Hunter Fan Co,MB,,51731,,,"Hunter Fan Co MB, Jetty Hunter Fan, 51731",JETTY HUNTER FAN,MB 51731 Jetty Hunter Fan,MB Jetty Hunter Fan,Jetty Hunter Fan,,,,,,,,,,,,,,,,,,,,,,,,,,,Jetty Hunter Fan,Product Name,Jetty Hunter Fan,,Brand,MB,,Material,,,Color,,,Size,,,Quantity,,,,,,,,,,,,,,,,,,,,,,,,,,,,,,,,,,,,,,,,,,,,,,,,,,,,,,,,,,,,,,,,,,,,,,,,,,,,,,,,,,,,,,,,,,,,,,,,,,,,,,,,,,,,,,,,,,,,,,,,,,,,,,,,,,,,,,,,,,,,,,,,,,,,,,,,,,,,,,,,,,,,,,,,,,,,,,,,,,,,,
,,,,,,,Tools & Equipment,Power Tools,Cordless Tools,,XLC10ZW,XLC10ZW Makita 18V Cordless Vacuum (Bare),-- Unbranded --,-- No Unilog Brand --,-- No DIB Brand --,Makita Usa Inc (5142),Makita Usa Inc,,,XLC10ZW,,Tools & Equipment>Power Tools>Cordless Power Tools,"Makita Usa Inc, Vacuum, XLC10ZW, 18 V Voltage, 18V LXT Battery Platform",VACUUM 18V 18V LXT,"XLC10ZW Vacuum, 18 V Voltage, 18V LXT Battery Platform, bare tool Configuration","Vacuum, 18 V Voltage, 18V LXT Battery Platform, bare tool Configuration","Vacuum, 18 V Voltage, 18V LXT Battery Platform, bare tool Configuration",,18 V,,,,,,,,,,,,,,,,,,,,,,,,,Vacuum,Tool Type,vacuum,,Voltage,18,V,Battery Platform,18V LXT,,Configuration,bare tool,,Drive Size,,,No Load Speed,,,Motor Type,,,,,,,,,,,,,,,,,,,,,,,,,,,,,,,,,,,,,,,,,,,,,,,,,,,,,,,,,,,,,,,,,,,,,,,,,,,,,,,,,,,,,,,,,,,,,,,,,,,,,,,,,,,,,,,,,,,,,,,,,,,,,,,,,,,,,,,27112800,,,,,,,,,,,,,,,,,,,,,,,,,,,,,,,,,,,,,,,,,,,
,,,,,,,,,,,HS-DA,HS-DA Motion Driveway Alert,-- Unbranded --,-- No Unilog Brand --,-- No DIB Brand --,Sabre (9195),Sabre,,,HS-DA,,,"Sabre, Motion Driveway Alert, HS-DA",MOTION DRIVEWAY ALERT,HS-DA Motion Driveway Alert,Motion Driveway Alert,Motion Driveway Alert,,,,,,,,,,,,,,,,,,,,,,,,,,,Motion Driveway Alert,Product Name,Motion Driveway Alert,,Brand,,,Material,,,Color,,,Size,,,Quantity,,,,,,,,,,,,,,,,,,,,,,,,,,,,,,,,,,,,,,,,,,,,,,,,,,,,,,,,,,,,,,,,,,,,,,,,,,,,,,,,,,,,,,,,,,,,,,,,,,,,,,,,,,,,,,,,,,,,,,,,,,,,,,,,,,,,,,,,,,,,,,,,,,,,,,,,,,,,,,,,,,,,,,,,,,,,,,,,,,,,,
,,,,,,,,,,,73002252,Black Gate Gravity Latch RDI,-- Unbranded --,-- No Unilog Brand --,-- No DIB Brand --,-,,Black,,73002252,,,"Black, Gate Gravity Latch RDI, 73002252, Black",GATE GRAVITY LATCH RDI BLK,"Black 73002252 Gate Gravity Latch RDI, Black","Black Gate Gravity Latch RDI, Black","Gate Gravity Latch RDI, Black",,,,,,,,,,,,,,,,,,,,,,,,,,,Gate Gravity Latch RDI,Product Name,Gate Gravity Latch RDI,,Brand,Black,,Material,,,Color,Black,,Size,,,Quantity,,,,,,,,,,,,,,,,,,,,,,,,,,,,,,,,,,,,,,,,,,,,,,,,,,,,,,,,,,,,,,,,,,,,,,,,,,,,,,,,,,,,,,,,,,,,,,,,,,,,,,,,,,,,,,,,,,,,,,,,,,,,,,,,,,,,,,,,,,,,,,,,,,,,,,,,,,,,,,,,,,,,,,,,,,,,,,,,,,,,,
,,,,,,,,,,,48-22-8396R,48-22-8396R Milw 24oz Bottle - Insulated,-- Unbranded --,-- No Unilog Brand --,-- No DIB Brand --,Milwaukee Accessory (4031),Milwaukee Accessory,Milw,,48-22-8396R,,,"Milwaukee Accessory Milw, Bottle, 48-22-8396R, Insulated, 24 oz",BOTTLE 24OZ,"Milw 48-22-8396R Bottle, Insulated, 24 oz","Milw Bottle, Insulated, 24 oz","Bottle, Insulated, 24 oz",,,,,,,,,,,,,,,,,,,,,,,,,,,Bottle,Product Name,Bottle,,Brand,Milw,,Material,Insulated,,Color,,,Size,24,oz,Quantity,,,,,,,,,,,,,,,,,,,,,,,,,,,,,,,,,,,,,,,,,,,,,,,,,,,,,,,,,,,,,,,,,,,,,,,,,,,,,,,,,,,,,,,,,,,,,,,,,,,,,,,,,,,,,,,,,,,,,,,,,,,,,,,,,,,,,,,,,,,,,,,,,,,,,,,,,,,,,,,,,,,,,,,,,,,,,,,,,,,,,
,,,,,,,,,,,48-22-8397R,48-22-8397R Milw 36oz Bottle - Insulated,-- Unbranded --,-- No Unilog Brand --,-- No DIB Brand --,Milwaukee Accessory (4031),Milwaukee Accessory,Milw,,48-22-8397R,,,"Milwaukee Accessory Milw, Bottle, 48-22-8397R, Insulated, 36 oz",BOTTLE 36OZ,"Milw 48-22-8397R Bottle, Insulated, 36 oz","Milw Bottle, Insulated, 36 oz","Bottle, Insulated, 36 oz",,,,,,,,,,,,,,,,,,,,,,,,,,,Bottle,Product Name,Bottle,,Brand,Milw,,Material,Insulated,,Color,,,Size,36,oz,Quantity,,,,,,,,,,,,,,,,,,,,,,,,,,,,,,,,,,,,,,,,,,,,,,,,,,,,,,,,,,,,,,,,,,,,,,,,,,,,,,,,,,,,,,,,,,,,,,,,,,,,,,,,,,,,,,,,,,,,,,,,,,,,,,,,,,,,,,,,,,,,,,,,,,,,,,,,,,,,,,,,,,,,,,,,,,,,,,,,,,,,,
,,,,,,,Tools & Equipment,Power Tools,Cordless Tools,,DCGG581B,DCGG581B Dewalt 20V Grease Gun 2-Speed,-- Unbranded --,-- No Unilog Brand --,-- No DIB Brand --,Black & Decker/dewlt (2585),Black & Decker/dewlt,,,DCGG581B,,Tools & Equipment>Power Tools>Cordless Power Tools,"Black & Decker/dewlt, Grease Gun, DCGG581B, 20 V Voltage, 2-Speed Configuration",GREASE GUN 20V 20V MAX 2-SPEED,"DCGG581B Grease Gun, 20 V Voltage, 20V MAX Battery Platform, 2-Speed Configuration","Grease Gun, 20 V Voltage, 20V MAX Battery Platform, 2-Speed Configuration","Grease Gun, 20 V Voltage, 20V MAX Battery Platform, 2-Speed Configuration",,20 V,,,,,,,,,,,,,,,,,,,,,,,,,Grease Gun,Tool Type,grease gun,,Voltage,20,V,Battery Platform,20V MAX,,Configuration,2-Speed,,Drive Size,,,No Load Speed,,,Motor Type,,,,,,,,,,,,,,,,,,,,,,,,,,,,,,,,,,,,,,,,,,,,,,,,,,,,,,,,,,,,,,,,,,,,,,,,,,,,,,,,,,,,,,,,,,,,,,,,,,,,,,,,,,,,,,,,,,,,,,,,,,,,,,,,,,,,,,,27112800,,,,,,,,,,,,,,,,,,,,,,,,,,,,,,,,,,,,,,,,,,,
,,,,,,,Tools & Equipment,Power Tools,Cordless Tools,,DCGG581GD1,DCGG581GD1 Dewalt 20V Grease Gun 2-Speed Kit,-- Unbranded --,-- No Unilog Brand --,-- No DIB Brand --,Black & Decker/dewlt (2585),Black & Decker/dewlt,,,DCGG581GD1,,Tools & Equipment>Power Tools>Cordless Power Tools,"Black & Decker/dewlt, Grease Gun, DCGG581GD1, 20 V Voltage, kit Configuration",GREASE GUN 20V 20V MAX KIT,"DCGG581GD1 Grease Gun, 20 V Voltage, 20V MAX Battery Platform, kit Configuration","Grease Gun, 20 V Voltage, 20V MAX Battery Platform, kit Configuration","Grease Gun, 20 V Voltage, 20V MAX Battery Platform, kit Configuration",,20 V,,,,,,,,,,,,,,,,,,,,,,,,,Grease Gun,Tool Type,grease gun,,Voltage,20,V,Battery Platform,20V MAX,,Configuration,kit,,Drive Size,,,No Load Speed,,,Motor Type,,,,,,,,,,,,,,,,,,,,,,,,,,,,,,,,,,,,,,,,,,,,,,,,,,,,,,,,,,,,,,,,,,,,,,,,,,,,,,,,,,,,,,,,,,,,,,,,,,,,,,,,,,,,,,,,,,,,,,,,,,,,,,,,,,,,,,,27112800,,,,,,,,,,,,,,,,,,,,,,,,,,,,,,,,,,,,,,,,,,,
,,,,,,,,,,,DWST41092,"DWST41092 Dewalt Tool Chest 41"" Bottom",-- Unbranded --,-- No Unilog Brand --,-- No DIB Brand --,Black & Decker/dewlt (2585),Black & Decker/dewlt,Dewalt,,DWST41092,,,"Black & Decker/dewlt Dewalt, Tool Chest, DWST41092, 41"" Bottom",TOOL CHEST,"Dewalt DWST41092 Tool Chest, 41"" Bottom","Dewalt Tool Chest, 41"" Bottom","Tool Chest, 41"" Bottom",,,,,,,,,,,,,,,,,,,,,,,,,,,Tool Chest,Product Name,Tool Chest,,Brand,Dewalt,,Material,,,Color,,,Size,"41"" Bottom",,Quantity,,,,,,,,,,,,,,,,,,,,,,,,,,,,,,,,,,,,,,,,,,,,,,,,,,,,,,,,,,,,,,,,,,,,,,,,,,,,,,,,,,,,,,,,,,,,,,,,,,,,,,,,,,,,,,,,,,,,,,,,,,,,,,,,,,,,,,,,,,,,,,,,,,,,,,,,,,,,,,,,,,,,,,,,,,,,,,,,,,,,,
,,,,,,,Building Materials,Decking & Railing,Railing Systems & Components,,156436WHT,156436 Wh 4x4x120 Post Wrap,DSI Westbury,-- No Unilog Brand --,-- No DIB Brand --,Palmer Donavin Mfg Company (PALDO),Palmer Donavin Mfg Company,DSI Westbury,,156436WHT,,Building Materials>Decking & Porch>Railing,"Palmer Donavin Mfg Company DSI Westbury, Post Wrap, 156436WHT",POST WRAP 36IN 4X4X120 WH 4X4X120,"DSI Westbury 156436WHT Post Wrap, 36 in Height, 4x4x120, Wh Baluster Style, 4x4x120 Orientation, 4x4x120 Assembly","DSI Westbury Post Wrap, 36 in Height, 4x4x120, Wh Baluster Style, 4x4x120 Orientation, 4x4x120 Assembly","Post Wrap, 36 in Height, 4x4x120, Wh Baluster Style, 4x4x120 Orientation, 4x4x120 Assembly",,36 in,,,,,,,,,,,,,,,,,,,,,,,,,Post Wrap,Product Name,Post Wrap,,Length,,,Height,36,in,Material,4x4x120,,Baluster Style,Wh,,Orientation,4x4x120,,Color,,,Assembly,4x4x120,,,,,,,,,,,,,,,,,,,,,,,,,,,,,,,,,,,,,,,,,,,,,,,,,,,,,,,,,,,,,,,,,,,,,,,,,,,,,,,,,,,,,,,,,,,,,,,,,,,,,,,,,,,,,,,,,,,,,,,,,,,,,,,,,,,30151800,,,,,,,,36,in,,,,,,,,,,,,,,,,,,,,,,,,,,,,,,,,,,
,,,,,,,,,,,173950TBK,"4""x8'-6"" DSI SQ Black Alum Post Wrap",-- Unbranded --,-- No Unilog Brand --,-- No DIB Brand --,Palmer Donavin Mfg Company (PALDO),Palmer Donavin Mfg Company,DSI,,173950TBK,,,"Palmer Donavin Mfg Company DSI, Post Wrap, 173950TBK, aluminum","POST WRAP ALUM BLK 4""X8'-6""","DSI 173950TBK Post Wrap, aluminum, Black, 4""x8'-6""","DSI Post Wrap, aluminum, Black, 4""x8'-6""","Post Wrap, aluminum, Black, 4""x8'-6""",,,,,,,,,,,,,,,,,,,,,,,,,,,Post Wrap,Product Name,Post Wrap,,Brand,DSI,,Material,aluminum,,Color,Black,,Size,"4""x8'-6""",,Quantity,,,,,,,,,,,,,,,,,,,,,,,,,,,,,,,,,,,,,,,,,,,,,,,,,,,,,,,,,,,,,,,,,,,,,,,,,,,,,,,,,,,,,,,,,,,,,,,,,,,,,,,,,,,,,,,,,,,,,,,,,,,,,,,,,,,,,,,,,,,,,,,,,,,,,,,,,,,,,,,,,,,,,,,,,,,,,,,,,,,,,
,,,,,,,,,,,173951TBK,"6""x8'-6"" DSI SQ Black Alum Post Wrap",-- Unbranded --,-- No Unilog Brand --,-- No DIB Brand --,Palmer Donavin Mfg Company (PALDO),Palmer Donavin Mfg Company,DSI,,173951TBK,,,"Palmer Donavin Mfg Company DSI, Post Wrap, 173951TBK, aluminum","POST WRAP ALUM BLK 6""X8'-6"" 6""X8'-6""","DSI 173951TBK Post Wrap, aluminum, Black, 6""x8'-6"", 6""x8'-6"" Quantity","DSI Post Wrap, aluminum, Black, 6""x8'-6"", 6""x8'-6"" Quantity","Post Wrap, aluminum, Black, 6""x8'-6"", 6""x8'-6"" Quantity",,,,,,,,,,,,,,,,,,,,,,,,,,,Post Wrap,Product Name,Post Wrap,,Brand,DSI,,Material,aluminum,,Color,Black,,Size,"6""x8'-6""",,Quantity,"6""x8'-6""",,,,,,,,,,,,,,,,,,,,,,,,,,,,,,,,,,,,,,,,,,,,,,,,,,,,,,,,,,,,,,,,,,,,,,,,,,,,,,,,,,,,,,,,,,,,,,,,,,,,,,,,,,,,,,,,,,,,,,,,,,,,,,,,,,,,,,,,,,,,,,,,,,,,,,,,,,,,,,,,,,,,,,,,,,,,,,,,,,,,
,,,,,,,,,,,173952TBK,"6""x10' DSI SQ Black Alum Post Wrap",-- Unbranded --,-- No Unilog Brand --,-- No DIB Brand --,Palmer Donavin Mfg Company (PALDO),Palmer Donavin Mfg Company,DSI,,173952TBK,,,"Palmer Donavin Mfg Company DSI, Post Wrap, 173952TBK, aluminum","POST WRAP ALUM BLK 6""X10' 6""X10'","DSI 173952TBK Post Wrap, aluminum, Black, 6""x10', 6""x10' Quantity","DSI Post Wrap, aluminum, Black, 6""x10', 6""x10' Quantity","Post Wrap, aluminum, Black, 6""x10', 6""x10' Quantity",,,,,,,,,,,,,,,,,,,,,,,,,,,Post Wrap,Product Name,Post Wrap,,Brand,DSI,,Material,aluminum,,Color,Black,,Size,"6""x10'",,Quantity,"6""x10'",,,,,,,,,,,,,,,,,,,,,,,,,,,,,,,,,,,,,,,,,,,,,,,,,,,,,,,,,,,,,,,,,,,,,,,,,,,,,,,,,,,,,,,,,,,,,,,,,,,,,,,,,,,,,,,,,,,,,,,,,,,,,,,,,,,,,,,,,,,,,,,,,,,,,,,,,,,,,,,,,,,,,,,,,,,,,,,,,,,,
,,,,,,,,,,,1624157,TW52 WH INSIDE CAS VIN WRAPPED,ANDERSEN,-- No Unilog Brand --,-- No DIB Brand --,-,,ANDERSEN,,1624157,,,"ANDERSEN, TW52 WH INSIDE CAS VIN WRAPPED, 1624157",TW52 WH INSIDE CAS VIN WRAPPED,ANDERSEN 1624157 TW52 WH INSIDE CAS VIN WRAPPED,ANDERSEN TW52 WH INSIDE CAS VIN WRAPPED,TW52 WH INSIDE CAS VIN WRAPPED,,,,,,,,,,,,,,,,,,,,,,,,,,,TW52 WH INSIDE CAS VIN WRAPPED,Product Name,TW52 WH INSIDE CAS VIN WRAPPED,,Brand,,,Material,,,Color,,,Size,,,Quantity,,,,,,,,,,,,,,,,,,,,,,,,,,,,,,,,,,,,,,,,,,,,,,,,,,,,,,,,,,,,,,,,,,,,,,,,,,,,,,,,,,,,,,,,,,,,,,,,,,,,,,,,,,,,,,,,,,,,,,,,,,,,,,,,,,,,,,,,,,,,,,,,,,,,,,,,,,,,,,,,,,,,,,,,,,,,,,,,,,,,,
,,,,,,,,,,,40025,40025 TS-54 Wal-Board T-Square 009-008,-- Unbranded --,-- No Unilog Brand --,-- No DIB Brand --,Marshalltown Trowel (5155),Marshalltown Trowel,Wal-Board,,40025,,,"Marshalltown Trowel Wal-Board, T-Square, 40025",T-SQUARE,Wal-Board 40025 T-Square,Wal-Board T-Square,T-Square,,,,,,,,,,,,,,,,,,,,,,,,,,,T-Square,Product Name,T-Square,,Brand,Wal-Board,,Material,,,Color,,,Size,,,Quantity,,,,,,,,,,,,,,,,,,,,,,,,,,,,,,,,,,,,,,,,,,,,,,,,,,,,,,,,,,,,,,,,,,,,,,,,,,,,,,,,,,,,,,,,,,,,,,,,,,,,,,,,,,,,,,,,,,,,,,,,,,,,,,,,,,,,,,,,,,,,,,,,,,,,,,,,,,,,,,,,,,,,,,,,,,,,,,,,,,,,,
,,,,,,,,,,,48-22-3301,48-22-3301 Milw Mechanical Pencil w/ Lead Pack,-- Unbranded --,-- No Unilog Brand --,-- No DIB Brand --,Milwaukee Accessory (4031),Milwaukee Accessory,Milw,,48-22-3301,,,"Milwaukee Accessory Milw, Mechanical Pencil, 48-22-3301, Pack Quantity",MECHANICAL PENCIL PACK,"Milw 48-22-3301 Mechanical Pencil, Pack Quantity","Milw Mechanical Pencil, Pack Quantity","Mechanical Pencil, Pack Quantity",,,,,,,,,,,,,,,,,,,,,,,,,,,Mechanical Pencil,Product Name,Mechanical Pencil,,Brand,Milw,,Material,,,Color,,,Size,,,Quantity,Pack,,,,,,,,,,,,,,,,,,,,,,,,,,,,,,,,,,,,,,,,,,,,,,,,,,,,,,,,,,,,,,,,,,,,,,,,,,,,,,,,,,,,,,,,,,,,,,,,,,,,,,,,,,,,,,,,,,,,,,,,,,,,,,,,,,,,,,,,,,,,,,,,,,,,,,,,,,,,,,,,,,,,,,,,,,,,,,,,,,,,
,,,,,,,,,,,48-22-3302,48-22-3302 Milw Mechanical Pencil Replacement Lead,-- Unbranded --,-- No Unilog Brand --,-- No DIB Brand --,Milwaukee Accessory (4031),Milwaukee Accessory,Milw,,48-22-3302,,,"Milwaukee Accessory Milw, Mechanical Pencil Replacement Lead, 48-22-3302",MECHANICAL PENCIL REPLACEMENT LEAD,Milw 48-22-3302 Mechanical Pencil Replacement Lead,Milw Mechanical Pencil Replacement Lead,Mechanical Pencil Replacement Lead,,,,,,,,,,,,,,,,,,,,,,,,,,,Mechanical Pencil Replacement Lead,Product Name,Mechanical Pencil Replacement Lead,,Brand,Milw,,Material,,,Color,,,Size,,,Quantity,,,,,,,,,,,,,,,,,,,,,,,,,,,,,,,,,,,,,,,,,,,,,,,,,,,,,,,,,,,,,,,,,,,,,,,,,,,,,,,,,,,,,,,,,,,,,,,,,,,,,,,,,,,,,,,,,,,,,,,,,,,,,,,,,,,,,,,,,,,,,,,,,,,,,,,,,,,,,,,,,,,,,,,,,,,,,,,,,,,,,
,,,,,,,,,,,48-22-3303,48-22-3303 Milw Mechanical Pencil Replacement Lead-Color,-- Unbranded --,-- No Unilog Brand --,-- No DIB Brand --,Milwaukee Accessory (4031),Milwaukee Accessory,Milw,,48-22-3303,,,"Milwaukee Accessory Milw, Mechanical Pencil Replacement Lead, 48-22-3303",MECHANICAL PENCIL REPLACEMENT LEAD COLOR,"Milw 48-22-3303 Mechanical Pencil Replacement Lead, Color","Milw Mechanical Pencil Replacement Lead, Color","Mechanical Pencil Replacement Lead, Color",,,,,,,,,,,,,,,,,,,,,,,,,,,Mechanical Pencil Replacement Lead,Product Name,Mechanical Pencil Replacement Lead,,Brand,Milw,,Material,,,Color,Color,,Size,,,Quantity,,,,,,,,,,,,,,,,,,,,,,,,,,,,,,,,,,,,,,,,,,,,,,,,,,,,,,,,,,,,,,,,,,,,,,,,,,,,,,,,,,,,,,,,,,,,,,,,,,,,,,,,,,,,,,,,,,,,,,,,,,,,,,,,,,,,,,,,,,,,,,,,,,,,,,,,,,,,,,,,,,,,,,,,,,,,,,,,,,,,,
,,,,,,,,,,,TSDKAP218-G2,TSDKAP218-G2 Edge Safety - Khor Black Frame Polarized,-- Unbranded --,-- No Unilog Brand --,-- No DIB Brand --,Edge Eyewear Inc (EDGSA),Edge Eyewear Inc,Khor,,TSDKAP218-G2,,,"Edge Eyewear Inc Khor, Edge Safety, TSDKAP218-G2, Black",EDGE SAFETY BLK,"Khor TSDKAP218-G2 Edge Safety, Black","Khor Edge Safety, Black","Edge Safety, Black",,,,,,,,,,,,,,,,,,,,,,,,,,,Edge Safety,Product Name,Edge Safety,,Brand,Khor,,Material,,,Color,Black,,Size,,,Quantity,,,,,,,,,,,,,,,,,,,,,,,,,,,,,,,,,,,,,,,,,,,,,,,,,,,,,,,,,,,,,,,,,,,,,,,,,,,,,,,,,,,,,,,,,,,,,,,,,,,,,,,,,,,,,,,,,,,,,,,,,,,,,,,,,,,,,,,,,,,,,,,,,,,,,,,,,,,,,,,,,,,,,,,,,,,,,,,,,,,,,
,,,,,,,Safety & Workwear,Personal Protective Equipment,"Eye, Ear & Hand Protection",,XPAP418,XPAP418 Edge Safety Glasses - Pumori Black Frame,-- Unbranded --,-- No Unilog Brand --,-- No DIB Brand --,Edge Eyewear Inc (EDGSA),Edge Eyewear Inc,Pumori,,XPAP418,,Safety & Workwear>Personal Protective Equipment>PPE,"Edge Eyewear Inc Pumori, Edge Safety Glasses, XPAP418, Black Frame",EDGE SAFETY GLASSES,"Pumori XPAP418 Edge Safety Glasses, Black Frame","Pumori Edge Safety Glasses, Black Frame","Edge Safety Glasses, Black Frame",,,,,,,,,,,,,,,,,,,,,,,,,,,Edge Safety Glasses,Product Name,Edge Safety Glasses,,Brand,Pumori,,Material,,,Color,Black Frame,,Size,,,Quantity,,,,,,,,,,,,,,,,,,,,,,,,,,,,,,,,,,,,,,,,,,,,,,,,,,,,,,,,,,,,,,,,,,,,,,,,,,,,,,,,,,,,,,,,,,,,,,,,,,,,,,,,,,,,,,,,,,,,,,,,,,,,,,,,,,,,,,,,,,46181800,,,,,,,,,,,,,,,,,,,,,,,,,,,,,,,,,,,,,,,,,,,
,,,,,,,Safety & Workwear,Personal Protective Equipment,"Eye, Ear & Hand Protection",,XDAP419,XDAP419 Edge Safety Glasses - Dawson Black Frame Red Lenses,-- Unbranded --,-- No Unilog Brand --,-- No DIB Brand --,Edge Eyewear Inc (EDGSA),Edge Eyewear Inc,Dawson,,XDAP419,,Safety & Workwear>Personal Protective Equipment>PPE,"Edge Eyewear Inc Dawson, Edge Safety Glasses, XDAP419, Black Frame Red Lenses",EDGE SAFETY GLASSES,"Dawson XDAP419 Edge Safety Glasses, Black Frame Red Lenses","Dawson Edge Safety Glasses, Black Frame Red Lenses","Edge Safety Glasses, Black Frame Red Lenses",,,,,,,,,,,,,,,,,,,,,,,,,,,Edge Safety Glasses,Product Name,Edge Safety Glasses,,Brand,Dawson,,Material,,,Color,Black Frame Red Lenses,,Size,,,Quantity,,,,,,,,,,,,,,,,,,,,,,,,,,,,,,,,,,,,,,,,,,,,,,,,,,,,,,,,,,,,,,,,,,,,,,,,,,,,,,,,,,,,,,,,,,,,,,,,,,,,,,,,,,,,,,,,,,,,,,,,,,,,,,,,,,,,,,,,,,46181800,,,,,,,,,,,,,,,,,,,,,,,,,,,,,,,,,,,,,,,,,,,
,,,,,,,Safety & Workwear,Personal Protective Equipment,"Eye, Ear & Hand Protection",,XB11PCVS,XB11PCVS Edge Safety Glasses - Photochromic Lense,-- Unbranded --,-- No Unilog Brand --,-- No DIB Brand --,Edge Eyewear Inc (EDGSA),Edge Eyewear Inc,XB11PCVS,,XB11PCVS,,Safety & Workwear>Personal Protective Equipment>PPE,"Edge Eyewear Inc XB11PCVS, Edge Safety Glasses, XB11PCVS, Photochromic Lense",EDGE SAFETY GLASSES,"XB11PCVS XB11PCVS Edge Safety Glasses, Photochromic Lense","XB11PCVS Edge Safety Glasses, Photochromic Lense","Edge Safety Glasses, Photochromic Lense",,,,,,,,,,,,,,,,,,,,,,,,,,,Edge Safety Glasses,Product Name,Edge Safety Glasses,,Brand,XB11PCVS,,Material,,,Color,Photochromic Lense,,Size,,,Quantity,,,,,,,,,,,,,,,,,,,,,,,,,,,,,,,,,,,,,,,,,,,,,,,,,,,,,,,,,,,,,,,,,,,,,,,,,,,,,,,,,,,,,,,,,,,,,,,,,,,,,,,,,,,,,,,,,,,,,,,,,,,,,,,,,,,,,,,,,,46181800,,,,,,,,,,,,,,,,,,,,,,,,,,,,,,,,,,,,,,,,,,,
,,,,,,,Safety & Workwear,Personal Protective Equipment,"Eye, Ear & Hand Protection",,KB121VS,KB121VS Edge Safety Glasses - Kabru Black Frame,-- Unbranded --,-- No Unilog Brand --,-- No DIB Brand --,Edge Eyewear Inc (EDGSA),Edge Eyewear Inc,Kabru,,KB121VS,,Safety & Workwear>Personal Protective Equipment>PPE,"Edge Eyewear Inc Kabru, Edge Safety Glasses, KB121VS, Black",EDGE SAFETY GLASSES BLK,"Kabru KB121VS Edge Safety Glasses, Black","Kabru Edge Safety Glasses, Black","Edge Safety Glasses, Black",,,,,,,,,,,,,,,,,,,,,,,,,,,Edge Safety Glasses,Product Name,Edge Safety Glasses,,Brand,Kabru,,Material,,,Color,Black,,Size,,,Quantity,,,,,,,,,,,,,,,,,,,,,,,,,,,,,,,,,,,,,,,,,,,,,,,,,,,,,,,,,,,,,,,,,,,,,,,,,,,,,,,,,,,,,,,,,,,,,,,,,,,,,,,,,,,,,,,,,,,,,,,,,,,,,,,,,,,,,,,,,,46181800,,,,,,,,,,,,,,,,,,,,,,,,,,,,,,,,,,,,,,,,,,,
,,,,,,,Safety & Workwear,Personal Protective Equipment,"Eye, Ear & Hand Protection",,KB126VS,KB126VS Edge Safety Glasses - Kabru Black Frame,-- Unbranded --,-- No Unilog Brand --,-- No DIB Brand --,Edge Eyewear Inc (EDGSA),Edge Eyewear Inc,Kabru,,KB126VS,,Safety & Workwear>Personal Protective Equipment>PPE,"Edge Eyewear Inc Kabru, Edge Safety Glasses, KB126VS, Black",EDGE SAFETY GLASSES BLK,"Kabru KB126VS Edge Safety Glasses, Black","Kabru Edge Safety Glasses, Black","Edge Safety Glasses, Black",,,,,,,,,,,,,,,,,,,,,,,,,,,Edge Safety Glasses,Product Name,Edge Safety Glasses,,Brand,Kabru,,Material,,,Color,Black,,Size,,,Quantity,,,,,,,,,,,,,,,,,,,,,,,,,,,,,,,,,,,,,,,,,,,,,,,,,,,,,,,,,,,,,,,,,,,,,,,,,,,,,,,,,,,,,,,,,,,,,,,,,,,,,,,,,,,,,,,,,,,,,,,,,,,,,,,,,,,,,,,,,,46181800,,,,,,,,,,,,,,,,,,,,,,,,,,,,,,,,,,,,,,,,,,,
,,,,,,,Safety & Workwear,Personal Protective Equipment,"Eye, Ear & Hand Protection",,TC121VS,TC121VS Edge Safety Glasses - Tacana Black Frame,-- Unbranded --,-- No Unilog Brand --,-- No DIB Brand --,Edge Eyewear Inc (EDGSA),Edge Eyewear Inc,Tacana,,TC121VS,,Safety & Workwear>Personal Protective Equipment>PPE,"Edge Eyewear Inc Tacana, Edge Safety Glasses, TC121VS, Black Frame",EDGE SAFETY GLASSES,"Tacana TC121VS Edge Safety Glasses, Black Frame","Tacana Edge Safety Glasses, Black Frame","Edge Safety Glasses, Black Frame",,,,,,,,,,,,,,,,,,,,,,,,,,,Edge Safety Glasses,Product Name,Edge Safety Glasses,,Brand,Tacana,,Material,,,Color,Black Frame,,Size,,,Quantity,,,,,,,,,,,,,,,,,,,,,,,,,,,,,,,,,,,,,,,,,,,,,,,,,,,,,,,,,,,,,,,,,,,,,,,,,,,,,,,,,,,,,,,,,,,,,,,,,,,,,,,,,,,,,,,,,,,,,,,,,,,,,,,,,,,,,,,,,,46181800,,,,,,,,,,,,,,,,,,,,,,,,,,,,,,,,,,,,,,,,,,,
,,,,,,,Safety & Workwear,Personal Protective Equipment,"Eye, Ear & Hand Protection",,TC126VS,TC126VS Edge Safety Glasses - Tacana Black Frame,-- Unbranded --,-- No Unilog Brand --,-- No DIB Brand --,Edge Eyewear Inc (EDGSA),Edge Eyewear Inc,Tacana,,TC126VS,,Safety & Workwear>Personal Protective Equipment>PPE,"Edge Eyewear Inc Tacana, Edge Safety Glasses, TC126VS, Black Frame",EDGE SAFETY GLASSES,"Tacana TC126VS Edge Safety Glasses, Black Frame","Tacana Edge Safety Glasses, Black Frame","Edge Safety Glasses, Black Frame",,,,,,,,,,,,,,,,,,,,,,,,,,,Edge Safety Glasses,Product Name,Edge Safety Glasses,,Brand,Tacana,,Material,,,Color,Black Frame,,Size,,,Quantity,,,,,,,,,,,,,,,,,,,,,,,,,,,,,,,,,,,,,,,,,,,,,,,,,,,,,,,,,,,,,,,,,,,,,,,,,,,,,,,,,,,,,,,,,,,,,,,,,,,,,,,,,,,,,,,,,,,,,,,,,,,,,,,,,,,,,,,,,,46181800,,,,,,,,,,,,,,,,,,,,,,,,,,,,,,,,,,,,,,,,,,,
,,,,,,,Safety & Workwear,Personal Protective Equipment,"Eye, Ear & Hand Protection",,MK113MPAP,MK113MPAP Edge Safety Glasses - Makalu Black Frame Polarized,-- Unbranded --,-- No Unilog Brand --,-- No DIB Brand --,Edge Eyewear Inc (EDGSA),Edge Eyewear Inc,Makalu,,MK113MPAP,,Safety & Workwear>Personal Protective Equipment>PPE,"Edge Eyewear Inc Makalu, Edge Safety Glasses, MK113MPAP, Black Frame",EDGE SAFETY GLASSES,"Makalu MK113MPAP Edge Safety Glasses, Black Frame","Makalu Edge Safety Glasses, Black Frame","Edge Safety Glasses, Black Frame",,,,,,,,,,,,,,,,,,,,,,,,,,,Edge Safety Glasses,Product Name,Edge Safety Glasses,,Brand,Makalu,,Material,,,Color,Black Frame,,Size,,,Quantity,,,,,,,,,,,,,,,,,,,,,,,,,,,,,,,,,,,,,,,,,,,,,,,,,,,,,,,,,,,,,,,,,,,,,,,,,,,,,,,,,,,,,,,,,,,,,,,,,,,,,,,,,,,,,,,,,,,,,,,,,,,,,,,,,,,,,,,,,,46181800,,,,,,,,,,,,,,,,,,,,,,,,,,,,,,,,,,,,,,,,,,,
,,,,,,,Safety & Workwear,Personal Protective Equipment,"Eye, Ear & Hand Protection",,LS117MPAP,LS117MPAP Edge Safety Glasses - Lassen Black Frame Polarized,-- Unbranded --,-- No Unilog Brand --,-- No DIB Brand --,Edge Eyewear Inc (EDGSA),Edge Eyewear Inc,Lassen,,LS117MPAP,,Safety & Workwear>Personal Protective Equipment>PPE,"Edge Eyewear Inc Lassen, Edge Safety Glasses, LS117MPAP, Black Frame",EDGE SAFETY GLASSES,"Lassen LS117MPAP Edge Safety Glasses, Black Frame","Lassen Edge Safety Glasses, Black Frame","Edge Safety Glasses, Black Frame",,,,,,,,,,,,,,,,,,,,,,,,,,,Edge Safety Glasses,Product Name,Edge Safety Glasses,,Brand,Lassen,,Material,,,Color,Black Frame,,Size,,,Quantity,,,,,,,,,,,,,,,,,,,,,,,,,,,,,,,,,,,,,,,,,,,,,,,,,,,,,,,,,,,,,,,,,,,,,,,,,,,,,,,,,,,,,,,,,,,,,,,,,,,,,,,,,,,,,,,,,,,,,,,,,,,,,,,,,,,,,,,,,,46181800,,,,,,,,,,,,,,,,,,,,,,,,,,,,,,,,,,,,,,,,,,,
,,,,,,,,,,,FE-EFX-6L,FEEFX6L Lith Fire Extinguisher,-- Unbranded --,-- No Unilog Brand --,-- No DIB Brand --,Ohio Firewatch Protection Inc (HOLFS),Ohio Firewatch Protection Inc,FEEFX6L,,FE-EFX-6L,,,"Ohio Firewatch Protection Inc FEEFX6L, Fire Extinguisher, FE-EFX-6L",FIRE EXTINGUISHER,FEEFX6L FE-EFX-6L Fire Extinguisher,FEEFX6L Fire Extinguisher,Fire Extinguisher,,,,,,,,,,,,,,,,,,,,,,,,,,,Fire Extinguisher,Product Name,Fire Extinguisher,,Brand,FEEFX6L,,Material,,,Color,,,Size,,,Quantity,,,,,,,,,,,,,,,,,,,,,,,,,,,,,,,,,,,,,,,,,,,,,,,,,,,,,,,,,,,,,,,,,,,,,,,,,,,,,,,,,,,,,,,,,,,,,,,,,,,,,,,,,,,,,,,,,,,,,,,,,,,,,,,,,,,,,,,,,,,,,,,,,,,,,,,,,,,,,,,,,,,,,,,,,,,,,,,,,,,,,
,,,,,,,,,,,FE-EFX-9L,FEEFX9L Lith Fire Extinguisher,-- Unbranded --,-- No Unilog Brand --,-- No DIB Brand --,Ohio Firewatch Protection Inc (HOLFS),Ohio Firewatch Protection Inc,FEEFX9L,,FE-EFX-9L,,,"Ohio Firewatch Protection Inc FEEFX9L, Fire Extinguisher, FE-EFX-9L",FIRE EXTINGUISHER,FEEFX9L FE-EFX-9L Fire Extinguisher,FEEFX9L Fire Extinguisher,Fire Extinguisher,,,,,,,,,,,,,,,,,,,,,,,,,,,Fire Extinguisher,Product Name,Fire Extinguisher,,Brand,FEEFX9L,,Material,,,Color,,,Size,,,Quantity,,,,,,,,,,,,,,,,,,,,,,,,,,,,,,,,,,,,,,,,,,,,,,,,,,,,,,,,,,,,,,,,,,,,,,,,,,,,,,,,,,,,,,,,,,,,,,,,,,,,,,,,,,,,,,,,,,,,,,,,,,,,,,,,,,,,,,,,,,,,,,,,,,,,,,,,,,,,,,,,,,,,,,,,,,,,,,,,,,,,,
,,,,,,,,,,,1046793,1046793 Smoke & CO Alarm,-- Unbranded --,-- No Unilog Brand --,First Alert,First Alert - B R K Brands (2754),First Alert - B R K Brands,First Alert,,1046793,,,"First Alert, Smoke & CO Alarm, 1046793",SMOKE & CO ALARM,First Alert 1046793 Smoke & CO Alarm,First Alert Smoke & CO Alarm,Smoke & CO Alarm,,,,,,,,,,,,,,,,,,,,,,,,,,,Smoke & CO Alarm,Product Name,Smoke & CO Alarm,,Brand,,,Material,,,Color,,,Size,,,Quantity,,,,,,,,,,,,,,,,,,,,,,,,,,,,,,,,,,,,,,,,,,,,,,,,,,,,,,,,,,,,,,,,,,,,,,,,,,,,,,,,,,,,,,,,,,,,,,,,,,,,,,,,,,,,,,,,,,,,,,,,,,,,,,,,,,,,,,,,,,,,,,,,,,,,,,,,,,,,,,,,,,,,,,,,,,,,,,,,,,,,,
,,,,,,,,,,,1046870,1046870 Smoke & CO Alarm,-- Unbranded --,-- No Unilog Brand --,BRK,First Alert - B R K Brands (2754),First Alert - B R K Brands,BRK,,1046870,,,"First Alert - B R K Brands BRK, Smoke & CO Alarm, 1046870",SMOKE & CO ALARM,BRK 1046870 Smoke & CO Alarm,BRK Smoke & CO Alarm,Smoke & CO Alarm,,,,,,,,,,,,,,,,,,,,,,,,,,,Smoke & CO Alarm,Product Name,Smoke & CO Alarm,,Brand,,,Material,,,Color,,,Size,,,Quantity,,,,,,,,,,,,,,,,,,,,,,,,,,,,,,,,,,,,,,,,,,,,,,,,,,,,,,,,,,,,,,,,,,,,,,,,,,,,,,,,,,,,,,,,,,,,,,,,,,,,,,,,,,,,,,,,,,,,,,,,,,,,,,,,,,,,,,,,,,,,,,,,,,,,,,,,,,,,,,,,,,,,,,,,,,,,,,,,,,,,,
,,,,,,,Safety & Workwear,Workwear,Heated Apparel,,M701B-21L,M701B-21L Milw L Black Heated Work Glove Liners,-- Unbranded --,-- No Unilog Brand --,-- No DIB Brand --,Milwaukee Accessory (4031),Milwaukee Accessory,Milw,,M701B-21L,,Safety & Workwear>Apparel>Heated Gear,"Milwaukee Accessory Milw, Heated Work Glove Liners, M701B-21L",HEATED WORK GLOVE LINERS BLK,"Milw M701B-21L Heated Work Glove Liners, Black","Milw Heated Work Glove Liners, Black","Heated Work Glove Liners, Black",,,,,,,,,,,,,,,,,,,,,,,,,,,Heated Work Glove Liners,Product Name,Heated Work Glove Liners,,Brand,Milw,,Material,,,Color,Black,,Size,,,Quantity,,,,,,,,,,,,,,,,,,,,,,,,,,,,,,,,,,,,,,,,,,,,,,,,,,,,,,,,,,,,,,,,,,,,,,,,,,,,,,,,,,,,,,,,,,,,,,,,,,,,,,,,,,,,,,,,,,,,,,,,,,,,,,,,,,,,,,,,,,53102500,,,,,,,,,,,,,,,,,,,,,,,,,,,,,,,,,,,,,,,,,,,
,,,,,,,Safety & Workwear,Workwear,Heated Apparel,,M701B-21M,M701B-21M Milw M Black Heated Work Glove Liners,-- Unbranded --,-- No Unilog Brand --,-- No DIB Brand --,Milwaukee Accessory (4031),Milwaukee Accessory,Milw,,M701B-21M,,Safety & Workwear>Apparel>Heated Gear,"Milwaukee Accessory Milw, Heated Work Glove Liners, M701B-21M",HEATED WORK GLOVE LINERS BLK,"Milw M701B-21M Heated Work Glove Liners, Black","Milw Heated Work Glove Liners, Black","Heated Work Glove Liners, Black",,,,,,,,,,,,,,,,,,,,,,,,,,,Heated Work Glove Liners,Product Name,Heated Work Glove Liners,,Brand,Milw,,Material,,,Color,Black,,Size,,,Quantity,,,,,,,,,,,,,,,,,,,,,,,,,,,,,,,,,,,,,,,,,,,,,,,,,,,,,,,,,,,,,,,,,,,,,,,,,,,,,,,,,,,,,,,,,,,,,,,,,,,,,,,,,,,,,,,,,,,,,,,,,,,,,,,,,,,,,,,,,,53102500,,,,,,,,,,,,,,,,,,,,,,,,,,,,,,,,,,,,,,,,,,,
,,,,,,,Safety & Workwear,Workwear,Heated Apparel,,M701B-21S,M701B-21S Milw S Black Heated Work Glove Liners,-- Unbranded --,-- No Unilog Brand --,-- No DIB Brand --,Milwaukee Accessory (4031),Milwaukee Accessory,Milw,,M701B-21S,,Safety & Workwear>Apparel>Heated Gear,"Milwaukee Accessory Milw, Heated Work Glove Liners, M701B-21S",HEATED WORK GLOVE LINERS BLK,"Milw M701B-21S Heated Work Glove Liners, Black","Milw Heated Work Glove Liners, Black","Heated Work Glove Liners, Black",,,,,,,,,,,,,,,,,,,,,,,,,,,Heated Work Glove Liners,Product Name,Heated Work Glove Liners,,Brand,Milw,,Material,,,Color,Black,,Size,,,Quantity,,,,,,,,,,,,,,,,,,,,,,,,,,,,,,,,,,,,,,,,,,,,,,,,,,,,,,,,,,,,,,,,,,,,,,,,,,,,,,,,,,,,,,,,,,,,,,,,,,,,,,,,,,,,,,,,,,,,,,,,,,,,,,,,,,,,,,,,,,53102500,,,,,,,,,,,,,,,,,,,,,,,,,,,,,,,,,,,,,,,,,,,
,,,,,,,Safety & Workwear,Workwear,Heated Apparel,,M701B-21XL,M701B-21XL Milw XL Black Heated Work Glove Liners,-- Unbranded --,-- No Unilog Brand --,-- No DIB Brand --,Milwaukee Accessory (4031),Milwaukee Accessory,Milw,,M701B-21XL,,Safety & Workwear>Apparel>Heated Gear,"Milwaukee Accessory Milw, Heated Work Glove Liners, M701B-21XL",HEATED WORK GLOVE LINERS BLK,"Milw M701B-21XL Heated Work Glove Liners, Black","Milw Heated Work Glove Liners, Black","Heated Work Glove Liners, Black",,,,,,,,,,,,,,,,,,,,,,,,,,,Heated Work Glove Liners,Product Name,Heated Work Glove Liners,,Brand,Milw,,Material,,,Color,Black,,Size,,,Quantity,,,,,,,,,,,,,,,,,,,,,,,,,,,,,,,,,,,,,,,,,,,,,,,,,,,,,,,,,,,,,,,,,,,,,,,,,,,,,,,,,,,,,,,,,,,,,,,,,,,,,,,,,,,,,,,,,,,,,,,,,,,,,,,,,,,,,,,,,,53102500,,,,,,,,,,,,,,,,,,,,,,,,,,,,,,,,,,,,,,,,,,,
,,,,,,,Safety & Workwear,Workwear,Heated Apparel,,MWUG42010124,UTW Pro Heated Glove Blk XS,-- Unbranded --,-- No Unilog Brand --,-- No DIB Brand --,Tech Gear 5.7 Inc (TECGE),Tech Gear 5.7 Inc,UTW Pro,,MWUG42010124,,Safety & Workwear>Apparel>Heated Gear,"Tech Gear 5.7 Inc UTW Pro, Heated Glove, MWUG42010124, black",HEATED GLOVE BLK XS,"UTW Pro MWUG42010124 Heated Glove, black, XS","UTW Pro Heated Glove, black, XS","Heated Glove, black, XS",,,,,,,,,,,,,,,,,,,,,,,,,,,Heated Glove,Product Name,Heated Glove,,Brand,UTW Pro,,Material,,,Color,black,,Size,XS,,Quantity,,,,,,,,,,,,,,,,,,,,,,,,,,,,,,,,,,,,,,,,,,,,,,,,,,,,,,,,,,,,,,,,,,,,,,,,,,,,,,,,,,,,,,,,,,,,,,,,,,,,,,,,,,,,,,,,,,,,,,,,,,,,,,,,,,,,,,,,,,53102500,,,,,,,,,,,,,,,,,,,,,,,,,,,,,,,,,,,,,,,,,,,
,,,,,,,Safety & Workwear,Workwear,Heated Apparel,,MWUG42010224,UTW Pro Heated Glove Blk SM,-- Unbranded --,-- No Unilog Brand --,-- No DIB Brand --,Tech Gear 5.7 Inc (TECGE),Tech Gear 5.7 Inc,UTW Pro,,MWUG42010224,,Safety & Workwear>Apparel>Heated Gear,"Tech Gear 5.7 Inc UTW Pro, Heated Glove, MWUG42010224, black",HEATED GLOVE BLK,"UTW Pro MWUG42010224 Heated Glove, black","UTW Pro Heated Glove, black","Heated Glove, black",,,,,,,,,,,,,,,,,,,,,,,,,,,Heated Glove,Product Name,Heated Glove,,Brand,UTW Pro,,Material,,,Color,black,,Size,,,Quantity,,,,,,,,,,,,,,,,,,,,,,,,,,,,,,,,,,,,,,,,,,,,,,,,,,,,,,,,,,,,,,,,,,,,,,,,,,,,,,,,,,,,,,,,,,,,,,,,,,,,,,,,,,,,,,,,,,,,,,,,,,,,,,,,,,,,,,,,,,53102500,,,,,,,,,,,,,,,,,,,,,,,,,,,,,,,,,,,,,,,,,,,
,,,,,,,Safety & Workwear,Workwear,Heated Apparel,,MWUG42010324,UTW Pro Heated Glove Blk MD,-- Unbranded --,-- No Unilog Brand --,-- No DIB Brand --,Tech Gear 5.7 Inc (TECGE),Tech Gear 5.7 Inc,UTW Pro,,MWUG42010324,,Safety & Workwear>Apparel>Heated Gear,"Tech Gear 5.7 Inc UTW Pro, Heated Glove, MWUG42010324, black",HEATED GLOVE BLK,"UTW Pro MWUG42010324 Heated Glove, black","UTW Pro Heated Glove, black","Heated Glove, black",,,,,,,,,,,,,,,,,,,,,,,,,,,Heated Glove,Product Name,Heated Glove,,Brand,UTW Pro,,Material,,,Color,black,,Size,,,Quantity,,,,,,,,,,,,,,,,,,,,,,,,,,,,,,,,,,,,,,,,,,,,,,,,,,,,,,,,,,,,,,,,,,,,,,,,,,,,,,,,,,,,,,,,,,,,,,,,,,,,,,,,,,,,,,,,,,,,,,,,,,,,,,,,,,,,,,,,,,53102500,,,,,,,,,,,,,,,,,,,,,,,,,,,,,,,,,,,,,,,,,,,
,,,,,,,Safety & Workwear,Workwear,Heated Apparel,,MWUG42010424,UTW Pro Heated Glove Blk LG,-- Unbranded --,-- No Unilog Brand --,-- No DIB Brand --,Tech Gear 5.7 Inc (TECGE),Tech Gear 5.7 Inc,UTW Pro,,MWUG42010424,,Safety & Workwear>Apparel>Heated Gear,"Tech Gear 5.7 Inc UTW Pro, Heated Glove, MWUG42010424, black",HEATED GLOVE BLK,"UTW Pro MWUG42010424 Heated Glove, black","UTW Pro Heated Glove, black","Heated Glove, black",,,,,,,,,,,,,,,,,,,,,,,,,,,Heated Glove,Product Name,Heated Glove,,Brand,UTW Pro,,Material,,,Color,black,,Size,,,Quantity,,,,,,,,,,,,,,,,,,,,,,,,,,,,,,,,,,,,,,,,,,,,,,,,,,,,,,,,,,,,,,,,,,,,,,,,,,,,,,,,,,,,,,,,,,,,,,,,,,,,,,,,,,,,,,,,,,,,,,,,,,,,,,,,,,,,,,,,,,53102500,,,,,,,,,,,,,,,,,,,,,,,,,,,,,,,,,,,,,,,,,,,
,,,,,,,Safety & Workwear,Workwear,Heated Apparel,,MWUG42010524,UTW Pro Heated Glove Blk XL,-- Unbranded --,-- No Unilog Brand --,-- No DIB Brand --,Tech Gear 5.7 Inc (TECGE),Tech Gear 5.7 Inc,UTW Pro,,MWUG42010524,,Safety & Workwear>Apparel>Heated Gear,"Tech Gear 5.7 Inc UTW Pro, Heated Glove, MWUG42010524, black",HEATED GLOVE BLK XL,"UTW Pro MWUG42010524 Heated Glove, black, XL","UTW Pro Heated Glove, black, XL","Heated Glove, black, XL",,,,,,,,,,,,,,,,,,,,,,,,,,,Heated Glove,Product Name,Heated Glove,,Brand,UTW Pro,,Material,,,Color,black,,Size,XL,,Quantity,,,,,,,,,,,,,,,,,,,,,,,,,,,,,,,,,,,,,,,,,,,,,,,,,,,,,,,,,,,,,,,,,,,,,,,,,,,,,,,,,,,,,,,,,,,,,,,,,,,,,,,,,,,,,,,,,,,,,,,,,,,,,,,,,,,,,,,,,,53102500,,,,,,,,,,,,,,,,,,,,,,,,,,,,,,,,,,,,,,,,,,,
,,,,,,,Safety & Workwear,Workwear,Heated Apparel,,MWUG42010624,UTW Pro Heated Glove Blk 2X,-- Unbranded --,-- No Unilog Brand --,-- No DIB Brand --,Tech Gear 5.7 Inc (TECGE),Tech Gear 5.7 Inc,UTW Pro,,MWUG42010624,,Safety & Workwear>Apparel>Heated Gear,"Tech Gear 5.7 Inc UTW Pro, Heated Glove, MWUG42010624, black",HEATED GLOVE BLK 2X,"UTW Pro MWUG42010624 Heated Glove, black, 2X Quantity","UTW Pro Heated Glove, black, 2X Quantity","Heated Glove, black, 2X Quantity",,,,,,,,,,,,,,,,,,,,,,,,,,,Heated Glove,Product Name,Heated Glove,,Brand,UTW Pro,,Material,,,Color,black,,Size,,,Quantity,2X,,,,,,,,,,,,,,,,,,,,,,,,,,,,,,,,,,,,,,,,,,,,,,,,,,,,,,,,,,,,,,,,,,,,,,,,,,,,,,,,,,,,,,,,,,,,,,,,,,,,,,,,,,,,,,,,,,,,,,,,,,,,,,,,,,,,,,,,,53102500,,,,,,,,,,,,,,,,,,,,,,,,,,,,,,,,,,,,,,,,,,,
,,,,,,,Safety & Workwear,Workwear,Heated Apparel,,MWUG36010225,MWUG36010225 BLK SM Aerial Snow Heated Glove,-- Unbranded --,-- No Unilog Brand --,-- No DIB Brand --,Tech Gear 5.7 Inc (TECGE),Tech Gear 5.7 Inc,MWUG36010225,,MWUG36010225,,Safety & Workwear>Apparel>Heated Gear,"Tech Gear 5.7 Inc MWUG36010225, Aerial Snow Heated Glove, MWUG36010225",AERIAL SNOW HEATED GLOVE BLK,"MWUG36010225 MWUG36010225 Aerial Snow Heated Glove, black","MWUG36010225 Aerial Snow Heated Glove, black","Aerial Snow Heated Glove, black",,,,,,,,,,,,,,,,,,,,,,,,,,,Aerial Snow Heated Glove,Product Name,Aerial Snow Heated Glove,,Brand,MWUG36010225,,Material,,,Color,black,,Size,,,Quantity,,,,,,,,,,,,,,,,,,,,,,,,,,,,,,,,,,,,,,,,,,,,,,,,,,,,,,,,,,,,,,,,,,,,,,,,,,,,,,,,,,,,,,,,,,,,,,,,,,,,,,,,,,,,,,,,,,,,,,,,,,,,,,,,,,,,,,,,,,53102500,,,,,,,,,,,,,,,,,,,,,,,,,,,,,,,,,,,,,,,,,,,
,,,,,,,Safety & Workwear,Workwear,Heated Apparel,,MWUG36010325,MWUG36010325 BLK MD Aerial Snow Heated Glove,-- Unbranded --,-- No Unilog Brand --,-- No DIB Brand --,Tech Gear 5.7 Inc (TECGE),Tech Gear 5.7 Inc,MWUG36010325,,MWUG36010325,,Safety & Workwear>Apparel>Heated Gear,"Tech Gear 5.7 Inc MWUG36010325, Aerial Snow Heated Glove, MWUG36010325",AERIAL SNOW HEATED GLOVE BLK,"MWUG36010325 MWUG36010325 Aerial Snow Heated Glove, black","MWUG36010325 Aerial Snow Heated Glove, black","Aerial Snow Heated Glove, black",,,,,,,,,,,,,,,,,,,,,,,,,,,Aerial Snow Heated Glove,Product Name,Aerial Snow Heated Glove,,Brand,MWUG36010325,,Material,,,Color,black,,Size,,,Quantity,,,,,,,,,,,,,,,,,,,,,,,,,,,,,,,,,,,,,,,,,,,,,,,,,,,,,,,,,,,,,,,,,,,,,,,,,,,,,,,,,,,,,,,,,,,,,,,,,,,,,,,,,,,,,,,,,,,,,,,,,,,,,,,,,,,,,,,,,,53102500,,,,,,,,,,,,,,,,,,,,,,,,,,,,,,,,,,,,,,,,,,,
,,,,,,,Safety & Workwear,Workwear,Heated Apparel,,MWUG36010425,MWUG36010425 BLK LG Aerial Snow Heated Glove,-- Unbranded --,-- No Unilog Brand --,-- No DIB Brand --,Tech Gear 5.7 Inc (TECGE),Tech Gear 5.7 Inc,LG,,MWUG36010425,,Safety & Workwear>Apparel>Heated Gear,"Tech Gear 5.7 Inc LG, Aerial Snow Heated Glove, MWUG36010425",AERIAL SNOW HEATED GLOVE BLK,"LG MWUG36010425 Aerial Snow Heated Glove, black","LG Aerial Snow Heated Glove, black","Aerial Snow Heated Glove, black",,,,,,,,,,,,,,,,,,,,,,,,,,,Aerial Snow Heated Glove,Product Name,Aerial Snow Heated Glove,,Brand,LG,,Material,,,Color,black,,Size,,,Quantity,,,,,,,,,,,,,,,,,,,,,,,,,,,,,,,,,,,,,,,,,,,,,,,,,,,,,,,,,,,,,,,,,,,,,,,,,,,,,,,,,,,,,,,,,,,,,,,,,,,,,,,,,,,,,,,,,,,,,,,,,,,,,,,,,,,,,,,,,,53102500,,,,,,,,,,,,,,,,,,,,,,,,,,,,,,,,,,,,,,,,,,,
,,,,,,,Safety & Workwear,Workwear,Heated Apparel,,MWUG36010525,MWUG36010525 BLK XL Aerial Snow Heated Glove,-- Unbranded --,-- No Unilog Brand --,-- No DIB Brand --,Tech Gear 5.7 Inc (TECGE),Tech Gear 5.7 Inc,MWUG36010525,,MWUG36010525,,Safety & Workwear>Apparel>Heated Gear,"Tech Gear 5.7 Inc MWUG36010525, Aerial Snow Heated Glove, MWUG36010525",AERIAL SNOW HEATED GLOVE BLK,"MWUG36010525 MWUG36010525 Aerial Snow Heated Glove, black","MWUG36010525 Aerial Snow Heated Glove, black","Aerial Snow Heated Glove, black",,,,,,,,,,,,,,,,,,,,,,,,,,,Aerial Snow Heated Glove,Product Name,Aerial Snow Heated Glove,,Brand,MWUG36010525,,Material,,,Color,black,,Size,,,Quantity,,,,,,,,,,,,,,,,,,,,,,,,,,,,,,,,,,,,,,,,,,,,,,,,,,,,,,,,,,,,,,,,,,,,,,,,,,,,,,,,,,,,,,,,,,,,,,,,,,,,,,,,,,,,,,,,,,,,,,,,,,,,,,,,,,,,,,,,,,53102500,,,,,,,,,,,,,,,,,,,,,,,,,,,,,,,,,,,,,,,,,,,
,,,,,,,Safety & Workwear,Workwear,Heated Apparel,,MWUG36010625,MWUG36010625 BLK 2X Aerial Snow Heated Glove,-- Unbranded --,-- No Unilog Brand --,-- No DIB Brand --,Tech Gear 5.7 Inc (TECGE),Tech Gear 5.7 Inc,MWUG36010625,,MWUG36010625,,Safety & Workwear>Apparel>Heated Gear,"Tech Gear 5.7 Inc MWUG36010625, Aerial Snow Heated Glove, MWUG36010625",AERIAL SNOW HEATED GLOVE BLK 2X,"MWUG36010625 MWUG36010625 Aerial Snow Heated Glove, black, 2X Quantity","MWUG36010625 Aerial Snow Heated Glove, black, 2X Quantity","Aerial Snow Heated Glove, black, 2X Quantity",,,,,,,,,,,,,,,,,,,,,,,,,,,Aerial Snow Heated Glove,Product Name,Aerial Snow Heated Glove,,Brand,MWUG36010625,,Material,,,Color,black,,Size,,,Quantity,2X,,,,,,,,,,,,,,,,,,,,,,,,,,,,,,,,,,,,,,,,,,,,,,,,,,,,,,,,,,,,,,,,,,,,,,,,,,,,,,,,,,,,,,,,,,,,,,,,,,,,,,,,,,,,,,,,,,,,,,,,,,,,,,,,,,,,,,,,,53102500,,,,,,,,,,,,,,,,,,,,,,,,,,,,,,,,,,,,,,,,,,,
,,,,,,,,,,,DPG15,DPG15 Dewalt AM/FM Hearing Protector,-- Unbranded --,-- No Unilog Brand --,-- No DIB Brand --,Radians (7363),Radians,Dewalt,,DPG15,,,"Radians Dewalt, Hearing Protector, DPG15",HEARING PROTECTOR,Dewalt DPG15 Hearing Protector,Dewalt Hearing Protector,Hearing Protector,,,,,,,,,,,,,,,,,,,,,,,,,,,Hearing Protector,Product Name,Hearing Protector,,Brand,Dewalt,,Material,,,Color,,,Size,,,Quantity,,,,,,,,,,,,,,,,,,,,,,,,,,,,,,,,,,,,,,,,,,,,,,,,,,,,,,,,,,,,,,,,,,,,,,,,,,,,,,,,,,,,,,,,,,,,,,,,,,,,,,,,,,,,,,,,,,,,,,,,,,,,,,,,,,,,,,,,,,,,,,,,,,,,,,,,,,,,,,,,,,,,,,,,,,,,,,,,,,,,,
,,,,,,,Safety & Workwear,Workwear,Heated Apparel,,F200B-21L,F200B-21L Milw M12 Womens - BLK Heated Hoodie Kit L,-- Unbranded --,-- No Unilog Brand --,-- No DIB Brand --,Milwaukee Accessory (4031),Milwaukee Accessory,Milw,,F200B-21L,,Safety & Workwear>Apparel>Heated Gear,"Milwaukee Accessory Milw, Heated Hoodie Kit, F200B-21L, black",HEATED HOODIE KIT BLK L,"Milw F200B-21L Heated Hoodie Kit, black, L Quantity","Milw Heated Hoodie Kit, black, L Quantity","Heated Hoodie Kit, black, L Quantity",,,,,,,,,,,,,,,,,,,,,,,,,,,Heated Hoodie Kit,Product Name,Heated Hoodie Kit,,Brand,Milw,,Material,,,Color,black,,Size,,,Quantity,L,,,,,,,,,,,,,,,,,,,,,,,,,,,,,,,,,,,,,,,,,,,,,,,,,,,,,,,,,,,,,,,,,,,,,,,,,,,,,,,,,,,,,,,,,,,,,,,,,,,,,,,,,,,,,,,,,,,,,,,,,,,,,,,,,,,,,,,,,53102500,,,,,,,,,,,,,,,,,,,,,,,,,,,,,,,,,,,,,,,,,,,
,,,,,,,Safety & Workwear,Workwear,Heated Apparel,,F200B-21M,F200B-21M Milw M12 Womens - BLK Heated Hoodie Kit M,-- Unbranded --,-- No Unilog Brand --,-- No DIB Brand --,Milwaukee Accessory (4031),Milwaukee Accessory,Milw,,F200B-21M,,Safety & Workwear>Apparel>Heated Gear,"Milwaukee Accessory Milw, Heated Hoodie Kit, F200B-21M, black",HEATED HOODIE KIT BLK,"Milw F200B-21M Heated Hoodie Kit, black","Milw Heated Hoodie Kit, black","Heated Hoodie Kit, black",,,,,,,,,,,,,,,,,,,,,,,,,,,Heated Hoodie Kit,Product Name,Heated Hoodie Kit,,Brand,Milw,,Material,,,Color,black,,Size,,,Quantity,,,,,,,,,,,,,,,,,,,,,,,,,,,,,,,,,,,,,,,,,,,,,,,,,,,,,,,,,,,,,,,,,,,,,,,,,,,,,,,,,,,,,,,,,,,,,,,,,,,,,,,,,,,,,,,,,,,,,,,,,,,,,,,,,,,,,,,,,,53102500,,,,,,,,,,,,,,,,,,,,,,,,,,,,,,,,,,,,,,,,,,,
,,,,,,,Safety & Workwear,Workwear,Heated Apparel,,M200B-21L,M200B-21L Milw M12 BLK - Heated Hoodie Kit L,-- Unbranded --,-- No Unilog Brand --,-- No DIB Brand --,Milwaukee Accessory (4031),Milwaukee Accessory,Milw,,M200B-21L,,Safety & Workwear>Apparel>Heated Gear,"Milwaukee Accessory Milw, Heated Hoodie Kit L, M200B-21L, black",HEATED HOODIE KIT L BLK,"Milw M200B-21L Heated Hoodie Kit L, black","Milw Heated Hoodie Kit L, black","Heated Hoodie Kit L, black",,,,,,,,,,,,,,,,,,,,,,,,,,,Heated Hoodie Kit L,Product Name,Heated Hoodie Kit L,,Brand,Milw,,Material,,,Color,black,,Size,,,Quantity,,,,,,,,,,,,,,,,,,,,,,,,,,,,,,,,,,,,,,,,,,,,,,,,,,,,,,,,,,,,,,,,,,,,,,,,,,,,,,,,,,,,,,,,,,,,,,,,,,,,,,,,,,,,,,,,,,,,,,,,,,,,,,,,,,,,,,,,,,53102500,,,,,,,,,,,,,,,,,,,,,,,,,,,,,,,,,,,,,,,,,,,
,,,,,,,Safety & Workwear,Workwear,Heated Apparel,,M200B-21M,M200B-21M Milw M12 BLK - Heated Hoodie Kit M,-- Unbranded --,-- No Unilog Brand --,-- No DIB Brand --,Milwaukee Accessory (4031),Milwaukee Accessory,Milw,,M200B-21M,,Safety & Workwear>Apparel>Heated Gear,"Milwaukee Accessory Milw, Heated Hoodie Kit, M200B-21M, black",HEATED HOODIE KIT BLK,"Milw M200B-21M Heated Hoodie Kit, black","Milw Heated Hoodie Kit, black","Heated Hoodie Kit, black",,,,,,,,,,,,,,,,,,,,,,,,,,,Heated Hoodie Kit,Product Name,Heated Hoodie Kit,,Brand,Milw,,Material,,,Color,black,,Size,,,Quantity,,,,,,,,,,,,,,,,,,,,,,,,,,,,,,,,,,,,,,,,,,,,,,,,,,,,,,,,,,,,,,,,,,,,,,,,,,,,,,,,,,,,,,,,,,,,,,,,,,,,,,,,,,,,,,,,,,,,,,,,,,,,,,,,,,,,,,,,,,53102500,,,,,,,,,,,,,,,,,,,,,,,,,,,,,,,,,,,,,,,,,,,
,,,,,,,Safety & Workwear,Workwear,Heated Apparel,,M200B-21XL,M200B-21XL Milw M12 BLK - Heated Hoodie Kit XL,-- Unbranded --,-- No Unilog Brand --,-- No DIB Brand --,Milwaukee Accessory (4031),Milwaukee Accessory,Milw,,M200B-21XL,,Safety & Workwear>Apparel>Heated Gear,"Milwaukee Accessory Milw, Heated Hoodie Kit, M200B-21XL, black",HEATED HOODIE KIT BLK XL,"Milw M200B-21XL Heated Hoodie Kit, black, XL","Milw Heated Hoodie Kit, black, XL","Heated Hoodie Kit, black, XL",,,,,,,,,,,,,,,,,,,,,,,,,,,Heated Hoodie Kit,Product Name,Heated Hoodie Kit,,Brand,Milw,,Material,,,Color,black,,Size,XL,,Quantity,,,,,,,,,,,,,,,,,,,,,,,,,,,,,,,,,,,,,,,,,,,,,,,,,,,,,,,,,,,,,,,,,,,,,,,,,,,,,,,,,,,,,,,,,,,,,,,,,,,,,,,,,,,,,,,,,,,,,,,,,,,,,,,,,,,,,,,,,,53102500,,,,,,,,,,,,,,,,,,,,,,,,,,,,,,,,,,,,,,,,,,,
,,,,,,,Safety & Workwear,Workwear,Heated Apparel,,M200G-21L,M200G-21L Milw M12 Gray - Heated Hoodie Kit L,-- Unbranded --,-- No Unilog Brand --,-- No DIB Brand --,Milwaukee Accessory (4031),Milwaukee Accessory,Milw,,M200G-21L,,Safety & Workwear>Apparel>Heated Gear,"Milwaukee Accessory Milw, Heated Hoodie Kit L, M200G-21L, Gray",HEATED HOODIE KIT L GRAY,"Milw M200G-21L Heated Hoodie Kit L, Gray","Milw Heated Hoodie Kit L, Gray","Heated Hoodie Kit L, Gray",,,,,,,,,,,,,,,,,,,,,,,,,,,Heated Hoodie Kit L,Product Name,Heated Hoodie Kit L,,Brand,Milw,,Material,,,Color,Gray,,Size,,,Quantity,,,,,,,,,,,,,,,,,,,,,,,,,,,,,,,,,,,,,,,,,,,,,,,,,,,,,,,,,,,,,,,,,,,,,,,,,,,,,,,,,,,,,,,,,,,,,,,,,,,,,,,,,,,,,,,,,,,,,,,,,,,,,,,,,,,,,,,,,,53102500,,,,,,,,,,,,,,,,,,,,,,,,,,,,,,,,,,,,,,,,,,,
,,,,,,,Safety & Workwear,Workwear,Heated Apparel,,M200G-21M,M200G-21M Milw M12 Gray - Heated Hoodie Kit M,-- Unbranded --,-- No Unilog Brand --,-- No DIB Brand --,Milwaukee Accessory (4031),Milwaukee Accessory,Milw,,M200G-21M,,Safety & Workwear>Apparel>Heated Gear,"Milwaukee Accessory Milw, Heated Hoodie Kit M, M200G-21M, Gray",HEATED HOODIE KIT M GRAY,"Milw M200G-21M Heated Hoodie Kit M, Gray","Milw Heated Hoodie Kit M, Gray","Heated Hoodie Kit M, Gray",,,,,,,,,,,,,,,,,,,,,,,,,,,Heated Hoodie Kit M,Product Name,Heated Hoodie Kit M,,Brand,Milw,,Material,,,Color,Gray,,Size,,,Quantity,,,,,,,,,,,,,,,,,,,,,,,,,,,,,,,,,,,,,,,,,,,,,,,,,,,,,,,,,,,,,,,,,,,,,,,,,,,,,,,,,,,,,,,,,,,,,,,,,,,,,,,,,,,,,,,,,,,,,,,,,,,,,,,,,,,,,,,,,,53102500,,,,,,,,,,,,,,,,,,,,,,,,,,,,,,,,,,,,,,,,,,,
,,,,,,,Safety & Workwear,Workwear,Heated Apparel,,M200G-21XL,M200G-21XL Milw M12 Gray - Heated Hoodie Kit XL,-- Unbranded --,-- No Unilog Brand --,-- No DIB Brand --,Milwaukee Accessory (4031),Milwaukee Accessory,Milw,,M200G-21XL,,Safety & Workwear>Apparel>Heated Gear,"Milwaukee Accessory Milw, Heated Hoodie Kit, M200G-21XL, Gray",HEATED HOODIE KIT GRAY XL,"Milw M200G-21XL Heated Hoodie Kit, Gray, XL","Milw Heated Hoodie Kit, Gray, XL","Heated Hoodie Kit, Gray, XL",,,,,,,,,,,,,,,,,,,,,,,,,,,Heated Hoodie Kit,Product Name,Heated Hoodie Kit,,Brand,Milw,,Material,,,Color,Gray,,Size,XL,,Quantity,,,,,,,,,,,,,,,,,,,,,,,,,,,,,,,,,,,,,,,,,,,,,,,,,,,,,,,,,,,,,,,,,,,,,,,,,,,,,,,,,,,,,,,,,,,,,,,,,,,,,,,,,,,,,,,,,,,,,,,,,,,,,,,,,,,,,,,,,,53102500,,,,,,,,,,,,,,,,,,,,,,,,,,,,,,,,,,,,,,,,,,,
,,,,,,,Safety & Workwear,Workwear,Heated Apparel,,48-11-2330,48-11-2330 Milw Heated Gear Power Source,-- Unbranded --,-- No Unilog Brand --,-- No DIB Brand --,Milwaukee Accessory (4031),Milwaukee Accessory,Milw,,48-11-2330,,Safety & Workwear>Apparel>Heated Gear,"Milwaukee Accessory Milw, Heated Gear Power Source, 48-11-2330",HEATED GEAR POWER SOURCE,Milw 48-11-2330 Heated Gear Power Source,Milw Heated Gear Power Source,Heated Gear Power Source,,,,,,,,,,,,,,,,,,,,,,,,,,,Heated Gear Power Source,Product Name,Heated Gear Power Source,,Brand,Milw,,Material,,,Color,,,Size,,,Quantity,,,,,,,,,,,,,,,,,,,,,,,,,,,,,,,,,,,,,,,,,,,,,,,,,,,,,,,,,,,,,,,,,,,,,,,,,,,,,,,,,,,,,,,,,,,,,,,,,,,,,,,,,,,,,,,,,,,,,,,,,,,,,,,,,,,,,,,,,,53102500,,,,,,,,,,,,,,,,,,,,,,,,,,,,,,,,,,,,,,,,,,,
,,,,,,,,,,,DCBP250C,DCBP520C Dewalt Starter Kit,-- Unbranded --,-- No Unilog Brand --,DEWALT,Black & Decker/dewlt (2585),Black & Decker/dewlt,DEWALT,,DCBP250C,,,"Black & Decker/dewlt DEWALT, Dewalt Starter Kit, DCBP250C",DEWALT STARTER KIT,DEWALT DCBP250C Dewalt Starter Kit,DEWALT Dewalt Starter Kit,Dewalt Starter Kit,,,,,,,,,,,,,,,,,,,,,,,,,,,Dewalt Starter Kit,Product Name,Dewalt Starter Kit,,Brand,Dewalt,,Material,,,Color,,,Size,,,Quantity,,,,,,,,,,,,,,,,,,,,,,,,,,,,,,,,,,,,,,,,,,,,,,,,,,,,,,,,,,,,,,,,,,,,,,,,,,,,,,,,,,,,,,,,,,,,,,,,,,,,,,,,,,,,,,,,,,,,,,,,,,,,,,,,,,,,,,,,,,,,,,,,,,,,,,,,,,,,,,,,,,,,,,,,,,,,,,,,,,,,,
,,,,,,,,,,,5328,5328 Lg. Leather Phone Holster - Clip-on,-- Unbranded --,-- No Unilog Brand --,-- No DIB Brand --,-,,Lg,,5328,,,"Lg, Phone Holster, 5328, Leather, 5328",PHONE HOLSTER LEATHER 5328,"Lg 5328 Phone Holster, Leather, 5328","Lg Phone Holster, Leather, 5328","Phone Holster, Leather, 5328",,,,,,,,,,,,,,,,,,,,,,,,,,,Phone Holster,Product Name,Phone Holster,,Brand,Lg,,Material,Leather,,Color,,,Size,5328,,Quantity,,,,,,,,,,,,,,,,,,,,,,,,,,,,,,,,,,,,,,,,,,,,,,,,,,,,,,,,,,,,,,,,,,,,,,,,,,,,,,,,,,,,,,,,,,,,,,,,,,,,,,,,,,,,,,,,,,,,,,,,,,,,,,,,,,,,,,,,,,,,,,,,,,,,,,,,,,,,,,,,,,,,,,,,,,,,,,,,,,,,,
,,,,,,,,,,,3200-20,3200-20 Milw Voltage Detector,-- Unbranded --,-- No Unilog Brand --,-- No DIB Brand --,Milwaukee Accessory (4031),Milwaukee Accessory,Milw,,3200-20,,,"Milwaukee Accessory Milw, Voltage Detector, 3200-20",VOLTAGE DETECTOR,Milw 3200-20 Voltage Detector,Milw Voltage Detector,Voltage Detector,,,,,,,,,,,,,,,,,,,,,,,,,,,Voltage Detector,Product Name,Voltage Detector,,Brand,Milw,,Material,,,Color,,,Size,,,Quantity,,,,,,,,,,,,,,,,,,,,,,,,,,,,,,,,,,,,,,,,,,,,,,,,,,,,,,,,,,,,,,,,,,,,,,,,,,,,,,,,,,,,,,,,,,,,,,,,,,,,,,,,,,,,,,,,,,,,,,,,,,,,,,,,,,,,,,,,,,,,,,,,,,,,,,,,,,,,,,,,,,,,,,,,,,,,,,,,,,,,,
,,,,,,,Electrical,Lamps & Bulbs,LED Lamps,,3202-20,3202-20 Milw Voltage Detector w/ LED,-- Unbranded --,-- No Unilog Brand --,-- No DIB Brand --,Milwaukee Accessory (4031),Milwaukee Accessory,,,3202-20,,Electrical>Lighting>Lamps & Bulbs>LED Lamps,"Milwaukee Accessory, LED Lamp, 3202-20, 3202 -20 Wattage, 3202-20 Bulb Shape",LED LAMP 3202 -20 3202 -20 3202-20,"3202-20 LED Lamp, 3202 -20 Wattage, 3202 -20 Color Temperature, 3202-20 Bulb Shape, 3202-20 Base Type","LED Lamp, 3202 -20 Wattage, 3202 -20 Color Temperature, 3202-20 Bulb Shape, 3202-20 Base Type, 3202 -20 Light Output, 3202 -20 Voltage Rating, 3202-20 Dimmable, 3202 -20 Color Rendering Index, 3202 -20 Rated Life, 3202 -20 Quantity","LED Lamp, 3202 -20 Wattage, 3202 -20 Color Temperature, 3202-20 Bulb Shape, 3202-20 Base Type, 3202 -20 Light Output",,,,,,,,,,,,,,,,,,,,,,,,,,,,Wattage,3202 -20,,Color Temperature,3202 -20,,Bulb Shape,3202-20,,Base Type,3202-20,,Light Output,3202 -20,,Voltage Rating,3202 -20,,Dimmable,3202-20,,Color Rendering Index,3202 -20,,Rated Life,3202 -20,,Quantity,3202 -20,,,,,,,,,,,,,,,,,,,,,,,,,,,,,,,,,,,,,,,,,,,,,,,,,,,,,,,,,,,,,,,,,,,,,,,,,,,,,,,,,,,,,,,,,,,,,,,,,,,,,,,,,,,,,,,,,,,,,,,,,,,,,39101605,,,,,,,,,,,,,,,,,,,,,,,,,,,,,,,,,,,,,,,,,,,
,,,,,,,,,,,3203-20,3203-20 Milw Dual Range Voltage Detector w/ LED,-- Unbranded --,-- No Unilog Brand --,-- No DIB Brand --,Milwaukee Accessory (4031),Milwaukee Accessory,Milw,,3203-20,,,"Milwaukee Accessory Milw, Dual Range Voltage Detector, 3203-20",DUAL RANGE VOLTAGE DETECTOR,Milw 3203-20 Dual Range Voltage Detector,Milw Dual Range Voltage Detector,Dual Range Voltage Detector,,,,,,,,,,,,,,,,,,,,,,,,,,,Dual Range Voltage Detector,Product Name,Dual Range Voltage Detector,,Brand,Milw,,Material,,,Color,,,Size,,,Quantity,,,,,,,,,,,,,,,,,,,,,,,,,,,,,,,,,,,,,,,,,,,,,,,,,,,,,,,,,,,,,,,,,,,,,,,,,,,,,,,,,,,,,,,,,,,,,,,,,,,,,,,,,,,,,,,,,,,,,,,,,,,,,,,,,,,,,,,,,,,,,,,,,,,,,,,,,,,,,,,,,,,,,,,,,,,,,,,,,,,,,
,,,,,,,,,,,BC-12300,"BC-12300 BigCal 12""/300mm",-- Unbranded --,-- No Unilog Brand --,-- No DIB Brand --,Woodpeckers Inc (WOODP),Woodpeckers Inc,BC-12300,,BC-12300,,,"Woodpeckers Inc BC-12300, Bigcal, BC-12300, 12""/300mm",BIGCAL,"BC-12300 BC-12300 Bigcal, 12""/300mm","BC-12300 Bigcal, 12""/300mm","Bigcal, 12""/300mm",,,,,,,,,,,,,,,,,,,,,,,,,,,Bigcal,Product Name,BigCal,,Brand,BC-12300,,Material,,,Color,,,Size,"12""/300mm",,Quantity,,,,,,,,,,,,,,,,,,,,,,,,,,,,,,,,,,,,,,,,,,,,,,,,,,,,,,,,,,,,,,,,,,,,,,,,,,,,,,,,,,,,,,,,,,,,,,,,,,,,,,,,,,,,,,,,,,,,,,,,,,,,,,,,,,,,,,,,,,,,,,,,,,,,,,,,,,,,,,,,,,,,,,,,,,,,,,,,,,,,,
,,,,,,,,,,,BC-24600,"BC-24600 BigCal 24""/600mm",-- Unbranded --,-- No Unilog Brand --,-- No DIB Brand --,Woodpeckers Inc (WOODP),Woodpeckers Inc,BC-24600,,BC-24600,,,"Woodpeckers Inc BC-24600, Bigcal, BC-24600, 24""/600mm",BIGCAL,"BC-24600 BC-24600 Bigcal, 24""/600mm","BC-24600 Bigcal, 24""/600mm","Bigcal, 24""/600mm",,,,,,,,,,,,,,,,,,,,,,,,,,,Bigcal,Product Name,BigCal,,Brand,BC-24600,,Material,,,Color,,,Size,"24""/600mm",,Quantity,,,,,,,,,,,,,,,,,,,,,,,,,,,,,,,,,,,,,,,,,,,,,,,,,,,,,,,,,,,,,,,,,,,,,,,,,,,,,,,,,,,,,,,,,,,,,,,,,,,,,,,,,,,,,,,,,,,,,,,,,,,,,,,,,,,,,,,,,,,,,,,,,,,,,,,,,,,,,,,,,,,,,,,,,,,,,,,,,,,,,
,,,,,,,,,,,DW08302CG,DW08302CG Dewalt Laser - Green 3 Spot,-- Unbranded --,-- No Unilog Brand --,DEWALT,Black & Decker/dewlt (2585),Black & Decker/dewlt,DEWALT,,DW08302CG,,,"Black & Decker/dewlt DEWALT, Dewalt Laser, DW08302CG, Green, 3 Spot",DEWALT LASER GREEN 3 SPOT,"DEWALT DW08302CG Dewalt Laser, Green, 3 Spot","DEWALT Dewalt Laser, Green, 3 Spot","Dewalt Laser, Green, 3 Spot",,,,,,,,,,,,,,,,,,,,,,,,,,,Dewalt Laser,Product Name,Dewalt Laser,,Brand,Dewalt,,Material,,,Color,Green,,Size,3 Spot,,Quantity,,,,,,,,,,,,,,,,,,,,,,,,,,,,,,,,,,,,,,,,,,,,,,,,,,,,,,,,,,,,,,,,,,,,,,,,,,,,,,,,,,,,,,,,,,,,,,,,,,,,,,,,,,,,,,,,,,,,,,,,,,,,,,,,,,,,,,,,,,,,,,,,,,,,,,,,,,,,,,,,,,,,,,,,,,,,,,,,,,,,,
,,,,,,,,,,,GCL165-42GL,GCL165--42GL Cross Line Laser,-- Unbranded --,-- No Unilog Brand --,-- No DIB Brand --,Robt Bosch Tool Corp (6564),Robt Bosch Tool Corp,GCL165--42GL,,GCL165-42GL,,,"Robt Bosch Tool Corp GCL165--42GL, Cross Line Laser, GCL165-42GL",CROSS LINE LASER,GCL165--42GL GCL165-42GL Cross Line Laser,GCL165--42GL Cross Line Laser,Cross Line Laser,,,,,,,,,,,,,,,,,,,,,,,,,,,Cross Line Laser,Product Name,Cross Line Laser,,Brand,GCL165--42GL,,Material,,,Color,,,Size,,,Quantity,,,,,,,,,,,,,,,,,,,,,,,,,,,,,,,,,,,,,,,,,,,,,,,,,,,,,,,,,,,,,,,,,,,,,,,,,,,,,,,,,,,,,,,,,,,,,,,,,,,,,,,,,,,,,,,,,,,,,,,,,,,,,,,,,,,,,,,,,,,,,,,,,,,,,,,,,,,,,,,,,,,,,,,,,,,,,,,,,,,,,
,,,,,,,,,,,DW08802CG,DW08802CG Dewalt Laser Green - Self-Level Cross Line,-- Unbranded --,-- No Unilog Brand --,DEWALT,Black & Decker/dewlt (2585),Black & Decker/dewlt,DEWALT,,DW08802CG,,,"Black & Decker/dewlt DEWALT, Dewalt Laser Green - Self-Level Cross Line, DW08802CG",DEWALT LASER GREEN - SELF-LEVEL CROSS LI,"DEWALT DW08802CG Dewalt Laser Green - Self-Level Cross Line, Green","DEWALT Dewalt Laser Green - Self-Level Cross Line, Green","Dewalt Laser Green - Self-Level Cross Line, Green",,,,,,,,,,,,,,,,,,,,,,,,,,,Dewalt Laser Green - Self-level Cross Line,Product Name,Dewalt Laser Green - Self-Level Cross Line,,Brand,Dewalt,,Material,,,Color,Green,,Size,,,Quantity,,,,,,,,,,,,,,,,,,,,,,,,,,,,,,,,,,,,,,,,,,,,,,,,,,,,,,,,,,,,,,,,,,,,,,,,,,,,,,,,,,,,,,,,,,,,,,,,,,,,,,,,,,,,,,,,,,,,,,,,,,,,,,,,,,,,,,,,,,,,,,,,,,,,,,,,,,,,,,,,,,,,,,,,,,,,,,,,,,,,,
,,,,,,,,,,,DW088CG,DW088CG Dewalt Laser - Green Cross Line,-- Unbranded --,-- No Unilog Brand --,DEWALT,Black & Decker/dewlt (2585),Black & Decker/dewlt,DEWALT,,DW088CG,,,"Black & Decker/dewlt DEWALT, Dewalt Laser, DW088CG, Green",DEWALT LASER GREEN,"DEWALT DW088CG Dewalt Laser, Green","DEWALT Dewalt Laser, Green","Dewalt Laser, Green",,,,,,,,,,,,,,,,,,,,,,,,,,,Dewalt Laser,Product Name,Dewalt Laser,,Brand,Dewalt,,Material,,,Color,Green,,Size,,,Quantity,,,,,,,,,,,,,,,,,,,,,,,,,,,,,,,,,,,,,,,,,,,,,,,,,,,,,,,,,,,,,,,,,,,,,,,,,,,,,,,,,,,,,,,,,,,,,,,,,,,,,,,,,,,,,,,,,,,,,,,,,,,,,,,,,,,,,,,,,,,,,,,,,,,,,,,,,,,,,,,,,,,,,,,,,,,,,,,,,,,,,
,,,,,,,Appliances,Large Appliances,Major Kitchen & Laundry Appliances,,DW089CG,DW089CG Dewalt Laser Level - 3 Line 30ft Range,-- Unbranded --,-- No Unilog Brand --,DEWALT,Black & Decker/dewlt (2585),Black & Decker/dewlt,DEWALT,,DW089CG,,Appliances & Consumer Electronics>Kitchen Appliances>Major Appliances,"Black & Decker/dewlt DEWALT, Laser Level, DW089CG, 24 in Width",LASER LEVEL 24IN,"DEWALT DW089CG Laser Level, 24 in Width","DEWALT Laser Level, 24 in Width","Laser Level, 24 in Width",,24 in,,,,,,,,,,,,,,,,,,,,,,,,,Laser Level,Product Name,Laser Level,,Series,,,Capacity,,,Voltage Rating,,,Amperage Rating,,,Width,24,in,Mounting Type,,,Fuel Type,,,Sound Level,,,Color,,,,,,,,,,,,,,,,,,,,,,,,,,,,,,,,,,,,,,,,,,,,,,,,,,,,,,,,,,,,,,,,,,,,,,,,,,,,,,,,,,,,,,,,,,,,,,,,,,,,,,,,,,,,,,,,,,,,,,,,,,,,,,52141500,,,,,,,,,,24,in,,,,,,,,,,,,,,,,,,,,,,,,,,,,,,,,
,,,,,,,Tools & Equipment,Power Tools,Cordless Tools,,DCLE34520GB,DCLE34520GB Dewalt Laser 20V - Cross Line 5 Spot (Bare),-- Unbranded --,-- No Unilog Brand --,DEWALT,Black & Decker/dewlt (2585),Black & Decker/dewlt,DEWALT,,DCLE34520GB,,Tools & Equipment>Power Tools>Cordless Power Tools,"Black & Decker/dewlt DEWALT, Laser, DCLE34520GB, 20 V Voltage",LASER 20V 20V MAX,"DEWALT DCLE34520GB Laser, 20 V Voltage, 20V MAX Battery Platform, bare tool Configuration","DEWALT Laser, 20 V Voltage, 20V MAX Battery Platform, bare tool Configuration","Laser, 20 V Voltage, 20V MAX Battery Platform, bare tool Configuration",,20 V,,,,,,,,,,,,,,,,,,,,,,,,,Laser,Tool Type,Laser,,Voltage,20,V,Battery Platform,20V MAX,,Configuration,bare tool,,Drive Size,,,No Load Speed,,,Motor Type,,,,,,,,,,,,,,,,,,,,,,,,,,,,,,,,,,,,,,,,,,,,,,,,,,,,,,,,,,,,,,,,,,,,,,,,,,,,,,,,,,,,,,,,,,,,,,,,,,,,,,,,,,,,,,,,,,,,,,,,,,,,,,,,,,,,,,,27112800,,,,,,,,,,,,,,,,,,,,,,,,,,,,,,,,,,,,,,,,,,,
,,,,,,,Tools & Equipment,Power Tools,Cordless Tools,,DCLE34031B,DCLE34031B Dewalt Line Laser - 20V Self-Leveling (Bare),-- Unbranded --,-- No Unilog Brand --,DEWALT,Black & Decker/dewlt (2585),Black & Decker/dewlt,DEWALT,,DCLE34031B,,Tools & Equipment>Power Tools>Cordless Power Tools,"Black & Decker/dewlt DEWALT, Line Laser, DCLE34031B, 20 V Voltage",LINE LASER 20V 20V MAX,"DEWALT DCLE34031B Line Laser, 20 V Voltage, 20V MAX Battery Platform, bare tool Configuration","DEWALT Line Laser, 20 V Voltage, 20V MAX Battery Platform, bare tool Configuration","Line Laser, 20 V Voltage, 20V MAX Battery Platform, bare tool Configuration",,20 V,,,,,,,,,,,,,,,,,,,,,,,,,Line Laser,Tool Type,Line Laser,,Voltage,20,V,Battery Platform,20V MAX,,Configuration,bare tool,,Drive Size,,,No Load Speed,,,Motor Type,,,,,,,,,,,,,,,,,,,,,,,,,,,,,,,,,,,,,,,,,,,,,,,,,,,,,,,,,,,,,,,,,,,,,,,,,,,,,,,,,,,,,,,,,,,,,,,,,,,,,,,,,,,,,,,,,,,,,,,,,,,,,,,,,,,,,,,27112800,,,,,,,,,,,,,,,,,,,,,,,,,,,,,,,,,,,,,,,,,,,
,,,,,,,,,,,DW0822CG,DW0822CG Dewalt Cross Line - Plumb Spots Laser-Green,-- Unbranded --,-- No Unilog Brand --,DEWALT,Black & Decker/dewlt (2585),Black & Decker/dewlt,DEWALT,,DW0822CG,,,"Black & Decker/dewlt DEWALT, Plumb Spots Laser, DW0822CG, Green",PLUMB SPOTS LASER GREEN,"DEWALT DW0822CG Plumb Spots Laser, Green","DEWALT Plumb Spots Laser, Green","Plumb Spots Laser, Green",,,,,,,,,,,,,,,,,,,,,,,,,,,Plumb Spots Laser,Product Name,Plumb Spots Laser,,Brand,Dewalt,,Material,,,Color,Green,,Size,,,Quantity,,,,,,,,,,,,,,,,,,,,,,,,,,,,,,,,,,,,,,,,,,,,,,,,,,,,,,,,,,,,,,,,,,,,,,,,,,,,,,,,,,,,,,,,,,,,,,,,,,,,,,,,,,,,,,,,,,,,,,,,,,,,,,,,,,,,,,,,,,,,,,,,,,,,,,,,,,,,,,,,,,,,,,,,,,,,,,,,,,,,,
,,,,,,,,,,,25459,25459 Mason Line Brd Orange - 500',-- Unbranded --,-- No Unilog Brand --,-- No DIB Brand --,U S Tape Company (6694),U S Tape Company,25459,,25459,,,"U S Tape Company 25459, Mason Line Brd, 25459, Orange, 500 ft",MASON LINE BRD ORANGE 500FT,"25459 25459 Mason Line Brd, Orange, 500 ft","25459 Mason Line Brd, Orange, 500 ft","Mason Line Brd, Orange, 500 ft",,,,,,,,,,,,,,,,,,,,,,,,,,,Mason Line Brd,Product Name,Mason Line Brd,,Brand,25459,,Material,,,Color,Orange,,Size,500,ft,Quantity,,,,,,,,,,,,,,,,,,,,,,,,,,,,,,,,,,,,,,,,,,,,,,,,,,,,,,,,,,,,,,,,,,,,,,,,,,,,,,,,,,,,,,,,,,,,,,,,,,,,,,,,,,,,,,,,,,,,,,,,,,,,,,,,,,,,,,,,,,,,,,,,,,,,,,,,,,,,,,,,,,,,,,,,,,,,,,,,,,,,,
,,,,,,,,,,,35459,35459 Mason Line Brd Orange - 500' Replacement,-- Unbranded --,-- No Unilog Brand --,-- No DIB Brand --,U S Tape Company (6694),U S Tape Company,35459,,35459,,,"U S Tape Company 35459, Mason Line Brd, 35459, Orange, 500 ft",MASON LINE BRD ORANGE 500FT,"35459 35459 Mason Line Brd, Orange, 500 ft","35459 Mason Line Brd, Orange, 500 ft","Mason Line Brd, Orange, 500 ft",,,,,,,,,,,,,,,,,,,,,,,,,,,Mason Line Brd,Product Name,Mason Line Brd,,Brand,35459,,Material,,,Color,Orange,,Size,500,ft,Quantity,,,,,,,,,,,,,,,,,,,,,,,,,,,,,,,,,,,,,,,,,,,,,,,,,,,,,,,,,,,,,,,,,,,,,,,,,,,,,,,,,,,,,,,,,,,,,,,,,,,,,,,,,,,,,,,,,,,,,,,,,,,,,,,,,,,,,,,,,,,,,,,,,,,,,,,,,,,,,,,,,,,,,,,,,,,,,,,,,,,,,
,,,,,,,,,,,25759,25759 Mason Line Brd Orange - 1000',-- Unbranded --,-- No Unilog Brand --,-- No DIB Brand --,U S Tape Company (6694),U S Tape Company,25759,,25759,,,"U S Tape Company 25759, Mason Line Brd, 25759, Orange, 1000 ft",MASON LINE BRD ORANGE 1000FT,"25759 25759 Mason Line Brd, Orange, 1000 ft","25759 Mason Line Brd, Orange, 1000 ft","Mason Line Brd, Orange, 1000 ft",,,,,,,,,,,,,,,,,,,,,,,,,,,Mason Line Brd,Product Name,Mason Line Brd,,Brand,25759,,Material,,,Color,Orange,,Size,1000,ft,Quantity,,,,,,,,,,,,,,,,,,,,,,,,,,,,,,,,,,,,,,,,,,,,,,,,,,,,,,,,,,,,,,,,,,,,,,,,,,,,,,,,,,,,,,,,,,,,,,,,,,,,,,,,,,,,,,,,,,,,,,,,,,,,,,,,,,,,,,,,,,,,,,,,,,,,,,,,,,,,,,,,,,,,,,,,,,,,,,,,,,,,,
,,,,,,,,,,,35112,35112 Mason Line Twist Yellow - 270',-- Unbranded --,-- No Unilog Brand --,-- No DIB Brand --,U S Tape Company (6694),U S Tape Company,35112,,35112,,,"U S Tape Company 35112, Mason Line Twist, 35112, Yellow, 270 ft",MASON LINE TWIST YELLOW 270FT,"35112 35112 Mason Line Twist, Yellow, 270 ft","35112 Mason Line Twist, Yellow, 270 ft","Mason Line Twist, Yellow, 270 ft",,,,,,,,,,,,,,,,,,,,,,,,,,,Mason Line Twist,Product Name,Mason Line Twist,,Brand,35112,,Material,,,Color,Yellow,,Size,270,ft,Quantity,,,,,,,,,,,,,,,,,,,,,,,,,,,,,,,,,,,,,,,,,,,,,,,,,,,,,,,,,,,,,,,,,,,,,,,,,,,,,,,,,,,,,,,,,,,,,,,,,,,,,,,,,,,,,,,,,,,,,,,,,,,,,,,,,,,,,,,,,,,,,,,,,,,,,,,,,,,,,,,,,,,,,,,,,,,,,,,,,,,,,
,,,,,,,,,,,35115,35115 Mason Line Twist Green - 270',-- Unbranded --,-- No Unilog Brand --,-- No DIB Brand --,U S Tape Company (6694),U S Tape Company,35115,,35115,,,"U S Tape Company 35115, Mason Line Twist Green, 35115, Green",MASON LINE TWIST GREEN GREEN 270FT,"35115 35115 Mason Line Twist Green, Green, 270 ft","35115 Mason Line Twist Green, Green, 270 ft","Mason Line Twist Green, Green, 270 ft",,,,,,,,,,,,,,,,,,,,,,,,,,,Mason Line Twist Green,Product Name,Mason Line Twist Green,,Brand,35115,,Material,,,Color,Green,,Size,270,ft,Quantity,,,,,,,,,,,,,,,,,,,,,,,,,,,,,,,,,,,,,,,,,,,,,,,,,,,,,,,,,,,,,,,,,,,,,,,,,,,,,,,,,,,,,,,,,,,,,,,,,,,,,,,,,,,,,,,,,,,,,,,,,,,,,,,,,,,,,,,,,,,,,,,,,,,,,,,,,,,,,,,,,,,,,,,,,,,,,,,,,,,,,
,,,,,,,,,,,25168,25168 Mason Line Brd Green - 250',CENTURY COMPONENTS,-- No Unilog Brand --,-- No DIB Brand --,U S Tape Company (6694),U S Tape Company,CENTURY COMPONENTS,,25168,,,"U S Tape Company CENTURY COMPONENTS, Mason Line Brd, 25168, Green",MASON LINE BRD GREEN 250FT,"CENTURY COMPONENTS 25168 Mason Line Brd, Green, 250 ft","CENTURY COMPONENTS Mason Line Brd, Green, 250 ft","Mason Line Brd, Green, 250 ft",,,,,,,,,,,,,,,,,,,,,,,,,,,Mason Line Brd,Product Name,Mason Line Brd,,Brand,25168,,Material,,,Color,Green,,Size,250,ft,Quantity,,,,,,,,,,,,,,,,,,,,,,,,,,,,,,,,,,,,,,,,,,,,,,,,,,,,,,,,,,,,,,,,,,,,,,,,,,,,,,,,,,,,,,,,,,,,,,,,,,,,,,,,,,,,,,,,,,,,,,,,,,,,,,,,,,,,,,,,,,,,,,,,,,,,,,,,,,,,,,,,,,,,,,,,,,,,,,,,,,,,,
,,,,,,,,,,,35468,35468 Mason Line Brd Green - 500' Replacement,-- Unbranded --,-- No Unilog Brand --,-- No DIB Brand --,U S Tape Company (6694),U S Tape Company,Mason Line,,35468,,,"U S Tape Company Mason Line, Mason Line Brd Green, 35468, Green",MASON LINE BRD GREEN GREEN 500FT,"Mason Line 35468 Mason Line Brd Green, Green, 500 ft","Mason Line Mason Line Brd Green, Green, 500 ft","Mason Line Brd Green, Green, 500 ft",,,,,,,,,,,,,,,,,,,,,,,,,,,Mason Line Brd Green,Product Name,Mason Line Brd Green,,Brand,Mason Line,,Material,,,Color,Green,,Size,500,ft,Quantity,,,,,,,,,,,,,,,,,,,,,,,,,,,,,,,,,,,,,,,,,,,,,,,,,,,,,,,,,,,,,,,,,,,,,,,,,,,,,,,,,,,,,,,,,,,,,,,,,,,,,,,,,,,,,,,,,,,,,,,,,,,,,,,,,,,,,,,,,,,,,,,,,,,,,,,,,,,,,,,,,,,,,,,,,,,,,,,,,,,,,
,,,,,,,,,,,35494,35494 Mason Line Brd Blk/Yellw - 500' Replacement,-- Unbranded --,-- No Unilog Brand --,-- No DIB Brand --,U S Tape Company (6694),U S Tape Company,35494,,35494,,,"U S Tape Company 35494, Mason Line Brd Blk/yellw, 35494, Blk/Yellw",MASON LINE BRD BLK/YELLW 500FT,"35494 35494 Mason Line Brd Blk/yellw, Blk/Yellw, 500 ft","35494 Mason Line Brd Blk/yellw, Blk/Yellw, 500 ft","Mason Line Brd Blk/yellw, Blk/Yellw, 500 ft",,,,,,,,,,,,,,,,,,,,,,,,,,,Mason Line Brd Blk/yellw,Product Name,Mason Line Brd Blk/Yellw,,Brand,35494,,Material,,,Color,Blk/Yellw,,Size,500,ft,Quantity,,,,,,,,,,,,,,,,,,,,,,,,,,,,,,,,,,,,,,,,,,,,,,,,,,,,,,,,,,,,,,,,,,,,,,,,,,,,,,,,,,,,,,,,,,,,,,,,,,,,,,,,,,,,,,,,,,,,,,,,,,,,,,,,,,,,,,,,,,,,,,,,,,,,,,,,,,,,,,,,,,,,,,,,,,,,,,,,,,,,,
,,,,,,,,,,,MLSQ0120,"MLSQ0120 Milw 12"" RafterSquare",-- Unbranded --,-- No Unilog Brand --,-- No DIB Brand --,Milwaukee Accessory (4031),Milwaukee Accessory,Milw,,MLSQ0120,,,"Milwaukee Accessory Milw, Raftersquare, MLSQ0120, 12 in",RAFTERSQUARE 12IN,"Milw MLSQ0120 Raftersquare, 12 in","Milw Raftersquare, 12 in","Raftersquare, 12 in",,,,,,,,,,,,,,,,,,,,,,,,,,,Raftersquare,Product Name,RafterSquare,,Brand,Milw,,Material,,,Color,,,Size,12,in,Quantity,,,,,,,,,,,,,,,,,,,,,,,,,,,,,,,,,,,,,,,,,,,,,,,,,,,,,,,,,,,,,,,,,,,,,,,,,,,,,,,,,,,,,,,,,,,,,,,,,,,,,,,,,,,,,,,,,,,,,,,,,,,,,,,,,,,,,,,,,,,,,,,,,,,,,,,,,,,,,,,,,,,,,,,,,,,,,,,,,,,,,
,,,,,,,,,,,MLSQ1120,MLSQ1120 Milw 300mm Rafter - Square (Metric),-- Unbranded --,-- No Unilog Brand --,-- No DIB Brand --,Milwaukee Accessory (4031),Milwaukee Accessory,,,MLSQ1120,,,"Milwaukee Accessory, MLSQ1120 Milw 300mm Rafter - Square (Metric), MLSQ1120",MLSQ1120 MILW 300MM RAFTER - SQUARE (MET,"MLSQ1120 MLSQ1120 Milw 300mm Rafter - Square (Metric), 300 mm","MLSQ1120 Milw 300mm Rafter - Square (Metric), 300 mm","MLSQ1120 Milw 300mm Rafter - Square (Metric), 300 mm",,,,,,,,,,,,,,,,,,,,,,,,,,,MLSQ1120 Milw 300mm Rafter - Square (Metric),Product Name,MLSQ1120 Milw 300mm Rafter - Square (Metric),,Brand,,,Material,,,Color,,,Size,300,mm,Quantity,,,,,,,,,,,,,,,,,,,,,,,,,,,,,,,,,,,,,,,,,,,,,,,,,,,,,,,,,,,,,,,,,,,,,,,,,,,,,,,,,,,,,,,,,,,,,,,,,,,,,,,,,,,,,,,,,,,,,,,,,,,,,,,,,,,,,,,,,,,,,,,,,,,,,,,,,,,,,,,,,,,,,,,,,,,,,,,,,,,,,
,,,,,,,Tools & Equipment,Power Tools,Cordless Tools,,55227,"55227 Amana Countersink/Stop 1/8"" Drill TB",-- Unbranded --,-- No Unilog Brand --,-- No DIB Brand --,Amana Tool Corp (AMATO),Amana Tool Corp,,,55227,,Tools & Equipment>Power Tools>Cordless Power Tools,"Amana Tool Corp, Countersink/stop, 55227, 1/8 in Drive Size",COUNTERSINK/STOP 1/8IN,"55227 Countersink/stop, 1/8 in Drive Size","Countersink/stop, 1/8 in Drive Size","Countersink/stop, 1/8 in Drive Size",,1/8 in,,,,,,,,,,,,,,,,,,,,,,,,,Countersink/stop,Tool Type,Countersink/Stop,,Voltage,,,Battery Platform,,,Configuration,,,Drive Size,1/8,in,No Load Speed,,,Motor Type,,,,,,,,,,,,,,,,,,,,,,,,,,,,,,,,,,,,,,,,,,,,,,,,,,,,,,,,,,,,,,,,,,,,,,,,,,,,,,,,,,,,,,,,,,,,,,,,,,,,,,,,,,,,,,,,,,,,,,,,,,,,,,,,,,,,,,,27112800,,,,,,,,,,,,,,,,,,,,,,,,,,,,,,,,,,,,,,,,,,,
,,,,,,,,,,,37300952,"095842 Fisch Plug Cutter 3/8""",-- Unbranded --,-- No Unilog Brand --,-- No DIB Brand --,-,,Fisch,,37300952,,,"Fisch, Plug Cutter, 37300952, 3/8 in",PLUG CUTTER 3/8IN,"Fisch 37300952 Plug Cutter, 3/8 in","Fisch Plug Cutter, 3/8 in","Plug Cutter, 3/8 in",,,,,,,,,,,,,,,,,,,,,,,,,,,Plug Cutter,Product Name,Plug Cutter,,Brand,Fisch,,Material,,,Color,,,Size,3/8,in,Quantity,,,,,,,,,,,,,,,,,,,,,,,,,,,,,,,,,,,,,,,,,,,,,,,,,,,,,,,,,,,,,,,,,,,,,,,,,,,,,,,,,,,,,,,,,,,,,,,,,,,,,,,,,,,,,,,,,,,,,,,,,,,,,,,,,,,,,,,,,,,,,,,,,,,,,,,,,,,,,,,,,,,,,,,,,,,,,,,,,,,,,
,,,,,,,Tools & Equipment,Power Tool Accessories,Driver & Drill Bits,,6008,6008 Whiteside Router Bit,-- Unbranded --,-- No Unilog Brand --,-- No DIB Brand --,Whiteside Machine & Repair Co (WHIMA),Whiteside Machine & Repair Co,,,6008,,Tools & Equipment>Power Tool Accessories>Bits & Drivers,"Whiteside Machine & Repair Co, Router Bit, 6008, 6008 Drive Type",ROUTER BIT 6008 6008 6008IN 6008IN 6008,"6008 Router Bit, 6008 Drive Type, 6008 Drive Size, 6008 in Length, 6008 in Shank Size, Whiteside, 6008 Impact Rated","Router Bit, 6008 Drive Type, 6008 Drive Size, 6008 in Length, 6008 in Shank Size, Whiteside, 6008 Impact Rated, 6008 Quantity","Router Bit, 6008 Drive Type, 6008 Drive Size, 6008 in Length, 6008 in Shank Size, Whiteside, 6008 Impact Rated",,6008 in,6008 in,,,,,,,,,,,,,,,,,,,,,,,,Router Bit,Product Name,Router Bit,,Drive Type,6008,,Drive Size,6008,,Length,6008,in,Shank Size,6008,in,Material,Whiteside,,Impact Rated,6008,,Quantity,6008,,,,,,,,,,,,,,,,,,,,,,,,,,,,,,,,,,,,,,,,,,,,,,,,,,,,,,,,,,,,,,,,,,,,,,,,,,,,,,,,,,,,,,,,,,,,,,,,,,,,,,,,,,,,,,,,,,,,,,,,,,,,,,,,,,,27112103,,,6008,EA,,6008,in,,,,,,,,,,,,,,,,,,,,,,,,,,,,,,,,,,,,
,,,,,,,Tools & Equipment,Power Tool Accessories,Driver & Drill Bits,,6009,6009 Whiteside Router Bit,-- Unbranded --,-- No Unilog Brand --,-- No DIB Brand --,Whiteside Machine & Repair Co (WHIMA),Whiteside Machine & Repair Co,,,6009,,Tools & Equipment>Power Tool Accessories>Bits & Drivers,"Whiteside Machine & Repair Co, Router Bit, 6009, 6009 Drive Type",ROUTER BIT 6009 6009 6009IN 6009IN 6009,"6009 Router Bit, 6009 Drive Type, 6009 Drive Size, 6009 in Length, 6009 in Shank Size, Whiteside, 6009 Impact Rated","Router Bit, 6009 Drive Type, 6009 Drive Size, 6009 in Length, 6009 in Shank Size, Whiteside, 6009 Impact Rated, 6009 Quantity","Router Bit, 6009 Drive Type, 6009 Drive Size, 6009 in Length, 6009 in Shank Size, Whiteside, 6009 Impact Rated",,6009 in,6009 in,,,,,,,,,,,,,,,,,,,,,,,,Router Bit,Product Name,Router Bit,,Drive Type,6009,,Drive Size,6009,,Length,6009,in,Shank Size,6009,in,Material,Whiteside,,Impact Rated,6009,,Quantity,6009,,,,,,,,,,,,,,,,,,,,,,,,,,,,,,,,,,,,,,,,,,,,,,,,,,,,,,,,,,,,,,,,,,,,,,,,,,,,,,,,,,,,,,,,,,,,,,,,,,,,,,,,,,,,,,,,,,,,,,,,,,,,,,,,,,,27112103,,,6009,EA,,6009,in,,,,,,,,,,,,,,,,,,,,,,,,,,,,,,,,,,,,
,,,,,,,Tools & Equipment,Power Tool Accessories,Driver & Drill Bits,,3000A,3000A Whiteside Router Bit,-- Unbranded --,-- No Unilog Brand --,-- No DIB Brand --,Whiteside Machine & Repair Co (WHIMA),Whiteside Machine & Repair Co,,,3000A,,Tools & Equipment>Power Tool Accessories>Bits & Drivers,"Whiteside Machine & Repair Co, Router Bit, 3000A, 3000 A Drive Type",ROUTER BIT 3000A 3000A 3000A 3000A 3000A,"3000A Router Bit, 3000 A Drive Type, 3000 A Drive Size, 3000 A Length, 3000 A Shank Size, 3000 A, 3000 A Impact Rated","Router Bit, 3000 A Drive Type, 3000 A Drive Size, 3000 A Length, 3000 A Shank Size, 3000 A, 3000 A Impact Rated, 3000 A Quantity","Router Bit, 3000 A Drive Type, 3000 A Drive Size, 3000 A Length, 3000 A Shank Size, 3000 A, 3000 A Impact Rated",,3000 A,3000 A,3000 A,3000 A,3000 A,3000 A,,,,,,,,,,,,,,,,,,,,Router Bit,Product Name,Router Bit,,Drive Type,3000,A,Drive Size,3000,A,Length,3000,A,Shank Size,3000,A,Material,3000,A,Impact Rated,3000,A,Quantity,3000,A,,,,,,,,,,,,,,,,,,,,,,,,,,,,,,,,,,,,,,,,,,,,,,,,,,,,,,,,,,,,,,,,,,,,,,,,,,,,,,,,,,,,,,,,,,,,,,,,,,,,,,,,,,,,,,,,,,,,,,,,,,,,,,,,,,27112103,,,,,,3000,A,,,,,,,,,,,,,,,,,,,,,,,,,,,,,,,,,,,,
,,,,,,,Tools & Equipment,Power Tools,Cordless Tools,,MID6630201US,MID6630201US Deos663XCV Sander,-- Unbranded --,-- No Unilog Brand --,-- No DIB Brand --,Mirka Abrasives Inc (MIRUS),Mirka Abrasives Inc,,,MID6630201US,,Tools & Equipment>Power Tools>Cordless Power Tools,"Mirka Abrasives Inc, Sander, MID6630201US, 20 V Voltage",SANDER 20V,"MID6630201US Sander, 20 V Voltage","Sander, 20 V Voltage","Sander, 20 V Voltage",,20 V,,,,,,,,,,,,,,,,,,,,,,,,,Sander,Tool Type,sander,,Voltage,20,V,Battery Platform,,,Configuration,,,Drive Size,,,No Load Speed,,,Motor Type,,,,,,,,,,,,,,,,,,,,,,,,,,,,,,,,,,,,,,,,,,,,,,,,,,,,,,,,,,,,,,,,,,,,,,,,,,,,,,,,,,,,,,,,,,,,,,,,,,,,,,,,,,,,,,,,,,,,,,,,,,,,,,,,,,,,,,,27112800,,,,,,,,,,,,,,,,,,,,,,,,,,,,,,,,,,,,,,,,,,,
,,,,,,,,,,,DCF6202,DCF6202 Dewalt Collated Attach,-- Unbranded --,-- No Unilog Brand --,DEWALT,Black & Decker/dewlt (2585),Black & Decker/dewlt,DEWALT,,DCF6202,,,"Black & Decker/dewlt DEWALT, DCF6202 Dewalt Collated Attach, DCF6202",DCF6202 DEWALT COLLATED ATTACH,DEWALT DCF6202 DCF6202 Dewalt Collated Attach,DEWALT DCF6202 Dewalt Collated Attach,DCF6202 Dewalt Collated Attach,,,,,,,,,,,,,,,,,,,,,,,,,,,DCF6202 Dewalt Collated Attach,Product Name,DCF6202 Dewalt Collated Attach,,Brand,Dewalt,,Material,,,Color,,,Size,,,Quantity,,,,,,,,,,,,,,,,,,,,,,,,,,,,,,,,,,,,,,,,,,,,,,,,,,,,,,,,,,,,,,,,,,,,,,,,,,,,,,,,,,,,,,,,,,,,,,,,,,,,,,,,,,,,,,,,,,,,,,,,,,,,,,,,,,,,,,,,,,,,,,,,,,,,,,,,,,,,,,,,,,,,,,,,,,,,,,,,,,,,,
,,,,,,,,,,,25468,25468 Mason Line Brd Green - 500',-- Unbranded --,-- No Unilog Brand --,-- No DIB Brand --,U S Tape Company (6694),U S Tape Company,25468,,25468,,,"U S Tape Company 25468, Mason Line Brd, 25468, Green, 500 ft",MASON LINE BRD GREEN 500FT,"25468 25468 Mason Line Brd, Green, 500 ft","25468 Mason Line Brd, Green, 500 ft","Mason Line Brd, Green, 500 ft",,,,,,,,,,,,,,,,,,,,,,,,,,,Mason Line Brd,Product Name,Mason Line Brd,,Brand,25468,,Material,,,Color,Green,,Size,500,ft,Quantity,,,,,,,,,,,,,,,,,,,,,,,,,,,,,,,,,,,,,,,,,,,,,,,,,,,,,,,,,,,,,,,,,,,,,,,,,,,,,,,,,,,,,,,,,,,,,,,,,,,,,,,,,,,,,,,,,,,,,,,,,,,,,,,,,,,,,,,,,,,,,,,,,,,,,,,,,,,,,,,,,,,,,,,,,,,,,,,,,,,,,
,,,,,,,,,,,25762,25762 Mason Line Brd Pink - 1000',-- Unbranded --,-- No Unilog Brand --,-- No DIB Brand --,U S Tape Company (6694),U S Tape Company,25762,,25762,,,"U S Tape Company 25762, Mason Line Brd, 25762, Pink, 1000 ft",MASON LINE BRD PINK 1000FT,"25762 25762 Mason Line Brd, Pink, 1000 ft","25762 Mason Line Brd, Pink, 1000 ft","Mason Line Brd, Pink, 1000 ft",,,,,,,,,,,,,,,,,,,,,,,,,,,Mason Line Brd,Product Name,Mason Line Brd,,Brand,25762,,Material,,,Color,Pink,,Size,1000,ft,Quantity,,,,,,,,,,,,,,,,,,,,,,,,,,,,,,,,,,,,,,,,,,,,,,,,,,,,,,,,,,,,,,,,,,,,,,,,,,,,,,,,,,,,,,,,,,,,,,,,,,,,,,,,,,,,,,,,,,,,,,,,,,,,,,,,,,,,,,,,,,,,,,,,,,,,,,,,,,,,,,,,,,,,,,,,,,,,,,,,,,,,,
,,,,,,,,,,,21839NN,"21839NN File Bstd Mill 10""",-- Unbranded --,-- No Unilog Brand --,Nicholson,-,,Nicholson,,21839NN,,,"Nicholson, File Bstd Mill, 21839NN, 10 in",FILE BSTD MILL 10IN,"Nicholson 21839NN File Bstd Mill, 10 in","Nicholson File Bstd Mill, 10 in","File Bstd Mill, 10 in",,,,,,,,,,,,,,,,,,,,,,,,,,,File Bstd Mill,Product Name,File Bstd Mill,,Brand,,,Material,,,Color,,,Size,10,in,Quantity,,,,,,,,,,,,,,,,,,,,,,,,,,,,,,,,,,,,,,,,,,,,,,,,,,,,,,,,,,,,,,,,,,,,,,,,,,,,,,,,,,,,,,,,,,,,,,,,,,,,,,,,,,,,,,,,,,,,,,,,,,,,,,,,,,,,,,,,,,,,,,,,,,,,,,,,,,,,,,,,,,,,,,,,,,,,,,,,,,,,,
,,,,,,,Tools & Equipment,Power Tool Accessories,Saw Blades,,VN56920,"VN56920 10 1/2"" Saw Blade",-- Unbranded --,-- No Unilog Brand --,-- No DIB Brand --,Marshalltown Trowel (5155),Marshalltown Trowel,VN56920,,VN56920,,Tools & Equipment>Power Tool Accessories>Saw Blades,"Marshalltown Trowel VN56920, Saw Blade, VN56920, 10 1/2 in",SAW BLADE 10 1/2IN,"VN56920 VN56920 Saw Blade, 10 1/2 in","VN56920 Saw Blade, 10 1/2 in","Saw Blade, 10 1/2 in",,,,,,,,,,,,,,,,,,,,,,,,,,,Saw Blade,Product Name,Saw Blade,,Brand,VN56920,,Material,,,Color,,,Size,10 1/2,in,Quantity,,,,,,,,,,,,,,,,,,,,,,,,,,,,,,,,,,,,,,,,,,,,,,,,,,,,,,,,,,,,,,,,,,,,,,,,,,,,,,,,,,,,,,,,,,,,,,,,,,,,,,,,,,,,,,,,,,,,,,,,,,,,,,,,,,,,,,,,,,27112700,,,,,,,,,,,,,,,,,,,,,,,,,,,,,,,,,,,,,,,,,,,
,,,,,,,,,,,133164,133164 950/9 Hex Plus Spks - Multicolor,-- Unbranded --,-- No Unilog Brand --,-- No DIB Brand --,Wera Tools NA Inc (WERTO),Wera Tools NA Inc,950/9,,133164,,,"Wera Tools NA Inc 950/9, Hex Plus Spks, 133164, Multicolor",HEX PLUS SPKS,"950/9 133164 Hex Plus Spks, Multicolor","950/9 Hex Plus Spks, Multicolor","Hex Plus Spks, Multicolor",,,,,,,,,,,,,,,,,,,,,,,,,,,Hex Plus Spks,Product Name,Hex Plus Spks,,Brand,950/9,,Material,,,Color,Multicolor,,Size,,,Quantity,,,,,,,,,,,,,,,,,,,,,,,,,,,,,,,,,,,,,,,,,,,,,,,,,,,,,,,,,,,,,,,,,,,,,,,,,,,,,,,,,,,,,,,,,,,,,,,,,,,,,,,,,,,,,,,,,,,,,,,,,,,,,,,,,,,,,,,,,,,,,,,,,,,,,,,,,,,,,,,,,,,,,,,,,,,,,,,,,,,,,
,,,,,,,,,,,DWHT10993,DWHT10993 Folding Knife,-- Unbranded --,-- No Unilog Brand --,DEWALT,Black & Decker/dewlt (2585),Black & Decker/dewlt,DEWALT,,DWHT10993,,,"Black & Decker/dewlt DEWALT, Folding Knife, DWHT10993",FOLDING KNIFE,DEWALT DWHT10993 Folding Knife,DEWALT Folding Knife,Folding Knife,,,,,,,,,,,,,,,,,,,,,,,,,,,Folding Knife,Product Name,Folding Knife,,Brand,DWHT10993,,Material,,,Color,,,Size,,,Quantity,,,,,,,,,,,,,,,,,,,,,,,,,,,,,,,,,,,,,,,,,,,,,,,,,,,,,,,,,,,,,,,,,,,,,,,,,,,,,,,,,,,,,,,,,,,,,,,,,,,,,,,,,,,,,,,,,,,,,,,,,,,,,,,,,,,,,,,,,,,,,,,,,,,,,,,,,,,,,,,,,,,,,,,,,,,,,,,,,,,,,
,,,,,,,,,,,DWHT10994,DWHT10994 Folding Knife,-- Unbranded --,-- No Unilog Brand --,DEWALT,Black & Decker/dewlt (2585),Black & Decker/dewlt,DEWALT,,DWHT10994,,,"Black & Decker/dewlt DEWALT, Folding Knife, DWHT10994",FOLDING KNIFE,DEWALT DWHT10994 Folding Knife,DEWALT Folding Knife,Folding Knife,,,,,,,,,,,,,,,,,,,,,,,,,,,Folding Knife,Product Name,Folding Knife,,Brand,,,Material,,,Color,,,Size,,,Quantity,,,,,,,,,,,,,,,,,,,,,,,,,,,,,,,,,,,,,,,,,,,,,,,,,,,,,,,,,,,,,,,,,,,,,,,,,,,,,,,,,,,,,,,,,,,,,,,,,,,,,,,,,,,,,,,,,,,,,,,,,,,,,,,,,,,,,,,,,,,,,,,,,,,,,,,,,,,,,,,,,,,,,,,,,,,,,,,,,,,,,
,,,,,,,Tools & Equipment,Power Tool Accessories,Driver & Drill Bits,,QB22RU,QB22RU Vessel Carrying Bit Holder (Red),-- Unbranded --,-- No Unilog Brand --,-- No DIB Brand --,Vessel Tools USA Inc (VESTO),Vessel Tools USA Inc,,,QB22RU,,Tools & Equipment>Power Tool Accessories>Bits & Drivers,"Vessel Tools USA Inc, Vessel Carrying, QB22RU, QB22RU Drive Type",VESSEL CARRYING QB22RU QB22RU QB22RU RED,"QB22RU Vessel Carrying, QB22RU Drive Type, QB22RU Drive Size, QB22RU Length, Red, QB22RU Impact Rated, QB22RU Quantity","Vessel Carrying, QB22RU Drive Type, QB22RU Drive Size, QB22RU Length, Red, QB22RU Impact Rated, QB22RU Quantity","Vessel Carrying, QB22RU Drive Type, QB22RU Drive Size, QB22RU Length, Red, QB22RU Impact Rated, QB22RU Quantity",,,,,,,,,,,,,,,,,,,,,,,,,,,Vessel Carrying,Product Name,Vessel Carrying,,Drive Type,QB22RU,,Drive Size,QB22RU,,Length,QB22RU,,Shank Size,,,Material,Red,,Impact Rated,QB22RU,,Quantity,QB22RU,,,,,,,,,,,,,,,,,,,,,,,,,,,,,,,,,,,,,,,,,,,,,,,,,,,,,,,,,,,,,,,,,,,,,,,,,,,,,,,,,,,,,,,,,,,,,,,,,,,,,,,,,,,,,,,,,,,,,,,,,,,,,,,,,,,27112103,,,,,,QB22RU,,,,,,,,,,,,,,,,,,,,,,,,,,,,,,,,,,,,,
,,,,,,,Tools & Equipment,Power Tool Accessories,Driver & Drill Bits,,QB22KU,QB22KU Vessel Carrying Bit Holder (Black),-- Unbranded --,-- No Unilog Brand --,-- No DIB Brand --,Vessel Tools USA Inc (VESTO),Vessel Tools USA Inc,,,QB22KU,,Tools & Equipment>Power Tool Accessories>Bits & Drivers,"Vessel Tools USA Inc, Vessel Carrying, QB22KU, KU Drive Type",VESSEL CARRYING KU KU 22IN,"QB22KU Vessel Carrying, KU Drive Type, KU Drive Size, 22 in Length, black oxide","Vessel Carrying, KU Drive Type, KU Drive Size, 22 in Length, black oxide","Vessel Carrying, KU Drive Type, KU Drive Size, 22 in Length, black oxide",,22 in,,,,,,,,,,,,,,,,,,,,,,,,,Vessel Carrying,Product Name,Vessel Carrying,,Drive Type,KU,,Drive Size,KU,,Length,22,in,Shank Size,,,Material,black oxide,,Impact Rated,,,Quantity,,,,,,,,,,,,,,,,,,,,,,,,,,,,,,,,,,,,,,,,,,,,,,,,,,,,,,,,,,,,,,,,,,,,,,,,,,,,,,,,,,,,,,,,,,,,,,,,,,,,,,,,,,,,,,,,,,,,,,,,,,,,,,,,,,,,27112103,,,,,,22,in,,,,,,,,,,,,,,,,,,,,,,,,,,,,,,,,,,,,
,,,,,,,,,,,AVM6EV,AVM6 EV Mini Snip Red,-- Unbranded --,-- No Unilog Brand --,-- No DIB Brand --,Malco Prod (2370),Malco Prod,AVM6,,AVM6EV,,,"Malco Prod AVM6, Mini Snip, AVM6EV, Red",MINI SNIP RED,"AVM6 AVM6EV Mini Snip, Red","AVM6 Mini Snip, Red","Mini Snip, Red",,,,,,,,,,,,,,,,,,,,,,,,,,,Mini Snip,Product Name,Mini Snip,,Brand,AVM6,,Material,,,Color,Red,,Size,,,Quantity,,,,,,,,,,,,,,,,,,,,,,,,,,,,,,,,,,,,,,,,,,,,,,,,,,,,,,,,,,,,,,,,,,,,,,,,,,,,,,,,,,,,,,,,,,,,,,,,,,,,,,,,,,,,,,,,,,,,,,,,,,,,,,,,,,,,,,,,,,,,,,,,,,,,,,,,,,,,,,,,,,,,,,,,,,,,,,,,,,,,,
,,,,,,,,,,,AVM6EV,AVM7 EV Mini Snip Green,-- Unbranded --,-- No Unilog Brand --,-- No DIB Brand --,Malco Prod (2370),Malco Prod,AVM7,,AVM6EV,,,"Malco Prod AVM7, Mini Snip, AVM6EV, Green",MINI SNIP GREEN,"AVM7 AVM6EV Mini Snip, Green","AVM7 Mini Snip, Green","Mini Snip, Green",,,,,,,,,,,,,,,,,,,,,,,,,,,Mini Snip,Product Name,Mini Snip,,Brand,AVM7,,Material,,,Color,Green,,Size,,,Quantity,,,,,,,,,,,,,,,,,,,,,,,,,,,,,,,,,,,,,,,,,,,,,,,,,,,,,,,,,,,,,,,,,,,,,,,,,,,,,,,,,,,,,,,,,,,,,,,,,,,,,,,,,,,,,,,,,,,,,,,,,,,,,,,,,,,,,,,,,,,,,,,,,,,,,,,,,,,,,,,,,,,,,,,,,,,,,,,,,,,,,
,,,,,,,,,,,DSA0250B,"DSA0250B 1/4"" Square x1/4"" Hex - Socket Adapter",-- Unbranded --,-- No Unilog Brand --,Diablo,Freud Inc (2435),Freud Inc,Diablo,,DSA0250B,,,"Freud Inc Diablo, Socket Adapter, DSA0250B, 1/4"" Square x1/4"" Hex",SOCKET ADAPTER,"Diablo DSA0250B Socket Adapter, 1/4"" Square x1/4"" Hex","Diablo Socket Adapter, 1/4"" Square x1/4"" Hex","Socket Adapter, 1/4"" Square x1/4"" Hex",,,,,,,,,,,,,,,,,,,,,,,,,,,Socket Adapter,Product Name,Socket Adapter,,Brand,,,Material,,,Color,,,Size,"1/4"" Square x1/4"" Hex",,Quantity,,,,,,,,,,,,,,,,,,,,,,,,,,,,,,,,,,,,,,,,,,,,,,,,,,,,,,,,,,,,,,,,,,,,,,,,,,,,,,,,,,,,,,,,,,,,,,,,,,,,,,,,,,,,,,,,,,,,,,,,,,,,,,,,,,,,,,,,,,,,,,,,,,,,,,,,,,,,,,,,,,,,,,,,,,,,,,,,,,,,,
,,,,,,,,,,,DSA0375B,"DSA0375B 3/8"" Square x1/4"" Hex - Socket Adapter",-- Unbranded --,-- No Unilog Brand --,Diablo,Freud Inc (2435),Freud Inc,Diablo,,DSA0375B,,,"Freud Inc Diablo, Socket Adapter, DSA0375B, 3/8"" Square x1/4"" Hex",SOCKET ADAPTER X1,"Diablo DSA0375B Socket Adapter, 3/8"" Square x1/4"" Hex, x1 Quantity","Diablo Socket Adapter, 3/8"" Square x1/4"" Hex, x1 Quantity","Socket Adapter, 3/8"" Square x1/4"" Hex, x1 Quantity",,,,,,,,,,,,,,,,,,,,,,,,,,,Socket Adapter,Product Name,Socket Adapter,,Brand,DSA0375B,,Material,,,Color,,,Size,"3/8"" Square x1/4"" Hex",,Quantity,x1,,,,,,,,,,,,,,,,,,,,,,,,,,,,,,,,,,,,,,,,,,,,,,,,,,,,,,,,,,,,,,,,,,,,,,,,,,,,,,,,,,,,,,,,,,,,,,,,,,,,,,,,,,,,,,,,,,,,,,,,,,,,,,,,,,,,,,,,,,,,,,,,,,,,,,,,,,,,,,,,,,,,,,,,,,,,,,,,,,,,
,,,,,,,,,,,DSA0500B,"DSA0500B 1/2"" Square x1/4"" Hex - Socket Adapter",-- Unbranded --,-- No Unilog Brand --,Diablo,Freud Inc (2435),Freud Inc,Diablo,,DSA0500B,,,"Freud Inc Diablo, Socket Adapter, DSA0500B, 1/2"" Square x1/4"" Hex",SOCKET ADAPTER X1,"Diablo DSA0500B Socket Adapter, 1/2"" Square x1/4"" Hex, x1 Quantity","Diablo Socket Adapter, 1/2"" Square x1/4"" Hex, x1 Quantity","Socket Adapter, 1/2"" Square x1/4"" Hex, x1 Quantity",,,,,,,,,,,,,,,,,,,,,,,,,,,Socket Adapter,Product Name,Socket Adapter,,Brand,,,Material,,,Color,,,Size,"1/2"" Square x1/4"" Hex",,Quantity,x1,,,,,,,,,,,,,,,,,,,,,,,,,,,,,,,,,,,,,,,,,,,,,,,,,,,,,,,,,,,,,,,,,,,,,,,,,,,,,,,,,,,,,,,,,,,,,,,,,,,,,,,,,,,,,,,,,,,,,,,,,,,,,,,,,,,,,,,,,,,,,,,,,,,,,,,,,,,,,,,,,,,,,,,,,,,,,,,,,,,,
,,,,,,,,,,,42-04-9107,"42-04-9107 Milw 3/8"" Drive Universal Joint",-- Unbranded --,-- No Unilog Brand --,-- No DIB Brand --,Milwaukee Accessory (4031),Milwaukee Accessory,Milw,,42-04-9107,,,"Milwaukee Accessory Milw, Universal Joint, 42-04-9107, 3/8"" Drive",UNIVERSAL JOINT,"Milw 42-04-9107 Universal Joint, 3/8"" Drive","Milw Universal Joint, 3/8"" Drive","Universal Joint, 3/8"" Drive",,,,,,,,,,,,,,,,,,,,,,,,,,,Universal Joint,Product Name,Universal Joint,,Brand,Milw,,Material,,,Color,,,Size,"3/8"" Drive",,Quantity,,,,,,,,,,,,,,,,,,,,,,,,,,,,,,,,,,,,,,,,,,,,,,,,,,,,,,,,,,,,,,,,,,,,,,,,,,,,,,,,,,,,,,,,,,,,,,,,,,,,,,,,,,,,,,,,,,,,,,,,,,,,,,,,,,,,,,,,,,,,,,,,,,,,,,,,,,,,,,,,,,,,,,,,,,,,,,,,,,,,,
,,,,,,,Tools & Equipment,Power Tools,Cordless Tools,,48-22-9491,48-22-9491 Milw 242pc Ratchet & Socket Set 4-Drawer Tool Box,-- Unbranded --,-- No Unilog Brand --,-- No DIB Brand --,Milwaukee Accessory (4031),Milwaukee Accessory,,,48-22-9491,,Tools & Equipment>Power Tools>Cordless Power Tools,"Milwaukee Accessory, Ratchet, 48-22-9491, 4-Drawer Tool Box Configuration",RATCHET,"48-22-9491 Ratchet, 4-Drawer Tool Box Configuration","Ratchet, 4-Drawer Tool Box Configuration","Ratchet, 4-Drawer Tool Box Configuration",,,,,,,,,,,,,,,,,,,,,,,,,,,Ratchet,Tool Type,ratchet,,Voltage,,,Battery Platform,,,Configuration,4-Drawer Tool Box,,Drive Size,,,No Load Speed,,,Motor Type,,,,,,,,,,,,,,,,,,,,,,,,,,,,,,,,,,,,,,,,,,,,,,,,,,,,,,,,,,,,,,,,,,,,,,,,,,,,,,,,,,,,,,,,,,,,,,,,,,,,,,,,,,,,,,,,,,,,,,,,,,,,,,,,,,,,,,,27112800,,,,,,,,,,,,,,,,,,,,,,,,,,,,,,,,,,,,,,,,,,,
,,,,,,,,,,,DWMT45422,"DWMT45422 Dewalt 1/4"" Drive - 50pc Mechanics Set",-- Unbranded --,-- No Unilog Brand --,-- No DIB Brand --,Black & Decker/dewlt (2585),Black & Decker/dewlt,Dewalt,,DWMT45422,,,"Black & Decker/dewlt Dewalt, Mechanics Set, DWMT45422, 50pc Quantity",MECHANICS SET 50PC,"Dewalt DWMT45422 Mechanics Set, 50pc Quantity","Dewalt Mechanics Set, 50pc Quantity","Mechanics Set, 50pc Quantity",,,,,,,,,,,,,,,,,,,,,,,,,,,Mechanics Set,Product Name,Mechanics Set,,Brand,Dewalt,,Material,,,Color,,,Size,,,Quantity,50pc,,,,,,,,,,,,,,,,,,,,,,,,,,,,,,,,,,,,,,,,,,,,,,,,,,,,,,,,,,,,,,,,,,,,,,,,,,,,,,,,,,,,,,,,,,,,,,,,,,,,,,,,,,,,,,,,,,,,,,,,,,,,,,,,,,,,,,,,,,,,50,PK,,,,,,,,,,,,,,,,,,,,,,,,,,,,,,,,,,,,,,,
,,,,,,,,,,,DWMT45424,"DWMT45424 Dewalt 3/8"" Drive - 84pc Mechanics Set",-- Unbranded --,-- No Unilog Brand --,-- No DIB Brand --,Black & Decker/dewlt (2585),Black & Decker/dewlt,Dewalt,,DWMT45424,,,"Black & Decker/dewlt Dewalt, Mechanics Set, DWMT45424, 84pc Quantity",MECHANICS SET 84PC,"Dewalt DWMT45424 Mechanics Set, 84pc Quantity","Dewalt Mechanics Set, 84pc Quantity","Mechanics Set, 84pc Quantity",,,,,,,,,,,,,,,,,,,,,,,,,,,Mechanics Set,Product Name,Mechanics Set,,Brand,Dewalt,,Material,,,Color,,,Size,,,Quantity,84pc,,,,,,,,,,,,,,,,,,,,,,,,,,,,,,,,,,,,,,,,,,,,,,,,,,,,,,,,,,,,,,,,,,,,,,,,,,,,,,,,,,,,,,,,,,,,,,,,,,,,,,,,,,,,,,,,,,,,,,,,,,,,,,,,,,,,,,,,,,,,84,PK,,,,,,,,,,,,,,,,,,,,,,,,,,,,,,,,,,,,,,,
,,,,,,,Tools & Equipment,Power Tools,Cordless Tools,,48-22-9483,48-22-9483 Milw Packout 15pc - Metric Wrench Set,-- Unbranded --,-- No Unilog Brand --,-- No DIB Brand --,Milwaukee Accessory (4031),Milwaukee Accessory,,,48-22-9483,,Tools & Equipment>Power Tools>Cordless Power Tools,"Milwaukee Accessory, Wrench Set, 48-22-9483, 15pc Configuration",WRENCH SET 15PC,"48-22-9483 Wrench Set, 15pc Configuration","Wrench Set, 15pc Configuration","Wrench Set, 15pc Configuration",,,,,,,,,,,,,,,,,,,,,,,,,,,Wrench Set,Tool Type,Wrench Set,,Voltage,,,Battery Platform,,,Configuration,15pc,,Drive Size,,,No Load Speed,,,Motor Type,,,,,,,,,,,,,,,,,,,,,,,,,,,,,,,,,,,,,,,,,,,,,,,,,,,,,,,,,,,,,,,,,,,,,,,,,,,,,,,,,,,,,,,,,,,,,,,,,,,,,,,,,,,,,,,,,,,,,,,,,,,,,,,,,,,,,,,27112800,,,,,,,,,,,,,,,,,,,,,,,,,,,,,,,,,,,,,,,,,,,
,,,,,,,Tools & Equipment,Power Tools,Cordless Tools,,48-22-9484,48-22-9484 Milw Packout 15pc - SAE Wrench Set,-- Unbranded --,-- No Unilog Brand --,-- No DIB Brand --,Milwaukee Accessory (4031),Milwaukee Accessory,,,48-22-9484,,Tools & Equipment>Power Tools>Cordless Power Tools,"Milwaukee Accessory, SAE Wrench Set, 48-22-9484, 15pc Configuration",SAE WRENCH SET 15PC,"48-22-9484 SAE Wrench Set, 15pc Configuration","SAE Wrench Set, 15pc Configuration","SAE Wrench Set, 15pc Configuration",,,,,,,,,,,,,,,,,,,,,,,,,,,SAE Wrench Set,Tool Type,SAE Wrench Set,,Voltage,,,Battery Platform,,,Configuration,15pc,,Drive Size,,,No Load Speed,,,Motor Type,,,,,,,,,,,,,,,,,,,,,,,,,,,,,,,,,,,,,,,,,,,,,,,,,,,,,,,,,,,,,,,,,,,,,,,,,,,,,,,,,,,,,,,,,,,,,,,,,,,,,,,,,,,,,,,,,,,,,,,,,,,,,,,,,,,,,,,27112800,,,,,,,,,,,,,,,,,,,,,,,,,,,,,,,,,,,,,,,,,,,
,,,,,,,Tools & Equipment,Power Tools,Cordless Tools,,48-22-9485,48-22-9485 Milw Packout 30pc - Metric & SAE Wrench Set,-- Unbranded --,-- No Unilog Brand --,-- No DIB Brand --,Milwaukee Accessory (4031),Milwaukee Accessory,,,48-22-9485,,Tools & Equipment>Power Tools>Cordless Power Tools,"Milwaukee Accessory, Wrench Set, 48-22-9485, 30pc Configuration",WRENCH SET 30PC,"48-22-9485 Wrench Set, 30pc Configuration","Wrench Set, 30pc Configuration","Wrench Set, 30pc Configuration",,,,,,,,,,,,,,,,,,,,,,,,,,,Wrench Set,Tool Type,Wrench Set,,Voltage,,,Battery Platform,,,Configuration,30pc,,Drive Size,,,No Load Speed,,,Motor Type,,,,,,,,,,,,,,,,,,,,,,,,,,,,,,,,,,,,,,,,,,,,,,,,,,,,,,,,,,,,,,,,,,,,,,,,,,,,,,,,,,,,,,,,,,,,,,,,,,,,,,,,,,,,,,,,,,,,,,,,,,,,,,,,,,,,,,,27112800,,,,,,,,,,,,,,,,,,,,,,,,,,,,,,,,,,,,,,,,,,,
,,,,,,,Tools & Equipment,Power Tool Accessories,Saw Blades,,48-44-2770,48-44-2770 Milw Pole Pruning - Shears Replacement Blade,-- Unbranded --,-- No Unilog Brand --,-- No DIB Brand --,Milwaukee Accessory (4031),Milwaukee Accessory,Milw,,48-44-2770,,Tools & Equipment>Power Tool Accessories>Saw Blades,"Milwaukee Accessory Milw, Shears Replacement Blade, 48-44-2770",SHEARS REPLACEMENT BLADE,Milw 48-44-2770 Shears Replacement Blade,Milw Shears Replacement Blade,Shears Replacement Blade,,,,,,,,,,,,,,,,,,,,,,,,,,,Shears Replacement Blade,Product Name,Shears Replacement Blade,,Brand,Milw,,Material,,,Color,,,Size,,,Quantity,,,,,,,,,,,,,,,,,,,,,,,,,,,,,,,,,,,,,,,,,,,,,,,,,,,,,,,,,,,,,,,,,,,,,,,,,,,,,,,,,,,,,,,,,,,,,,,,,,,,,,,,,,,,,,,,,,,,,,,,,,,,,,,,,,,,,,,,,,27112700,,,,,,,,,,,,,,,,,,,,,,,,,,,,,,,,,,,,,,,,,,,
,,,,,,,,,,,IWHT48441RC,IWHT48441RC Irwin 100ft - Red Chalk & Reel Set,-- Unbranded --,-- No Unilog Brand --,Irwin,Irwin Industrial Tools (5863),Irwin Industrial Tools,Irwin,,IWHT48441RC,,,"Irwin, Chalk & Reel Set, IWHT48441RC, Red, 100 ft",CHALK & REEL SET RED 100FT,"Irwin IWHT48441RC Chalk & Reel Set, Red, 100 ft","Irwin Chalk & Reel Set, Red, 100 ft","Chalk & Reel Set, Red, 100 ft",,,,,,,,,,,,,,,,,,,,,,,,,,,Chalk & Reel Set,Product Name,Chalk & Reel Set,,Brand,Irwin,,Material,,,Color,Red,,Size,100,ft,Quantity,,,,,,,,,,,,,,,,,,,,,,,,,,,,,,,,,,,,,,,,,,,,,,,,,,,,,,,,,,,,,,,,,,,,,,,,,,,,,,,,,,,,,,,,,,,,,,,,,,,,,,,,,,,,,,,,,,,,,,,,,,,,,,,,,,,,,,,,,,,,,,,,,,,,,,,,,,,,,,,,,,,,,,,,,,,,,,,,,,,,,
,,,,,,,Tools & Equipment,Power Tools,Cordless Tools,,XRU23SM1,"XRU23SM1 Makita 18V 13"" - String Trimmer Kit",-- Unbranded --,-- No Unilog Brand --,-- No DIB Brand --,Makita Usa Inc (5142),Makita Usa Inc,,,XRU23SM1,,Tools & Equipment>Power Tools>Cordless Power Tools,"Makita Usa Inc, String Trimmer, XRU23SM1, 18 V Voltage, 18V LXT Battery Platform",STRING TRIMMER 18V 18V LXT KIT,"XRU23SM1 String Trimmer, 18 V Voltage, 18V LXT Battery Platform, kit Configuration","String Trimmer, 18 V Voltage, 18V LXT Battery Platform, kit Configuration","String Trimmer, 18 V Voltage, 18V LXT Battery Platform, kit Configuration",,18 V,,,,,,,,,,,,,,,,,,,,,,,,,String Trimmer,Tool Type,String Trimmer,,Voltage,18,V,Battery Platform,18V LXT,,Configuration,kit,,Drive Size,,,No Load Speed,,,Motor Type,,,,,,,,,,,,,,,,,,,,,,,,,,,,,,,,,,,,,,,,,,,,,,,,,,,,,,,,,,,,,,,,,,,,,,,,,,,,,,,,,,,,,,,,,,,,,,,,,,,,,,,,,,,,,,,,,,,,,,,,,,,,,,,,,,,,,,,27112800,,,,,,,,,,,,,,,,,,,,,,,,,,,,,,,,,,,,,,,,,,,
,,,,,,,,,,,XRU15PT1,XRU15PT1 Makita String Trimmer,-- Unbranded --,-- No Unilog Brand --,-- No DIB Brand --,Makita Usa Inc (5142),Makita Usa Inc,Makita,,XRU15PT1,,,"Makita, String Trimmer, XRU15PT1",STRING TRIMMER,Makita XRU15PT1 String Trimmer,Makita String Trimmer,String Trimmer,,,,,,,,,,,,,,,,,,,,,,,,,,,String Trimmer,Product Name,String Trimmer,,Brand,Makita,,Material,,,Color,,,Size,,,Quantity,,,,,,,,,,,,,,,,,,,,,,,,,,,,,,,,,,,,,,,,,,,,,,,,,,,,,,,,,,,,,,,,,,,,,,,,,,,,,,,,,,,,,,,,,,,,,,,,,,,,,,,,,,,,,,,,,,,,,,,,,,,,,,,,,,,,,,,,,,,,,,,,,,,,,,,,,,,,,,,,,,,,,,,,,,,,,,,,,,,,,
,,,,,,,Tools & Equipment,Power Tools,Cordless Tools,,XRU23Z,XRU23Z Makita 18V Trimmer Tool - Only,-- Unbranded --,-- No Unilog Brand --,-- No DIB Brand --,Makita Usa Inc (5142),Makita Usa Inc,,,XRU23Z,,Tools & Equipment>Power Tools>Cordless Power Tools,"Makita Usa Inc, Trimmer, XRU23Z, 18 V Voltage, 18V LXT Battery Platform",TRIMMER 18V 18V LXT ONLY,"XRU23Z Trimmer, 18 V Voltage, 18V LXT Battery Platform, Only Configuration","Trimmer, 18 V Voltage, 18V LXT Battery Platform, Only Configuration","Trimmer, 18 V Voltage, 18V LXT Battery Platform, Only Configuration",,18 V,,,,,,,,,,,,,,,,,,,,,,,,,Trimmer,Tool Type,Trimmer,,Voltage,18,V,Battery Platform,18V LXT,,Configuration,Only,,Drive Size,,,No Load Speed,,,Motor Type,,,,,,,,,,,,,,,,,,,,,,,,,,,,,,,,,,,,,,,,,,,,,,,,,,,,,,,,,,,,,,,,,,,,,,,,,,,,,,,,,,,,,,,,,,,,,,,,,,,,,,,,,,,,,,,,,,,,,,,,,,,,,,,,,,,,,,,27112800,,,,,,,,,,,,,,,,,,,,,,,,,,,,,,,,,,,,,,,,,,,
,,,,,,,Tools & Equipment,Power Tools,Cordless Tools,,0887-20,0887-20 Milw M18 Brushless Precision Blower,-- Unbranded --,-- No Unilog Brand --,-- No DIB Brand --,Milwaukee Accessory (4031),Milwaukee Accessory,,,0887-20,,Tools & Equipment>Power Tools>Cordless Power Tools,"Milwaukee Accessory, Blower, 0887-20, 18 V Voltage, M18 Battery Platform",BLOWER 18V M18,"0887-20 Blower, 18 V Voltage, M18 Battery Platform","Blower, 18 V Voltage, M18 Battery Platform","Blower, 18 V Voltage, M18 Battery Platform",,18 V,,,,,,,,,,,,,,,,,,,,,,,,,Blower,Tool Type,blower,,Voltage,18,V,Battery Platform,M18,,Configuration,,,Drive Size,,,No Load Speed,,,Motor Type,,,,,,,,,,,,,,,,,,,,,,,,,,,,,,,,,,,,,,,,,,,,,,,,,,,,,,,,,,,,,,,,,,,,,,,,,,,,,,,,,,,,,,,,,,,,,,,,,,,,,,,,,,,,,,,,,,,,,,,,,,,,,,,,,,,,,,,27112800,,,,,,,,,,,,,,,,,,,,,,,,,,,,,,,,,,,,,,,,,,,
,,,,,,,Tools & Equipment,Power Tools,Cordless Tools,,DCBL724B,DCBL724B Dewalt 20V Max XR Blower (Bare),-- Unbranded --,-- No Unilog Brand --,-- No DIB Brand --,Black & Decker/dewlt (2585),Black & Decker/dewlt,,,DCBL724B,,Tools & Equipment>Power Tools>Cordless Power Tools,"Black & Decker/dewlt, Blower, DCBL724B, 20 V Voltage, 20V MAX Battery Platform",BLOWER 20V 20V MAX,"DCBL724B Blower, 20 V Voltage, 20V MAX Battery Platform, bare tool Configuration","Blower, 20 V Voltage, 20V MAX Battery Platform, bare tool Configuration","Blower, 20 V Voltage, 20V MAX Battery Platform, bare tool Configuration",,20 V,,,,,,,,,,,,,,,,,,,,,,,,,Blower,Tool Type,blower,,Voltage,20,V,Battery Platform,20V MAX,,Configuration,bare tool,,Drive Size,,,No Load Speed,,,Motor Type,,,,,,,,,,,,,,,,,,,,,,,,,,,,,,,,,,,,,,,,,,,,,,,,,,,,,,,,,,,,,,,,,,,,,,,,,,,,,,,,,,,,,,,,,,,,,,,,,,,,,,,,,,,,,,,,,,,,,,,,,,,,,,,,,,,,,,,27112800,,,,,,,,,,,,,,,,,,,,,,,,,,,,,,,,,,,,,,,,,,,
,,,,,,,,,,,2954-20,2954-20 Milw M18 Bluetooth Jobsite Speaker,-- Unbranded --,-- No Unilog Brand --,-- No DIB Brand --,Milwaukee Accessory (4031),Milwaukee Accessory,Milw,,2954-20,,,"Milwaukee Accessory Milw, Jobsite Speaker, 2954-20",JOBSITE SPEAKER,Milw 2954-20 Jobsite Speaker,Milw Jobsite Speaker,Jobsite Speaker,,,,,,,,,,,,,,,,,,,,,,,,,,,Jobsite Speaker,Product Name,Jobsite Speaker,,Brand,Milw,,Material,,,Color,,,Size,,,Quantity,,,,,,,,,,,,,,,,,,,,,,,,,,,,,,,,,,,,,,,,,,,,,,,,,,,,,,,,,,,,,,,,,,,,,,,,,,,,,,,,,,,,,,,,,,,,,,,,,,,,,,,,,,,,,,,,,,,,,,,,,,,,,,,,,,,,,,,,,,,,,,,,,,,,,,,,,,,,,,,,,,,,,,,,,,,,,,,,,,,,,
,,,,,,,,,,,2955-20,2955-20 Milw M12 Bluetooth - Jobsite Speaker w/Packout,-- Unbranded --,-- No Unilog Brand --,-- No DIB Brand --,Milwaukee Accessory (4031),Milwaukee Accessory,Milw,,2955-20,,,"Milwaukee Accessory Milw, Jobsite Speaker W/packout, 2955-20",JOBSITE SPEAKER W/PACKOUT PACKOUT,"Milw 2955-20 Jobsite Speaker W/packout, Packout Quantity","Milw Jobsite Speaker W/packout, Packout Quantity","Jobsite Speaker W/packout, Packout Quantity",,,,,,,,,,,,,,,,,,,,,,,,,,,Jobsite Speaker W/packout,Product Name,Jobsite Speaker w/Packout,,Brand,Milw,,Material,,,Color,,,Size,,,Quantity,Packout,,,,,,,,,,,,,,,,,,,,,,,,,,,,,,,,,,,,,,,,,,,,,,,,,,,,,,,,,,,,,,,,,,,,,,,,,,,,,,,,,,,,,,,,,,,,,,,,,,,,,,,,,,,,,,,,,,,,,,,,,,,,,,,,,,,,,,,,,,,,,,,,,,,,,,,,,,,,,,,,,,,,,,,,,,,,,,,,,,,,
,,,,,,,Tools & Equipment,Power Tool Accessories,"Sanding Belts, Discs & Sheets",,9A-219-180,9A-219-180 Abranet 4x6x6,-- Unbranded --,-- No Unilog Brand --,-- No DIB Brand --,Mirka Abrasives Inc (MIRUS),Mirka Abrasives Inc,9A-219-180,,9A-219-180,,Tools & Equipment>Power Tool Accessories>Coated Abrasives,"Mirka Abrasives Inc 9A-219-180, Abranet, 9A-219-180, 4x6x6",ABRANET 4X6X6,"9A-219-180 9A-219-180 Abranet, 4x6x6","9A-219-180 Abranet, 4x6x6","Abranet, 4x6x6",,,,,,,,,,,,,,,,,,,,,,,,,,,Abranet,Product Name,Abranet,,Brand,9A-219-180,,Material,,,Color,,,Size,4x6x6,,Quantity,,,,,,,,,,,,,,,,,,,,,,,,,,,,,,,,,,,,,,,,,,,,,,,,,,,,,,,,,,,,,,,,,,,,,,,,,,,,,,,,,,,,,,,,,,,,,,,,,,,,,,,,,,,,,,,,,,,,,,,,,,,,,,,,,,,,,,,,,,31191500,,,,,,,,,,,,,,,,,,,,,,,,,,,,,,,,,,,,,,,,,,,
,,,,,,,Tools & Equipment,Power Tool Accessories,"Sanding Belts, Discs & Sheets",,9A-219-120RP,9A-219-120RP Abranet 4x6x6,-- Unbranded --,-- No Unilog Brand --,-- No DIB Brand --,Mirka Abrasives Inc (MIRUS),Mirka Abrasives Inc,9A-219-120RP,,9A-219-120RP,,Tools & Equipment>Power Tool Accessories>Coated Abrasives,"Mirka Abrasives Inc 9A-219-120RP, Abranet 4x6x6, 9A-219-120RP",ABRANET 4X6X6,9A-219-120RP 9A-219-120RP Abranet 4x6x6,9A-219-120RP Abranet 4x6x6,Abranet 4x6x6,,,,,,,,,,,,,,,,,,,,,,,,,,,Abranet 4x6x6,Product Name,Abranet 4x6x6,,Brand,9A-219-120RP,,Material,,,Color,,,Size,,,Quantity,,,,,,,,,,,,,,,,,,,,,,,,,,,,,,,,,,,,,,,,,,,,,,,,,,,,,,,,,,,,,,,,,,,,,,,,,,,,,,,,,,,,,,,,,,,,,,,,,,,,,,,,,,,,,,,,,,,,,,,,,,,,,,,,,,,,,,,,,,31191500,,,,,,,,,,,,,,,,,,,,,,,,,,,,,,,,,,,,,,,,,,,
,,,,,,,,,,,3033-20,"3033-20 Milw M18 24"" - Hedge Trimmer",-- Unbranded --,-- No Unilog Brand --,Milwaukee,Milwaukee Accessory (4031),Milwaukee Accessory,Milwaukee,,3033-20,,,"Milwaukee, Hedge Trimmer, 3033-20, 24 in",HEDGE TRIMMER 24IN,"Milwaukee 3033-20 Hedge Trimmer, 24 in","Milwaukee Hedge Trimmer, 24 in","Hedge Trimmer, 24 in",,,,,,,,,,,,,,,,,,,,,,,,,,,Hedge Trimmer,Product Name,Hedge Trimmer,,Brand,Milw,,Material,,,Color,,,Size,24,in,Quantity,,,,,,,,,,,,,,,,,,,,,,,,,,,,,,,,,,,,,,,,,,,,,,,,,,,,,,,,,,,,,,,,,,,,,,,,,,,,,,,,,,,,,,,,,,,,,,,,,,,,,,,,,,,,,,,,,,,,,,,,,,,,,,,,,,,,,,,,,,,,,,,,,,,,,,,,,,,,,,,,,,,,,,,,,,,,,,,,,,,,,
,,,,,,,,,,,3033-21,"3033-21 Milw M18 24"" - Hedge Trimmer Kit",-- Unbranded --,-- No Unilog Brand --,-- No DIB Brand --,Milwaukee Accessory (4031),Milwaukee Accessory,Milw,,3033-21,,,"Milwaukee Accessory Milw, Hedge Trimmer Kit, 3033-21, 24 in",HEDGE TRIMMER KIT 24IN,"Milw 3033-21 Hedge Trimmer Kit, 24 in","Milw Hedge Trimmer Kit, 24 in","Hedge Trimmer Kit, 24 in",,,,,,,,,,,,,,,,,,,,,,,,,,,Hedge Trimmer Kit,Product Name,Hedge Trimmer Kit,,Brand,Milw,,Material,,,Color,,,Size,24,in,Quantity,,,,,,,,,,,,,,,,,,,,,,,,,,,,,,,,,,,,,,,,,,,,,,,,,,,,,,,,,,,,,,,,,,,,,,,,,,,,,,,,,,,,,,,,,,,,,,,,,,,,,,,,,,,,,,,,,,,,,,,,,,,,,,,,,,,,,,,,,,,,,,,,,,,,,,,,,,,,,,,,,,,,,,,,,,,,,,,,,,,,,
,,,,,,,,,,,3034-20,"3034-20 Milw M18 30"" - Hedge Trimmer",-- Unbranded --,-- No Unilog Brand --,Milwaukee,Milwaukee Accessory (4031),Milwaukee Accessory,Milwaukee,,3034-20,,,"Milwaukee, Hedge Trimmer, 3034-20, 30 in",HEDGE TRIMMER 30IN,"Milwaukee 3034-20 Hedge Trimmer, 30 in","Milwaukee Hedge Trimmer, 30 in","Hedge Trimmer, 30 in",,,,,,,,,,,,,,,,,,,,,,,,,,,Hedge Trimmer,Product Name,Hedge Trimmer,,Brand,Milw,,Material,,,Color,,,Size,30,in,Quantity,,,,,,,,,,,,,,,,,,,,,,,,,,,,,,,,,,,,,,,,,,,,,,,,,,,,,,,,,,,,,,,,,,,,,,,,,,,,,,,,,,,,,,,,,,,,,,,,,,,,,,,,,,,,,,,,,,,,,,,,,,,,,,,,,,,,,,,,,,,,,,,,,,,,,,,,,,,,,,,,,,,,,,,,,,,,,,,,,,,,,
,,,,,,,Tools & Equipment,Power Tools,Cordless Tools,,D25333K,D25333K Dewalt Hammer Drill,-- Unbranded --,-- No Unilog Brand --,-- No DIB Brand --,Black & Decker/dewlt (2585),Black & Decker/dewlt,,,D25333K,,Tools & Equipment>Power Tools>Cordless Power Tools,"Black & Decker/dewlt, Hammer Drill, D25333K, kit Configuration",HAMMER DRILL KIT,"D25333K Hammer Drill, kit Configuration","Hammer Drill, kit Configuration","Hammer Drill, kit Configuration",,,,,,,,,,,,,,,,,,,,,,,,,,,Hammer Drill,Tool Type,hammer drill,,Voltage,,,Battery Platform,,,Configuration,kit,,Drive Size,,,No Load Speed,,,Motor Type,,,,,,,,,,,,,,,,,,,,,,,,,,,,,,,,,,,,,,,,,,,,,,,,,,,,,,,,,,,,,,,,,,,,,,,,,,,,,,,,,,,,,,,,,,,,,,,,,,,,,,,,,,,,,,,,,,,,,,,,,,,,,,,,,,,,,,,27112800,,,,,,,,,,,,,,,,,,,,,,,,,,,,,,,,,,,,,,,,,,,
,,,,,,,Tools & Equipment,Power Tools,Cordless Tools,,DCD803B,DCD803B Dewalt Multi-Head Drill Driver,-- Unbranded --,-- No Unilog Brand --,-- No DIB Brand --,Black & Decker/dewlt (2585),Black & Decker/dewlt,,,DCD803B,,Tools & Equipment>Power Tools>Cordless Power Tools,"Black & Decker/dewlt, Drill Driver, DCD803B, Multi-Head Configuration",DRILL DRIVER,"DCD803B Drill Driver, Multi-Head Configuration","Drill Driver, Multi-Head Configuration","Drill Driver, Multi-Head Configuration",,,,,,,,,,,,,,,,,,,,,,,,,,,Drill Driver,Tool Type,drill driver,,Voltage,,,Battery Platform,,,Configuration,Multi-Head,,Drive Size,,,No Load Speed,,,Motor Type,,,,,,,,,,,,,,,,,,,,,,,,,,,,,,,,,,,,,,,,,,,,,,,,,,,,,,,,,,,,,,,,,,,,,,,,,,,,,,,,,,,,,,,,,,,,,,,,,,,,,,,,,,,,,,,,,,,,,,,,,,,,,,,,,,,,,,,27112800,,,,,,,,,,,,,,,,,,,,,,,,,,,,,,,,,,,,,,,,,,,
,,,,,,,Tools & Equipment,Power Tools,Cordless Tools,,DCF860B,DCF860B Dewalt 20V Impact - Driver Drill,-- Unbranded --,-- No Unilog Brand --,-- No DIB Brand --,Black & Decker/dewlt (2585),Black & Decker/dewlt,,,DCF860B,,Tools & Equipment>Power Tools>Cordless Power Tools,"Black & Decker/dewlt, Driver Drill, DCF860B, 20 V Voltage",DRIVER DRILL 20V 20V MAX,"DCF860B Driver Drill, 20 V Voltage, 20V MAX Battery Platform","Driver Drill, 20 V Voltage, 20V MAX Battery Platform","Driver Drill, 20 V Voltage, 20V MAX Battery Platform",,20 V,,,,,,,,,,,,,,,,,,,,,,,,,Driver Drill,Tool Type,Driver Drill,,Voltage,20,V,Battery Platform,20V MAX,,Configuration,,,Drive Size,,,No Load Speed,,,Motor Type,,,,,,,,,,,,,,,,,,,,,,,,,,,,,,,,,,,,,,,,,,,,,,,,,,,,,,,,,,,,,,,,,,,,,,,,,,,,,,,,,,,,,,,,,,,,,,,,,,,,,,,,,,,,,,,,,,,,,,,,,,,,,,,,,,,,,,,27112800,,,,,,,,,,,,,,,,,,,,,,,,,,,,,,,,,,,,,,,,,,,
,,,,,,,Tools & Equipment,Power Tools,Cordless Tools,,3401-20,3401-20 Milw M12 Drill Driver - Brushless Compact (Bare),-- Unbranded --,-- No Unilog Brand --,-- No DIB Brand --,Milwaukee Accessory (4031),Milwaukee Accessory,,,3401-20,,Tools & Equipment>Power Tools>Cordless Power Tools,"Milwaukee Accessory, Drill Driver, 3401-20, 12 V Voltage, M12 Battery Platform",DRILL DRIVER 12V M12,"3401-20 Drill Driver, 12 V Voltage, M12 Battery Platform, bare tool Configuration","Drill Driver, 12 V Voltage, M12 Battery Platform, bare tool Configuration","Drill Driver, 12 V Voltage, M12 Battery Platform, bare tool Configuration",,12 V,,,,,,,,,,,,,,,,,,,,,,,,,Drill Driver,Tool Type,drill driver,,Voltage,12,V,Battery Platform,M12,,Configuration,bare tool,,Drive Size,,,No Load Speed,,,Motor Type,,,,,,,,,,,,,,,,,,,,,,,,,,,,,,,,,,,,,,,,,,,,,,,,,,,,,,,,,,,,,,,,,,,,,,,,,,,,,,,,,,,,,,,,,,,,,,,,,,,,,,,,,,,,,,,,,,,,,,,,,,,,,,,,,,,,,,,27112800,,,,,,,,,,,,,,,,,,,,,,,,,,,,,,,,,,,,,,,,,,,
,,,,,,,Tools & Equipment,Power Tools,Cordless Tools,,KPTDR050A,KPTDR050A Kreg 20V Ionic Compact Drill,-- Unbranded --,-- No Unilog Brand --,-- No DIB Brand --,Kreg Tool Company (KRETO),Kreg Tool Company,,,KPTDR050A,,Tools & Equipment>Power Tools>Cordless Power Tools,"Kreg Tool Company, Drill Driver, KPTDR050A, 20 V Voltage",DRILL DRIVER 20V 20V MAX,"KPTDR050A Drill Driver, 20 V Voltage, 20V MAX Battery Platform","Drill Driver, 20 V Voltage, 20V MAX Battery Platform","Drill Driver, 20 V Voltage, 20V MAX Battery Platform",,20 V,,,,,,,,,,,,,,,,,,,,,,,,,Drill Driver,Tool Type,drill driver,,Voltage,20,V,Battery Platform,20V MAX,,Configuration,,,Drive Size,,,No Load Speed,,,Motor Type,,,,,,,,,,,,,,,,,,,,,,,,,,,,,,,,,,,,,,,,,,,,,,,,,,,,,,,,,,,,,,,,,,,,,,,,,,,,,,,,,,,,,,,,,,,,,,,,,,,,,,,,,,,,,,,,,,,,,,,,,,,,,,,,,,,,,,,27112800,,,,,,,,,,,,,,,,,,,,,,,,,,,,,,,,,,,,,,,,,,,
,,,,,,,Tools & Equipment,Power Tools,Cordless Tools,,DCD1007B,"DCD1007B Dewalt 20V Cordless - 1/2"" Hammer Drill (Bare)",-- Unbranded --,-- No Unilog Brand --,DEWALT,Black & Decker/dewlt (2585),Black & Decker/dewlt,DEWALT,,DCD1007B,,Tools & Equipment>Power Tools>Cordless Power Tools,"Black & Decker/dewlt DEWALT, Hammer Drill, DCD1007B, 20 V Voltage",HAMMER DRILL 20V 20V MAX 1/2IN,"DEWALT DCD1007B Hammer Drill, 20 V Voltage, 20V MAX Battery Platform, bare tool Configuration, 1/2 in Drive Size","DEWALT Hammer Drill, 20 V Voltage, 20V MAX Battery Platform, bare tool Configuration, 1/2 in Drive Size","Hammer Drill, 20 V Voltage, 20V MAX Battery Platform, bare tool Configuration, 1/2 in Drive Size",,20 V,1/2 in,,,,,,,,,,,,,,,,,,,,,,,,Hammer Drill,Tool Type,hammer drill,,Voltage,20,V,Battery Platform,20V MAX,,Configuration,bare tool,,Drive Size,1/2,in,No Load Speed,,,Motor Type,,,,,,,,,,,,,,,,,,,,,,,,,,,,,,,,,,,,,,,,,,,,,,,,,,,,,,,,,,,,,,,,,,,,,,,,,,,,,,,,,,,,,,,,,,,,,,,,,,,,,,,,,,,,,,,,,,,,,,,,,,,,,,,,,,,,,,,27112800,,,,,,,,,,,,,,,,,,,,,,,,,,,,,,,,,,,,,,,,,,,
,,,,,,,Tools & Equipment,Power Tools,Cordless Tools,,DCD799B,DCD799B Dewalt Drill,-- Unbranded --,-- No Unilog Brand --,-- No DIB Brand --,Black & Decker/dewlt (2585),Black & Decker/dewlt,,,DCD799B,,Tools & Equipment>Power Tools>Cordless Power Tools,"Black & Decker/dewlt, Drill Driver, DCD799B",DRILL DRIVER,DCD799B Drill Driver,Drill Driver,Drill Driver,,,,,,,,,,,,,,,,,,,,,,,,,,,Drill Driver,Tool Type,drill driver,,Voltage,,,Battery Platform,,,Configuration,,,Drive Size,,,No Load Speed,,,Motor Type,,,,,,,,,,,,,,,,,,,,,,,,,,,,,,,,,,,,,,,,,,,,,,,,,,,,,,,,,,,,,,,,,,,,,,,,,,,,,,,,,,,,,,,,,,,,,,,,,,,,,,,,,,,,,,,,,,,,,,,,,,,,,,,,,,,,,,,27112800,,,,,,,,,,,,,,,,,,,,,,,,,,,,,,,,,,,,,,,,,,,
,,,,,,,Tools & Equipment,Power Tools,Cordless Tools,,58006,58006 Voyager Drill Press,-- Unbranded --,-- No Unilog Brand --,-- No DIB Brand --,King Canada Inc (KINCA),King Canada Inc,,,58006,,Tools & Equipment>Power Tools>Cordless Power Tools,"King Canada Inc, Drill Press, 58006",DRILL PRESS,58006 Drill Press,Drill Press,Drill Press,,,,,,,,,,,,,,,,,,,,,,,,,,,Drill Press,Tool Type,Drill Press,,Voltage,,,Battery Platform,,,Configuration,,,Drive Size,,,No Load Speed,,,Motor Type,,,,,,,,,,,,,,,,,,,,,,,,,,,,,,,,,,,,,,,,,,,,,,,,,,,,,,,,,,,,,,,,,,,,,,,,,,,,,,,,,,,,,,,,,,,,,,,,,,,,,,,,,,,,,,,,,,,,,,,,,,,,,,,,,,,,,,,27112800,,,,,,,,,,,,,,,,,,,,,,,,,,,,,,,,,,,,,,,,,,,
,,,,,,,Tools & Equipment,Power Tools,Cordless Tools,,2909-20,2909-20 Milw Roofing Nailer - M18,-- Unbranded --,-- No Unilog Brand --,Milwaukee,Milwaukee Accessory (4031),Milwaukee Accessory,Milwaukee,,2909-20,,Tools & Equipment>Power Tools>Cordless Power Tools,"Milwaukee, Nailer, 2909-20, M18 Battery Platform, 2909-20 Configuration",NAILER M18 2909-20,"Milwaukee 2909-20 Nailer, M18 Battery Platform, 2909-20 Configuration","Milwaukee Nailer, M18 Battery Platform, 2909-20 Configuration","Nailer, M18 Battery Platform, 2909-20 Configuration",,,,,,,,,,,,,,,,,,,,,,,,,,,Nailer,Tool Type,nailer,,Voltage,,,Battery Platform,M18,,Configuration,2909-20,,Drive Size,,,No Load Speed,,,Motor Type,,,,,,,,,,,,,,,,,,,,,,,,,,,,,,,,,,,,,,,,,,,,,,,,,,,,,,,,,,,,,,,,,,,,,,,,,,,,,,,,,,,,,,,,,,,,,,,,,,,,,,,,,,,,,,,,,,,,,,,,,,,,,,,,,,,,,,,27112800,,,,,,,,,,,,,,,,,,,,,,,,,,,,,,,,,,,,,,,,,,,
,,,,,,,Tools & Equipment,Power Tools,Cordless Tools,,2909-21,2909-21 Milw M18 Coil Roofing - Nailer Kit,-- Unbranded --,-- No Unilog Brand --,Milwaukee,Milwaukee Accessory (4031),Milwaukee Accessory,Milwaukee,,2909-21,,Tools & Equipment>Power Tools>Cordless Power Tools,"Milwaukee, Nailer, 2909-21, M18 Battery Platform, kit Configuration",NAILER M18 KIT,"Milwaukee 2909-21 Nailer, M18 Battery Platform, kit Configuration","Milwaukee Nailer, M18 Battery Platform, kit Configuration","Nailer, M18 Battery Platform, kit Configuration",,,,,,,,,,,,,,,,,,,,,,,,,,,Nailer,Tool Type,nailer,,Voltage,,,Battery Platform,M18,,Configuration,kit,,Drive Size,,,No Load Speed,,,Motor Type,,,,,,,,,,,,,,,,,,,,,,,,,,,,,,,,,,,,,,,,,,,,,,,,,,,,,,,,,,,,,,,,,,,,,,,,,,,,,,,,,,,,,,,,,,,,,,,,,,,,,,,,,,,,,,,,,,,,,,,,,,,,,,,,,,,,,,,27112800,,,,,,,,,,,,,,,,,,,,,,,,,,,,,,,,,,,,,,,,,,,
,,,,,,,Tools & Equipment,Power Tools,Cordless Tools,,918200,918200 Paslode CT200S24 18Ga ST Brad Nailer,-- Unbranded --,-- No Unilog Brand --,-- No DIB Brand --,National Nail Corp (7439),National Nail Corp,,,918200,,Tools & Equipment>Power Tools>Cordless Power Tools,"National Nail Corp, Nailer, 918200, 18 V Voltage",NAILER 18V,"918200 Nailer, 18 V Voltage","Nailer, 18 V Voltage","Nailer, 18 V Voltage",,18 V,,,,,,,,,,,,,,,,,,,,,,,,,Nailer,Tool Type,nailer,,Voltage,18,V,Battery Platform,,,Configuration,,,Drive Size,,,No Load Speed,,,Motor Type,,,,,,,,,,,,,,,,,,,,,,,,,,,,,,,,,,,,,,,,,,,,,,,,,,,,,,,,,,,,,,,,,,,,,,,,,,,,,,,,,,,,,,,,,,,,,,,,,,,,,,,,,,,,,,,,,,,,,,,,,,,,,,,,,,,,,,,27112800,,,,,,,,,,,,,,,,,,,,,,,,,,,,,,,,,,,,,,,,,,,
,,,,,,,Tools & Equipment,Power Tools,Cordless Tools,,2541-20,2541-20 Milw M12 - Compact Brad Nailer (Bare),-- Unbranded --,-- No Unilog Brand --,-- No DIB Brand --,Milwaukee Accessory (4031),Milwaukee Accessory,,,2541-20,,Tools & Equipment>Power Tools>Cordless Power Tools,"Milwaukee Accessory, Nailer, 2541-20, M12 Battery Platform",NAILER M12,"2541-20 Nailer, M12 Battery Platform, bare tool Configuration","Nailer, M12 Battery Platform, bare tool Configuration","Nailer, M12 Battery Platform, bare tool Configuration",,,,,,,,,,,,,,,,,,,,,,,,,,,Nailer,Tool Type,nailer,,Voltage,,,Battery Platform,M12,,Configuration,bare tool,,Drive Size,,,No Load Speed,,,Motor Type,,,,,,,,,,,,,,,,,,,,,,,,,,,,,,,,,,,,,,,,,,,,,,,,,,,,,,,,,,,,,,,,,,,,,,,,,,,,,,,,,,,,,,,,,,,,,,,,,,,,,,,,,,,,,,,,,,,,,,,,,,,,,,,,,,,,,,,27112800,,,,,,,,,,,,,,,,,,,,,,,,,,,,,,,,,,,,,,,,,,,
,,,,,,,Tools & Equipment,Power Tools,Cordless Tools,,DCN930B,DCN930B Dewalt 20V 30 Degree - Framing Nailer,-- Unbranded --,-- No Unilog Brand --,DEWALT,Black & Decker/dewlt (2585),Black & Decker/dewlt,DEWALT,,DCN930B,,Tools & Equipment>Power Tools>Cordless Power Tools,"Black & Decker/dewlt DEWALT, Nailer, DCN930B, 20 V Voltage",NAILER 20V 20V MAX,"DEWALT DCN930B Nailer, 20 V Voltage, 20V MAX Battery Platform","DEWALT Nailer, 20 V Voltage, 20V MAX Battery Platform","Nailer, 20 V Voltage, 20V MAX Battery Platform",,20 V,,,,,,,,,,,,,,,,,,,,,,,,,Nailer,Tool Type,nailer,,Voltage,20,V,Battery Platform,20V MAX,,Configuration,,,Drive Size,,,No Load Speed,,,Motor Type,,,,,,,,,,,,,,,,,,,,,,,,,,,,,,,,,,,,,,,,,,,,,,,,,,,,,,,,,,,,,,,,,,,,,,,,,,,,,,,,,,,,,,,,,,,,,,,,,,,,,,,,,,,,,,,,,,,,,,,,,,,,,,,,,,,,,,,27112800,,,,,,,,,,,,,,,,,,,,,,,,,,,,,,,,,,,,,,,,,,,
,,,,,,,Tools & Equipment,Power Tools,Cordless Tools,,DCN930P1,DCN930P1 Dewalt 20V 30 Degree - Framing Nailer Kit,-- Unbranded --,-- No Unilog Brand --,DEWALT,Black & Decker/dewlt (2585),Black & Decker/dewlt,DEWALT,,DCN930P1,,Tools & Equipment>Power Tools>Cordless Power Tools,"Black & Decker/dewlt DEWALT, Nailer, DCN930P1, 20 V Voltage, kit Configuration",NAILER 20V 20V MAX KIT,"DEWALT DCN930P1 Nailer, 20 V Voltage, 20V MAX Battery Platform, kit Configuration","DEWALT Nailer, 20 V Voltage, 20V MAX Battery Platform, kit Configuration","Nailer, 20 V Voltage, 20V MAX Battery Platform, kit Configuration",,20 V,,,,,,,,,,,,,,,,,,,,,,,,,Nailer,Tool Type,nailer,,Voltage,20,V,Battery Platform,20V MAX,,Configuration,kit,,Drive Size,,,No Load Speed,,,Motor Type,,,,,,,,,,,,,,,,,,,,,,,,,,,,,,,,,,,,,,,,,,,,,,,,,,,,,,,,,,,,,,,,,,,,,,,,,,,,,,,,,,,,,,,,,,,,,,,,,,,,,,,,,,,,,,,,,,,,,,,,,,,,,,,,,,,,,,,27112800,,,,,,,,,,,,,,,,,,,,,,,,,,,,,,,,,,,,,,,,,,,
,,,,,,,Tools & Equipment,Power Tools,Cordless Tools,,XNB04Z,"XNB04Z Makita 18V 2"" Brad Nailer 18GA (Bare)",-- Unbranded --,-- No Unilog Brand --,-- No DIB Brand --,Makita Usa Inc (5142),Makita Usa Inc,,,XNB04Z,,Tools & Equipment>Power Tools>Cordless Power Tools,"Makita Usa Inc, Nailer, XNB04Z, 18 V Voltage, 18V LXT Battery Platform",NAILER 18V 18V LXT 2RPM,"XNB04Z Nailer, 18 V Voltage, 18V LXT Battery Platform, bare tool Configuration, 2 RPM No Load Speed","Nailer, 18 V Voltage, 18V LXT Battery Platform, bare tool Configuration, 2 RPM No Load Speed","Nailer, 18 V Voltage, 18V LXT Battery Platform, bare tool Configuration, 2 RPM No Load Speed",,18 V,2 RPM,,,,,,,,,,,,,,,,,,,,,,,,Nailer,Tool Type,nailer,,Voltage,18,V,Battery Platform,18V LXT,,Configuration,bare tool,,Drive Size,,,No Load Speed,2,RPM,Motor Type,,,,,,,,,,,,,,,,,,,,,,,,,,,,,,,,,,,,,,,,,,,,,,,,,,,,,,,,,,,,,,,,,,,,,,,,,,,,,,,,,,,,,,,,,,,,,,,,,,,,,,,,,,,,,,,,,,,,,,,,,,,,,,,,,,,,,,,27112800,,,,,,,,,,,,,,,,,,,,,,,,,,,,,,,,,,,,,,,,,,,
,,,,,,,Tools & Equipment,Power Tools,Cordless Tools,,XNB05Z,"XNB05Z Makita 18V 2-1/2"" Straight Finish Nailer 16GA",-- Unbranded --,-- No Unilog Brand --,-- No DIB Brand --,Makita Usa Inc (5142),Makita Usa Inc,,,XNB05Z,,Tools & Equipment>Power Tools>Cordless Power Tools,"Makita Usa Inc, Nailer, XNB05Z, 18 V Voltage, 18V LXT Battery Platform",NAILER 18V 18V LXT 16GA 2-1/2IN,"XNB05Z Nailer, 18 V Voltage, 18V LXT Battery Platform, 16 ga Configuration, 2-1/2 in Drive Size","Nailer, 18 V Voltage, 18V LXT Battery Platform, 16 ga Configuration, 2-1/2 in Drive Size","Nailer, 18 V Voltage, 18V LXT Battery Platform, 16 ga Configuration, 2-1/2 in Drive Size",,18 V,16 ga,2-1/2 in,,,,,,,,,,,,,,,,,,,,,,,Nailer,Tool Type,nailer,,Voltage,18,V,Battery Platform,18V LXT,,Configuration,16,ga,Drive Size,2-1/2,in,No Load Speed,,,Motor Type,,,,,,,,,,,,,,,,,,,,,,,,,,,,,,,,,,,,,,,,,,,,,,,,,,,,,,,,,,,,,,,,,,,,,,,,,,,,,,,,,,,,,,,,,,,,,,,,,,,,,,,,,,,,,,,,,,,,,,,,,,,,,,,,,,,,,,,27112800,,,,,,,,,,,,,,,,,,,,,,,,,,,,,,,,,,,,,,,,,,,
,,,,,,,Tools & Equipment,Power Tools,Cordless Tools,,XNB06Z,"XNB06Z Makita 18V 2-1/2"" Angled Finish Nailer 16GA",-- Unbranded --,-- No Unilog Brand --,-- No DIB Brand --,Makita Usa Inc (5142),Makita Usa Inc,,,XNB06Z,,Tools & Equipment>Power Tools>Cordless Power Tools,"Makita Usa Inc, Nailer, XNB06Z, 18 V Voltage, 18V LXT Battery Platform",NAILER 18V 18V LXT 16GA 2-1/2IN,"XNB06Z Nailer, 18 V Voltage, 18V LXT Battery Platform, 16 ga Configuration, 2-1/2 in Drive Size","Nailer, 18 V Voltage, 18V LXT Battery Platform, 16 ga Configuration, 2-1/2 in Drive Size","Nailer, 18 V Voltage, 18V LXT Battery Platform, 16 ga Configuration, 2-1/2 in Drive Size",,18 V,16 ga,2-1/2 in,,,,,,,,,,,,,,,,,,,,,,,Nailer,Tool Type,nailer,,Voltage,18,V,Battery Platform,18V LXT,,Configuration,16,ga,Drive Size,2-1/2,in,No Load Speed,,,Motor Type,,,,,,,,,,,,,,,,,,,,,,,,,,,,,,,,,,,,,,,,,,,,,,,,,,,,,,,,,,,,,,,,,,,,,,,,,,,,,,,,,,,,,,,,,,,,,,,,,,,,,,,,,,,,,,,,,,,,,,,,,,,,,,,,,,,,,,,27112800,,,,,,,,,,,,,,,,,,,,,,,,,,,,,,,,,,,,,,,,,,,
,,,,,,,Tools & Equipment,Power Tools,Cordless Tools,,XNB07Z,XNB07Z Makita 18V LXT BL 30 Nailer (Bare),-- Unbranded --,-- No Unilog Brand --,-- No DIB Brand --,Makita Usa Inc (5142),Makita Usa Inc,,,XNB07Z,,Tools & Equipment>Power Tools>Cordless Power Tools,"Makita Usa Inc, Nailer, XNB07Z, 18 V Voltage, 18V LXT Battery Platform",NAILER 18V 18V LXT,"XNB07Z Nailer, 18 V Voltage, 18V LXT Battery Platform, bare tool Configuration","Nailer, 18 V Voltage, 18V LXT Battery Platform, bare tool Configuration","Nailer, 18 V Voltage, 18V LXT Battery Platform, bare tool Configuration",,18 V,,,,,,,,,,,,,,,,,,,,,,,,,Nailer,Tool Type,nailer,,Voltage,18,V,Battery Platform,18V LXT,,Configuration,bare tool,,Drive Size,,,No Load Speed,,,Motor Type,,,,,,,,,,,,,,,,,,,,,,,,,,,,,,,,,,,,,,,,,,,,,,,,,,,,,,,,,,,,,,,,,,,,,,,,,,,,,,,,,,,,,,,,,,,,,,,,,,,,,,,,,,,,,,,,,,,,,,,,,,,,,,,,,,,,,,,27112800,,,,,,,,,,,,,,,,,,,,,,,,,,,,,,,,,,,,,,,,,,,
,,,,,,,,,,,DZN930,DZN930 Dewalt 30 Degree - Framing Magazine,-- Unbranded --,-- No Unilog Brand --,-- No DIB Brand --,Black & Decker/dewlt (2585),Black & Decker/dewlt,Dewalt,,DZN930,,,"Black & Decker/dewlt Dewalt, Framing Magazine, DZN930",FRAMING MAGAZINE,Dewalt DZN930 Framing Magazine,Dewalt Framing Magazine,Framing Magazine,,,,,,,,,,,,,,,,,,,,,,,,,,,Framing Magazine,Product Name,Framing Magazine,,Brand,Dewalt,,Material,,,Color,,,Size,,,Quantity,,,,,,,,,,,,,,,,,,,,,,,,,,,,,,,,,,,,,,,,,,,,,,,,,,,,,,,,,,,,,,,,,,,,,,,,,,,,,,,,,,,,,,,,,,,,,,,,,,,,,,,,,,,,,,,,,,,,,,,,,,,,,,,,,,,,,,,,,,,,,,,,,,,,,,,,,,,,,,,,,,,,,,,,,,,,,,,,,,,,,
,,,,,,,Tools & Equipment,Power Tool Accessories,Driver & Drill Bits,,220USB25U,220USB25U Vessel Screwdriver w/25pc Bit Set,-- Unbranded --,-- No Unilog Brand --,-- No DIB Brand --,Vessel Tools USA Inc (VESTO),Vessel Tools USA Inc,,,220USB25U,,Tools & Equipment>Power Tool Accessories>Bits & Drivers,"Vessel Tools USA Inc, Vessel, 220USB25U, USB Drive Type, 25U Drive Size",VESSEL USB 25U 25 PC U U 25 PC,"220USB25U Vessel, USB Drive Type, 25U Drive Size, 25 pc Length, U, U Impact Rated, 25 pc Quantity","Vessel, USB Drive Type, 25U Drive Size, 25 pc Length, U, U Impact Rated, 25 pc Quantity","Vessel, USB Drive Type, 25U Drive Size, 25 pc Length, U, U Impact Rated, 25 pc Quantity",,,,,,,,,,,,,,,,,,,,,,,,,,,Vessel,Product Name,Vessel,,Drive Type,USB,,Drive Size,25U,,Length,25 pc,,Shank Size,,,Material,U,,Impact Rated,U,,Quantity,25 pc,,,,,,,,,,,,,,,,,,,,,,,,,,,,,,,,,,,,,,,,,,,,,,,,,,,,,,,,,,,,,,,,,,,,,,,,,,,,,,,,,,,,,,,,,,,,,,,,,,,,,,,,,,,,,,,,,,,,,,,,,,,,,,,,,,,27112103,,,25,PK,,25 pc,,,,,,,,,,,,,,,,,,,,,,,,,,,,,,,,,,,,,
,,,,,,,Tools & Equipment,Power Tools,Cordless Tools,,XRF03Z,XRF03Z Makita 18V Screwdriver - Autofeed,-- Unbranded --,-- No Unilog Brand --,-- No DIB Brand --,Makita Usa Inc (5142),Makita Usa Inc,,,XRF03Z,,Tools & Equipment>Power Tools>Cordless Power Tools,"Makita Usa Inc, Screwdriver, XRF03Z, 18 V Voltage, 18V LXT Battery Platform",SCREWDRIVER 18V 18V LXT AUTOFEED,"XRF03Z Screwdriver, 18 V Voltage, 18V LXT Battery Platform, Autofeed Configuration","Screwdriver, 18 V Voltage, 18V LXT Battery Platform, Autofeed Configuration","Screwdriver, 18 V Voltage, 18V LXT Battery Platform, Autofeed Configuration",,18 V,,,,,,,,,,,,,,,,,,,,,,,,,Screwdriver,Tool Type,Screwdriver,,Voltage,18,V,Battery Platform,18V LXT,,Configuration,Autofeed,,Drive Size,,,No Load Speed,,,Motor Type,,,,,,,,,,,,,,,,,,,,,,,,,,,,,,,,,,,,,,,,,,,,,,,,,,,,,,,,,,,,,,,,,,,,,,,,,,,,,,,,,,,,,,,,,,,,,,,,,,,,,,,,,,,,,,,,,,,,,,,,,,,,,,,,,,,,,,,27112800,,,,,,,,,,,,,,,,,,,,,,,,,,,,,,,,,,,,,,,,,,,
,,,,,,,Tools & Equipment,Power Tool Accessories,Driver & Drill Bits,,220USBP5U,220USBP5U Vessel Screwdriver Plus w/5pc Bit Set,-- Unbranded --,-- No Unilog Brand --,-- No DIB Brand --,Vessel Tools USA Inc (VESTO),Vessel Tools USA Inc,,,220USBP5U,,Tools & Equipment>Power Tool Accessories>Bits & Drivers,"Vessel Tools USA Inc, Vessel, 220USBP5U, USBP Drive Type, 5U Drive Size",VESSEL USBP 5U 220IN 5 PC,"220USBP5U Vessel, USBP Drive Type, 5U Drive Size, 220 in Length, 5 pc Quantity","Vessel, USBP Drive Type, 5U Drive Size, 220 in Length, 5 pc Quantity","Vessel, USBP Drive Type, 5U Drive Size, 220 in Length, 5 pc Quantity",,220 in,,,,,,,,,,,,,,,,,,,,,,,,,Vessel,Product Name,Vessel,,Drive Type,USBP,,Drive Size,5U,,Length,220,in,Shank Size,,,Material,,,Impact Rated,,,Quantity,5 pc,,,,,,,,,,,,,,,,,,,,,,,,,,,,,,,,,,,,,,,,,,,,,,,,,,,,,,,,,,,,,,,,,,,,,,,,,,,,,,,,,,,,,,,,,,,,,,,,,,,,,,,,,,,,,,,,,,,,,,,,,,,,,,,,,,,27112103,,,5,PK,,220,in,,,,,,,,,,,,,,,,,,,,,,,,,,,,,,,,,,,,
,,,,,,,Tools & Equipment,Power Tools,Cordless Tools,,49-66-4567,"49-66-4567 Milw 6"" Magnetic - Impact Driver Set 6pc",-- Unbranded --,-- No Unilog Brand --,-- No DIB Brand --,Milwaukee Accessory (4031),Milwaukee Accessory,,,49-66-4567,,Tools & Equipment>Power Tools>Cordless Power Tools,"Milwaukee Accessory, Impact Driver, 49-66-4567, 6pc Configuration",IMPACT DRIVER 6PC,"49-66-4567 Impact Driver, 6pc Configuration","Impact Driver, 6pc Configuration","Impact Driver, 6pc Configuration",,,,,,,,,,,,,,,,,,,,,,,,,,,Impact Driver,Tool Type,impact driver,,Voltage,,,Battery Platform,,,Configuration,6pc,,Drive Size,,,No Load Speed,,,Motor Type,,,,,,,,,,,,,,,,,,,,,,,,,,,,,,,,,,,,,,,,,,,,,,,,,,,,,,,,,,,,,,,,,,,,,,,,,,,,,,,,,,,,,,,,,,,,,,,,,,,,,,,,,,,,,,,,,,,,,,,,,,,,,,,,,,,,,,,27112800,,,,,,,,,,,,,,,,,,,,,,,,,,,,,,,,,,,,,,,,,,,
,,,,,,,,,,,IBMG90K003,"IBMG90K003 Vessel Impact Ball Torsion Bit Assort 5pc 3.5""",-- Unbranded --,-- No Unilog Brand --,-- No DIB Brand --,Vessel Tools USA Inc (VESTO),Vessel Tools USA Inc,IBMG90K003,,IBMG90K003,,,"Vessel Tools USA Inc IBMG90K003, Vessel Impact Ball Torsion Bit Assort, IBMG90K003",VESSEL IMPACT BALL TORSION BIT ASSORT,"IBMG90K003 IBMG90K003 Vessel Impact Ball Torsion Bit Assort, 3-1/2 in, 5pc Quantity","IBMG90K003 Vessel Impact Ball Torsion Bit Assort, 3-1/2 in, 5pc Quantity","Vessel Impact Ball Torsion Bit Assort, 3-1/2 in, 5pc Quantity",,,,,,,,,,,,,,,,,,,,,,,,,,,Vessel Impact Ball Torsion Bit Assort,Product Name,Vessel Impact Ball Torsion Bit Assort,,Brand,IBMG90K003,,Material,,,Color,,,Size,3-1/2,in,Quantity,5pc,,,,,,,,,,,,,,,,,,,,,,,,,,,,,,,,,,,,,,,,,,,,,,,,,,,,,,,,,,,,,,,,,,,,,,,,,,,,,,,,,,,,,,,,,,,,,,,,,,,,,,,,,,,,,,,,,,,,,,,,,,,,,,,,,,,,,,,,,,,,5,PK,,,,,,,,,,,,,,,,,,,,,,,,,,,,,,,,,,,,,,,
,,,,,,,Tools & Equipment,Power Tool Accessories,Driver & Drill Bits,,IBPH250P15T,"IBPH250P15T Vessel Torsion Bit 2"" 15pc",-- Unbranded --,-- No Unilog Brand --,-- No DIB Brand --,Vessel Tools USA Inc (VESTO),Vessel Tools USA Inc,,,IBPH250P15T,,Tools & Equipment>Power Tool Accessories>Bits & Drivers,"Vessel Tools USA Inc, Vessel Torsion Bit, IBPH250P15T, 2 in Length",VESSEL TORSION BIT 2IN,"IBPH250P15T Vessel Torsion Bit, 2 in Length","Vessel Torsion Bit, 2 in Length","Vessel Torsion Bit, 2 in Length",,2 in,,,,,,,,,,,,,,,,,,,,,,,,,Vessel Torsion Bit,Product Name,Vessel Torsion Bit,,Drive Type,,,Drive Size,,,Length,2,in,Shank Size,,,Material,,,Impact Rated,,,Quantity,,,,,,,,,,,,,,,,,,,,,,,,,,,,,,,,,,,,,,,,,,,,,,,,,,,,,,,,,,,,,,,,,,,,,,,,,,,,,,,,,,,,,,,,,,,,,,,,,,,,,,,,,,,,,,,,,,,,,,,,,,,,,,,,,,,,27112103,,,,,,2,in,,,,,,,,,,,,,,,,,,,,,,,,,,,,,,,,,,,,
,,,,,,,Tools & Equipment,Power Tool Accessories,Driver & Drill Bits,,DPH12B,"DPH12B 2"" #1 Phillips Drive - Bit",-- Unbranded --,-- No Unilog Brand --,Diablo,Freud Inc (2435),Freud Inc,Diablo,,DPH12B,,Tools & Equipment>Power Tool Accessories>Bits & Drivers,"Freud Inc Diablo, Phillips, DPH12B, 2 in Length, 1 Quantity",PHILLIPS 2IN 1,"Diablo DPH12B Phillips, 2 in Length, 1 Quantity","Diablo Phillips, 2 in Length, 1 Quantity","Phillips, 2 in Length, 1 Quantity",,2 in,,,,,,,,,,,,,,,,,,,,,,,,,Phillips,Product Name,Phillips,,Drive Type,,,Drive Size,,,Length,2,in,Shank Size,,,Material,,,Impact Rated,,,Quantity,1,,,,,,,,,,,,,,,,,,,,,,,,,,,,,,,,,,,,,,,,,,,,,,,,,,,,,,,,,,,,,,,,,,,,,,,,,,,,,,,,,,,,,,,,,,,,,,,,,,,,,,,,,,,,,,,,,,,,,,,,,,,,,,,,,,,27112103,,,1,EA,,2,in,,,,,,,,,,,,,,,,,,,,,,,,,,,,,,,,,,,,
,,,,,,,Tools & Equipment,Power Tool Accessories,Driver & Drill Bits,,DPH135B,"DPH135B 3-1/2"" #1 Phillips - Drive Bit",-- Unbranded --,-- No Unilog Brand --,Diablo,Freud Inc (2435),Freud Inc,Diablo,,DPH135B,,Tools & Equipment>Power Tool Accessories>Bits & Drivers,"Freud Inc Diablo, Phillips, DPH135B, 3-1/2 in Length, 1 Quantity",PHILLIPS 3-1/2IN 1,"Diablo DPH135B Phillips, 3-1/2 in Length, 1 Quantity","Diablo Phillips, 3-1/2 in Length, 1 Quantity","Phillips, 3-1/2 in Length, 1 Quantity",,3-1/2 in,,,,,,,,,,,,,,,,,,,,,,,,,Phillips,Product Name,Phillips,,Drive Type,,,Drive Size,,,Length,3-1/2,in,Shank Size,,,Material,,,Impact Rated,,,Quantity,1,,,,,,,,,,,,,,,,,,,,,,,,,,,,,,,,,,,,,,,,,,,,,,,,,,,,,,,,,,,,,,,,,,,,,,,,,,,,,,,,,,,,,,,,,,,,,,,,,,,,,,,,,,,,,,,,,,,,,,,,,,,,,,,,,,,27112103,,,1,EA,,3-1/2,in,,,,,,,,,,,,,,,,,,,,,,,,,,,,,,,,,,,,
,,,,,,,Tools & Equipment,Power Tool Accessories,Driver & Drill Bits,,DPH21B,"DPH21B 1"" #2 Phillips Drive - Bit",-- Unbranded --,-- No Unilog Brand --,Diablo,Freud Inc (2435),Freud Inc,Diablo,,DPH21B,,Tools & Equipment>Power Tool Accessories>Bits & Drivers,"Freud Inc Diablo, Phillips, DPH21B, PH2 Drive Type, PH2 Drive Size",PHILLIPS PH2 PH2 1IN,"Diablo DPH21B Phillips, PH2 Drive Type, PH2 Drive Size, 1 in Length","Diablo Phillips, PH2 Drive Type, PH2 Drive Size, 1 in Length","Phillips, PH2 Drive Type, PH2 Drive Size, 1 in Length",,1 in,,,,,,,,,,,,,,,,,,,,,,,,,Phillips,Product Name,Phillips,,Drive Type,PH2,,Drive Size,PH2,,Length,1,in,Shank Size,,,Material,,,Impact Rated,,,Quantity,,,,,,,,,,,,,,,,,,,,,,,,,,,,,,,,,,,,,,,,,,,,,,,,,,,,,,,,,,,,,,,,,,,,,,,,,,,,,,,,,,,,,,,,,,,,,,,,,,,,,,,,,,,,,,,,,,,,,,,,,,,,,,,,,,,,27112103,,,,,,1,in,,,,,,,,,,,,,,,,,,,,,,,,,,,,,,,,,,,,
,,,,,,,Tools & Equipment,Power Tool Accessories,Driver & Drill Bits,,DPH22B,"DPH22B 2"" #2 Phillips Drive - Bit",-- Unbranded --,-- No Unilog Brand --,Diablo,Freud Inc (2435),Freud Inc,Diablo,,DPH22B,,Tools & Equipment>Power Tool Accessories>Bits & Drivers,"Freud Inc Diablo, Phillips, DPH22B, PH2 Drive Type, PH2 Drive Size",PHILLIPS PH2 PH2 2IN,"Diablo DPH22B Phillips, PH2 Drive Type, PH2 Drive Size, 2 in Length","Diablo Phillips, PH2 Drive Type, PH2 Drive Size, 2 in Length","Phillips, PH2 Drive Type, PH2 Drive Size, 2 in Length",,2 in,,,,,,,,,,,,,,,,,,,,,,,,,Phillips,Product Name,Phillips,,Drive Type,PH2,,Drive Size,PH2,,Length,2,in,Shank Size,,,Material,,,Impact Rated,,,Quantity,,,,,,,,,,,,,,,,,,,,,,,,,,,,,,,,,,,,,,,,,,,,,,,,,,,,,,,,,,,,,,,,,,,,,,,,,,,,,,,,,,,,,,,,,,,,,,,,,,,,,,,,,,,,,,,,,,,,,,,,,,,,,,,,,,,,27112103,,,,,,2,in,,,,,,,,,,,,,,,,,,,,,,,,,,,,,,,,,,,,
,,,,,,,Tools & Equipment,Power Tool Accessories,Driver & Drill Bits,,DPH235B,"DPH235B 3-1/2"" #2 Phillips - Drive Bit",-- Unbranded --,-- No Unilog Brand --,Diablo,Freud Inc (2435),Freud Inc,Diablo,,DPH235B,,Tools & Equipment>Power Tool Accessories>Bits & Drivers,"Freud Inc Diablo, Phillips, DPH235B, PH2 Drive Type, PH2 Drive Size",PHILLIPS PH2 PH2 3-1/2IN 1,"Diablo DPH235B Phillips, PH2 Drive Type, PH2 Drive Size, 3-1/2 in Length, 1 Quantity","Diablo Phillips, PH2 Drive Type, PH2 Drive Size, 3-1/2 in Length, 1 Quantity","Phillips, PH2 Drive Type, PH2 Drive Size, 3-1/2 in Length, 1 Quantity",,3-1/2 in,,,,,,,,,,,,,,,,,,,,,,,,,Phillips,Product Name,Phillips,,Drive Type,PH2,,Drive Size,PH2,,Length,3-1/2,in,Shank Size,,,Material,,,Impact Rated,,,Quantity,1,,,,,,,,,,,,,,,,,,,,,,,,,,,,,,,,,,,,,,,,,,,,,,,,,,,,,,,,,,,,,,,,,,,,,,,,,,,,,,,,,,,,,,,,,,,,,,,,,,,,,,,,,,,,,,,,,,,,,,,,,,,,,,,,,,,27112103,,,1,EA,,3-1/2,in,,,,,,,,,,,,,,,,,,,,,,,,,,,,,,,,,,,,
,,,,,,,Tools & Equipment,Power Tool Accessories,Driver & Drill Bits,,DPH26B,"DPH26B 6"" #2 Phillips Drive - Bit",-- Unbranded --,-- No Unilog Brand --,Diablo,Freud Inc (2435),Freud Inc,Diablo,,DPH26B,,Tools & Equipment>Power Tool Accessories>Bits & Drivers,"Freud Inc Diablo, Phillips, DPH26B, phillips Drive Type, PH2 Drive Size",PHILLIPS PHILLIPS PH2 6IN,"Diablo DPH26B Phillips, phillips Drive Type, PH2 Drive Size, 6 in Length","Diablo Phillips, phillips Drive Type, PH2 Drive Size, 6 in Length","Phillips, phillips Drive Type, PH2 Drive Size, 6 in Length",,6 in,,,,,,,,,,,,,,,,,,,,,,,,,Phillips,Product Name,Phillips,,Drive Type,phillips,,Drive Size,PH2,,Length,6,in,Shank Size,,,Material,,,Impact Rated,,,Quantity,,,,,,,,,,,,,,,,,,,,,,,,,,,,,,,,,,,,,,,,,,,,,,,,,,,,,,,,,,,,,,,,,,,,,,,,,,,,,,,,,,,,,,,,,,,,,,,,,,,,,,,,,,,,,,,,,,,,,,,,,,,,,,,,,,,,27112103,,,,,,6,in,,,,,,,,,,,,,,,,,,,,,,,,,,,,,,,,,,,,
,,,,,,,Tools & Equipment,Power Tool Accessories,Driver & Drill Bits,,DPH2R1B,"DPH2R1B 1"" #2 Phillips Drywall - Screws Drive Bit",-- Unbranded --,-- No Unilog Brand --,Diablo,Freud Inc (2435),Freud Inc,Diablo,,DPH2R1B,,Tools & Equipment>Power Tool Accessories>Bits & Drivers,"Freud Inc Diablo, Phillips, DPH2R1B, Drywall Drive Type, PH2 Drive Size",PHILLIPS DRYWALL PH2 1IN 1,"Diablo DPH2R1B Phillips, Drywall Drive Type, PH2 Drive Size, 1 in Length, 1 Quantity","Diablo Phillips, Drywall Drive Type, PH2 Drive Size, 1 in Length, 1 Quantity","Phillips, Drywall Drive Type, PH2 Drive Size, 1 in Length, 1 Quantity",,1 in,,,,,,,,,,,,,,,,,,,,,,,,,Phillips,Product Name,Phillips,,Drive Type,Drywall,,Drive Size,PH2,,Length,1,in,Shank Size,,,Material,,,Impact Rated,,,Quantity,1,,,,,,,,,,,,,,,,,,,,,,,,,,,,,,,,,,,,,,,,,,,,,,,,,,,,,,,,,,,,,,,,,,,,,,,,,,,,,,,,,,,,,,,,,,,,,,,,,,,,,,,,,,,,,,,,,,,,,,,,,,,,,,,,,,,27112103,,,1,EA,,1,in,,,,,,,,,,,,,,,,,,,,,,,,,,,,,,,,,,,,
,,,,,,,Tools & Equipment,Power Tool Accessories,Driver & Drill Bits,,DPH31B,"DPH31B 1"" #3 Phillips Drive - Bit",-- Unbranded --,-- No Unilog Brand --,Diablo,Freud Inc (2435),Freud Inc,Diablo,,DPH31B,,Tools & Equipment>Power Tool Accessories>Bits & Drivers,"Freud Inc Diablo, Phillips, DPH31B, PH3 Drive Type, PH3 Drive Size",PHILLIPS PH3 PH3 1IN 1,"Diablo DPH31B Phillips, PH3 Drive Type, PH3 Drive Size, 1 in Length, 1 Quantity","Diablo Phillips, PH3 Drive Type, PH3 Drive Size, 1 in Length, 1 Quantity","Phillips, PH3 Drive Type, PH3 Drive Size, 1 in Length, 1 Quantity",,1 in,,,,,,,,,,,,,,,,,,,,,,,,,Phillips,Product Name,Phillips,,Drive Type,PH3,,Drive Size,PH3,,Length,1,in,Shank Size,,,Material,,,Impact Rated,,,Quantity,1,,,,,,,,,,,,,,,,,,,,,,,,,,,,,,,,,,,,,,,,,,,,,,,,,,,,,,,,,,,,,,,,,,,,,,,,,,,,,,,,,,,,,,,,,,,,,,,,,,,,,,,,,,,,,,,,,,,,,,,,,,,,,,,,,,,27112103,,,1,EA,,1,in,,,,,,,,,,,,,,,,,,,,,,,,,,,,,,,,,,,,
,,,,,,,Tools & Equipment,Power Tool Accessories,Driver & Drill Bits,,DPH32B,"DPH32B 2"" #3 Phillips Drive - Bit",-- Unbranded --,-- No Unilog Brand --,Diablo,Freud Inc (2435),Freud Inc,Diablo,,DPH32B,,Tools & Equipment>Power Tool Accessories>Bits & Drivers,"Freud Inc Diablo, Phillips, DPH32B, phillips Drive Type, PH3 Drive Size",PHILLIPS PHILLIPS PH3 2IN,"Diablo DPH32B Phillips, phillips Drive Type, PH3 Drive Size, 2 in Length","Diablo Phillips, phillips Drive Type, PH3 Drive Size, 2 in Length","Phillips, phillips Drive Type, PH3 Drive Size, 2 in Length",,2 in,,,,,,,,,,,,,,,,,,,,,,,,,Phillips,Product Name,Phillips,,Drive Type,phillips,,Drive Size,PH3,,Length,2,in,Shank Size,,,Material,,,Impact Rated,,,Quantity,,,,,,,,,,,,,,,,,,,,,,,,,,,,,,,,,,,,,,,,,,,,,,,,,,,,,,,,,,,,,,,,,,,,,,,,,,,,,,,,,,,,,,,,,,,,,,,,,,,,,,,,,,,,,,,,,,,,,,,,,,,,,,,,,,,,27112103,,,,,,2,in,,,,,,,,,,,,,,,,,,,,,,,,,,,,,,,,,,,,
,,,,,,,Tools & Equipment,Power Tool Accessories,Driver & Drill Bits,,DPH335B,"DPH335B 3-1/2"" #3 Phillips - Drive Bit",-- Unbranded --,-- No Unilog Brand --,Diablo,Freud Inc (2435),Freud Inc,Diablo,,DPH335B,,Tools & Equipment>Power Tool Accessories>Bits & Drivers,"Freud Inc Diablo, Phillips, DPH335B, PH3 Drive Type, PH3 Drive Size",PHILLIPS PH3 PH3 3-1/2IN 1,"Diablo DPH335B Phillips, PH3 Drive Type, PH3 Drive Size, 3-1/2 in Length, 1 Quantity","Diablo Phillips, PH3 Drive Type, PH3 Drive Size, 3-1/2 in Length, 1 Quantity","Phillips, PH3 Drive Type, PH3 Drive Size, 3-1/2 in Length, 1 Quantity",,3-1/2 in,,,,,,,,,,,,,,,,,,,,,,,,,Phillips,Product Name,Phillips,,Drive Type,PH3,,Drive Size,PH3,,Length,3-1/2,in,Shank Size,,,Material,,,Impact Rated,,,Quantity,1,,,,,,,,,,,,,,,,,,,,,,,,,,,,,,,,,,,,,,,,,,,,,,,,,,,,,,,,,,,,,,,,,,,,,,,,,,,,,,,,,,,,,,,,,,,,,,,,,,,,,,,,,,,,,,,,,,,,,,,,,,,,,,,,,,,27112103,,,1,EA,,3-1/2,in,,,,,,,,,,,,,,,,,,,,,,,,,,,,,,,,,,,,
,,,,,,,Tools & Equipment,Power Tool Accessories,Driver & Drill Bits,,DSQ12B,"DSQ12B 2"" #1 Square Drive Bit",-- Unbranded --,-- No Unilog Brand --,Diablo,Freud Inc (2435),Freud Inc,Diablo,,DSQ12B,,Tools & Equipment>Power Tool Accessories>Bits & Drivers,"Freud Inc Diablo, Square Drive, DSQ12B, square Drive Type, 2 in Length",SQUARE DRIVE SQUARE 2IN 1,"Diablo DSQ12B Square Drive, square Drive Type, 2 in Length, 1 Quantity","Diablo Square Drive, square Drive Type, 2 in Length, 1 Quantity","Square Drive, square Drive Type, 2 in Length, 1 Quantity",,2 in,,,,,,,,,,,,,,,,,,,,,,,,,Square Drive,Product Name,Square Drive,,Drive Type,square,,Drive Size,,,Length,2,in,Shank Size,,,Material,,,Impact Rated,,,Quantity,1,,,,,,,,,,,,,,,,,,,,,,,,,,,,,,,,,,,,,,,,,,,,,,,,,,,,,,,,,,,,,,,,,,,,,,,,,,,,,,,,,,,,,,,,,,,,,,,,,,,,,,,,,,,,,,,,,,,,,,,,,,,,,,,,,,,27112103,,,1,EA,,2,in,,,,,,,,,,,,,,,,,,,,,,,,,,,,,,,,,,,,
,,,,,,,Tools & Equipment,Power Tool Accessories,Driver & Drill Bits,,DSQ22B,"DSQ22B 2"" #2 Square Drive Bit",-- Unbranded --,-- No Unilog Brand --,Diablo,Freud Inc (2435),Freud Inc,Diablo,,DSQ22B,,Tools & Equipment>Power Tool Accessories>Bits & Drivers,"Freud Inc Diablo, Square Drive Bit, DSQ22B, square Drive Type",SQUARE DRIVE BIT SQUARE SQ2 2IN,"Diablo DSQ22B Square Drive Bit, square Drive Type, SQ2 Drive Size, 2 in Length","Diablo Square Drive Bit, square Drive Type, SQ2 Drive Size, 2 in Length","Square Drive Bit, square Drive Type, SQ2 Drive Size, 2 in Length",,2 in,,,,,,,,,,,,,,,,,,,,,,,,,Square Drive Bit,Product Name,Square Drive Bit,,Drive Type,square,,Drive Size,SQ2,,Length,2,in,Shank Size,,,Material,,,Impact Rated,,,Quantity,,,,,,,,,,,,,,,,,,,,,,,,,,,,,,,,,,,,,,,,,,,,,,,,,,,,,,,,,,,,,,,,,,,,,,,,,,,,,,,,,,,,,,,,,,,,,,,,,,,,,,,,,,,,,,,,,,,,,,,,,,,,,,,,,,,,27112103,,,,,,2,in,,,,,,,,,,,,,,,,,,,,,,,,,,,,,,,,,,,,
,,,,,,,Tools & Equipment,Power Tool Accessories,Driver & Drill Bits,,DSQ26B,"DSQ26B 6"" #2 Square Drive Bit",-- Unbranded --,-- No Unilog Brand --,Diablo,Freud Inc (2435),Freud Inc,Diablo,,DSQ26B,,Tools & Equipment>Power Tool Accessories>Bits & Drivers,"Freud Inc Diablo, Square Drive Bit, DSQ26B, square Drive Type",SQUARE DRIVE BIT SQUARE SQ2 6IN,"Diablo DSQ26B Square Drive Bit, square Drive Type, SQ2 Drive Size, 6 in Length","Diablo Square Drive Bit, square Drive Type, SQ2 Drive Size, 6 in Length","Square Drive Bit, square Drive Type, SQ2 Drive Size, 6 in Length",,6 in,,,,,,,,,,,,,,,,,,,,,,,,,Square Drive Bit,Product Name,Square Drive Bit,,Drive Type,square,,Drive Size,SQ2,,Length,6,in,Shank Size,,,Material,,,Impact Rated,,,Quantity,,,,,,,,,,,,,,,,,,,,,,,,,,,,,,,,,,,,,,,,,,,,,,,,,,,,,,,,,,,,,,,,,,,,,,,,,,,,,,,,,,,,,,,,,,,,,,,,,,,,,,,,,,,,,,,,,,,,,,,,,,,,,,,,,,,,27112103,,,,,,6,in,,,,,,,,,,,,,,,,,,,,,,,,,,,,,,,,,,,,
,,,,,,,Tools & Equipment,Power Tool Accessories,Driver & Drill Bits,,DSQ32B,"DSQ32B 2"" #3 Square Drive Bit",-- Unbranded --,-- No Unilog Brand --,Diablo,Freud Inc (2435),Freud Inc,Diablo,,DSQ32B,,Tools & Equipment>Power Tool Accessories>Bits & Drivers,"Freud Inc Diablo, Square Drive, DSQ32B, square Drive Type, 2 in Length",SQUARE DRIVE SQUARE 2IN,"Diablo DSQ32B Square Drive, square Drive Type, 2 in Length","Diablo Square Drive, square Drive Type, 2 in Length","Square Drive, square Drive Type, 2 in Length",,2 in,,,,,,,,,,,,,,,,,,,,,,,,,Square Drive,Product Name,Square Drive,,Drive Type,square,,Drive Size,,,Length,2,in,Shank Size,,,Material,,,Impact Rated,,,Quantity,,,,,,,,,,,,,,,,,,,,,,,,,,,,,,,,,,,,,,,,,,,,,,,,,,,,,,,,,,,,,,,,,,,,,,,,,,,,,,,,,,,,,,,,,,,,,,,,,,,,,,,,,,,,,,,,,,,,,,,,,,,,,,,,,,,,27112103,,,,,,2,in,,,,,,,,,,,,,,,,,,,,,,,,,,,,,,,,,,,,
,,,,,,,Tools & Equipment,Power Tool Accessories,Driver & Drill Bits,,DT102B,"DT102B 2"" #10 Torx Drive Bit",-- Unbranded --,-- No Unilog Brand --,Diablo,Freud Inc (2435),Freud Inc,Diablo,,DT102B,,Tools & Equipment>Power Tool Accessories>Bits & Drivers,"Freud Inc Diablo, Torx, DT102B, torx Drive Type, 2 in Length",TORX TORX 2IN 1,"Diablo DT102B Torx, torx Drive Type, 2 in Length, 1 Quantity","Diablo Torx, torx Drive Type, 2 in Length, 1 Quantity","Torx, torx Drive Type, 2 in Length, 1 Quantity",,2 in,,,,,,,,,,,,,,,,,,,,,,,,,Torx,Product Name,Torx,,Drive Type,torx,,Drive Size,,,Length,2,in,Shank Size,,,Material,,,Impact Rated,,,Quantity,1,,,,,,,,,,,,,,,,,,,,,,,,,,,,,,,,,,,,,,,,,,,,,,,,,,,,,,,,,,,,,,,,,,,,,,,,,,,,,,,,,,,,,,,,,,,,,,,,,,,,,,,,,,,,,,,,,,,,,,,,,,,,,,,,,,,27112103,,,1,EA,,2,in,,,,,,,,,,,,,,,,,,,,,,,,,,,,,,,,,,,,
,,,,,,,Tools & Equipment,Power Tool Accessories,Driver & Drill Bits,,DT152B,"DT152B 2"" #15 Torx Drive Bit",-- Unbranded --,-- No Unilog Brand --,Diablo,Freud Inc (2435),Freud Inc,Diablo,,DT152B,,Tools & Equipment>Power Tool Accessories>Bits & Drivers,"Freud Inc Diablo, Torx, DT152B, 2 in Length, 1 Quantity",TORX 2IN 1,"Diablo DT152B Torx, 2 in Length, 1 Quantity","Diablo Torx, 2 in Length, 1 Quantity","Torx, 2 in Length, 1 Quantity",,2 in,,,,,,,,,,,,,,,,,,,,,,,,,Torx,Product Name,Torx,,Drive Type,,,Drive Size,,,Length,2,in,Shank Size,,,Material,,,Impact Rated,,,Quantity,1,,,,,,,,,,,,,,,,,,,,,,,,,,,,,,,,,,,,,,,,,,,,,,,,,,,,,,,,,,,,,,,,,,,,,,,,,,,,,,,,,,,,,,,,,,,,,,,,,,,,,,,,,,,,,,,,,,,,,,,,,,,,,,,,,,,27112103,,,1,EA,,2,in,,,,,,,,,,,,,,,,,,,,,,,,,,,,,,,,,,,,
,,,,,,,Tools & Equipment,Power Tool Accessories,Driver & Drill Bits,,DT1535B,"DT1535B 3-1/2"" #15 Torx Drive - Bit",-- Unbranded --,-- No Unilog Brand --,Diablo,Freud Inc (2435),Freud Inc,Diablo,,DT1535B,,Tools & Equipment>Power Tool Accessories>Bits & Drivers,"Freud Inc Diablo, Torx, DT1535B, 3-1/2 in Length, 1 Quantity",TORX 3-1/2IN 1,"Diablo DT1535B Torx, 3-1/2 in Length, 1 Quantity","Diablo Torx, 3-1/2 in Length, 1 Quantity","Torx, 3-1/2 in Length, 1 Quantity",,3-1/2 in,,,,,,,,,,,,,,,,,,,,,,,,,Torx,Product Name,Torx,,Drive Type,,,Drive Size,,,Length,3-1/2,in,Shank Size,,,Material,,,Impact Rated,,,Quantity,1,,,,,,,,,,,,,,,,,,,,,,,,,,,,,,,,,,,,,,,,,,,,,,,,,,,,,,,,,,,,,,,,,,,,,,,,,,,,,,,,,,,,,,,,,,,,,,,,,,,,,,,,,,,,,,,,,,,,,,,,,,,,,,,,,,,27112103,,,1,EA,,3-1/2,in,,,,,,,,,,,,,,,,,,,,,,,,,,,,,,,,,,,,
,,,,,,,Tools & Equipment,Power Tool Accessories,Driver & Drill Bits,,DT202B,"DT202B 2"" #20 Torx Drive Bit",-- Unbranded --,-- No Unilog Brand --,Diablo,Freud Inc (2435),Freud Inc,Diablo,,DT202B,,Tools & Equipment>Power Tool Accessories>Bits & Drivers,"Freud Inc Diablo, Torx, DT202B, torx Drive Type, 2 in Length",TORX TORX 2IN,"Diablo DT202B Torx, torx Drive Type, 2 in Length","Diablo Torx, torx Drive Type, 2 in Length","Torx, torx Drive Type, 2 in Length",,2 in,,,,,,,,,,,,,,,,,,,,,,,,,Torx,Product Name,Torx,,Drive Type,torx,,Drive Size,,,Length,2,in,Shank Size,,,Material,,,Impact Rated,,,Quantity,,,,,,,,,,,,,,,,,,,,,,,,,,,,,,,,,,,,,,,,,,,,,,,,,,,,,,,,,,,,,,,,,,,,,,,,,,,,,,,,,,,,,,,,,,,,,,,,,,,,,,,,,,,,,,,,,,,,,,,,,,,,,,,,,,,,27112103,,,,,,2,in,,,,,,,,,,,,,,,,,,,,,,,,,,,,,,,,,,,,
,,,,,,,Tools & Equipment,Power Tool Accessories,Driver & Drill Bits,,DT2035B,"DT2035B 3-1/2"" #20 Torx Drive - Bit",-- Unbranded --,-- No Unilog Brand --,Diablo,Freud Inc (2435),Freud Inc,Diablo,,DT2035B,,Tools & Equipment>Power Tool Accessories>Bits & Drivers,"Freud Inc Diablo, Torx, DT2035B, torx Drive Type, T20 Drive Size",TORX TORX T20 3-1/2IN,"Diablo DT2035B Torx, torx Drive Type, T20 Drive Size, 3-1/2 in Length","Diablo Torx, torx Drive Type, T20 Drive Size, 3-1/2 in Length","Torx, torx Drive Type, T20 Drive Size, 3-1/2 in Length",,3-1/2 in,,,,,,,,,,,,,,,,,,,,,,,,,Torx,Product Name,Torx,,Drive Type,torx,,Drive Size,T20,,Length,3-1/2,in,Shank Size,,,Material,,,Impact Rated,,,Quantity,,,,,,,,,,,,,,,,,,,,,,,,,,,,,,,,,,,,,,,,,,,,,,,,,,,,,,,,,,,,,,,,,,,,,,,,,,,,,,,,,,,,,,,,,,,,,,,,,,,,,,,,,,,,,,,,,,,,,,,,,,,,,,,,,,,,27112103,,,,,,3-1/2,in,,,,,,,,,,,,,,,,,,,,,,,,,,,,,,,,,,,,
,,,,,,,Tools & Equipment,Power Tool Accessories,Driver & Drill Bits,,DT206B,"DT206B 6"" #20 Torx Drive Bit",-- Unbranded --,-- No Unilog Brand --,Diablo,Freud Inc (2435),Freud Inc,Diablo,,DT206B,,Tools & Equipment>Power Tool Accessories>Bits & Drivers,"Freud Inc Diablo, Torx, DT206B, torx Drive Type, 6 in Length",TORX TORX 6IN,"Diablo DT206B Torx, torx Drive Type, 6 in Length","Diablo Torx, torx Drive Type, 6 in Length","Torx, torx Drive Type, 6 in Length",,6 in,,,,,,,,,,,,,,,,,,,,,,,,,Torx,Product Name,Torx,,Drive Type,torx,,Drive Size,,,Length,6,in,Shank Size,,,Material,,,Impact Rated,,,Quantity,,,,,,,,,,,,,,,,,,,,,,,,,,,,,,,,,,,,,,,,,,,,,,,,,,,,,,,,,,,,,,,,,,,,,,,,,,,,,,,,,,,,,,,,,,,,,,,,,,,,,,,,,,,,,,,,,,,,,,,,,,,,,,,,,,,,27112103,,,,,,6,in,,,,,,,,,,,,,,,,,,,,,,,,,,,,,,,,,,,,
,,,,,,,Tools & Equipment,Power Tool Accessories,Driver & Drill Bits,,DT252B,"DT252B 2"" #25 Trox Drive Bit",-- Unbranded --,-- No Unilog Brand --,Diablo,Freud Inc (2435),Freud Inc,Diablo,,DT252B,,Tools & Equipment>Power Tool Accessories>Bits & Drivers,"Freud Inc Diablo, Trox Drive Bit, DT252B, Trox Drive Type, T25 Drive Size",TROX DRIVE BIT TROX T25 2IN,"Diablo DT252B Trox Drive Bit, Trox Drive Type, T25 Drive Size, 2 in Length","Diablo Trox Drive Bit, Trox Drive Type, T25 Drive Size, 2 in Length","Trox Drive Bit, Trox Drive Type, T25 Drive Size, 2 in Length",,2 in,,,,,,,,,,,,,,,,,,,,,,,,,Trox Drive Bit,Product Name,Trox Drive Bit,,Drive Type,Trox,,Drive Size,T25,,Length,2,in,Shank Size,,,Material,,,Impact Rated,,,Quantity,,,,,,,,,,,,,,,,,,,,,,,,,,,,,,,,,,,,,,,,,,,,,,,,,,,,,,,,,,,,,,,,,,,,,,,,,,,,,,,,,,,,,,,,,,,,,,,,,,,,,,,,,,,,,,,,,,,,,,,,,,,,,,,,,,,,27112103,,,,,,2,in,,,,,,,,,,,,,,,,,,,,,,,,,,,,,,,,,,,,
,,,,,,,Tools & Equipment,Power Tool Accessories,Driver & Drill Bits,,DT2535B,"DT2535B 3-1/4"" #25 Torx Drive - Bit",-- Unbranded --,-- No Unilog Brand --,Diablo,Freud Inc (2435),Freud Inc,Diablo,,DT2535B,,Tools & Equipment>Power Tool Accessories>Bits & Drivers,"Freud Inc Diablo, Torx, DT2535B, T25 Drive Type, T25 Drive Size",TORX T25 T25 3-1/4IN 1/4IN,"Diablo DT2535B Torx, T25 Drive Type, T25 Drive Size, 3-1/4 in Length, 1/4 in Shank Size","Diablo Torx, T25 Drive Type, T25 Drive Size, 3-1/4 in Length, 1/4 in Shank Size","Torx, T25 Drive Type, T25 Drive Size, 3-1/4 in Length, 1/4 in Shank Size",,3-1/4 in,1/4 in,,,,,,,,,,,,,,,,,,,,,,,,Torx,Product Name,Torx,,Drive Type,T25,,Drive Size,T25,,Length,3-1/4,in,Shank Size,1/4,in,Material,,,Impact Rated,,,Quantity,,,,,,,,,,,,,,,,,,,,,,,,,,,,,,,,,,,,,,,,,,,,,,,,,,,,,,,,,,,,,,,,,,,,,,,,,,,,,,,,,,,,,,,,,,,,,,,,,,,,,,,,,,,,,,,,,,,,,,,,,,,,,,,,,,,,27112103,,,,,,3-1/4,in,,,,,,,,,,,,,,,,,,,,,,,,,,,,,,,,,,,,
,,,,,,,Tools & Equipment,Power Tool Accessories,Driver & Drill Bits,,DT256B,"DT256B 6"" #25 Torx Drive Bit",-- Unbranded --,-- No Unilog Brand --,Diablo,Freud Inc (2435),Freud Inc,Diablo,,DT256B,,Tools & Equipment>Power Tool Accessories>Bits & Drivers,"Freud Inc Diablo, Torx, DT256B, T25 Drive Type, T25 Drive Size",TORX T25 T25 6IN,"Diablo DT256B Torx, T25 Drive Type, T25 Drive Size, 6 in Length","Diablo Torx, T25 Drive Type, T25 Drive Size, 6 in Length","Torx, T25 Drive Type, T25 Drive Size, 6 in Length",,6 in,,,,,,,,,,,,,,,,,,,,,,,,,Torx,Product Name,Torx,,Drive Type,T25,,Drive Size,T25,,Length,6,in,Shank Size,,,Material,,,Impact Rated,,,Quantity,,,,,,,,,,,,,,,,,,,,,,,,,,,,,,,,,,,,,,,,,,,,,,,,,,,,,,,,,,,,,,,,,,,,,,,,,,,,,,,,,,,,,,,,,,,,,,,,,,,,,,,,,,,,,,,,,,,,,,,,,,,,,,,,,,,,27112103,,,,,,6,in,,,,,,,,,,,,,,,,,,,,,,,,,,,,,,,,,,,,
,,,,,,,Tools & Equipment,Power Tool Accessories,Driver & Drill Bits,,DT302B,"DT302B 2"" #30 Torx Drive Bit",-- Unbranded --,-- No Unilog Brand --,Diablo,Freud Inc (2435),Freud Inc,Diablo,,DT302B,,Tools & Equipment>Power Tool Accessories>Bits & Drivers,"Freud Inc Diablo, Torx, DT302B, 2 in Length",TORX 2IN,"Diablo DT302B Torx, 2 in Length","Diablo Torx, 2 in Length","Torx, 2 in Length",,2 in,,,,,,,,,,,,,,,,,,,,,,,,,Torx,Product Name,Torx,,Drive Type,,,Drive Size,,,Length,2,in,Shank Size,,,Material,,,Impact Rated,,,Quantity,,,,,,,,,,,,,,,,,,,,,,,,,,,,,,,,,,,,,,,,,,,,,,,,,,,,,,,,,,,,,,,,,,,,,,,,,,,,,,,,,,,,,,,,,,,,,,,,,,,,,,,,,,,,,,,,,,,,,,,,,,,,,,,,,,,,27112103,,,,,,2,in,,,,,,,,,,,,,,,,,,,,,,,,,,,,,,,,,,,,
,,,,,,,Tools & Equipment,Power Tool Accessories,Driver & Drill Bits,,DT402B,"DT402B 2"" #40 Torx Drive Bit",-- Unbranded --,-- No Unilog Brand --,Diablo,Freud Inc (2435),Freud Inc,Diablo,,DT402B,,Tools & Equipment>Power Tool Accessories>Bits & Drivers,"Freud Inc Diablo, Torx, DT402B, torx Drive Type, 2 in Length",TORX TORX 2IN,"Diablo DT402B Torx, torx Drive Type, 2 in Length","Diablo Torx, torx Drive Type, 2 in Length","Torx, torx Drive Type, 2 in Length",,2 in,,,,,,,,,,,,,,,,,,,,,,,,,Torx,Product Name,Torx,,Drive Type,torx,,Drive Size,,,Length,2,in,Shank Size,,,Material,,,Impact Rated,,,Quantity,,,,,,,,,,,,,,,,,,,,,,,,,,,,,,,,,,,,,,,,,,,,,,,,,,,,,,,,,,,,,,,,,,,,,,,,,,,,,,,,,,,,,,,,,,,,,,,,,,,,,,,,,,,,,,,,,,,,,,,,,,,,,,,,,,,,27112103,,,,,,2,in,,,,,,,,,,,,,,,,,,,,,,,,,,,,,,,,,,,,
,,,,,,,Building Materials,Lumber & Panels,"Soffit, Trim & Sheet Goods",,DDWSSB,DDWSSB #2 Drywall Screw Setter,-- Unbranded --,-- No Unilog Brand --,Diablo,Freud Inc (2435),Freud Inc,Diablo,,DDWSSB,,Building Materials>Lumber & Composites>Panels & Trim,"Freud Inc Diablo, Drywall Screw Setter, DDWSSB",DRYWALL SCREW SETTER,Diablo DDWSSB Drywall Screw Setter,Diablo Drywall Screw Setter,Drywall Screw Setter,,,,,,,,,,,,,,,,,,,,,,,,,,,Drywall Screw Setter,Product Name,Drywall Screw Setter,,Brand,DDWSSB,,Material,,,Color,,,Size,,,Quantity,,,,,,,,,,,,,,,,,,,,,,,,,,,,,,,,,,,,,,,,,,,,,,,,,,,,,,,,,,,,,,,,,,,,,,,,,,,,,,,,,,,,,,,,,,,,,,,,,,,,,,,,,,,,,,,,,,,,,,,,,,,,,,,,,,,,,,,,,,30103100,,,,,,,,,,,,,,,,,,,,,,,,,,,,,,,,,,,,,,,,,,,
,,,,,,,Tools & Equipment,Power Tool Accessories,Driver & Drill Bits,,191V02-0,191V02-0 Makita #2 Phillips Bit 5pk,-- Unbranded --,-- No Unilog Brand --,-- No DIB Brand --,Makita Usa Inc (5142),Makita Usa Inc,,,191V02-0,,Tools & Equipment>Power Tool Accessories>Bits & Drivers,"Makita Usa Inc, Phillips, 191V02-0, 5 pk Quantity",PHILLIPS 5 PK,"191V02-0 Phillips, 5 pk Quantity","Phillips, 5 pk Quantity","Phillips, 5 pk Quantity",,,,,,,,,,,,,,,,,,,,,,,,,,,Phillips,Product Name,Phillips,,Drive Type,,,Drive Size,,,Length,,,Shank Size,,,Material,,,Impact Rated,,,Quantity,5 pk,,,,,,,,,,,,,,,,,,,,,,,,,,,,,,,,,,,,,,,,,,,,,,,,,,,,,,,,,,,,,,,,,,,,,,,,,,,,,,,,,,,,,,,,,,,,,,,,,,,,,,,,,,,,,,,,,,,,,,,,,,,,,,,,,,,27112103,,,5,PK,,,,,,,,,,,,,,,,,,,,,,,,,,,,,,,,,,,,,,,
,,,,,,,Tools & Equipment,Power Tools,Cordless Tools,,XTS02Z,"XTS02Z Makita 18V 1/4"" Narrow Crown Stapler 18GA",-- Unbranded --,-- No Unilog Brand --,-- No DIB Brand --,Makita Usa Inc (5142),Makita Usa Inc,,,XTS02Z,,Tools & Equipment>Power Tools>Cordless Power Tools,"Makita Usa Inc, Narrow Crown Stapler, XTS02Z, 18 V Voltage, 1/4 in Drive Size",NARROW CROWN STAPLER 18V 18V LXT 1/4IN,"XTS02Z Narrow Crown Stapler, 18 V Voltage, 18V LXT Battery Platform, 1/4 in Drive Size","Narrow Crown Stapler, 18 V Voltage, 18V LXT Battery Platform, 1/4 in Drive Size","Narrow Crown Stapler, 18 V Voltage, 18V LXT Battery Platform, 1/4 in Drive Size",,18 V,1/4 in,,,,,,,,,,,,,,,,,,,,,,,,Narrow Crown Stapler,Tool Type,Narrow Crown Stapler,,Voltage,18,V,Battery Platform,18V LXT,,Configuration,,,Drive Size,1/4,in,No Load Speed,,,Motor Type,,,,,,,,,,,,,,,,,,,,,,,,,,,,,,,,,,,,,,,,,,,,,,,,,,,,,,,,,,,,,,,,,,,,,,,,,,,,,,,,,,,,,,,,,,,,,,,,,,,,,,,,,,,,,,,,,,,,,,,,,,,,,,,,,,,,,,,27112800,,,,,,,,,,,,,,,,,,,,,,,,,,,,,,,,,,,,,,,,,,,
,,,,,,,Tools & Equipment,Power Tools,Cordless Tools,,DCF809D1,"DCF809D1 Dewalt Atomic 20V 1/4"" Impact Driver Kit",-- Unbranded --,-- No Unilog Brand --,DEWALT,Black & Decker/dewlt (2585),Black & Decker/dewlt,DEWALT,,DCF809D1,,Tools & Equipment>Power Tools>Cordless Power Tools,"Black & Decker/dewlt DEWALT, Impact Driver, DCF809D1, 20 V Voltage",IMPACT DRIVER 20V 20V MAX KIT 1/4IN,"DEWALT DCF809D1 Impact Driver, 20 V Voltage, 20V MAX Battery Platform, kit Configuration, 1/4 in Drive Size","DEWALT Impact Driver, 20 V Voltage, 20V MAX Battery Platform, kit Configuration, 1/4 in Drive Size","Impact Driver, 20 V Voltage, 20V MAX Battery Platform, kit Configuration, 1/4 in Drive Size",,20 V,1/4 in,,,,,,,,,,,,,,,,,,,,,,,,Impact Driver,Tool Type,impact driver,,Voltage,20,V,Battery Platform,20V MAX,,Configuration,kit,,Drive Size,1/4,in,No Load Speed,,,Motor Type,,,,,,,,,,,,,,,,,,,,,,,,,,,,,,,,,,,,,,,,,,,,,,,,,,,,,,,,,,,,,,,,,,,,,,,,,,,,,,,,,,,,,,,,,,,,,,,,,,,,,,,,,,,,,,,,,,,,,,,,,,,,,,,,,,,,,,,27112800,,,,,,,,,,,,,,,,,,,,,,,,,,,,,,,,,,,,,,,,,,,
,,,,,,,,,,,2761-20,"2761-20 Milw M18 1/4"" Hex Hydraulic Driver",-- Unbranded --,-- No Unilog Brand --,-- No DIB Brand --,Milwaukee Accessory (4031),Milwaukee Accessory,Milw,,2761-20,,,"Milwaukee Accessory Milw, Hydraulic Driver, 2761-20, 1/4"" Hex","HYDRAULIC DRIVER 1/4"" HEX","Milw 2761-20 Hydraulic Driver, 1/4"" Hex","Milw Hydraulic Driver, 1/4"" Hex","Hydraulic Driver, 1/4"" Hex",,,,,,,,,,,,,,,,,,,,,,,,,,,Hydraulic Driver,Product Name,Hydraulic Driver,,Brand,Milw,,Material,,,Color,,,Size,"1/4"" Hex",,Quantity,,,,,,,,,,,,,,,,,,,,,,,,,,,,,,,,,,,,,,,,,,,,,,,,,,,,,,,,,,,,,,,,,,,,,,,,,,,,,,,,,,,,,,,,,,,,,,,,,,,,,,,,,,,,,,,,,,,,,,,,,,,,,,,,,,,,,,,,,,,,,,,,,,,,,,,,,,,,,,,,,,,,,,,,,,,,,,,,,,,,,
,,,,,,,,,,,2761-22,2761-22 Milw M18 Surge Kit,-- Unbranded --,-- No Unilog Brand --,-- No DIB Brand --,Milwaukee Accessory (4031),Milwaukee Accessory,Milw,,2761-22,,,"Milwaukee Accessory Milw, Surge Kit, 2761-22",SURGE KIT,Milw 2761-22 Surge Kit,Milw Surge Kit,Surge Kit,,,,,,,,,,,,,,,,,,,,,,,,,,,Surge Kit,Product Name,Surge Kit,,Brand,Milw,,Material,,,Color,,,Size,,,Quantity,,,,,,,,,,,,,,,,,,,,,,,,,,,,,,,,,,,,,,,,,,,,,,,,,,,,,,,,,,,,,,,,,,,,,,,,,,,,,,,,,,,,,,,,,,,,,,,,,,,,,,,,,,,,,,,,,,,,,,,,,,,,,,,,,,,,,,,,,,,,,,,,,,,,,,,,,,,,,,,,,,,,,,,,,,,,,,,,,,,,,
,,,,,,,Tools & Equipment,Power Tools,Cordless Tools,,3450-20,3450-20 Milw M12 Impact Driver - Brushless Compact (Bare),-- Unbranded --,-- No Unilog Brand --,-- No DIB Brand --,Milwaukee Accessory (4031),Milwaukee Accessory,,,3450-20,,Tools & Equipment>Power Tools>Cordless Power Tools,"Milwaukee Accessory, Impact Driver, 3450-20, 12 V Voltage, M12 Battery Platform",IMPACT DRIVER 12V M12,"3450-20 Impact Driver, 12 V Voltage, M12 Battery Platform, bare tool Configuration","Impact Driver, 12 V Voltage, M12 Battery Platform, bare tool Configuration","Impact Driver, 12 V Voltage, M12 Battery Platform, bare tool Configuration",,12 V,,,,,,,,,,,,,,,,,,,,,,,,,Impact Driver,Tool Type,impact driver,,Voltage,12,V,Battery Platform,M12,,Configuration,bare tool,,Drive Size,,,No Load Speed,,,Motor Type,,,,,,,,,,,,,,,,,,,,,,,,,,,,,,,,,,,,,,,,,,,,,,,,,,,,,,,,,,,,,,,,,,,,,,,,,,,,,,,,,,,,,,,,,,,,,,,,,,,,,,,,,,,,,,,,,,,,,,,,,,,,,,,,,,,,,,,27112800,,,,,,,,,,,,,,,,,,,,,,,,,,,,,,,,,,,,,,,,,,,
,,,,,,,Tools & Equipment,Power Tools,Cordless Tools,,KPTDV025A,KPTDV025A Kreg 20V Ionic Compact Impact Driver,-- Unbranded --,-- No Unilog Brand --,-- No DIB Brand --,Kreg Tool Company (KRETO),Kreg Tool Company,,,KPTDV025A,,Tools & Equipment>Power Tools>Cordless Power Tools,"Kreg Tool Company, Impact Driver, KPTDV025A, 20 V Voltage",IMPACT DRIVER 20V 20V MAX,"KPTDV025A Impact Driver, 20 V Voltage, 20V MAX Battery Platform","Impact Driver, 20 V Voltage, 20V MAX Battery Platform","Impact Driver, 20 V Voltage, 20V MAX Battery Platform",,20 V,,,,,,,,,,,,,,,,,,,,,,,,,Impact Driver,Tool Type,impact driver,,Voltage,20,V,Battery Platform,20V MAX,,Configuration,,,Drive Size,,,No Load Speed,,,Motor Type,,,,,,,,,,,,,,,,,,,,,,,,,,,,,,,,,,,,,,,,,,,,,,,,,,,,,,,,,,,,,,,,,,,,,,,,,,,,,,,,,,,,,,,,,,,,,,,,,,,,,,,,,,,,,,,,,,,,,,,,,,,,,,,,,,,,,,,27112800,,,,,,,,,,,,,,,,,,,,,,,,,,,,,,,,,,,,,,,,,,,
,,,,,,,Tools & Equipment,Power Tools,Cordless Tools,,3048-20,"3048-20 Milw M12 1/4"" Impact Wrench w/Friction Ring",-- Unbranded --,-- No Unilog Brand --,-- No DIB Brand --,Milwaukee Accessory (4031),Milwaukee Accessory,,,3048-20,,Tools & Equipment>Power Tools>Cordless Power Tools,"Milwaukee Accessory, Impact Wrench, 3048-20, 12 V Voltage, M12 Battery Platform",IMPACT WRENCH 12V M12 1/4IN,"3048-20 Impact Wrench, 12 V Voltage, M12 Battery Platform, 1/4 in Drive Size","Impact Wrench, 12 V Voltage, M12 Battery Platform, 1/4 in Drive Size","Impact Wrench, 12 V Voltage, M12 Battery Platform, 1/4 in Drive Size",,12 V,1/4 in,,,,,,,,,,,,,,,,,,,,,,,,Impact Wrench,Tool Type,impact wrench,,Voltage,12,V,Battery Platform,M12,,Configuration,,,Drive Size,1/4,in,No Load Speed,,,Motor Type,,,,,,,,,,,,,,,,,,,,,,,,,,,,,,,,,,,,,,,,,,,,,,,,,,,,,,,,,,,,,,,,,,,,,,,,,,,,,,,,,,,,,,,,,,,,,,,,,,,,,,,,,,,,,,,,,,,,,,,,,,,,,,,,,,,,,,,27112800,,,,,,,,,,,,,,,,,,,,,,,,,,,,,,,,,,,,,,,,,,,
,,,,,,,Tools & Equipment,Power Tools,Cordless Tools,,3049-20,"3049-20 Milw M12 3/8"" Impact Wrench w/Friction Ring",-- Unbranded --,-- No Unilog Brand --,-- No DIB Brand --,Milwaukee Accessory (4031),Milwaukee Accessory,,,3049-20,,Tools & Equipment>Power Tools>Cordless Power Tools,"Milwaukee Accessory, Impact Wrench, 3049-20, 12 V Voltage, M12 Battery Platform",IMPACT WRENCH 12V M12 3/8IN,"3049-20 Impact Wrench, 12 V Voltage, M12 Battery Platform, 3/8 in Drive Size","Impact Wrench, 12 V Voltage, M12 Battery Platform, 3/8 in Drive Size","Impact Wrench, 12 V Voltage, M12 Battery Platform, 3/8 in Drive Size",,12 V,3/8 in,,,,,,,,,,,,,,,,,,,,,,,,Impact Wrench,Tool Type,impact wrench,,Voltage,12,V,Battery Platform,M12,,Configuration,,,Drive Size,3/8,in,No Load Speed,,,Motor Type,,,,,,,,,,,,,,,,,,,,,,,,,,,,,,,,,,,,,,,,,,,,,,,,,,,,,,,,,,,,,,,,,,,,,,,,,,,,,,,,,,,,,,,,,,,,,,,,,,,,,,,,,,,,,,,,,,,,,,,,,,,,,,,,,,,,,,,27112800,,,,,,,,,,,,,,,,,,,,,,,,,,,,,,,,,,,,,,,,,,,
,,,,,,,Tools & Equipment,Power Tools,Cordless Tools,,2563-20,"2563-20 Milw M12 Stubby 1/2"" Impact Wrench",-- Unbranded --,-- No Unilog Brand --,-- No DIB Brand --,Milwaukee Accessory (4031),Milwaukee Accessory,,,2563-20,,Tools & Equipment>Power Tools>Cordless Power Tools,"Milwaukee Accessory, Impact Wrench, 2563-20, 12 V Voltage, M12 Battery Platform",IMPACT WRENCH 12V M12 1/2IN,"2563-20 Impact Wrench, 12 V Voltage, M12 Battery Platform, 1/2 in Drive Size","Impact Wrench, 12 V Voltage, M12 Battery Platform, 1/2 in Drive Size","Impact Wrench, 12 V Voltage, M12 Battery Platform, 1/2 in Drive Size",,12 V,1/2 in,,,,,,,,,,,,,,,,,,,,,,,,Impact Wrench,Tool Type,impact wrench,,Voltage,12,V,Battery Platform,M12,,Configuration,,,Drive Size,1/2,in,No Load Speed,,,Motor Type,,,,,,,,,,,,,,,,,,,,,,,,,,,,,,,,,,,,,,,,,,,,,,,,,,,,,,,,,,,,,,,,,,,,,,,,,,,,,,,,,,,,,,,,,,,,,,,,,,,,,,,,,,,,,,,,,,,,,,,,,,,,,,,,,,,,,,,27112800,,,,,,,,,,,,,,,,,,,,,,,,,,,,,,,,,,,,,,,,,,,
,,,,,,,Tools & Equipment,Power Tools,Cordless Tools,,DCF961B,"Dewalt DCF961B 20V 1/2"" Impact - Bare Tool",-- Unbranded --,-- No Unilog Brand --,DEWALT,Black & Decker/dewlt (2585),Black & Decker/dewlt,DEWALT,,DCF961B,,Tools & Equipment>Power Tools>Cordless Power Tools,"Black & Decker/dewlt DEWALT, Impact, DCF961B, 20 V Voltage, 1/2 in Drive Size",IMPACT 20V 20V MAX 1/2IN,"DEWALT DCF961B Impact, 20 V Voltage, 20V MAX Battery Platform, 1/2 in Drive Size","DEWALT Impact, 20 V Voltage, 20V MAX Battery Platform, 1/2 in Drive Size","Impact, 20 V Voltage, 20V MAX Battery Platform, 1/2 in Drive Size",,20 V,1/2 in,,,,,,,,,,,,,,,,,,,,,,,,Impact,Tool Type,Impact,,Voltage,20,V,Battery Platform,20V MAX,,Configuration,,,Drive Size,1/2,in,No Load Speed,,,Motor Type,,,,,,,,,,,,,,,,,,,,,,,,,,,,,,,,,,,,,,,,,,,,,,,,,,,,,,,,,,,,,,,,,,,,,,,,,,,,,,,,,,,,,,,,,,,,,,,,,,,,,,,,,,,,,,,,,,,,,,,,,,,,,,,,,,,,,,,27112800,,,,,,,,,,,,,,,,,,,,,,,,,,,,,,,,,,,,,,,,,,,
,,,,,,,Tools & Equipment,Power Tools,Cordless Tools,,DCF964B,"DCF964B Dewalt 20V 3/4"" Impact - Wrench (Bare)",-- Unbranded --,-- No Unilog Brand --,DEWALT,Black & Decker/dewlt (2585),Black & Decker/dewlt,DEWALT,,DCF964B,,Tools & Equipment>Power Tools>Cordless Power Tools,"Black & Decker/dewlt DEWALT, Wrench, DCF964B, 20 V Voltage, 3/4 in Drive Size",WRENCH 20V 20V MAX 3/4IN,"DEWALT DCF964B Wrench, 20 V Voltage, 20V MAX Battery Platform, bare tool Configuration, 3/4 in Drive Size","DEWALT Wrench, 20 V Voltage, 20V MAX Battery Platform, bare tool Configuration, 3/4 in Drive Size","Wrench, 20 V Voltage, 20V MAX Battery Platform, bare tool Configuration, 3/4 in Drive Size",,20 V,3/4 in,,,,,,,,,,,,,,,,,,,,,,,,Wrench,Tool Type,Wrench,,Voltage,20,V,Battery Platform,20V MAX,,Configuration,bare tool,,Drive Size,3/4,in,No Load Speed,,,Motor Type,,,,,,,,,,,,,,,,,,,,,,,,,,,,,,,,,,,,,,,,,,,,,,,,,,,,,,,,,,,,,,,,,,,,,,,,,,,,,,,,,,,,,,,,,,,,,,,,,,,,,,,,,,,,,,,,,,,,,,,,,,,,,,,,,,,,,,,27112800,,,,,,,,,,,,,,,,,,,,,,,,,,,,,,,,,,,,,,,,,,,
,,,,,,,Tools & Equipment,Power Tools,Cordless Tools,,2563P-20,"2563P-20 Milw M12 1/2"" Stubby - Impact Wrench w/Pin Detent",-- Unbranded --,-- No Unilog Brand --,-- No DIB Brand --,Milwaukee Accessory (4031),Milwaukee Accessory,,,2563P-20,,Tools & Equipment>Power Tools>Cordless Power Tools,"Milwaukee Accessory, Impact Wrench, 2563P-20, 20 V Voltage, M12 Battery Platform",IMPACT WRENCH 20V M12 1/2IN,"2563P-20 Impact Wrench, 20 V Voltage, M12 Battery Platform, 1/2 in Drive Size","Impact Wrench, 20 V Voltage, M12 Battery Platform, 1/2 in Drive Size","Impact Wrench, 20 V Voltage, M12 Battery Platform, 1/2 in Drive Size",,20 V,1/2 in,,,,,,,,,,,,,,,,,,,,,,,,Impact Wrench,Tool Type,impact wrench,,Voltage,20,V,Battery Platform,M12,,Configuration,,,Drive Size,1/2,in,No Load Speed,,,Motor Type,,,,,,,,,,,,,,,,,,,,,,,,,,,,,,,,,,,,,,,,,,,,,,,,,,,,,,,,,,,,,,,,,,,,,,,,,,,,,,,,,,,,,,,,,,,,,,,,,,,,,,,,,,,,,,,,,,,,,,,,,,,,,,,,,,,,,,,27112800,,,,,,,,,,,,,,,,,,,,,,,,,,,,,,,,,,,,,,,,,,,
,,,,,,,Tools & Equipment,Power Tools,Cordless Tools,,DCF921P2,DCF921P2 Dewalt 20V 1/2 Impact,-- Unbranded --,-- No Unilog Brand --,-- No DIB Brand --,Black & Decker/dewlt (2585),Black & Decker/dewlt,,,DCF921P2,,Tools & Equipment>Power Tools>Cordless Power Tools,"Black & Decker/dewlt, Impact, DCF921P2, 20 V Voltage, 20V MAX Battery Platform",IMPACT 20V 20V MAX 1/2IN,"DCF921P2 Impact, 20 V Voltage, 20V MAX Battery Platform, 1/2 in Drive Size","Impact, 20 V Voltage, 20V MAX Battery Platform, 1/2 in Drive Size","Impact, 20 V Voltage, 20V MAX Battery Platform, 1/2 in Drive Size",,20 V,1/2 in,,,,,,,,,,,,,,,,,,,,,,,,Impact,Tool Type,Impact,,Voltage,20,V,Battery Platform,20V MAX,,Configuration,,,Drive Size,1/2,in,No Load Speed,,,Motor Type,,,,,,,,,,,,,,,,,,,,,,,,,,,,,,,,,,,,,,,,,,,,,,,,,,,,,,,,,,,,,,,,,,,,,,,,,,,,,,,,,,,,,,,,,,,,,,,,,,,,,,,,,,,,,,,,,,,,,,,,,,,,,,,,,,,,,,,27112800,,,,,,,,,,,,,,,,,,,,,,,,,,,,,,,,,,,,,,,,,,,
,,,,,,,Tools & Equipment,Power Tools,Cordless Tools,,XLT03Z,"XLT03Z Makita 3/8"" 18V Angle Impact",-- Unbranded --,-- No Unilog Brand --,-- No DIB Brand --,Makita Usa Inc (5142),Makita Usa Inc,,,XLT03Z,,Tools & Equipment>Power Tools>Cordless Power Tools,"Makita Usa Inc, Angle Impact, XLT03Z, 18 V Voltage, 18V LXT Battery Platform",ANGLE IMPACT 18V 18V LXT 3/8IN,"XLT03Z Angle Impact, 18 V Voltage, 18V LXT Battery Platform, 3/8 in Drive Size","Angle Impact, 18 V Voltage, 18V LXT Battery Platform, 3/8 in Drive Size","Angle Impact, 18 V Voltage, 18V LXT Battery Platform, 3/8 in Drive Size",,18 V,3/8 in,,,,,,,,,,,,,,,,,,,,,,,,Angle Impact,Tool Type,Angle Impact,,Voltage,18,V,Battery Platform,18V LXT,,Configuration,,,Drive Size,3/8,in,No Load Speed,,,Motor Type,,,,,,,,,,,,,,,,,,,,,,,,,,,,,,,,,,,,,,,,,,,,,,,,,,,,,,,,,,,,,,,,,,,,,,,,,,,,,,,,,,,,,,,,,,,,,,,,,,,,,,,,,,,,,,,,,,,,,,,,,,,,,,,,,,,,,,,27112800,,,,,,,,,,,,,,,,,,,,,,,,,,,,,,,,,,,,,,,,,,,
,,,,,,,Tools & Equipment,Power Tools,Cordless Tools,,XLT04Z,"XLT04Z Makita 1/4"" 18V Angle Impact",-- Unbranded --,-- No Unilog Brand --,-- No DIB Brand --,Makita Usa Inc (5142),Makita Usa Inc,,,XLT04Z,,Tools & Equipment>Power Tools>Cordless Power Tools,"Makita Usa Inc, Angle Impact, XLT04Z, 18 V Voltage, 18V LXT Battery Platform",ANGLE IMPACT 18V 18V LXT 1/4IN,"XLT04Z Angle Impact, 18 V Voltage, 18V LXT Battery Platform, 1/4 in Drive Size","Angle Impact, 18 V Voltage, 18V LXT Battery Platform, 1/4 in Drive Size","Angle Impact, 18 V Voltage, 18V LXT Battery Platform, 1/4 in Drive Size",,18 V,1/4 in,,,,,,,,,,,,,,,,,,,,,,,,Angle Impact,Tool Type,Angle Impact,,Voltage,18,V,Battery Platform,18V LXT,,Configuration,,,Drive Size,1/4,in,No Load Speed,,,Motor Type,,,,,,,,,,,,,,,,,,,,,,,,,,,,,,,,,,,,,,,,,,,,,,,,,,,,,,,,,,,,,,,,,,,,,,,,,,,,,,,,,,,,,,,,,,,,,,,,,,,,,,,,,,,,,,,,,,,,,,,,,,,,,,,,,,,,,,,27112800,,,,,,,,,,,,,,,,,,,,,,,,,,,,,,,,,,,,,,,,,,,
,,,,,,,Tools & Equipment,Power Tools,Cordless Tools,,XLT05Z,"XLT05Z Makita 1/2"" 18V Angle Impact",-- Unbranded --,-- No Unilog Brand --,-- No DIB Brand --,Makita Usa Inc (5142),Makita Usa Inc,,,XLT05Z,,Tools & Equipment>Power Tools>Cordless Power Tools,"Makita Usa Inc, Angle Impact, XLT05Z, 18 V Voltage, 18V LXT Battery Platform",ANGLE IMPACT 18V 18V LXT 1/2IN,"XLT05Z Angle Impact, 18 V Voltage, 18V LXT Battery Platform, 1/2 in Drive Size","Angle Impact, 18 V Voltage, 18V LXT Battery Platform, 1/2 in Drive Size","Angle Impact, 18 V Voltage, 18V LXT Battery Platform, 1/2 in Drive Size",,18 V,1/2 in,,,,,,,,,,,,,,,,,,,,,,,,Angle Impact,Tool Type,Angle Impact,,Voltage,18,V,Battery Platform,18V LXT,,Configuration,,,Drive Size,1/2,in,No Load Speed,,,Motor Type,,,,,,,,,,,,,,,,,,,,,,,,,,,,,,,,,,,,,,,,,,,,,,,,,,,,,,,,,,,,,,,,,,,,,,,,,,,,,,,,,,,,,,,,,,,,,,,,,,,,,,,,,,,,,,,,,,,,,,,,,,,,,,,,,,,,,,,27112800,,,,,,,,,,,,,,,,,,,,,,,,,,,,,,,,,,,,,,,,,,,
,,,,,,,Tools & Equipment,Power Tools,Cordless Tools,,DCF510B,Dewalt DCF510B 20V Rachet - Interchangeable Anvil,-- Unbranded --,-- No Unilog Brand --,DEWALT,Black & Decker/dewlt (2585),Black & Decker/dewlt,DEWALT,,DCF510B,,Tools & Equipment>Power Tools>Cordless Power Tools,"Black & Decker/dewlt DEWALT, Rachet, DCF510B, 20 V Voltage",RACHET 20V 20V MAX,"DEWALT DCF510B Rachet, 20 V Voltage, 20V MAX Battery Platform, Interchangeable Anvil Configuration","DEWALT Rachet, 20 V Voltage, 20V MAX Battery Platform, Interchangeable Anvil Configuration","Rachet, 20 V Voltage, 20V MAX Battery Platform, Interchangeable Anvil Configuration",,20 V,,,,,,,,,,,,,,,,,,,,,,,,,Rachet,Tool Type,Rachet,,Voltage,20,V,Battery Platform,20V MAX,,Configuration,Interchangeable Anvil,,Drive Size,,,No Load Speed,,,Motor Type,,,,,,,,,,,,,,,,,,,,,,,,,,,,,,,,,,,,,,,,,,,,,,,,,,,,,,,,,,,,,,,,,,,,,,,,,,,,,,,,,,,,,,,,,,,,,,,,,,,,,,,,,,,,,,,,,,,,,,,,,,,,,,,,,,,,,,,27112800,,,,,,,,,,,,,,,,,,,,,,,,,,,,,,,,,,,,,,,,,,,
,,,,,,,,,,,3052-20,"3052-20 Milw M12 Fuel 1/4"" Rachet",-- Unbranded --,-- No Unilog Brand --,-- No DIB Brand --,Milwaukee Accessory (4031),Milwaukee Accessory,Milw,,3052-20,,,"Milwaukee Accessory Milw, Rachet, 3052-20, Fuel, 1/4 in",RACHET FUEL 1/4IN,"Milw 3052-20 Rachet, Fuel, 1/4 in","Milw Rachet, Fuel, 1/4 in","Rachet, Fuel, 1/4 in",,,,,,,,,,,,,,,,,,,,,,,,,,,Rachet,Product Name,Rachet,,Brand,Milw,,Material,Fuel,,Color,,,Size,1/4,in,Quantity,,,,,,,,,,,,,,,,,,,,,,,,,,,,,,,,,,,,,,,,,,,,,,,,,,,,,,,,,,,,,,,,,,,,,,,,,,,,,,,,,,,,,,,,,,,,,,,,,,,,,,,,,,,,,,,,,,,,,,,,,,,,,,,,,,,,,,,,,,,,,,,,,,,,,,,,,,,,,,,,,,,,,,,,,,,,,,,,,,,,,
,,,,,,,Tools & Equipment,Power Tools,Cordless Tools,,3054-20,"3054-20 Milw M12 1/2"" Ratchet (Bare)",-- Unbranded --,-- No Unilog Brand --,-- No DIB Brand --,Milwaukee Accessory (4031),Milwaukee Accessory,,,3054-20,,Tools & Equipment>Power Tools>Cordless Power Tools,"Milwaukee Accessory, Ratchet, 3054-20, 12 V Voltage, M12 Battery Platform",RATCHET 12V M12 1/2IN,"3054-20 Ratchet, 12 V Voltage, M12 Battery Platform, 1/2 in Drive Size","Ratchet, 12 V Voltage, M12 Battery Platform, 1/2 in Drive Size","Ratchet, 12 V Voltage, M12 Battery Platform, 1/2 in Drive Size",,12 V,1/2 in,,,,,,,,,,,,,,,,,,,,,,,,Ratchet,Tool Type,ratchet,,Voltage,12,V,Battery Platform,M12,,Configuration,,,Drive Size,1/2,in,No Load Speed,,,Motor Type,,,,,,,,,,,,,,,,,,,,,,,,,,,,,,,,,,,,,,,,,,,,,,,,,,,,,,,,,,,,,,,,,,,,,,,,,,,,,,,,,,,,,,,,,,,,,,,,,,,,,,,,,,,,,,,,,,,,,,,,,,,,,,,,,,,,,,,27112800,,,,,,,,,,,,,,,,,,,,,,,,,,,,,,,,,,,,,,,,,,,
,,,,,,,,,,,DCF513EB,"DCF513EB Dewalt 3/8"" Open Head Rachet",-- Unbranded --,-- No Unilog Brand --,-- No DIB Brand --,Black & Decker/dewlt (2585),Black & Decker/dewlt,Dewalt,,DCF513EB,,,"Black & Decker/dewlt Dewalt, Rachet, DCF513EB, 3/8 in",RACHET 3/8IN,"Dewalt DCF513EB Rachet, 3/8 in","Dewalt Rachet, 3/8 in","Rachet, 3/8 in",,,,,,,,,,,,,,,,,,,,,,,,,,,Rachet,Product Name,Rachet,,Brand,Dewalt,,Material,,,Color,,,Size,3/8,in,Quantity,,,,,,,,,,,,,,,,,,,,,,,,,,,,,,,,,,,,,,,,,,,,,,,,,,,,,,,,,,,,,,,,,,,,,,,,,,,,,,,,,,,,,,,,,,,,,,,,,,,,,,,,,,,,,,,,,,,,,,,,,,,,,,,,,,,,,,,,,,,,,,,,,,,,,,,,,,,,,,,,,,,,,,,,,,,,,,,,,,,,,
,,,,,,,Tools & Equipment,Power Tools,Cordless Tools,,XVP01Z,"XVP01Z Makita 18V 3"" Polisher/ 2"" Sander",-- Unbranded --,-- No Unilog Brand --,-- No DIB Brand --,Makita Usa Inc (5142),Makita Usa Inc,,,XVP01Z,,Tools & Equipment>Power Tools>Cordless Power Tools,"Makita Usa Inc, Cordless Tool, XVP01Z, 18 V Voltage, 18V LXT Battery Platform",CORDLESS TOOL 18V 18V LXT,"XVP01Z Cordless Tool, 18 V Voltage, 18V LXT Battery Platform","Cordless Tool, 18 V Voltage, 18V LXT Battery Platform","Cordless Tool, 18 V Voltage, 18V LXT Battery Platform",,18 V,,,,,,,,,,,,,,,,,,,,,,,,,,Tool Type,,,Voltage,18,V,Battery Platform,18V LXT,,Configuration,,,Drive Size,,,No Load Speed,,,Motor Type,,,,,,,,,,,,,,,,,,,,,,,,,,,,,,,,,,,,,,,,,,,,,,,,,,,,,,,,,,,,,,,,,,,,,,,,,,,,,,,,,,,,,,,,,,,,,,,,,,,,,,,,,,,,,,,,,,,,,,,,,,,,,,,,,,,,,,,27112800,,,,,,,,,,,,,,,,,,,,,,,,,,,,,,,,,,,,,,,,,,,
,,,,,,,,,,,DCM200B,DCM200B Dewalt 1/2in x 18in - Band File,-- Unbranded --,-- No Unilog Brand --,DEWALT,Black & Decker/dewlt (2585),Black & Decker/dewlt,DEWALT,,DCM200B,,,"Black & Decker/dewlt DEWALT, Band File, DCM200B, 1/2in x 18in",BAND FILE,"DEWALT DCM200B Band File, 1/2in x 18in","DEWALT Band File, 1/2in x 18in","Band File, 1/2in x 18in",,,,,,,,,,,,,,,,,,,,,,,,,,,Band File,Product Name,Band File,,Brand,Dewalt,,Material,,,Color,,,Size,1/2in x 18in,,Quantity,,,,,,,,,,,,,,,,,,,,,,,,,,,,,,,,,,,,,,,,,,,,,,,,,,,,,,,,,,,,,,,,,,,,,,,,,,,,,,,,,,,,,,,,,,,,,,,,,,,,,,,,,,,,,,,,,,,,,,,,,,,,,,,,,,,,,,,,,,,,,,,,,,,,,,,,,,,,,,,,,,,,,,,,,,,,,,,,,,,,,
,,,,,,,Tools & Equipment,Power Tools,Cordless Tools,,DCG410B,"DCG410B Dewalt 20V 4-1/2""-5"" - Angle Grinder (Bare)",-- Unbranded --,-- No Unilog Brand --,DEWALT,Black & Decker/dewlt (2585),Black & Decker/dewlt,DEWALT,,DCG410B,,Tools & Equipment>Power Tools>Cordless Power Tools,"Black & Decker/dewlt DEWALT, Angle Grinder, DCG410B, 20 V Voltage",ANGLE GRINDER 20V 20V MAX 5IN,"DEWALT DCG410B Angle Grinder, 20 V Voltage, 20V MAX Battery Platform, bare tool Configuration, 5 in Drive Size","DEWALT Angle Grinder, 20 V Voltage, 20V MAX Battery Platform, bare tool Configuration, 5 in Drive Size","Angle Grinder, 20 V Voltage, 20V MAX Battery Platform, bare tool Configuration, 5 in Drive Size",,20 V,5 in,,,,,,,,,,,,,,,,,,,,,,,,Angle Grinder,Tool Type,angle grinder,,Voltage,20,V,Battery Platform,20V MAX,,Configuration,bare tool,,Drive Size,5,in,No Load Speed,,,Motor Type,,,,,,,,,,,,,,,,,,,,,,,,,,,,,,,,,,,,,,,,,,,,,,,,,,,,,,,,,,,,,,,,,,,,,,,,,,,,,,,,,,,,,,,,,,,,,,,,,,,,,,,,,,,,,,,,,,,,,,,,,,,,,,,,,,,,,,,27112800,,,,,,,,,,,,,,,,,,,,,,,,,,,,,,,,,,,,,,,,,,,
,,,,,,,Tools & Equipment,Power Tools,Cordless Tools,,DCG460B,"DCG460B Dewalt 60V Grinder - 7-9""",-- Unbranded --,-- No Unilog Brand --,DEWALT,Black & Decker/dewlt (2585),Black & Decker/dewlt,DEWALT,,DCG460B,,Tools & Equipment>Power Tools>Cordless Power Tools,"Black & Decker/dewlt DEWALT, Grinder, DCG460B, 60 V Voltage, 7 -9"" Drive Size","GRINDER 60V 60V 7 -9""","DEWALT DCG460B Grinder, 60 V Voltage, 60 V Battery Platform, 7 -9"" Drive Size","DEWALT Grinder, 60 V Voltage, 60 V Battery Platform, 7 -9"" Drive Size","Grinder, 60 V Voltage, 60 V Battery Platform, 7 -9"" Drive Size",,60 V,60 V,,,,,,,,,,,,,,,,,,,,,,,,Grinder,Tool Type,Grinder,,Voltage,60,V,Battery Platform,60,V,Configuration,,,Drive Size,"7 -9""",,No Load Speed,,,Motor Type,,,,,,,,,,,,,,,,,,,,,,,,,,,,,,,,,,,,,,,,,,,,,,,,,,,,,,,,,,,,,,,,,,,,,,,,,,,,,,,,,,,,,,,,,,,,,,,,,,,,,,,,,,,,,,,,,,,,,,,,,,,,,,,,,,,,,,,27112800,,,,,,,,,,,,,,,,,,,,,,,,,,,,,,,,,,,,,,,,,,,
,,,,,,,Tools & Equipment,Power Tools,Cordless Tools,,DCG402B,"DCG402B Dewalt 20V 4.5"" Angle Grinder (Bare)",-- Unbranded --,-- No Unilog Brand --,-- No DIB Brand --,Black & Decker/dewlt (2585),Black & Decker/dewlt,,,DCG402B,,Tools & Equipment>Power Tools>Cordless Power Tools,"Black & Decker/dewlt, Angle Grinder, DCG402B, 20 V Voltage, 4-1/2 in Drive Size",ANGLE GRINDER 20V 20V MAX 4-1/2IN,"DCG402B Angle Grinder, 20 V Voltage, 20V MAX Battery Platform, bare tool Configuration, 4-1/2 in Drive Size","Angle Grinder, 20 V Voltage, 20V MAX Battery Platform, bare tool Configuration, 4-1/2 in Drive Size","Angle Grinder, 20 V Voltage, 20V MAX Battery Platform, bare tool Configuration, 4-1/2 in Drive Size",,20 V,4-1/2 in,,,,,,,,,,,,,,,,,,,,,,,,Angle Grinder,Tool Type,angle grinder,,Voltage,20,V,Battery Platform,20V MAX,,Configuration,bare tool,,Drive Size,4-1/2,in,No Load Speed,,,Motor Type,,,,,,,,,,,,,,,,,,,,,,,,,,,,,,,,,,,,,,,,,,,,,,,,,,,,,,,,,,,,,,,,,,,,,,,,,,,,,,,,,,,,,,,,,,,,,,,,,,,,,,,,,,,,,,,,,,,,,,,,,,,,,,,,,,,,,,,27112800,,,,,,,,,,,,,,,,,,,,,,,,,,,,,,,,,,,,,,,,,,,
,,,,,,,Tools & Equipment,Power Tools,Cordless Tools,,3485-20,"3485-20 Milw M12 1/4"" Right Angle Die Grinder",-- Unbranded --,-- No Unilog Brand --,-- No DIB Brand --,Milwaukee Accessory (4031),Milwaukee Accessory,,,3485-20,,Tools & Equipment>Power Tools>Cordless Power Tools,"Milwaukee Accessory, Die Grinder, 3485-20, 12 V Voltage, M12 Battery Platform",DIE GRINDER 12V M12 1/4IN,"3485-20 Die Grinder, 12 V Voltage, M12 Battery Platform, 1/4 in Drive Size","Die Grinder, 12 V Voltage, M12 Battery Platform, 1/4 in Drive Size","Die Grinder, 12 V Voltage, M12 Battery Platform, 1/4 in Drive Size",,12 V,1/4 in,,,,,,,,,,,,,,,,,,,,,,,,Die Grinder,Tool Type,Die Grinder,,Voltage,12,V,Battery Platform,M12,,Configuration,,,Drive Size,1/4,in,No Load Speed,,,Motor Type,,,,,,,,,,,,,,,,,,,,,,,,,,,,,,,,,,,,,,,,,,,,,,,,,,,,,,,,,,,,,,,,,,,,,,,,,,,,,,,,,,,,,,,,,,,,,,,,,,,,,,,,,,,,,,,,,,,,,,,,,,,,,,,,,,,,,,,27112800,,,,,,,,,,,,,,,,,,,,,,,,,,,,,,,,,,,,,,,,,,,
,,,,,,,Tools & Equipment,Power Tools,Cordless Tools,,DCG420B,DCG420B Dewalt 20V Die Grinder (Bare),-- Unbranded --,-- No Unilog Brand --,-- No DIB Brand --,Black & Decker/dewlt (2585),Black & Decker/dewlt,,,DCG420B,,Tools & Equipment>Power Tools>Cordless Power Tools,"Black & Decker/dewlt, Die Grinder, DCG420B, 20 V Voltage",DIE GRINDER 20V 20V MAX,"DCG420B Die Grinder, 20 V Voltage, 20V MAX Battery Platform, bare tool Configuration","Die Grinder, 20 V Voltage, 20V MAX Battery Platform, bare tool Configuration","Die Grinder, 20 V Voltage, 20V MAX Battery Platform, bare tool Configuration",,20 V,,,,,,,,,,,,,,,,,,,,,,,,,Die Grinder,Tool Type,Die Grinder,,Voltage,20,V,Battery Platform,20V MAX,,Configuration,bare tool,,Drive Size,,,No Load Speed,,,Motor Type,,,,,,,,,,,,,,,,,,,,,,,,,,,,,,,,,,,,,,,,,,,,,,,,,,,,,,,,,,,,,,,,,,,,,,,,,,,,,,,,,,,,,,,,,,,,,,,,,,,,,,,,,,,,,,,,,,,,,,,,,,,,,,,,,,,,,,,27112800,,,,,,,,,,,,,,,,,,,,,,,,,,,,,,,,,,,,,,,,,,,
,,,,,,,Tools & Equipment,Power Tools,Cordless Tools,,DCG422B,DCG422B Dewalt 20V Right Angle Die Grinder (Bare),-- Unbranded --,-- No Unilog Brand --,-- No DIB Brand --,Black & Decker/dewlt (2585),Black & Decker/dewlt,,,DCG422B,,Tools & Equipment>Power Tools>Cordless Power Tools,"Black & Decker/dewlt, Right Angle Die Grinder, DCG422B, 20 V Voltage",RIGHT ANGLE DIE GRINDER 20V 20V MAX,"DCG422B Right Angle Die Grinder, 20 V Voltage, 20V MAX Battery Platform, bare tool Configuration","Right Angle Die Grinder, 20 V Voltage, 20V MAX Battery Platform, bare tool Configuration","Right Angle Die Grinder, 20 V Voltage, 20V MAX Battery Platform, bare tool Configuration",,20 V,,,,,,,,,,,,,,,,,,,,,,,,,Right Angle Die Grinder,Tool Type,Right Angle Die Grinder,,Voltage,20,V,Battery Platform,20V MAX,,Configuration,bare tool,,Drive Size,,,No Load Speed,,,Motor Type,,,,,,,,,,,,,,,,,,,,,,,,,,,,,,,,,,,,,,,,,,,,,,,,,,,,,,,,,,,,,,,,,,,,,,,,,,,,,,,,,,,,,,,,,,,,,,,,,,,,,,,,,,,,,,,,,,,,,,,,,,,,,,,,,,,,,,,27112800,,,,,,,,,,,,,,,,,,,,,,,,,,,,,,,,,,,,,,,,,,,
,,,,,,,,,,,924422,924422 Mafell Carpentry - Planing Machine ZH 320 Ec 120V,-- Unbranded --,-- No Unilog Brand --,-- No DIB Brand --,-,,Mafell,,924422,,,"Mafell, Planing Machine, 924422",PLANING MACHINE,Mafell 924422 Planing Machine,Mafell Planing Machine,Planing Machine,,,,,,,,,,,,,,,,,,,,,,,,,,,Planing Machine,Product Name,Planing Machine,,Brand,Mafell,,Material,,,Color,,,Size,,,Quantity,,,,,,,,,,,,,,,,,,,,,,,,,,,,,,,,,,,,,,,,,,,,,,,,,,,,,,,,,,,,,,,,,,,,,,,,,,,,,,,,,,,,,,,,,,,,,,,,,,,,,,,,,,,,,,,,,,,,,,,,,,,,,,,,,,,,,,,,,,,,,,,,,,,,,,,,,,,,,,,,,,,,,,,,,,,,,,,,,,,,,
,,,,,,,Tools & Equipment,Power Tools,Cordless Tools,,DCW620B,DCW620B Dewalt 20V Plunge - Router,-- Unbranded --,-- No Unilog Brand --,-- No DIB Brand --,Black & Decker/dewlt (2585),Black & Decker/dewlt,,,DCW620B,,Tools & Equipment>Power Tools>Cordless Power Tools,"Black & Decker/dewlt, Router, DCW620B, 20 V Voltage, 20V MAX Battery Platform",ROUTER 20V 20V MAX PLUNGE,"DCW620B Router, 20 V Voltage, 20V MAX Battery Platform, Plunge Configuration","Router, 20 V Voltage, 20V MAX Battery Platform, Plunge Configuration","Router, 20 V Voltage, 20V MAX Battery Platform, Plunge Configuration",,20 V,,,,,,,,,,,,,,,,,,,,,,,,,Router,Tool Type,Router,,Voltage,20,V,Battery Platform,20V MAX,,Configuration,Plunge,,Drive Size,,,No Load Speed,,,Motor Type,,,,,,,,,,,,,,,,,,,,,,,,,,,,,,,,,,,,,,,,,,,,,,,,,,,,,,,,,,,,,,,,,,,,,,,,,,,,,,,,,,,,,,,,,,,,,,,,,,,,,,,,,,,,,,,,,,,,,,,,,,,,,,,,,,,,,,,27112800,,,,,,,,,,,,,,,,,,,,,,,,,,,,,,,,,,,,,,,,,,,
,,,,,,,Tools & Equipment,Power Tools,Cordless Tools,,2535-20,"2535-20 Milw 3"" Orbit Sander - M12",-- Unbranded --,-- No Unilog Brand --,-- No DIB Brand --,Milwaukee Accessory (4031),Milwaukee Accessory,,,2535-20,,Tools & Equipment>Power Tools>Cordless Power Tools,"Milwaukee Accessory, Sander, 2535-20, M12 Voltage, M12 Battery Platform",SANDER M12 M12,"2535-20 Sander, M12 Voltage, M12 Battery Platform, 2535-20 Milw 3 Configuration","Sander, M12 Voltage, M12 Battery Platform, 2535-20 Milw 3 Configuration","Sander, M12 Voltage, M12 Battery Platform, 2535-20 Milw 3 Configuration",,,,,,,,,,,,,,,,,,,,,,,,,,,Sander,Tool Type,sander,,Voltage,M12,,Battery Platform,M12,,Configuration,2535-20 Milw 3,,Drive Size,,,No Load Speed,,,Motor Type,,,,,,,,,,,,,,,,,,,,,,,,,,,,,,,,,,,,,,,,,,,,,,,,,,,,,,,,,,,,,,,,,,,,,,,,,,,,,,,,,,,,,,,,,,,,,,,,,,,,,,,,,,,,,,,,,,,,,,,,,,,,,,,,,,,,,,,27112800,,,,,,,,,,,,,,,,,,,,,,,,,,,,,,,,,,,,,,,,,,,
,,,,,,,Tools & Equipment,Power Tools,Cordless Tools,,2837-20,"2837-20 Milw M18 5"" Sander - Orbital (Bare)",-- Unbranded --,-- No Unilog Brand --,Milwaukee,Milwaukee Accessory (4031),Milwaukee Accessory,Milwaukee,,2837-20,,Tools & Equipment>Power Tools>Cordless Power Tools,"Milwaukee, Sander, 2837-20, 18 V Voltage, M18 Battery Platform",SANDER 18V M18 5RPM,"Milwaukee 2837-20 Sander, 18 V Voltage, M18 Battery Platform, bare tool Configuration, 5 RPM No Load Speed","Milwaukee Sander, 18 V Voltage, M18 Battery Platform, bare tool Configuration, 5 RPM No Load Speed","Sander, 18 V Voltage, M18 Battery Platform, bare tool Configuration, 5 RPM No Load Speed",,18 V,5 RPM,,,,,,,,,,,,,,,,,,,,,,,,Sander,Tool Type,sander,,Voltage,18,V,Battery Platform,M18,,Configuration,bare tool,,Drive Size,,,No Load Speed,5,RPM,Motor Type,,,,,,,,,,,,,,,,,,,,,,,,,,,,,,,,,,,,,,,,,,,,,,,,,,,,,,,,,,,,,,,,,,,,,,,,,,,,,,,,,,,,,,,,,,,,,,,,,,,,,,,,,,,,,,,,,,,,,,,,,,,,,,,,,,,,,,,27112800,,,,,,,,,,,,,,,,,,,,,,,,,,,,,,,,,,,,,,,,,,,
,,,,,,,Tools & Equipment,Power Tools,Cordless Tools,,577728,577728 Festool Cordless Sander - ETSC 2 150 I-Plus,-- Unbranded --,-- No Unilog Brand --,-- No DIB Brand --,Festool USA (FESTO),Festool USA,,,577728,,Tools & Equipment>Power Tools>Cordless Power Tools,"Festool USA, Sander, 577728, 150 V Voltage, Single tool Configuration",SANDER 150V,"577728 Sander, 150 V Voltage, Single tool Configuration","Sander, 150 V Voltage, Single tool Configuration","Sander, 150 V Voltage, Single tool Configuration",,150 V,,,,,,,,,,,,,,,,,,,,,,,,,Sander,Tool Type,sander,,Voltage,150,V,Battery Platform,,,Configuration,Single tool,,Drive Size,,,No Load Speed,,,Motor Type,,,,,,,,,,,,,,,,,,,,,,,,,,,,,,,,,,,,,,,,,,,,,,,,,,,,,,,,,,,,,,,,,,,,,,,,,,,,,,,,,,,,,,,,,,,,,,,,,,,,,,,,,,,,,,,,,,,,,,,,,,,,,,,,,,,,,,,27112800,,,,,,,,,,,,,,,,,,,,,,,,,,,,,,,,,,,,,,,,,,,
,,,,,,,Tools & Equipment,Power Tools,Cordless Tools,,577738,577738 Festool Cordless Sander - ETSC 2 125 I-Plus,-- Unbranded --,-- No Unilog Brand --,-- No DIB Brand --,Festool USA (FESTO),Festool USA,,,577738,,Tools & Equipment>Power Tools>Cordless Power Tools,"Festool USA, Sander, 577738, 12 V Voltage, Single tool Configuration",SANDER 12V,"577738 Sander, 12 V Voltage, Single tool Configuration","Sander, 12 V Voltage, Single tool Configuration","Sander, 12 V Voltage, Single tool Configuration",,12 V,,,,,,,,,,,,,,,,,,,,,,,,,Sander,Tool Type,sander,,Voltage,12,V,Battery Platform,,,Configuration,Single tool,,Drive Size,,,No Load Speed,,,Motor Type,,,,,,,,,,,,,,,,,,,,,,,,,,,,,,,,,,,,,,,,,,,,,,,,,,,,,,,,,,,,,,,,,,,,,,,,,,,,,,,,,,,,,,,,,,,,,,,,,,,,,,,,,,,,,,,,,,,,,,,,,,,,,,,,,,,,,,,27112800,,,,,,,,,,,,,,,,,,,,,,,,,,,,,,,,,,,,,,,,,,,
,,,,,,,Tools & Equipment,Power Tools,Cordless Tools,,KPTRS500A,"KPTRS500A Kreg 20V Ionic 5"" Random Orbit Sander",-- Unbranded --,-- No Unilog Brand --,-- No DIB Brand --,Kreg Tool Company (KRETO),Kreg Tool Company,,,KPTRS500A,,Tools & Equipment>Power Tools>Cordless Power Tools,"Kreg Tool Company, Sander, KPTRS500A, 20 V Voltage, 20V MAX Battery Platform",SANDER 20V 20V MAX,"KPTRS500A Sander, 20 V Voltage, 20V MAX Battery Platform","Sander, 20 V Voltage, 20V MAX Battery Platform","Sander, 20 V Voltage, 20V MAX Battery Platform",,20 V,,,,,,,,,,,,,,,,,,,,,,,,,Sander,Tool Type,sander,,Voltage,20,V,Battery Platform,20V MAX,,Configuration,,,Drive Size,,,No Load Speed,,,Motor Type,,,,,,,,,,,,,,,,,,,,,,,,,,,,,,,,,,,,,,,,,,,,,,,,,,,,,,,,,,,,,,,,,,,,,,,,,,,,,,,,,,,,,,,,,,,,,,,,,,,,,,,,,,,,,,,,,,,,,,,,,,,,,,,,,,,,,,,27112800,,,,,,,,,,,,,,,,,,,,,,,,,,,,,,,,,,,,,,,,,,,
,,,,,,,,,,,24-35M-320,"24-35M-320 Iridium Grip - 3.2"" x 5.2"" Grip",-- Unbranded --,-- No Unilog Brand --,-- No DIB Brand --,Mirka Abrasives Inc (MIRUS),Mirka Abrasives Inc,Iridium,,24-35M-320,,,"Mirka Abrasives Inc Iridium, Grip, 24-35M-320, 3.2"" x 5.2""",GRIP,"Iridium 24-35M-320 Grip, 3.2"" x 5.2""","Iridium Grip, 3.2"" x 5.2""","Grip, 3.2"" x 5.2""",,,,,,,,,,,,,,,,,,,,,,,,,,,Grip,Product Name,Grip,,Brand,Iridium,,Material,,,Color,,,Size,"3.2"" x 5.2""",,Quantity,,,,,,,,,,,,,,,,,,,,,,,,,,,,,,,,,,,,,,,,,,,,,,,,,,,,,,,,,,,,,,,,,,,,,,,,,,,,,,,,,,,,,,,,,,,,,,,,,,,,,,,,,,,,,,,,,,,,,,,,,,,,,,,,,,,,,,,,,,,,,,,,,,,,,,,,,,,,,,,,,,,,,,,,,,,,,,,,,,,,,
,,,,,,,Tools & Equipment,Power Tool Accessories,"Sanding Belts, Discs & Sheets",,9A-129-120,9A-129-120 Abranet 3x4 - 50 Sheets/Box,-- Unbranded --,-- No Unilog Brand --,-- No DIB Brand --,Mirka Abrasives Inc (MIRUS),Mirka Abrasives Inc,Abranet,,9A-129-120,,Tools & Equipment>Power Tool Accessories>Coated Abrasives,"Mirka Abrasives Inc Abranet, Abranet, 9A-129-120, 3x4, 50 Sheets/Box",ABRANET 3X4,"Abranet 9A-129-120 Abranet, 3x4, 50 Sheets/Box, 50 Sheets/Box, 50 Sheets/Box Quantity","Abranet Abranet, 3x4, 50 Sheets/Box, 50 Sheets/Box, 50 Sheets/Box Quantity","Abranet, 3x4, 50 Sheets/Box, 50 Sheets/Box, 50 Sheets/Box Quantity",,,,,,,,,,,,,,,,,,,,,,,,,,,Abranet,Product Name,Abranet,,Brand,Abranet,,Material,3x4,,Color,50 Sheets/Box,,Size,50 Sheets/Box,,Quantity,50 Sheets/Box,,,,,,,,,,,,,,,,,,,,,,,,,,,,,,,,,,,,,,,,,,,,,,,,,,,,,,,,,,,,,,,,,,,,,,,,,,,,,,,,,,,,,,,,,,,,,,,,,,,,,,,,,,,,,,,,,,,,,,,,,,,,,,,,,,,,,,,,,31191500,,,,,,,,,,,,,,,,,,,,,,,,,,,,,,,,,,,,,,,,,,,
,,,,,,,,,,,578800,578800 Festool 80x133 M GR PRO/10,-- Unbranded --,-- No Unilog Brand --,-- No DIB Brand --,Festool USA (FESTO),Festool USA,Festool,,578800,,,"Festool, Festool 80x133 M GR PRO/10, 578800, 80x133",FESTOOL 80X133 M GR PRO/10 80X133,"Festool 578800 Festool 80x133 M GR PRO/10, 80x133","Festool Festool 80x133 M GR PRO/10, 80x133","Festool 80x133 M GR PRO/10, 80x133",,,,,,,,,,,,,,,,,,,,,,,,,,,Festool 80x133 M GR PRO/10,Product Name,Festool 80x133 M GR PRO/10,,Brand,Festool,,Material,,,Color,,,Size,80x133,,Quantity,,,,,,,,,,,,,,,,,,,,,,,,,,,,,,,,,,,,,,,,,,,,,,,,,,,,,,,,,,,,,,,,,,,,,,,,,,,,,,,,,,,,,,,,,,,,,,,,,,,,,,,,,,,,,,,,,,,,,,,,,,,,,,,,,,,,,,,,,,,,,,,,,,,,,,,,,,,,,,,,,,,,,,,,,,,,,,,,,,,,,
,,,,,,,,,,,578801,578801 Festool 80x133 F GR PRO/10,-- Unbranded --,-- No Unilog Brand --,-- No DIB Brand --,Festool USA (FESTO),Festool USA,Festool,,578801,,,"Festool, F GR PRO/10, 578801, 80x133",F GR PRO/10 80X133,"Festool 578801 F GR PRO/10, 80x133","Festool F GR PRO/10, 80x133","F GR PRO/10, 80x133",,,,,,,,,,,,,,,,,,,,,,,,,,,F GR PRO/10,Product Name,F GR PRO/10,,Brand,Festool,,Material,,,Color,,,Size,80x133,,Quantity,,,,,,,,,,,,,,,,,,,,,,,,,,,,,,,,,,,,,,,,,,,,,,,,,,,,,,,,,,,,,,,,,,,,,,,,,,,,,,,,,,,,,,,,,,,,,,,,,,,,,,,,,,,,,,,,,,,,,,,,,,,,,,,,,,,,,,,,,,,,,,,,,,,,,,,,,,,,,,,,,,,,,,,,,,,,,,,,,,,,,
,,,,,,,,,,,578802,578802 Festool 80x133 S GR PRO/10,-- Unbranded --,-- No Unilog Brand --,-- No DIB Brand --,Festool USA (FESTO),Festool USA,Festool,,578802,,,"Festool, Festool 80x133 S GR PRO/10, 578802, 80x133",FESTOOL 80X133 S GR PRO/10 80X133,"Festool 578802 Festool 80x133 S GR PRO/10, 80x133","Festool Festool 80x133 S GR PRO/10, 80x133","Festool 80x133 S GR PRO/10, 80x133",,,,,,,,,,,,,,,,,,,,,,,,,,,Festool 80x133 S GR PRO/10,Product Name,Festool 80x133 S GR PRO/10,,Brand,Festool,,Material,,,Color,,,Size,80x133,,Quantity,,,,,,,,,,,,,,,,,,,,,,,,,,,,,,,,,,,,,,,,,,,,,,,,,,,,,,,,,,,,,,,,,,,,,,,,,,,,,,,,,,,,,,,,,,,,,,,,,,,,,,,,,,,,,,,,,,,,,,,,,,,,,,,,,,,,,,,,,,,,,,,,,,,,,,,,,,,,,,,,,,,,,,,,,,,,,,,,,,,,,
,,,,,,,,,,,578808,578808 Festool 3x4 M GR PRO/10,-- Unbranded --,-- No Unilog Brand --,-- No DIB Brand --,Festool USA (FESTO),Festool USA,Festool,,578808,,,"Festool, 3x4 M GR PRO/10, 578808",3X4 M GR PRO/10,Festool 578808 3x4 M GR PRO/10,Festool 3x4 M GR PRO/10,3x4 M GR PRO/10,,,,,,,,,,,,,,,,,,,,,,,,,,,3x4 M GR PRO/10,Product Name,3x4 M GR PRO/10,,Brand,Festool,,Material,,,Color,,,Size,,,Quantity,,,,,,,,,,,,,,,,,,,,,,,,,,,,,,,,,,,,,,,,,,,,,,,,,,,,,,,,,,,,,,,,,,,,,,,,,,,,,,,,,,,,,,,,,,,,,,,,,,,,,,,,,,,,,,,,,,,,,,,,,,,,,,,,,,,,,,,,,,,,,,,,,,,,,,,,,,,,,,,,,,,,,,,,,,,,,,,,,,,,,
,,,,,,,,,,,578809,578809 Festool 3x4 F GR PRO/10,-- Unbranded --,-- No Unilog Brand --,-- No DIB Brand --,Festool USA (FESTO),Festool USA,Festool,,578809,,,"Festool, 3x4 F GR PRO/10, 578809",3X4 F GR PRO/10,Festool 578809 3x4 F GR PRO/10,Festool 3x4 F GR PRO/10,3x4 F GR PRO/10,,,,,,,,,,,,,,,,,,,,,,,,,,,3x4 F GR PRO/10,Product Name,3x4 F GR PRO/10,,Brand,Festool,,Material,,,Color,,,Size,,,Quantity,,,,,,,,,,,,,,,,,,,,,,,,,,,,,,,,,,,,,,,,,,,,,,,,,,,,,,,,,,,,,,,,,,,,,,,,,,,,,,,,,,,,,,,,,,,,,,,,,,,,,,,,,,,,,,,,,,,,,,,,,,,,,,,,,,,,,,,,,,,,,,,,,,,,,,,,,,,,,,,,,,,,,,,,,,,,,,,,,,,,,
,,,,,,,,,,,578810,578810 Festool 3x4 S GR PRO/10,-- Unbranded --,-- No Unilog Brand --,-- No DIB Brand --,Festool USA (FESTO),Festool USA,Festool,,578810,,,"Festool, 3x4 S GR PRO/10, 578810",3X4 S GR PRO/10,Festool 578810 3x4 S GR PRO/10,Festool 3x4 S GR PRO/10,3x4 S GR PRO/10,,,,,,,,,,,,,,,,,,,,,,,,,,,3x4 S GR PRO/10,Product Name,3x4 S GR PRO/10,,Brand,Festool,,Material,,,Color,,,Size,,,Quantity,,,,,,,,,,,,,,,,,,,,,,,,,,,,,,,,,,,,,,,,,,,,,,,,,,,,,,,,,,,,,,,,,,,,,,,,,,,,,,,,,,,,,,,,,,,,,,,,,,,,,,,,,,,,,,,,,,,,,,,,,,,,,,,,,,,,,,,,,,,,,,,,,,,,,,,,,,,,,,,,,,,,,,,,,,,,,,,,,,,,,
,,,,,,,,,,,578811,578811 Festool 3x4 GR PRO/10-Set,-- Unbranded --,-- No Unilog Brand --,-- No DIB Brand --,Festool USA (FESTO),Festool USA,Festool,,578811,,,"Festool, 3x4 GR PRO/10-Set, 578811",3X4 GR PRO/10-SET,Festool 578811 3x4 GR PRO/10-Set,Festool 3x4 GR PRO/10-Set,3x4 GR PRO/10-Set,,,,,,,,,,,,,,,,,,,,,,,,,,,3x4 GR PRO/10-Set,Product Name,3x4 GR PRO/10-Set,,Brand,Festool,,Material,,,Color,,,Size,,,Quantity,,,,,,,,,,,,,,,,,,,,,,,,,,,,,,,,,,,,,,,,,,,,,,,,,,,,,,,,,,,,,,,,,,,,,,,,,,,,,,,,,,,,,,,,,,,,,,,,,,,,,,,,,,,,,,,,,,,,,,,,,,,,,,,,,,,,,,,,,,,,,,,,,,,,,,,,,,,,,,,,,,,,,,,,,,,,,,,,,,,,,
,,,,,,,,,,,578192,578192 Festool D 150 GR SYS - Systainer Abrasive Set,-- Unbranded --,-- No Unilog Brand --,-- No DIB Brand --,Festool USA (FESTO),Festool USA,Festool,,578192,,,"Festool, Systainer Abrasive Set, 578192",SYSTAINER ABRASIVE SET,Festool 578192 Systainer Abrasive Set,Festool Systainer Abrasive Set,Systainer Abrasive Set,,,,,,,,,,,,,,,,,,,,,,,,,,,Systainer Abrasive Set,Product Name,Systainer Abrasive Set,,Brand,Festool,,Material,,,Color,,,Size,,,Quantity,,,,,,,,,,,,,,,,,,,,,,,,,,,,,,,,,,,,,,,,,,,,,,,,,,,,,,,,,,,,,,,,,,,,,,,,,,,,,,,,,,,,,,,,,,,,,,,,,,,,,,,,,,,,,,,,,,,,,,,,,,,,,,,,,,,,,,,,,,,,,,,,,,,,,,,,,,,,,,,,,,,,,,,,,,,,,,,,,,,,,
,,,,,,,,,,,578806,578806 Festool Delta S GR PRO/10,-- Unbranded --,-- No Unilog Brand --,-- No DIB Brand --,Festool USA (FESTO),Festool USA,Festool,,578806,,,"Festool, Delta S GR PRO/10, 578806",DELTA S GR PRO/10,Festool 578806 Delta S GR PRO/10,Festool Delta S GR PRO/10,Delta S GR PRO/10,,,,,,,,,,,,,,,,,,,,,,,,,,,Delta S GR PRO/10,Product Name,Delta S GR PRO/10,,Brand,Festool,,Material,,,Color,,,Size,,,Quantity,,,,,,,,,,,,,,,,,,,,,,,,,,,,,,,,,,,,,,,,,,,,,,,,,,,,,,,,,,,,,,,,,,,,,,,,,,,,,,,,,,,,,,,,,,,,,,,,,,,,,,,,,,,,,,,,,,,,,,,,,,,,,,,,,,,,,,,,,,,,,,,,,,,,,,,,,,,,,,,,,,,,,,,,,,,,,,,,,,,,,
,,,,,,,Tools & Equipment,Power Tool Accessories,Saw Blades,,D0860X,"D0860X Diablo 8-1/4"" 60 Tooth - Fine Finish Saw Blade",-- Unbranded --,-- No Unilog Brand --,-- No DIB Brand --,Freud Inc (2435),Freud Inc,Diablo,,D0860X,,Tools & Equipment>Power Tool Accessories>Saw Blades,"Freud Inc Diablo, Saw Blade, D0860X, 60 Tooth, Fine Finish, 8-1/4 in",SAW BLADE 60 TOOTH 8-1/4IN D0860X,"Diablo D0860X Saw Blade, 60 Tooth, Fine Finish, 8-1/4 in, D0860X Quantity","Diablo Saw Blade, 60 Tooth, Fine Finish, 8-1/4 in, D0860X Quantity","Saw Blade, 60 Tooth, Fine Finish, 8-1/4 in, D0860X Quantity",,,,,,,,,,,,,,,,,,,,,,,,,,,Saw Blade,Product Name,Saw Blade,,Brand,Diablo,,Material,60 Tooth,,Color,Fine Finish,,Size,8-1/4,in,Quantity,D0860X,,,,,,,,,,,,,,,,,,,,,,,,,,,,,,,,,,,,,,,,,,,,,,,,,,,,,,,,,,,,,,,,,,,,,,,,,,,,,,,,,,,,,,,,,,,,,,,,,,,,,,,,,,,,,,,,,,,,,,,,,,,,,,,,,,,,,,,,,27112700,,,,,,,,,,,,,,,,,,,,,,,,,,,,,,,,,,,,,,,,,,,
,,,,,,,Tools & Equipment,Power Tool Accessories,Saw Blades,,48-40-0740,48-40-0740 Milw 7-1/4in. 24T - Framing Circ Saw Blade,-- Unbranded --,-- No Unilog Brand --,Milwaukee,Milwaukee Accessory (4031),Milwaukee Accessory,Milwaukee,,48-40-0740,,Tools & Equipment>Power Tool Accessories>Saw Blades,"Milwaukee, Framing Circ Saw Blade, 48-40-0740, 7-1/4 in",FRAMING CIRC SAW BLADE 7-1/4IN,"Milwaukee 48-40-0740 Framing Circ Saw Blade, 7-1/4 in","Milwaukee Framing Circ Saw Blade, 7-1/4 in","Framing Circ Saw Blade, 7-1/4 in",,,,,,,,,,,,,,,,,,,,,,,,,,,Framing Circ Saw Blade,Product Name,Framing Circ Saw Blade,,Brand,Milw,,Material,,,Color,,,Size,7-1/4,in,Quantity,,,,,,,,,,,,,,,,,,,,,,,,,,,,,,,,,,,,,,,,,,,,,,,,,,,,,,,,,,,,,,,,,,,,,,,,,,,,,,,,,,,,,,,,,,,,,,,,,,,,,,,,,,,,,,,,,,,,,,,,,,,,,,,,,,,,,,,,,,27112700,,,,,,,,,,,,,,,,,,,,,,,,,,,,,,,,,,,,,,,,,,,
,,,,,,,Tools & Equipment,Power Tool Accessories,Saw Blades,,48-41-0740,48-41-0740 Milw7-1/4 24TFrming - Blade,-- Unbranded --,-- No Unilog Brand --,-- No DIB Brand --,Milwaukee Accessory (4031),Milwaukee Accessory,Milw7-1/4,,48-41-0740,,Tools & Equipment>Power Tool Accessories>Saw Blades,"Milwaukee Accessory Milw7-1/4, Blade, 48-41-0740",BLADE,Milw7-1/4 48-41-0740 Blade,Milw7-1/4 Blade,Blade,,,,,,,,,,,,,,,,,,,,,,,,,,,Blade,Product Name,Blade,,Brand,Milw7-1/4,,Material,,,Color,,,Size,,,Quantity,,,,,,,,,,,,,,,,,,,,,,,,,,,,,,,,,,,,,,,,,,,,,,,,,,,,,,,,,,,,,,,,,,,,,,,,,,,,,,,,,,,,,,,,,,,,,,,,,,,,,,,,,,,,,,,,,,,,,,,,,,,,,,,,,,,,,,,,,,27112700,,,,,,,,,,,,,,,,,,,,,,,,,,,,,,,,,,,,,,,,,,,
,,,,,,,Tools & Equipment,Power Tool Accessories,Saw Blades,,A-96095,"A-96095 Makita 5-7/8"" 32T Saw Blade",-- Unbranded --,-- No Unilog Brand --,-- No DIB Brand --,Makita Usa Inc (5142),Makita Usa Inc,Makita,,A-96095,,Tools & Equipment>Power Tool Accessories>Saw Blades,"Makita, Saw Blade, A-96095, 32T, 5-7/8",SAW BLADE 32T 5-7/8,"Makita A-96095 Saw Blade, 32T, 5-7/8","Makita Saw Blade, 32T, 5-7/8","Saw Blade, 32T, 5-7/8",,,,,,,,,,,,,,,,,,,,,,,,,,,Saw Blade,Product Name,Saw Blade,,Brand,Makita,,Material,32T,,Color,,,Size,5-7/8,,Quantity,,,,,,,,,,,,,,,,,,,,,,,,,,,,,,,,,,,,,,,,,,,,,,,,,,,,,,,,,,,,,,,,,,,,,,,,,,,,,,,,,,,,,,,,,,,,,,,,,,,,,,,,,,,,,,,,,,,,,,,,,,,,,,,,,,,,,,,,,,27112700,,,,,,,,,,,,,,,,,,,,,,,,,,,,,,,,,,,,,,,,,,,
,,,,,,,Tools & Equipment,Power Tool Accessories,Saw Blades,,D0760UX,"D0760UX Diablo 7-1/4"" 60T Circ - Saw Blade",-- Unbranded --,-- No Unilog Brand --,Diablo,Freud Inc (2435),Freud Inc,Diablo,,D0760UX,,Tools & Equipment>Power Tool Accessories>Saw Blades,"Freud Inc Diablo, Saw Blade, D0760UX, 60T, 7-1/4 in",SAW BLADE 60T 7-1/4IN,"Diablo D0760UX Saw Blade, 60T, 7-1/4 in","Diablo Saw Blade, 60T, 7-1/4 in","Saw Blade, 60T, 7-1/4 in",,,,,,,,,,,,,,,,,,,,,,,,,,,Saw Blade,Product Name,Saw Blade,,Brand,Diablo,,Material,60T,,Color,7-1/4,in,Size,,,Quantity,,,,,,,,,,,,,,,,,,,,,,,,,,,,,,,,,,,,,,,,,,,,,,,,,,,,,,,,,,,,,,,,,,,,,,,,,,,,,,,,,,,,,,,,,,,,,,,,,,,,,,,,,,,,,,,,,,,,,,,,,,,,,,,,,,,,,,,,,,27112700,,,,,,,,,,,,,,,,,,,,,,,,,,,,,,,,,,,,,,,,,,,
,,,,,,,,,,,230.312.08,230.312.08 CMT Locked Dado Pro Set,-- Unbranded --,-- No Unilog Brand --,-- No DIB Brand --,CMT USA Inc (CMTUS),CMT USA Inc,CMT,,230.312.08,,,"CMT, CMT Locked Dado Pro Set, 230.312.08",CMT LOCKED DADO PRO SET,CMT 230.312.08 CMT Locked Dado Pro Set,CMT CMT Locked Dado Pro Set,CMT Locked Dado Pro Set,,,,,,,,,,,,,,,,,,,,,,,,,,,CMT Locked Dado Pro Set,Product Name,CMT Locked Dado Pro Set,,Brand,CMT,,Material,,,Color,,,Size,,,Quantity,,,,,,,,,,,,,,,,,,,,,,,,,,,,,,,,,,,,,,,,,,,,,,,,,,,,,,,,,,,,,,,,,,,,,,,,,,,,,,,,,,,,,,,,,,,,,,,,,,,,,,,,,,,,,,,,,,,,,,,,,,,,,,,,,,,,,,,,,,,,,,,,,,,,,,,,,,,,,,,,,,,,,,,,,,,,,,,,,,,,,
,,,,,,,Tools & Equipment,Power Tool Accessories,Saw Blades,,D0708LF,"D0708LF Saw Blade 7-1/4""x8 - Laminate & Wood Flooring",-- Unbranded --,-- No Unilog Brand --,-- No DIB Brand --,Freud Inc (2435),Freud Inc,,,D0708LF,,Tools & Equipment>Power Tool Accessories>Saw Blades,"Freud Inc, Saw Blade, D0708LF, 7-1/4""x8","SAW BLADE 7-1/4""X8","D0708LF Saw Blade, 7-1/4""x8","Saw Blade, 7-1/4""x8","Saw Blade, 7-1/4""x8",,,,,,,,,,,,,,,,,,,,,,,,,,,Saw Blade,Product Name,Saw Blade,,Brand,,,Material,,,Color,,,Size,"7-1/4""x8",,Quantity,,,,,,,,,,,,,,,,,,,,,,,,,,,,,,,,,,,,,,,,,,,,,,,,,,,,,,,,,,,,,,,,,,,,,,,,,,,,,,,,,,,,,,,,,,,,,,,,,,,,,,,,,,,,,,,,,,,,,,,,,,,,,,,,,,,,,,,,,,27112700,,,,,,,,,,,,,,,,,,,,,,,,,,,,,,,,,,,,,,,,,,,
,,,,,,,Tools & Equipment,Power Tool Accessories,Saw Blades,,D1012LF,"D1012LF Saw Blade 10""x12Teeth - Laminate & Wood Flooring",-- Unbranded --,-- No Unilog Brand --,-- No DIB Brand --,Freud Inc (2435),Freud Inc,,,D1012LF,,Tools & Equipment>Power Tool Accessories>Saw Blades,"Freud Inc, Saw Blade, D1012LF, 10""x12Teeth",SAW BLADE,"D1012LF Saw Blade, 10""x12Teeth","Saw Blade, 10""x12Teeth","Saw Blade, 10""x12Teeth",,,,,,,,,,,,,,,,,,,,,,,,,,,Saw Blade,Product Name,Saw Blade,,Brand,,,Material,,,Color,,,Size,"10""x12Teeth",,Quantity,,,,,,,,,,,,,,,,,,,,,,,,,,,,,,,,,,,,,,,,,,,,,,,,,,,,,,,,,,,,,,,,,,,,,,,,,,,,,,,,,,,,,,,,,,,,,,,,,,,,,,,,,,,,,,,,,,,,,,,,,,,,,,,,,,,,,,,,,,27112700,,,,,,,,,,,,,,,,,,,,,,,,,,,,,,,,,,,,,,,,,,,
,,,,,,,Tools & Equipment,Power Tool Accessories,Saw Blades,,D1216LF,"D1216LF Saw Blade 12""x16Teeth - Laminate & Wood Flooring",-- Unbranded --,-- No Unilog Brand --,-- No DIB Brand --,Freud Inc (2435),Freud Inc,,,D1216LF,,Tools & Equipment>Power Tool Accessories>Saw Blades,"Freud Inc, Saw Blade, D1216LF, 12""x16Teeth",SAW BLADE,"D1216LF Saw Blade, 12""x16Teeth","Saw Blade, 12""x16Teeth","Saw Blade, 12""x16Teeth",,,,,,,,,,,,,,,,,,,,,,,,,,,Saw Blade,Product Name,Saw Blade,,Brand,,,Material,,,Color,,,Size,"12""x16Teeth",,Quantity,,,,,,,,,,,,,,,,,,,,,,,,,,,,,,,,,,,,,,,,,,,,,,,,,,,,,,,,,,,,,,,,,,,,,,,,,,,,,,,,,,,,,,,,,,,,,,,,,,,,,,,,,,,,,,,,,,,,,,,,,,,,,,,,,,,,,,,,,,27112700,,,,,,,,,,,,,,,,,,,,,,,,,,,,,,,,,,,,,,,,,,,
,,,,,,,Tools & Equipment,Power Tool Accessories,Saw Blades,,DWA47421,"DWA47421 Dewalt 14"" Segmented - Rim Diamond Blade",-- Unbranded --,-- No Unilog Brand --,DEWALT,Black & Decker/dewlt (2585),Black & Decker/dewlt,DEWALT,,DWA47421,,Tools & Equipment>Power Tool Accessories>Saw Blades,"Black & Decker/dewlt DEWALT, Rim Diamond Blade, DWA47421, Segmented",RIM DIAMOND BLADE 14IN,"DEWALT DWA47421 Rim Diamond Blade, Segmented, 14 in","DEWALT Rim Diamond Blade, Segmented, 14 in","Rim Diamond Blade, Segmented, 14 in",,,,,,,,,,,,,,,,,,,,,,,,,,,Rim Diamond Blade,Product Name,Rim Diamond Blade,,Brand,Dewalt,,Material,Segmented,,Color,,,Size,14,in,Quantity,,,,,,,,,,,,,,,,,,,,,,,,,,,,,,,,,,,,,,,,,,,,,,,,,,,,,,,,,,,,,,,,,,,,,,,,,,,,,,,,,,,,,,,,,,,,,,,,,,,,,,,,,,,,,,,,,,,,,,,,,,,,,,,,,,,,,,,,,,27112700,,,,,,,,,,,,,,,,,,,,,,,,,,,,,,,,,,,,,,,,,,,
,,,,,,,Tools & Equipment,Power Tool Accessories,Saw Blades,,DWA4769,"DWA4769 Dewalt Rim Glass Tile - Blade 10""",-- Unbranded --,-- No Unilog Brand --,-- No DIB Brand --,Black & Decker/dewlt (2585),Black & Decker/dewlt,Dewalt,,DWA4769,,Tools & Equipment>Power Tool Accessories>Saw Blades,"Black & Decker/dewlt Dewalt, Dewalt Rim Glass Tile - Blade, DWA4769",DEWALT RIM GLASS TILE - BLADE GLASS RIM,"Dewalt DWA4769 Dewalt Rim Glass Tile - Blade, Glass, Rim, 10 in","Dewalt Dewalt Rim Glass Tile - Blade, Glass, Rim, 10 in","Dewalt Rim Glass Tile - Blade, Glass, Rim, 10 in",,,,,,,,,,,,,,,,,,,,,,,,,,,Dewalt Rim Glass Tile - Blade,Product Name,Dewalt Rim Glass Tile - Blade,,Brand,Dewalt,,Material,Glass,,Color,Rim,,Size,10,in,Quantity,,,,,,,,,,,,,,,,,,,,,,,,,,,,,,,,,,,,,,,,,,,,,,,,,,,,,,,,,,,,,,,,,,,,,,,,,,,,,,,,,,,,,,,,,,,,,,,,,,,,,,,,,,,,,,,,,,,,,,,,,,,,,,,,,,,,,,,,,,27112700,,,,,,,,,,,,,,,,,,,,,,,,,,,,,,,,,,,,,,,,,,,
,,,,,,,Tools & Equipment,Power Tool Accessories,Saw Blades,,49-93-9204,"49-93-9204 Milw 4-1/2"" Diamond - Tile Blade",-- Unbranded --,-- No Unilog Brand --,-- No DIB Brand --,Milwaukee Accessory (4031),Milwaukee Accessory,Milw,,49-93-9204,,Tools & Equipment>Power Tool Accessories>Saw Blades,"Milwaukee Accessory Milw, Tile Blade, 49-93-9204, Diamond, 4-1/2 in",TILE BLADE DIAMOND 4-1/2IN,"Milw 49-93-9204 Tile Blade, Diamond, 4-1/2 in","Milw Tile Blade, Diamond, 4-1/2 in","Tile Blade, Diamond, 4-1/2 in",,,,,,,,,,,,,,,,,,,,,,,,,,,Tile Blade,Product Name,Tile Blade,,Brand,Milw,,Material,Diamond,,Color,,,Size,4-1/2,in,Quantity,,,,,,,,,,,,,,,,,,,,,,,,,,,,,,,,,,,,,,,,,,,,,,,,,,,,,,,,,,,,,,,,,,,,,,,,,,,,,,,,,,,,,,,,,,,,,,,,,,,,,,,,,,,,,,,,,,,,,,,,,,,,,,,,,,,,,,,,,,27112700,,,,,,,,,,,,,,,,,,,,,,,,,,,,,,,,,,,,,,,,,,,
,,,,,,,Tools & Equipment,Power Tool Accessories,Saw Blades,,49-93-9207,"49-93-9207 Milw 7"" Diamond - Tile Blade",-- Unbranded --,-- No Unilog Brand --,-- No DIB Brand --,Milwaukee Accessory (4031),Milwaukee Accessory,Milw,,49-93-9207,,Tools & Equipment>Power Tool Accessories>Saw Blades,"Milwaukee Accessory Milw, Tile Blade, 49-93-9207, Diamond",TILE BLADE DIAMOND,"Milw 49-93-9207 Tile Blade, Diamond","Milw Tile Blade, Diamond","Tile Blade, Diamond",,,,,,,,,,,,,,,,,,,,,,,,,,,Tile Blade,Product Name,Tile Blade,,Brand,Milw,,Material,Diamond,,Color,,,Size,,,Quantity,,,,,,,,,,,,,,,,,,,,,,,,,,,,,,,,,,,,,,,,,,,,,,,,,,,,,,,,,,,,,,,,,,,,,,,,,,,,,,,,,,,,,,,,,,,,,,,,,,,,,,,,,,,,,,,,,,,,,,,,,,,,,,,,,,,,,,,,,,27112700,,,,,,,,,,,,,,,,,,,,,,,,,,,,,,,,,,,,,,,,,,,
,,,,,,,Tools & Equipment,Power Tool Accessories,Saw Blades,,49-93-9210,"49-93-9210 Milw 10"" Diamond - Tile Blade",-- Unbranded --,-- No Unilog Brand --,-- No DIB Brand --,Milwaukee Accessory (4031),Milwaukee Accessory,Milw,,49-93-9210,,Tools & Equipment>Power Tool Accessories>Saw Blades,"Milwaukee Accessory Milw, Tile Blade, 49-93-9210, Diamond",TILE BLADE DIAMOND,"Milw 49-93-9210 Tile Blade, Diamond","Milw Tile Blade, Diamond","Tile Blade, Diamond",,,,,,,,,,,,,,,,,,,,,,,,,,,Tile Blade,Product Name,Tile Blade,,Brand,Milw,,Material,Diamond,,Color,,,Size,,,Quantity,,,,,,,,,,,,,,,,,,,,,,,,,,,,,,,,,,,,,,,,,,,,,,,,,,,,,,,,,,,,,,,,,,,,,,,,,,,,,,,,,,,,,,,,,,,,,,,,,,,,,,,,,,,,,,,,,,,,,,,,,,,,,,,,,,,,,,,,,,27112700,,,,,,,,,,,,,,,,,,,,,,,,,,,,,,,,,,,,,,,,,,,
,,,,,,,Tools & Equipment,Power Tool Accessories,Saw Blades,,49-93-9202,"49-93-9202 Milw 4"" Diamond - Tile Blade",-- Unbranded --,-- No Unilog Brand --,-- No DIB Brand --,Milwaukee Accessory (4031),Milwaukee Accessory,Milw,,49-93-9202,,Tools & Equipment>Power Tool Accessories>Saw Blades,"Milwaukee Accessory Milw, Tile Blade, 49-93-9202, Diamond, 4 in",TILE BLADE DIAMOND 4IN,"Milw 49-93-9202 Tile Blade, Diamond, 4 in","Milw Tile Blade, Diamond, 4 in","Tile Blade, Diamond, 4 in",,,,,,,,,,,,,,,,,,,,,,,,,,,Tile Blade,Product Name,Tile Blade,,Brand,Milw,,Material,Diamond,,Color,,,Size,4,in,Quantity,,,,,,,,,,,,,,,,,,,,,,,,,,,,,,,,,,,,,,,,,,,,,,,,,,,,,,,,,,,,,,,,,,,,,,,,,,,,,,,,,,,,,,,,,,,,,,,,,,,,,,,,,,,,,,,,,,,,,,,,,,,,,,,,,,,,,,,,,,27112700,,,,,,,,,,,,,,,,,,,,,,,,,,,,,,,,,,,,,,,,,,,
,,,,,,,Tools & Equipment,Power Tool Accessories,Saw Blades,,49-93-9205,"49-93-9205 Milw 5"" Diamond - Tile Blade",-- Unbranded --,-- No Unilog Brand --,-- No DIB Brand --,Milwaukee Accessory (4031),Milwaukee Accessory,Milw,,49-93-9205,,Tools & Equipment>Power Tool Accessories>Saw Blades,"Milwaukee Accessory Milw, Tile Blade, 49-93-9205, Diamond, 5 in",TILE BLADE DIAMOND 5IN,"Milw 49-93-9205 Tile Blade, Diamond, 5 in","Milw Tile Blade, Diamond, 5 in","Tile Blade, Diamond, 5 in",,,,,,,,,,,,,,,,,,,,,,,,,,,Tile Blade,Product Name,Tile Blade,,Brand,Milw,,Material,Diamond,,Color,,,Size,5,in,Quantity,,,,,,,,,,,,,,,,,,,,,,,,,,,,,,,,,,,,,,,,,,,,,,,,,,,,,,,,,,,,,,,,,,,,,,,,,,,,,,,,,,,,,,,,,,,,,,,,,,,,,,,,,,,,,,,,,,,,,,,,,,,,,,,,,,,,,,,,,,27112700,,,,,,,,,,,,,,,,,,,,,,,,,,,,,,,,,,,,,,,,,,,
,,,,,,,,,,,49-22-4702,49-22-4702 Milw 13pc Quik-Lock Hole Dozer Kit,-- Unbranded --,-- No Unilog Brand --,-- No DIB Brand --,Milwaukee Accessory (4031),Milwaukee Accessory,Milw,,49-22-4702,,,"Milwaukee Accessory Milw, Quik-Lock Hole Dozer Kit, 49-22-4702",QUIK-LOCK HOLE DOZER KIT 13PC,"Milw 49-22-4702 Quik-Lock Hole Dozer Kit, 13pc Quantity","Milw Quik-Lock Hole Dozer Kit, 13pc Quantity","Quik-Lock Hole Dozer Kit, 13pc Quantity",,,,,,,,,,,,,,,,,,,,,,,,,,,Quik-lock Hole Dozer Kit,Product Name,Quik-Lock Hole Dozer Kit,,Brand,Milw,,Material,,,Color,,,Size,,,Quantity,13pc,,,,,,,,,,,,,,,,,,,,,,,,,,,,,,,,,,,,,,,,,,,,,,,,,,,,,,,,,,,,,,,,,,,,,,,,,,,,,,,,,,,,,,,,,,,,,,,,,,,,,,,,,,,,,,,,,,,,,,,,,,,,,,,,,,,,,,,,,,,,13,PK,,,,,,,,,,,,,,,,,,,,,,,,,,,,,,,,,,,,,,,
,,,,,,,Tools & Equipment,Power Tool Accessories,Saw Blades,,DJT155HHM,"DJT155HHM Diablo 3-3/5"" 10 TPI - Jig Saw Blade",-- Unbranded --,-- No Unilog Brand --,-- No DIB Brand --,Freud Inc (2435),Freud Inc,DJT155HHM,,DJT155HHM,,Tools & Equipment>Power Tool Accessories>Saw Blades,"Freud Inc DJT155HHM, Jig Saw Blade, DJT155HHM, 3-3/5"" 10 TPI",JIG SAW BLADE,"DJT155HHM DJT155HHM Jig Saw Blade, 3-3/5"" 10 TPI","DJT155HHM Jig Saw Blade, 3-3/5"" 10 TPI","Jig Saw Blade, 3-3/5"" 10 TPI",,,,,,,,,,,,,,,,,,,,,,,,,,,Jig Saw Blade,Product Name,Jig Saw Blade,,Brand,DJT155HHM,,Material,,,Color,,,Size,"3-3/5"" 10 TPI",,Quantity,,,,,,,,,,,,,,,,,,,,,,,,,,,,,,,,,,,,,,,,,,,,,,,,,,,,,,,,,,,,,,,,,,,,,,,,,,,,,,,,,,,,,,,,,,,,,,,,,,,,,,,,,,,,,,,,,,,,,,,,,,,,,,,,,,,,,,,,,,27112700,,,,,,,,,,,,,,,,,,,,,,,,,,,,,,,,,,,,,,,,,,,
,,,,,,,Tools & Equipment,Power Tool Accessories,Saw Blades,,790.82,790.820 CMT Planer Blade 2pc,-- Unbranded --,-- No Unilog Brand --,-- No DIB Brand --,CMT USA Inc (CMTUS),CMT USA Inc,,,790.82,,Tools & Equipment>Power Tool Accessories>Saw Blades,"CMT USA Inc, Planer Blade, 790.82, 2pc Quantity",PLANER BLADE 2PC,"790.82 Planer Blade, 2pc Quantity","Planer Blade, 2pc Quantity","Planer Blade, 2pc Quantity",,,,,,,,,,,,,,,,,,,,,,,,,,,Planer Blade,Product Name,Planer Blade,,Brand,,,Material,,,Color,,,Size,,,Quantity,2pc,,,,,,,,,,,,,,,,,,,,,,,,,,,,,,,,,,,,,,,,,,,,,,,,,,,,,,,,,,,,,,,,,,,,,,,,,,,,,,,,,,,,,,,,,,,,,,,,,,,,,,,,,,,,,,,,,,,,,,,,,,,,,,,,,,,,,,,,,27112700,,,2,PK,,,,,,,,,,,,,,,,,,,,,,,,,,,,,,,,,,,,,,,
,,,,,,,,,,,794.321,794.321 HS Planer Knives 3pc,-- Unbranded --,-- No Unilog Brand --,-- No DIB Brand --,CMT USA Inc (CMTUS),CMT USA Inc,HS,,794.321,,,"CMT USA Inc HS, Planer Knives, 794.321, 3pc Quantity",PLANER KNIVES 3PC,"HS 794.321 Planer Knives, 3pc Quantity","HS Planer Knives, 3pc Quantity","Planer Knives, 3pc Quantity",,,,,,,,,,,,,,,,,,,,,,,,,,,Planer Knives,Product Name,Planer Knives,,Brand,HS,,Material,,,Color,,,Size,,,Quantity,3pc,,,,,,,,,,,,,,,,,,,,,,,,,,,,,,,,,,,,,,,,,,,,,,,,,,,,,,,,,,,,,,,,,,,,,,,,,,,,,,,,,,,,,,,,,,,,,,,,,,,,,,,,,,,,,,,,,,,,,,,,,,,,,,,,,,,,,,,,,,,,3,PK,,,,,,,,,,,,,,,,,,,,,,,,,,,,,,,,,,,,,,,
,,,,,,,,,,,49-22-5641,49-22-5641 Milw Packout 15pc - Sawzall Blade Kit,-- Unbranded --,-- No Unilog Brand --,-- No DIB Brand --,Milwaukee Accessory (4031),Milwaukee Accessory,Milw,,49-22-5641,,,"Milwaukee Accessory Milw, Sawzall Blade Kit, 49-22-5641, 15pc Quantity",SAWZALL BLADE KIT 15PC,"Milw 49-22-5641 Sawzall Blade Kit, 15pc Quantity","Milw Sawzall Blade Kit, 15pc Quantity","Sawzall Blade Kit, 15pc Quantity",,,,,,,,,,,,,,,,,,,,,,,,,,,Sawzall Blade Kit,Product Name,Sawzall Blade Kit,,Brand,Milw,,Material,,,Color,,,Size,,,Quantity,15pc,,,,,,,,,,,,,,,,,,,,,,,,,,,,,,,,,,,,,,,,,,,,,,,,,,,,,,,,,,,,,,,,,,,,,,,,,,,,,,,,,,,,,,,,,,,,,,,,,,,,,,,,,,,,,,,,,,,,,,,,,,,,,,,,,,,,,,,,,,,,15,PK,,,,,,,,,,,,,,,,,,,,,,,,,,,,,,,,,,,,,,,
,,,,,,,Tools & Equipment,Power Tool Accessories,Saw Blades,,D0604TSH,"D0604TSH Diablo 6-1/2"" 4-Tooth - Cement Track Saw Blade",-- Unbranded --,-- No Unilog Brand --,-- No DIB Brand --,Freud Inc (2435),Freud Inc,Diablo,,D0604TSH,,Tools & Equipment>Power Tool Accessories>Saw Blades,"Freud Inc Diablo, Cement Track Saw Blade, D0604TSH, 6-1/2"" 4-Tooth",CEMENT TRACK SAW BLADE,"Diablo D0604TSH Cement Track Saw Blade, 6-1/2"" 4-Tooth","Diablo Cement Track Saw Blade, 6-1/2"" 4-Tooth","Cement Track Saw Blade, 6-1/2"" 4-Tooth",,,,,,,,,,,,,,,,,,,,,,,,,,,Cement Track Saw Blade,Product Name,Cement Track Saw Blade,,Brand,Diablo,,Material,,,Color,,,Size,"6-1/2"" 4-Tooth",,Quantity,,,,,,,,,,,,,,,,,,,,,,,,,,,,,,,,,,,,,,,,,,,,,,,,,,,,,,,,,,,,,,,,,,,,,,,,,,,,,,,,,,,,,,,,,,,,,,,,,,,,,,,,,,,,,,,,,,,,,,,,,,,,,,,,,,,,,,,,,,27112700,,,,,,,,,,,,,,,,,,,,,,,,,,,,,,,,,,,,,,,,,,,
,,,,,,,Tools & Equipment,Power Tool Accessories,Saw Blades,,D0620TSR,"D0620TSR Diablo 6-1/2""20 Tooth - Framing Saw Blade",-- Unbranded --,-- No Unilog Brand --,-- No DIB Brand --,Freud Inc (2435),Freud Inc,Diablo,,D0620TSR,,Tools & Equipment>Power Tool Accessories>Saw Blades,"Freud Inc Diablo, Framing Saw Blade, D0620TSR, 6-1/2""20 Tooth",FRAMING SAW BLADE,"Diablo D0620TSR Framing Saw Blade, 6-1/2""20 Tooth","Diablo Framing Saw Blade, 6-1/2""20 Tooth","Framing Saw Blade, 6-1/2""20 Tooth",,,,,,,,,,,,,,,,,,,,,,,,,,,Framing Saw Blade,Product Name,Framing Saw Blade,,Brand,Diablo,,Material,,,Color,,,Size,"6-1/2""20 Tooth",,Quantity,,,,,,,,,,,,,,,,,,,,,,,,,,,,,,,,,,,,,,,,,,,,,,,,,,,,,,,,,,,,,,,,,,,,,,,,,,,,,,,,,,,,,,,,,,,,,,,,,,,,,,,,,,,,,,,,,,,,,,,,,,,,,,,,,,,,,,,,,,27112700,,,,,,,,,,,,,,,,,,,,,,,,,,,,,,,,,,,,,,,,,,,
,,,,,,,Tools & Equipment,Power Tool Accessories,Saw Blades,,D0648TSF,"D0648TSF Diablo 6-1/2""48 Tooth - Plywood Track Saw Blade",-- Unbranded --,-- No Unilog Brand --,-- No DIB Brand --,Freud Inc (2435),Freud Inc,Diablo,,D0648TSF,,Tools & Equipment>Power Tool Accessories>Saw Blades,"Freud Inc Diablo, Track Saw Blade, D0648TSF, Plywood, 6-1/2""48 Tooth",TRACK SAW BLADE PLYWOOD,"Diablo D0648TSF Track Saw Blade, Plywood, 6-1/2""48 Tooth","Diablo Track Saw Blade, Plywood, 6-1/2""48 Tooth","Track Saw Blade, Plywood, 6-1/2""48 Tooth",,,,,,,,,,,,,,,,,,,,,,,,,,,Track Saw Blade,Product Name,Track Saw Blade,,Brand,Diablo,,Material,Plywood,,Color,,,Size,"6-1/2""48 Tooth",,Quantity,,,,,,,,,,,,,,,,,,,,,,,,,,,,,,,,,,,,,,,,,,,,,,,,,,,,,,,,,,,,,,,,,,,,,,,,,,,,,,,,,,,,,,,,,,,,,,,,,,,,,,,,,,,,,,,,,,,,,,,,,,,,,,,,,,,,,,,,,,27112700,,,,,,,,,,,,,,,,,,,,,,,,,,,,,,,,,,,,,,,,,,,
,,,,,,,Tools & Equipment,Power Tool Accessories,Saw Blades,,D0652TSL,"D0652TSL Diablo 6-1/2""52 Tooth - Laminate Track Saw Blade",-- Unbranded --,-- No Unilog Brand --,-- No DIB Brand --,Freud Inc (2435),Freud Inc,Diablo,,D0652TSL,,Tools & Equipment>Power Tool Accessories>Saw Blades,"Freud Inc Diablo, Track Saw Blade, D0652TSL, Laminate, 52 Tooth",TRACK SAW BLADE LAMINATE 52 TOOTH,"Diablo D0652TSL Track Saw Blade, Laminate, 52 Tooth, 6-1/2""52 Tooth, D0652TSL Quantity","Diablo Track Saw Blade, Laminate, 52 Tooth, 6-1/2""52 Tooth, D0652TSL Quantity","Track Saw Blade, Laminate, 52 Tooth, 6-1/2""52 Tooth, D0652TSL Quantity",,,,,,,,,,,,,,,,,,,,,,,,,,,Track Saw Blade,Product Name,Track Saw Blade,,Brand,Diablo,,Material,Laminate,,Color,52 Tooth,,Size,"6-1/2""52 Tooth",,Quantity,D0652TSL,,,,,,,,,,,,,,,,,,,,,,,,,,,,,,,,,,,,,,,,,,,,,,,,,,,,,,,,,,,,,,,,,,,,,,,,,,,,,,,,,,,,,,,,,,,,,,,,,,,,,,,,,,,,,,,,,,,,,,,,,,,,,,,,,,,,,,,,,27112700,,,,,,,,,,,,,,,,,,,,,,,,,,,,,,,,,,,,,,,,,,,
,,,,,,,,,,,JT1-549,"JT1-549 JWBS18SFX 18"" Bandsaw - 1.75HP 1PH 115V",-- Unbranded --,-- No Unilog Brand --,-- No DIB Brand --,JPW Industries (JPWIN),JPW Industries,JWBS18SFX,,JT1-549,,,"JPW Industries JWBS18SFX, Bandsaw, JT1-549, 18"" Bandsaw",BANDSAW,"JWBS18SFX JT1-549 Bandsaw, 18"" Bandsaw","JWBS18SFX Bandsaw, 18"" Bandsaw","Bandsaw, 18"" Bandsaw",,,,,,,,,,,,,,,,,,,,,,,,,,,Bandsaw,Product Name,Bandsaw,,Brand,JWBS18SFX,,Material,,,Color,,,Size,"18"" Bandsaw",,Quantity,,,,,,,,,,,,,,,,,,,,,,,,,,,,,,,,,,,,,,,,,,,,,,,,,,,,,,,,,,,,,,,,,,,,,,,,,,,,,,,,,,,,,,,,,,,,,,,,,,,,,,,,,,,,,,,,,,,,,,,,,,,,,,,,,,,,,,,,,,,,,,,,,,,,,,,,,,,,,,,,,,,,,,,,,,,,,,,,,,,,,
,,,,,,,,,,,JT1-1371,"JWBS14-SFX-BLK Jet 14"" Bandsaw - JT1-1371",-- Unbranded --,-- No Unilog Brand --,-- No DIB Brand --,JPW Industries (JPWIN),JPW Industries,JWBS14-SFX-BLK,,JT1-1371,,,"JPW Industries JWBS14-SFX-BLK, Bandsaw, JT1-1371, black, 14 in",BANDSAW BLK 14IN,"JWBS14-SFX-BLK JT1-1371 Bandsaw, black, 14 in","JWBS14-SFX-BLK Bandsaw, black, 14 in","Bandsaw, black, 14 in",,,,,,,,,,,,,,,,,,,,,,,,,,,Bandsaw,Product Name,Bandsaw,,Brand,JWBS14-SFX-BLK,,Material,,,Color,black,,Size,14,in,Quantity,,,,,,,,,,,,,,,,,,,,,,,,,,,,,,,,,,,,,,,,,,,,,,,,,,,,,,,,,,,,,,,,,,,,,,,,,,,,,,,,,,,,,,,,,,,,,,,,,,,,,,,,,,,,,,,,,,,,,,,,,,,,,,,,,,,,,,,,,,,,,,,,,,,,,,,,,,,,,,,,,,,,,,,,,,,,,,,,,,,,,
,,,,,,,,,,,JT9-714400K,"JWBS-14SFX 14"" Bandsaw JTP-714400K",-- Unbranded --,-- No Unilog Brand --,-- No DIB Brand --,JPW Industries (JPWIN),JPW Industries,JWBS-14SFX,,JT9-714400K,,,"JPW Industries JWBS-14SFX, Bandsaw, JT9-714400K, 14 in",BANDSAW 14IN,"JWBS-14SFX JT9-714400K Bandsaw, 14 in","JWBS-14SFX Bandsaw, 14 in","Bandsaw, 14 in",,,,,,,,,,,,,,,,,,,,,,,,,,,Bandsaw,Product Name,Bandsaw,,Brand,JWBS-14SFX,,Material,,,Color,,,Size,14,in,Quantity,,,,,,,,,,,,,,,,,,,,,,,,,,,,,,,,,,,,,,,,,,,,,,,,,,,,,,,,,,,,,,,,,,,,,,,,,,,,,,,,,,,,,,,,,,,,,,,,,,,,,,,,,,,,,,,,,,,,,,,,,,,,,,,,,,,,,,,,,,,,,,,,,,,,,,,,,,,,,,,,,,,,,,,,,,,,,,,,,,,,,
,,,,,,,Tools & Equipment,Power Tools,Cordless Tools,,2834-21HD,"2834-21HD Milw M18 7-1/4"" Circ - Saw Kit",-- Unbranded --,-- No Unilog Brand --,Milwaukee,Milwaukee Accessory (4031),Milwaukee Accessory,Milwaukee,,2834-21HD,,Tools & Equipment>Power Tools>Cordless Power Tools,"Milwaukee, Circ - Saw, 2834-21HD, 18 V Voltage, M18 Battery Platform",CIRC - SAW 18V M18 KIT 7-1/4RPM,"Milwaukee 2834-21HD Circ - Saw, 18 V Voltage, M18 Battery Platform, kit Configuration, 7-1/4 RPM No Load Speed","Milwaukee Circ - Saw, 18 V Voltage, M18 Battery Platform, kit Configuration, 7-1/4 RPM No Load Speed","Circ - Saw, 18 V Voltage, M18 Battery Platform, kit Configuration, 7-1/4 RPM No Load Speed",,18 V,7-1/4 RPM,,,,,,,,,,,,,,,,,,,,,,,,Circ - Saw,Tool Type,Circ - Saw,,Voltage,18,V,Battery Platform,M18,,Configuration,kit,,Drive Size,,,No Load Speed,7-1/4,RPM,Motor Type,,,,,,,,,,,,,,,,,,,,,,,,,,,,,,,,,,,,,,,,,,,,,,,,,,,,,,,,,,,,,,,,,,,,,,,,,,,,,,,,,,,,,,,,,,,,,,,,,,,,,,,,,,,,,,,,,,,,,,,,,,,,,,,,,,,,,,,27112800,,,,,,,,,,,,,,,,,,,,,,,,,,,,,,,,,,,,,,,,,,,
,,,,,,,Tools & Equipment,Power Tools,Cordless Tools,,DCS383B,"DCS383B Dewalt 20V 7-1/4"" - Metal Cutting Circ Saw",-- Unbranded --,-- No Unilog Brand --,-- No DIB Brand --,Black & Decker/dewlt (2585),Black & Decker/dewlt,,,DCS383B,,Tools & Equipment>Power Tools>Cordless Power Tools,"Black & Decker/dewlt, Circ Saw, DCS383B, 20 V Voltage, 20V MAX Battery Platform",CIRC SAW 20V 20V MAX 7-1/4IN,"DCS383B Circ Saw, 20 V Voltage, 20V MAX Battery Platform, 7-1/4 in Drive Size","Circ Saw, 20 V Voltage, 20V MAX Battery Platform, 7-1/4 in Drive Size","Circ Saw, 20 V Voltage, 20V MAX Battery Platform, 7-1/4 in Drive Size",,20 V,7-1/4 in,,,,,,,,,,,,,,,,,,,,,,,,Circ Saw,Tool Type,Circ Saw,,Voltage,20,V,Battery Platform,20V MAX,,Configuration,,,Drive Size,7-1/4,in,No Load Speed,,,Motor Type,,,,,,,,,,,,,,,,,,,,,,,,,,,,,,,,,,,,,,,,,,,,,,,,,,,,,,,,,,,,,,,,,,,,,,,,,,,,,,,,,,,,,,,,,,,,,,,,,,,,,,,,,,,,,,,,,,,,,,,,,,,,,,,,,,,,,,,27112800,,,,,,,,,,,,,,,,,,,,,,,,,,,,,,,,,,,,,,,,,,,
,,,,,,,Tools & Equipment,Power Tools,Cordless Tools,,DCS590B,"DCS590B Dewalt 20V Cordless - 7-1/4"" Circular Saw (Bare)",-- Unbranded --,-- No Unilog Brand --,DEWALT,Black & Decker/dewlt (2585),Black & Decker/dewlt,DEWALT,,DCS590B,,Tools & Equipment>Power Tools>Cordless Power Tools,"Black & Decker/dewlt DEWALT, Circular Saw, DCS590B, 20 V Voltage",CIRCULAR SAW 20V 20V MAX 7-1/4IN,"DEWALT DCS590B Circular Saw, 20 V Voltage, 20V MAX Battery Platform, bare tool Configuration, 7-1/4 in Drive Size","DEWALT Circular Saw, 20 V Voltage, 20V MAX Battery Platform, bare tool Configuration, 7-1/4 in Drive Size","Circular Saw, 20 V Voltage, 20V MAX Battery Platform, bare tool Configuration, 7-1/4 in Drive Size",,20 V,7-1/4 in,,,,,,,,,,,,,,,,,,,,,,,,Circular Saw,Tool Type,circular saw,,Voltage,20,V,Battery Platform,20V MAX,,Configuration,bare tool,,Drive Size,7-1/4,in,No Load Speed,,,Motor Type,,,,,,,,,,,,,,,,,,,,,,,,,,,,,,,,,,,,,,,,,,,,,,,,,,,,,,,,,,,,,,,,,,,,,,,,,,,,,,,,,,,,,,,,,,,,,,,,,,,,,,,,,,,,,,,,,,,,,,,,,,,,,,,,,,,,,,,27112800,,,,,,,,,,,,,,,,,,,,,,,,,,,,,,,,,,,,,,,,,,,
,,,,,,,Tools & Equipment,Power Tools,Cordless Tools,,KPTCS725A,"KPTCS725A Kreg 20V Ionic 7-1/4"" Circ Saw",-- Unbranded --,-- No Unilog Brand --,-- No DIB Brand --,Kreg Tool Company (KRETO),Kreg Tool Company,,,KPTCS725A,,Tools & Equipment>Power Tools>Cordless Power Tools,"Kreg Tool Company, Circ Saw, KPTCS725A, 20 V Voltage, 20V MAX Battery Platform",CIRC SAW 20V 20V MAX 7-1/4IN,"KPTCS725A Circ Saw, 20 V Voltage, 20V MAX Battery Platform, 7-1/4 in Drive Size","Circ Saw, 20 V Voltage, 20V MAX Battery Platform, 7-1/4 in Drive Size","Circ Saw, 20 V Voltage, 20V MAX Battery Platform, 7-1/4 in Drive Size",,20 V,7-1/4 in,,,,,,,,,,,,,,,,,,,,,,,,Circ Saw,Tool Type,Circ Saw,,Voltage,20,V,Battery Platform,20V MAX,,Configuration,,,Drive Size,7-1/4,in,No Load Speed,,,Motor Type,,,,,,,,,,,,,,,,,,,,,,,,,,,,,,,,,,,,,,,,,,,,,,,,,,,,,,,,,,,,,,,,,,,,,,,,,,,,,,,,,,,,,,,,,,,,,,,,,,,,,,,,,,,,,,,,,,,,,,,,,,,,,,,,,,,,,,,27112800,,,,,,,,,,,,,,,,,,,,,,,,,,,,,,,,,,,,,,,,,,,
,,,,,,,Tools & Equipment,Power Tools,Cordless Tools,,KPTCS450A,"KPTCS450A Kreg 20V Ionic 4-1/2"" Circ Saw",-- Unbranded --,-- No Unilog Brand --,-- No DIB Brand --,Kreg Tool Company (KRETO),Kreg Tool Company,,,KPTCS450A,,Tools & Equipment>Power Tools>Cordless Power Tools,"Kreg Tool Company, Circ Saw, KPTCS450A, 20 V Voltage, 20V MAX Battery Platform",CIRC SAW 20V 20V MAX 4-1/2 1/2IN,"KPTCS450A Circ Saw, 20 V Voltage, 20V MAX Battery Platform, 4-1/2 Configuration, 1/2 in Drive Size","Circ Saw, 20 V Voltage, 20V MAX Battery Platform, 4-1/2 Configuration, 1/2 in Drive Size","Circ Saw, 20 V Voltage, 20V MAX Battery Platform, 4-1/2 Configuration, 1/2 in Drive Size",,20 V,1/2 in,,,,,,,,,,,,,,,,,,,,,,,,Circ Saw,Tool Type,Circ Saw,,Voltage,20,V,Battery Platform,20V MAX,,Configuration,4-1/2,,Drive Size,1/2,in,No Load Speed,,,Motor Type,,,,,,,,,,,,,,,,,,,,,,,,,,,,,,,,,,,,,,,,,,,,,,,,,,,,,,,,,,,,,,,,,,,,,,,,,,,,,,,,,,,,,,,,,,,,,,,,,,,,,,,,,,,,,,,,,,,,,,,,,,,,,,,,,,,,,,,27112800,,,,,,,,,,,,,,,,,,,,,,,,,,,,,,,,,,,,,,,,,,,
,,,,,,,,,,,2545-20,2545-20 Milw M12 Jig Saw,-- Unbranded --,-- No Unilog Brand --,Milwaukee,Milwaukee Accessory (4031),Milwaukee Accessory,Milwaukee,,2545-20,,,"Milwaukee, Jig Saw, 2545-20",JIG SAW,Milwaukee 2545-20 Jig Saw,Milwaukee Jig Saw,Jig Saw,,,,,,,,,,,,,,,,,,,,,,,,,,,Jig Saw,Product Name,Jig Saw,,Brand,Milw,,Material,,,Color,,,Size,,,Quantity,,,,,,,,,,,,,,,,,,,,,,,,,,,,,,,,,,,,,,,,,,,,,,,,,,,,,,,,,,,,,,,,,,,,,,,,,,,,,,,,,,,,,,,,,,,,,,,,,,,,,,,,,,,,,,,,,,,,,,,,,,,,,,,,,,,,,,,,,,,,,,,,,,,,,,,,,,,,,,,,,,,,,,,,,,,,,,,,,,,,,
,,,,,,,Tools & Equipment,Power Tools,Cordless Tools,,KPTJS100A,KPTJS100A Kreg 20V Ionic Barrel Grip Jigsaw,-- Unbranded --,-- No Unilog Brand --,-- No DIB Brand --,Kreg Tool Company (KRETO),Kreg Tool Company,,,KPTJS100A,,Tools & Equipment>Power Tools>Cordless Power Tools,"Kreg Tool Company, Jigsaw, KPTJS100A, 20 V Voltage, 20V MAX Battery Platform",JIGSAW 20V 20V MAX,"KPTJS100A Jigsaw, 20 V Voltage, 20V MAX Battery Platform","Jigsaw, 20 V Voltage, 20V MAX Battery Platform","Jigsaw, 20 V Voltage, 20V MAX Battery Platform",,20 V,,,,,,,,,,,,,,,,,,,,,,,,,Jigsaw,Tool Type,Jigsaw,,Voltage,20,V,Battery Platform,20V MAX,,Configuration,,,Drive Size,,,No Load Speed,,,Motor Type,,,,,,,,,,,,,,,,,,,,,,,,,,,,,,,,,,,,,,,,,,,,,,,,,,,,,,,,,,,,,,,,,,,,,,,,,,,,,,,,,,,,,,,,,,,,,,,,,,,,,,,,,,,,,,,,,,,,,,,,,,,,,,,,,,,,,,,27112800,,,,,,,,,,,,,,,,,,,,,,,,,,,,,,,,,,,,,,,,,,,
,,,,,,,Tools & Equipment,Power Tools,Cordless Tools,,DCS714B,"DCS714B Dewalt 20V Miter Saw - (Bare) 10"" Double Bevel Fixed",-- Unbranded --,-- No Unilog Brand --,-- No DIB Brand --,Black & Decker/dewlt (2585),Black & Decker/dewlt,,,DCS714B,,Tools & Equipment>Power Tools>Cordless Power Tools,"Black & Decker/dewlt, Miter Saw, DCS714B, 20 V Voltage, 20V MAX Battery Platform",MITER SAW 20V 20V MAX 10RPM,"DCS714B Miter Saw, 20 V Voltage, 20V MAX Battery Platform, bare tool Configuration, 10 RPM No Load Speed","Miter Saw, 20 V Voltage, 20V MAX Battery Platform, bare tool Configuration, 10 RPM No Load Speed","Miter Saw, 20 V Voltage, 20V MAX Battery Platform, bare tool Configuration, 10 RPM No Load Speed",,20 V,10 RPM,,,,,,,,,,,,,,,,,,,,,,,,Miter Saw,Tool Type,Miter Saw,,Voltage,20,V,Battery Platform,20V MAX,,Configuration,bare tool,,Drive Size,,,No Load Speed,10,RPM,Motor Type,,,,,,,,,,,,,,,,,,,,,,,,,,,,,,,,,,,,,,,,,,,,,,,,,,,,,,,,,,,,,,,,,,,,,,,,,,,,,,,,,,,,,,,,,,,,,,,,,,,,,,,,,,,,,,,,,,,,,,,,,,,,,,,,,,,,,,,27112800,,,,,,,,,,,,,,,,,,,,,,,,,,,,,,,,,,,,,,,,,,,
,,,,,,,Tools & Equipment,Power Tools,Cordless Tools,,DCS785B,"DCS785B Dewalt 20V Miter Saw - Kit 12"" Double Bevel Sliding",-- Unbranded --,-- No Unilog Brand --,-- No DIB Brand --,Black & Decker/dewlt (2585),Black & Decker/dewlt,,,DCS785B,,Tools & Equipment>Power Tools>Cordless Power Tools,"Black & Decker/dewlt, Miter Saw, DCS785B, 20 V Voltage, 20V MAX Battery Platform",MITER SAW 20V 20V MAX KIT,"DCS785B Miter Saw, 20 V Voltage, 20V MAX Battery Platform, kit Configuration","Miter Saw, 20 V Voltage, 20V MAX Battery Platform, kit Configuration","Miter Saw, 20 V Voltage, 20V MAX Battery Platform, kit Configuration",,20 V,,,,,,,,,,,,,,,,,,,,,,,,,Miter Saw,Tool Type,Miter Saw,,Voltage,20,V,Battery Platform,20V MAX,,Configuration,kit,,Drive Size,,,No Load Speed,,,Motor Type,,,,,,,,,,,,,,,,,,,,,,,,,,,,,,,,,,,,,,,,,,,,,,,,,,,,,,,,,,,,,,,,,,,,,,,,,,,,,,,,,,,,,,,,,,,,,,,,,,,,,,,,,,,,,,,,,,,,,,,,,,,,,,,,,,,,,,,27112800,,,,,,,,,,,,,,,,,,,,,,,,,,,,,,,,,,,,,,,,,,,
,,,,,,,Tools & Equipment,Power Tools,Cordless Tools,,GSL02M1,"GSL02M1 Makita Miter Saw - 40V 8-1/2""",-- Unbranded --,-- No Unilog Brand --,-- No DIB Brand --,Makita Usa Inc (5142),Makita Usa Inc,,,GSL02M1,,Tools & Equipment>Power Tools>Cordless Power Tools,"Makita Usa Inc, Miter Saw, GSL02M1, 40 V Voltage, 1/2 in Drive Size",MITER SAW 40V 1/2IN 8-1/2RPM,"GSL02M1 Miter Saw, 40 V Voltage, 1/2 in Drive Size, 8-1/2 RPM No Load Speed","Miter Saw, 40 V Voltage, 1/2 in Drive Size, 8-1/2 RPM No Load Speed","Miter Saw, 40 V Voltage, 1/2 in Drive Size, 8-1/2 RPM No Load Speed",,40 V,1/2 in,8-1/2 RPM,,,,,,,,,,,,,,,,,,,,,,,Miter Saw,Tool Type,Miter Saw,,Voltage,40,V,Battery Platform,,,Configuration,,,Drive Size,1/2,in,No Load Speed,8-1/2,RPM,Motor Type,,,,,,,,,,,,,,,,,,,,,,,,,,,,,,,,,,,,,,,,,,,,,,,,,,,,,,,,,,,,,,,,,,,,,,,,,,,,,,,,,,,,,,,,,,,,,,,,,,,,,,,,,,,,,,,,,,,,,,,,,,,,,,,,,,,,,,,27112800,,,,,,,,,,,,,,,,,,,,,,,,,,,,,,,,,,,,,,,,,,,
,,,,,,,,,,,DW7029,DW7029 Dewalt Miter Saw - Stand Support/Stop,-- Unbranded --,-- No Unilog Brand --,-- No DIB Brand --,Black & Decker/dewlt (2585),Black & Decker/dewlt,Dewalt,,DW7029,,,"Black & Decker/dewlt Dewalt, Miter Saw, DW7029",MITER SAW,Dewalt DW7029 Miter Saw,Dewalt Miter Saw,Miter Saw,,,,,,,,,,,,,,,,,,,,,,,,,,,Miter Saw,Product Name,Miter Saw,,Brand,Dewalt,,Material,,,Color,,,Size,,,Quantity,,,,,,,,,,,,,,,,,,,,,,,,,,,,,,,,,,,,,,,,,,,,,,,,,,,,,,,,,,,,,,,,,,,,,,,,,,,,,,,,,,,,,,,,,,,,,,,,,,,,,,,,,,,,,,,,,,,,,,,,,,,,,,,,,,,,,,,,,,,,,,,,,,,,,,,,,,,,,,,,,,,,,,,,,,,,,,,,,,,,,
,,,,,,,Tools & Equipment,Power Tools,Cordless Tools,,DCS384B,DCS384B Dewalt 20V Brushless - Cordless Recip Saw (Bare),-- Unbranded --,-- No Unilog Brand --,DEWALT,Black & Decker/dewlt (2585),Black & Decker/dewlt,DEWALT,,DCS384B,,Tools & Equipment>Power Tools>Cordless Power Tools,"Black & Decker/dewlt DEWALT, Recip Saw, DCS384B, 20 V Voltage",RECIP SAW 20V 20V MAX,"DEWALT DCS384B Recip Saw, 20 V Voltage, 20V MAX Battery Platform, bare tool Configuration","DEWALT Recip Saw, 20 V Voltage, 20V MAX Battery Platform, bare tool Configuration","Recip Saw, 20 V Voltage, 20V MAX Battery Platform, bare tool Configuration",,20 V,,,,,,,,,,,,,,,,,,,,,,,,,Recip Saw,Tool Type,Recip Saw,,Voltage,20,V,Battery Platform,20V MAX,,Configuration,bare tool,,Drive Size,,,No Load Speed,,,Motor Type,,,,,,,,,,,,,,,,,,,,,,,,,,,,,,,,,,,,,,,,,,,,,,,,,,,,,,,,,,,,,,,,,,,,,,,,,,,,,,,,,,,,,,,,,,,,,,,,,,,,,,,,,,,,,,,,,,,,,,,,,,,,,,,,,,,,,,,27112800,,,,,,,,,,,,,,,,,,,,,,,,,,,,,,,,,,,,,,,,,,,
,,,,,,,Tools & Equipment,Power Tools,Cordless Tools,,XRJ08Z,XRJ08Z Makita 18V Recip Saw - Bare Tool,-- Unbranded --,-- No Unilog Brand --,-- No DIB Brand --,Makita Usa Inc (5142),Makita Usa Inc,,,XRJ08Z,,Tools & Equipment>Power Tools>Cordless Power Tools,"Makita Usa Inc, Recip Saw, XRJ08Z, 18 V Voltage, 18V LXT Battery Platform",RECIP SAW 18V 18V LXT,"XRJ08Z Recip Saw, 18 V Voltage, 18V LXT Battery Platform, bare tool Configuration","Recip Saw, 18 V Voltage, 18V LXT Battery Platform, bare tool Configuration","Recip Saw, 18 V Voltage, 18V LXT Battery Platform, bare tool Configuration",,18 V,,,,,,,,,,,,,,,,,,,,,,,,,Recip Saw,Tool Type,Recip Saw,,Voltage,18,V,Battery Platform,18V LXT,,Configuration,bare tool,,Drive Size,,,No Load Speed,,,Motor Type,,,,,,,,,,,,,,,,,,,,,,,,,,,,,,,,,,,,,,,,,,,,,,,,,,,,,,,,,,,,,,,,,,,,,,,,,,,,,,,,,,,,,,,,,,,,,,,,,,,,,,,,,,,,,,,,,,,,,,,,,,,,,,,,,,,,,,,27112800,,,,,,,,,,,,,,,,,,,,,,,,,,,,,,,,,,,,,,,,,,,
,,,,,,,,,,,G0771Z,"Grizzly G0771Z 30"" Table Saw",-- Unbranded --,-- No Unilog Brand --,-- No DIB Brand --,Woodstock Intl (3658),Woodstock Intl,Grizzly,,G0771Z,,,"Woodstock Intl Grizzly, Table Saw, G0771Z, 30 in",TABLE SAW 30IN,"Grizzly G0771Z Table Saw, 30 in","Grizzly Table Saw, 30 in","Table Saw, 30 in",,,,,,,,,,,,,,,,,,,,,,,,,,,Table Saw,Product Name,Table Saw,,Brand,Grizzly,,Material,,,Color,,,Size,30,in,Quantity,,,,,,,,,,,,,,,,,,,,,,,,,,,,,,,,,,,,,,,,,,,,,,,,,,,,,,,,,,,,,,,,,,,,,,,,,,,,,,,,,,,,,,,,,,,,,,,,,,,,,,,,,,,,,,,,,,,,,,,,,,,,,,,,,,,,,,,,,,,,,,,,,,,,,,,,,,,,,,,,,,,,,,,,,,,,,,,,,,,,,
,,,,,,,,,,,TS1017,TS1017 Table Saw Zero-Clearance Insert,-- Unbranded --,-- No Unilog Brand --,-- No DIB Brand --,Robt Bosch Tool Corp (6564),Robt Bosch Tool Corp,,,TS1017,,,"Robt Bosch Tool Corp, Table Saw Zero-Clearance Insert, TS1017",TABLE SAW ZERO-CLEARANCE INSERT,TS1017 Table Saw Zero-Clearance Insert,Table Saw Zero-Clearance Insert,Table Saw Zero-Clearance Insert,,,,,,,,,,,,,,,,,,,,,,,,,,,Table Saw Zero-clearance Insert,Product Name,Table Saw Zero-Clearance Insert,,Brand,,,Material,,,Color,,,Size,,,Quantity,,,,,,,,,,,,,,,,,,,,,,,,,,,,,,,,,,,,,,,,,,,,,,,,,,,,,,,,,,,,,,,,,,,,,,,,,,,,,,,,,,,,,,,,,,,,,,,,,,,,,,,,,,,,,,,,,,,,,,,,,,,,,,,,,,,,,,,,,,,,,,,,,,,,,,,,,,,,,,,,,,,,,,,,,,,,,,,,,,,,,
,,,,,,,,,,,XT524,"XT524 24"" XT XTENDER Fence",-- Unbranded --,-- No Unilog Brand --,-- No DIB Brand --,Bow Products (BOWPR),Bow Products,XT,,XT524,,,"Bow Products XT, XTENDER Fence, XT524, 24 in",XTENDER FENCE 24IN,"XT XT524 XTENDER Fence, 24 in","XT XTENDER Fence, 24 in","XTENDER Fence, 24 in",,,,,,,,,,,,,,,,,,,,,,,,,,,XTENDER Fence,Product Name,XTENDER Fence,,Brand,XT,,Material,,,Color,,,Size,24,in,Quantity,,,,,,,,,,,,,,,,,,,,,,,,,,,,,,,,,,,,,,,,,,,,,,,,,,,,,,,,,,,,,,,,,,,,,,,,,,,,,,,,,,,,,,,,,,,,,,,,,,,,,,,,,,,,,,,,,,,,,,,,,,,,,,,,,,,,,,,,,,,,,,,,,,,,,,,,,,,,,,,,,,,,,,,,,,,,,,,,,,,,,
,,,,,,,,,,,XT536,"XT536 36"" XT XTENDER Fence",-- Unbranded --,-- No Unilog Brand --,-- No DIB Brand --,Bow Products (BOWPR),Bow Products,XT,,XT536,,,"Bow Products XT, XTENDER Fence, XT536, 36 in",XTENDER FENCE 36IN,"XT XT536 XTENDER Fence, 36 in","XT XTENDER Fence, 36 in","XTENDER Fence, 36 in",,,,,,,,,,,,,,,,,,,,,,,,,,,XTENDER Fence,Product Name,XTENDER Fence,,Brand,XT,,Material,,,Color,,,Size,36,in,Quantity,,,,,,,,,,,,,,,,,,,,,,,,,,,,,,,,,,,,,,,,,,,,,,,,,,,,,,,,,,,,,,,,,,,,,,,,,,,,,,,,,,,,,,,,,,,,,,,,,,,,,,,,,,,,,,,,,,,,,,,,,,,,,,,,,,,,,,,,,,,,,,,,,,,,,,,,,,,,,,,,,,,,,,,,,,,,,,,,,,,,,
,,,,,,,,,,,XT546,"XT546 46"" XT XTENDER Fence",-- Unbranded --,-- No Unilog Brand --,-- No DIB Brand --,Bow Products (BOWPR),Bow Products,XT,,XT546,,,"Bow Products XT, XTENDER Fence, XT546, 46 in",XTENDER FENCE 46IN,"XT XT546 XTENDER Fence, 46 in","XT XTENDER Fence, 46 in","XTENDER Fence, 46 in",,,,,,,,,,,,,,,,,,,,,,,,,,,XTENDER Fence,Product Name,XTENDER Fence,,Brand,XT,,Material,,,Color,,,Size,46,in,Quantity,,,,,,,,,,,,,,,,,,,,,,,,,,,,,,,,,,,,,,,,,,,,,,,,,,,,,,,,,,,,,,,,,,,,,,,,,,,,,,,,,,,,,,,,,,,,,,,,,,,,,,,,,,,,,,,,,,,,,,,,,,,,,,,,,,,,,,,,,,,,,,,,,,,,,,,,,,,,,,,,,,,,,,,,,,,,,,,,,,,,,
,,,,,,,,,,,XTP235,"35"" XTP XTENDER PRO Fence - XTP235",-- Unbranded --,-- No Unilog Brand --,-- No DIB Brand --,Bow Products (BOWPR),Bow Products,XTP,,XTP235,,,"Bow Products XTP, Fence, XTP235, XTENDER PRO, 35",FENCE 35,"XTP XTP235 Fence, XTENDER PRO, 35","XTP Fence, XTENDER PRO, 35","Fence, XTENDER PRO, 35",,,,,,,,,,,,,,,,,,,,,,,,,,,Fence,Product Name,Fence,,Brand,XTP,,Material,XTENDER PRO,,Color,,,Size,35,,Quantity,,,,,,,,,,,,,,,,,,,,,,,,,,,,,,,,,,,,,,,,,,,,,,,,,,,,,,,,,,,,,,,,,,,,,,,,,,,,,,,,,,,,,,,,,,,,,,,,,,,,,,,,,,,,,,,,,,,,,,,,,,,,,,,,,,,,,,,,,,,,,,,,,,,,,,,,,,,,,,,,,,,,,,,,,,,,,,,,,,,,,
,,,,,,,,,,,TGP2-FA,TGP2-FA T-Glide Fence Professional,-- Unbranded --,-- No Unilog Brand --,-- No DIB Brand --,Saw Stop LLC (SAWST),Saw Stop LLC,TGP2-FA,,TGP2-FA,,,"Saw Stop LLC TGP2-FA, T-Glide Fence Professional, TGP2-FA",T-GLIDE FENCE PROFESSIONAL,TGP2-FA TGP2-FA T-Glide Fence Professional,TGP2-FA T-Glide Fence Professional,T-Glide Fence Professional,,,,,,,,,,,,,,,,,,,,,,,,,,,T-Glide Fence Professional,Product Name,T-Glide Fence Professional,,Brand,TGP2-FA,,Material,,,Color,,,Size,,,Quantity,,,,,,,,,,,,,,,,,,,,,,,,,,,,,,,,,,,,,,,,,,,,,,,,,,,,,,,,,,,,,,,,,,,,,,,,,,,,,,,,,,,,,,,,,,,,,,,,,,,,,,,,,,,,,,,,,,,,,,,,,,,,,,,,,,,,,,,,,,,,,,,,,,,,,,,,,,,,,,,,,,,,,,,,,,,,,,,,,,,,,
,,,,,,,,,,,ATGI-FA,ATGI-FA T-Glide Advanced Fence Industrial,-- Unbranded --,-- No Unilog Brand --,-- No DIB Brand --,Saw Stop LLC (SAWST),Saw Stop LLC,ATGI,,ATGI-FA,,,"Saw Stop LLC ATGI, T-Glide Advanced Fence Industrial, ATGI-FA",T-GLIDE ADVANCED FENCE INDUSTRIAL,ATGI ATGI-FA T-Glide Advanced Fence Industrial,ATGI T-Glide Advanced Fence Industrial,T-Glide Advanced Fence Industrial,,,,,,,,,,,,,,,,,,,,,,,,,,,T-Glide Advanced Fence Industrial,Product Name,T-Glide Advanced Fence Industrial,,Brand,ATGI,,Material,,,Color,,,Size,,,Quantity,,,,,,,,,,,,,,,,,,,,,,,,,,,,,,,,,,,,,,,,,,,,,,,,,,,,,,,,,,,,,,,,,,,,,,,,,,,,,,,,,,,,,,,,,,,,,,,,,,,,,,,,,,,,,,,,,,,,,,,,,,,,,,,,,,,,,,,,,,,,,,,,,,,,,,,,,,,,,,,,,,,,,,,,,,,,,,,,,,,,,
,,,,,,,,,,,ATGP-FA,ATGP-FA T-Glide Advance Fence Professional,-- Unbranded --,-- No Unilog Brand --,-- No DIB Brand --,Saw Stop LLC (SAWST),Saw Stop LLC,ATGP-FA,,ATGP-FA,,,"Saw Stop LLC ATGP-FA, T-Glide Advance Fence Professional, ATGP-FA",T-GLIDE ADVANCE FENCE PROFESSIONAL,ATGP-FA ATGP-FA T-Glide Advance Fence Professional,ATGP-FA T-Glide Advance Fence Professional,T-Glide Advance Fence Professional,,,,,,,,,,,,,,,,,,,,,,,,,,,T-Glide Advance Fence Professional,Product Name,T-Glide Advance Fence Professional,,Brand,ATGP-FA,,Material,,,Color,,,Size,,,Quantity,,,,,,,,,,,,,,,,,,,,,,,,,,,,,,,,,,,,,,,,,,,,,,,,,,,,,,,,,,,,,,,,,,,,,,,,,,,,,,,,,,,,,,,,,,,,,,,,,,,,,,,,,,,,,,,,,,,,,,,,,,,,,,,,,,,,,,,,,,,,,,,,,,,,,,,,,,,,,,,,,,,,,,,,,,,,,,,,,,,,,
,,,,,,,,,,,TGI2-FA,TGI2-FA T-Glide Fence Indudtrial,-- Unbranded --,-- No Unilog Brand --,-- No DIB Brand --,Saw Stop LLC (SAWST),Saw Stop LLC,TGI2-FA,,TGI2-FA,,,"Saw Stop LLC TGI2-FA, T-Glide Fence, TGI2-FA",T-GLIDE FENCE,TGI2-FA TGI2-FA T-Glide Fence,TGI2-FA T-Glide Fence,T-Glide Fence,,,,,,,,,,,,,,,,,,,,,,,,,,,T-Glide Fence,Product Name,T-Glide Fence,,Brand,TGI2-FA,,Material,,,Color,,,Size,,,Quantity,,,,,,,,,,,,,,,,,,,,,,,,,,,,,,,,,,,,,,,,,,,,,,,,,,,,,,,,,,,,,,,,,,,,,,,,,,,,,,,,,,,,,,,,,,,,,,,,,,,,,,,,,,,,,,,,,,,,,,,,,,,,,,,,,,,,,,,,,,,,,,,,,,,,,,,,,,,,,,,,,,,,,,,,,,,,,,,,,,,,,
,,,,,,,,,,,TGI2-T36A,"TGI2-T36A 36"" Table Assembly Industrial",-- Unbranded --,-- No Unilog Brand --,-- No DIB Brand --,Saw Stop LLC (SAWST),Saw Stop LLC,TGI2-T36A,,TGI2-T36A,,,"Saw Stop LLC TGI2-T36A, Table Assembly, TGI2-T36A, 36"" Table",TABLE ASSEMBLY,"TGI2-T36A TGI2-T36A Table Assembly, 36"" Table","TGI2-T36A Table Assembly, 36"" Table","Table Assembly, 36"" Table",,,,,,,,,,,,,,,,,,,,,,,,,,,Table Assembly,Product Name,Table Assembly,,Brand,TGI2-T36A,,Material,,,Color,,,Size,"36"" Table",,Quantity,,,,,,,,,,,,,,,,,,,,,,,,,,,,,,,,,,,,,,,,,,,,,,,,,,,,,,,,,,,,,,,,,,,,,,,,,,,,,,,,,,,,,,,,,,,,,,,,,,,,,,,,,,,,,,,,,,,,,,,,,,,,,,,,,,,,,,,,,,,,,,,,,,,,,,,,,,,,,,,,,,,,,,,,,,,,,,,,,,,,,
,,,,,,,Tools & Equipment,Power Tools,Cordless Tools,,KPTBPS100A,"KPTBPS100A Kreg 20V Ionic 6-1/2"" Plunge-Cut Track Saw Kit",-- Unbranded --,-- No Unilog Brand --,-- No DIB Brand --,Kreg Tool Company (KRETO),Kreg Tool Company,,,KPTBPS100A,,Tools & Equipment>Power Tools>Cordless Power Tools,"Kreg Tool Company, Track Saw, KPTBPS100A, 20 V Voltage, 20V MAX Battery Platform",TRACK SAW 20V 20V MAX KIT 1/2IN,"KPTBPS100A Track Saw, 20 V Voltage, 20V MAX Battery Platform, kit Configuration, 1/2 in Drive Size","Track Saw, 20 V Voltage, 20V MAX Battery Platform, kit Configuration, 1/2 in Drive Size","Track Saw, 20 V Voltage, 20V MAX Battery Platform, kit Configuration, 1/2 in Drive Size",,20 V,1/2 in,,,,,,,,,,,,,,,,,,,,,,,,Track Saw,Tool Type,Track Saw,,Voltage,20,V,Battery Platform,20V MAX,,Configuration,kit,,Drive Size,1/2,in,No Load Speed,,,Motor Type,,,,,,,,,,,,,,,,,,,,,,,,,,,,,,,,,,,,,,,,,,,,,,,,,,,,,,,,,,,,,,,,,,,,,,,,,,,,,,,,,,,,,,,,,,,,,,,,,,,,,,,,,,,,,,,,,,,,,,,,,,,,,,,,,,,,,,,27112800,,,,,,,,,,,,,,,,,,,,,,,,,,,,,,,,,,,,,,,,,,,
,,,,,,,,,,,DCB606C,DCB606C Dewalt Flexvolt Starter Kit,-- Unbranded --,-- No Unilog Brand --,-- No DIB Brand --,Black & Decker/dewlt (2585),Black & Decker/dewlt,Dewalt,,DCB606C,,,"Black & Decker/dewlt Dewalt, Flexvolt Starter Kit, DCB606C",FLEXVOLT STARTER KIT,Dewalt DCB606C Flexvolt Starter Kit,Dewalt Flexvolt Starter Kit,Flexvolt Starter Kit,,,,,,,,,,,,,,,,,,,,,,,,,,,Flexvolt Starter Kit,Product Name,Flexvolt Starter Kit,,Brand,Dewalt,,Material,,,Color,,,Size,,,Quantity,,,,,,,,,,,,,,,,,,,,,,,,,,,,,,,,,,,,,,,,,,,,,,,,,,,,,,,,,,,,,,,,,,,,,,,,,,,,,,,,,,,,,,,,,,,,,,,,,,,,,,,,,,,,,,,,,,,,,,,,,,,,,,,,,,,,,,,,,,,,,,,,,,,,,,,,,,,,,,,,,,,,,,,,,,,,,,,,,,,,,
,,,,,,,,,,,BL1850BDC1,BL1850BDC1 Makita Starter Kit,-- Unbranded --,-- No Unilog Brand --,-- No DIB Brand --,Makita Usa Inc (5142),Makita Usa Inc,Makita,,BL1850BDC1,,,"Makita, Starter Kit, BL1850BDC1",STARTER KIT,Makita BL1850BDC1 Starter Kit,Makita Starter Kit,Starter Kit,,,,,,,,,,,,,,,,,,,,,,,,,,,Starter Kit,Product Name,Starter Kit,,Brand,Makita,,Material,,,Color,,,Size,,,Quantity,,,,,,,,,,,,,,,,,,,,,,,,,,,,,,,,,,,,,,,,,,,,,,,,,,,,,,,,,,,,,,,,,,,,,,,,,,,,,,,,,,,,,,,,,,,,,,,,,,,,,,,,,,,,,,,,,,,,,,,,,,,,,,,,,,,,,,,,,,,,,,,,,,,,,,,,,,,,,,,,,,,,,,,,,,,,,,,,,,,,,
,,,,,,,,,,,DCB205C,DCB205C 20V Starter Kit,-- Unbranded --,-- No Unilog Brand --,DEWALT,Black & Decker/dewlt (2585),Black & Decker/dewlt,DEWALT,,DCB205C,,,"Black & Decker/dewlt DEWALT, Starter Kit, DCB205C",STARTER KIT,DEWALT DCB205C Starter Kit,DEWALT Starter Kit,Starter Kit,,,,,,,,,,,,,,,,,,,,,,,,,,,Starter Kit,Product Name,Starter Kit,,Brand,DCB,,Material,,,Color,,,Size,,,Quantity,,,,,,,,,,,,,,,,,,,,,,,,,,,,,,,,,,,,,,,,,,,,,,,,,,,,,,,,,,,,,,,,,,,,,,,,,,,,,,,,,,,,,,,,,,,,,,,,,,,,,,,,,,,,,,,,,,,,,,,,,,,,,,,,,,,,,,,,,,,,,,,,,,,,,,,,,,,,,,,,,,,,,,,,,,,,,,,,,,,,,
,,,,,,,Tools & Equipment,Power Tools,Batteries & Chargers,,DCB2108,DCB2108 Dewalt 20V 8Ah Battery - Max XR Powerpack,-- Unbranded --,-- No Unilog Brand --,DEWALT,Black & Decker/dewlt (2585),Black & Decker/dewlt,DEWALT,,DCB2108,,Tools & Equipment>Power Tools>Batteries & Chargers,"Black & Decker/dewlt DEWALT, Battery, DCB2108",BATTERY,DEWALT DCB2108 Battery,DEWALT Battery,Battery,,,,,,,,,,,,,,,,,,,,,,,,,,,Battery,Product Name,Battery,,Brand,Dewalt,,Material,,,Color,,,Size,,,Quantity,,,,,,,,,,,,,,,,,,,,,,,,,,,,,,,,,,,,,,,,,,,,,,,,,,,,,,,,,,,,,,,,,,,,,,,,,,,,,,,,,,,,,,,,,,,,,,,,,,,,,,,,,,,,,,,,,,,,,,,,,,,,,,,,,,,,,,,,,,26111701,,,,,,,,,,,,,,,,,,,,,,,,,,,,,,,,,,,,,,,,,,,
,,,,,,,Tools & Equipment,Power Tools,Batteries & Chargers,,DCB2108-2,DCB2108-2 Dewalt 20V 8Ah 2pk - Battery Max XR Powerpack,-- Unbranded --,-- No Unilog Brand --,-- No DIB Brand --,Black & Decker/dewlt (2585),Black & Decker/dewlt,Dewalt,,DCB2108-2,,Tools & Equipment>Power Tools>Batteries & Chargers,"Black & Decker/dewlt Dewalt, Battery Max XR Powerpack, DCB2108-2",BATTERY MAX XR POWERPACK 2PK,"Dewalt DCB2108-2 Battery Max XR Powerpack, 2pk Quantity","Dewalt Battery Max XR Powerpack, 2pk Quantity","Battery Max XR Powerpack, 2pk Quantity",,,,,,,,,,,,,,,,,,,,,,,,,,,Battery Max XR Powerpack,Product Name,Battery Max XR Powerpack,,Brand,Dewalt,,Material,,,Color,,,Size,,,Quantity,2pk,,,,,,,,,,,,,,,,,,,,,,,,,,,,,,,,,,,,,,,,,,,,,,,,,,,,,,,,,,,,,,,,,,,,,,,,,,,,,,,,,,,,,,,,,,,,,,,,,,,,,,,,,,,,,,,,,,,,,,,,,,,,,,,,,,,,,,,,,26111701,,,2,PK,,,,,,,,,,,,,,,,,,,,,,,,,,,,,,,,,,,,,,,
,,,,,,,Tools & Equipment,Power Tools,Batteries & Chargers,,VB0212,VB0212 Senco 18V 2.0 AH Lithium Battery,-- Unbranded --,-- No Unilog Brand --,-- No DIB Brand --,Senco Products Inc (4650),Senco Products Inc,Senco,,VB0212,,Tools & Equipment>Power Tools>Batteries & Chargers,"Senco, VB0212 Senco 18v 2.0 AH Lithium Battery, VB0212, Lithium",VB0212 SENCO 18V 2.0 AH LITHIUM BATTERY,"Senco VB0212 VB0212 Senco 18v 2.0 AH Lithium Battery, Lithium","Senco VB0212 Senco 18v 2.0 AH Lithium Battery, Lithium","VB0212 Senco 18v 2.0 AH Lithium Battery, Lithium",,,,,,,,,,,,,,,,,,,,,,,,,,,VB0212 Senco 18v 2.0 AH Lithium Battery,Product Name,VB0212 Senco 18V 2.0 AH Lithium Battery,,Brand,Senco,,Material,Lithium,,Color,,,Size,,,Quantity,,,,,,,,,,,,,,,,,,,,,,,,,,,,,,,,,,,,,,,,,,,,,,,,,,,,,,,,,,,,,,,,,,,,,,,,,,,,,,,,,,,,,,,,,,,,,,,,,,,,,,,,,,,,,,,,,,,,,,,,,,,,,,,,,,,,,,,,,,26111701,,,,,,,,,,,,,,,,,,,,,,,,,,,,,,,,,,,,,,,,,,,
,,,,,,,Tools & Equipment,Power Tools,Batteries & Chargers,,BCB2A20A,BCB2A20A Kreg 20V Battery/Charger Starter Kit,-- Unbranded --,-- No Unilog Brand --,-- No DIB Brand --,Kreg Tool Company (KRETO),Kreg Tool Company,Kreg,,BCB2A20A,,Tools & Equipment>Power Tools>Batteries & Chargers,"Kreg, Kreg 20v Battery/charger Starter Kit, BCB2A20A",KREG 20V BATTERY/CHARGER STARTER KIT,Kreg BCB2A20A Kreg 20v Battery/charger Starter Kit,Kreg Kreg 20v Battery/charger Starter Kit,Kreg 20v Battery/charger Starter Kit,,,,,,,,,,,,,,,,,,,,,,,,,,,Kreg 20v Battery/charger Starter Kit,Product Name,Kreg 20V Battery/Charger Starter Kit,,Brand,Kreg,,Material,,,Color,,,Size,,,Quantity,,,,,,,,,,,,,,,,,,,,,,,,,,,,,,,,,,,,,,,,,,,,,,,,,,,,,,,,,,,,,,,,,,,,,,,,,,,,,,,,,,,,,,,,,,,,,,,,,,,,,,,,,,,,,,,,,,,,,,,,,,,,,,,,,,,,,,,,,,26111701,,,,,,,,,,,,,,,,,,,,,,,,,,,,,,,,,,,,,,,,,,,
,,,,,,,Tools & Equipment,Power Tools,Batteries & Chargers,,BATT4A,BATT4A Kreg 20V 4ah Battery Pack,-- Unbranded --,-- No Unilog Brand --,-- No DIB Brand --,Kreg Tool Company (KRETO),Kreg Tool Company,Kreg,,BATT4A,,Tools & Equipment>Power Tools>Batteries & Chargers,"Kreg, Battery Pack, BATT4A, 4 Ah Quantity",BATTERY PACK 4AH,"Kreg BATT4A Battery Pack, 4 Ah Quantity","Kreg Battery Pack, 4 Ah Quantity","Battery Pack, 4 Ah Quantity",,4 Ah,,,,,,,,,,,,,,,,,,,,,,,,,Battery Pack,Product Name,Battery Pack,,Brand,Kreg,,Material,,,Color,,,Size,,,Quantity,4,Ah,,,,,,,,,,,,,,,,,,,,,,,,,,,,,,,,,,,,,,,,,,,,,,,,,,,,,,,,,,,,,,,,,,,,,,,,,,,,,,,,,,,,,,,,,,,,,,,,,,,,,,,,,,,,,,,,,,,,,,,,,,,,,,,,,,,,,,,,26111701,,,,,,,,,,,,,,,,,,,,,,,,,,,,,,,,,,,,,,,,,,,
,,,,,,,Tools & Equipment,Power Tools,Batteries & Chargers,,BATT2A,BATT2A Kreg 20V 2ah Battery Pack,-- Unbranded --,-- No Unilog Brand --,-- No DIB Brand --,Kreg Tool Company (KRETO),Kreg Tool Company,Kreg,,BATT2A,,Tools & Equipment>Power Tools>Batteries & Chargers,"Kreg, Battery Pack, BATT2A, 20V 2ah Quantity",BATTERY PACK 20V 2AH,"Kreg BATT2A Battery Pack, 20V 2ah Quantity","Kreg Battery Pack, 20V 2ah Quantity","Battery Pack, 20V 2ah Quantity",,,,,,,,,,,,,,,,,,,,,,,,,,,Battery Pack,Product Name,Battery Pack,,Brand,Kreg,,Material,,,Color,,,Size,,,Quantity,20V 2ah,,,,,,,,,,,,,,,,,,,,,,,,,,,,,,,,,,,,,,,,,,,,,,,,,,,,,,,,,,,,,,,,,,,,,,,,,,,,,,,,,,,,,,,,,,,,,,,,,,,,,,,,,,,,,,,,,,,,,,,,,,,,,,,,,,,,,,,,,26111701,,,,,,,,,,,,,,,,,,,,,,,,,,,,,,,,,,,,,,,,,,,
,,,,,,,,,,,BL1850BDC2X1,BL1850BDC2X1 Makita Starter Kit,-- Unbranded --,-- No Unilog Brand --,-- No DIB Brand --,Makita Usa Inc (5142),Makita Usa Inc,Makita,,BL1850BDC2X1,,,"Makita, Starter Kit, BL1850BDC2X1",STARTER KIT,Makita BL1850BDC2X1 Starter Kit,Makita Starter Kit,Starter Kit,,,,,,,,,,,,,,,,,,,,,,,,,,,Starter Kit,Product Name,Starter Kit,,Brand,Makita,,Material,,,Color,,,Size,,,Quantity,,,,,,,,,,,,,,,,,,,,,,,,,,,,,,,,,,,,,,,,,,,,,,,,,,,,,,,,,,,,,,,,,,,,,,,,,,,,,,,,,,,,,,,,,,,,,,,,,,,,,,,,,,,,,,,,,,,,,,,,,,,,,,,,,,,,,,,,,,,,,,,,,,,,,,,,,,,,,,,,,,,,,,,,,,,,,,,,,,,,,
,,,,,,,Tools & Equipment,Power Tools,Batteries & Chargers,,48-11-2422,48-11-2422 Milw M12 CP2.0 Battery Two Pack,-- Unbranded --,-- No Unilog Brand --,-- No DIB Brand --,Milwaukee Accessory (4031),Milwaukee Accessory,Milw,,48-11-2422,,Tools & Equipment>Power Tools>Batteries & Chargers,"Milwaukee Accessory Milw, Battery Two Pack, 48-11-2422, Two Pack Quantity",BATTERY TWO PACK TWO PACK,"Milw 48-11-2422 Battery Two Pack, Two Pack Quantity","Milw Battery Two Pack, Two Pack Quantity","Battery Two Pack, Two Pack Quantity",,,,,,,,,,,,,,,,,,,,,,,,,,,Battery Two Pack,Product Name,Battery Two Pack,,Brand,Milw,,Material,,,Color,,,Size,,,Quantity,Two Pack,,,,,,,,,,,,,,,,,,,,,,,,,,,,,,,,,,,,,,,,,,,,,,,,,,,,,,,,,,,,,,,,,,,,,,,,,,,,,,,,,,,,,,,,,,,,,,,,,,,,,,,,,,,,,,,,,,,,,,,,,,,,,,,,,,,,,,,,,26111701,,,,,,,,,,,,,,,,,,,,,,,,,,,,,,,,,,,,,,,,,,,
,,,,,,,,,,,DCB1104,DCB1104 Dewalt 12V/20V Charger - 4 Amp,-- Unbranded --,-- No Unilog Brand --,-- No DIB Brand --,Black & Decker/dewlt (2585),Black & Decker/dewlt,Dewalt,,DCB1104,,,"Black & Decker/dewlt Dewalt, Charger, DCB1104",CHARGER,Dewalt DCB1104 Charger,Dewalt Charger,Charger,,,,,,,,,,,,,,,,,,,,,,,,,,,Charger,Product Name,Charger,,Brand,Dewalt,,Material,,,Color,,,Size,,,Quantity,,,,,,,,,,,,,,,,,,,,,,,,,,,,,,,,,,,,,,,,,,,,,,,,,,,,,,,,,,,,,,,,,,,,,,,,,,,,,,,,,,,,,,,,,,,,,,,,,,,,,,,,,,,,,,,,,,,,,,,,,,,,,,,,,,,,,,,,,,,,,,,,,,,,,,,,,,,,,,,,,,,,,,,,,,,,,,,,,,,,,
,,,,,,,Tools & Equipment,Power Tools,Batteries & Chargers,,48-59-1804,48-59-1804 Milw M18 and M12 Rapid Charger,-- Unbranded --,-- No Unilog Brand --,-- No DIB Brand --,Milwaukee Accessory (4031),Milwaukee Accessory,Milw,,48-59-1804,,Tools & Equipment>Power Tools>Batteries & Chargers,"Milwaukee Accessory Milw, Rapid Charger, 48-59-1804",RAPID CHARGER,Milw 48-59-1804 Rapid Charger,Milw Rapid Charger,Rapid Charger,,,,,,,,,,,,,,,,,,,,,,,,,,,Rapid Charger,Product Name,Rapid Charger,,Brand,Milw,,Material,,,Color,,,Size,,,Quantity,,,,,,,,,,,,,,,,,,,,,,,,,,,,,,,,,,,,,,,,,,,,,,,,,,,,,,,,,,,,,,,,,,,,,,,,,,,,,,,,,,,,,,,,,,,,,,,,,,,,,,,,,,,,,,,,,,,,,,,,,,,,,,,,,,,,,,,,,,26111701,,,,,,,,,,,,,,,,,,,,,,,,,,,,,,,,,,,,,,,,,,,
,,,,,,,Tools & Equipment,Power Tools,Cordless Tools,,CRGR401A,CRGR401A Kreg 20V Fast Charger,-- Unbranded --,-- No Unilog Brand --,-- No DIB Brand --,Kreg Tool Company (KRETO),Kreg Tool Company,,,CRGR401A,,Tools & Equipment>Power Tools>Cordless Power Tools,"Kreg Tool Company, Fast Charger, CRGR401A, 20 V Voltage",FAST CHARGER 20V 20V MAX,"CRGR401A Fast Charger, 20 V Voltage, 20V MAX Battery Platform","Fast Charger, 20 V Voltage, 20V MAX Battery Platform","Fast Charger, 20 V Voltage, 20V MAX Battery Platform",,20 V,,,,,,,,,,,,,,,,,,,,,,,,,Fast Charger,Tool Type,Fast Charger,,Voltage,20,V,Battery Platform,20V MAX,,Configuration,,,Drive Size,,,No Load Speed,,,Motor Type,,,,,,,,,,,,,,,,,,,,,,,,,,,,,,,,,,,,,,,,,,,,,,,,,,,,,,,,,,,,,,,,,,,,,,,,,,,,,,,,,,,,,,,,,,,,,,,,,,,,,,,,,,,,,,,,,,,,,,,,,,,,,,,,,,,,,,,27112800,,,,,,,,,,,,,,,,,,,,,,,,,,,,,,,,,,,,,,,,,,,
,,,,,,,Tools & Equipment,Power Tools,Batteries & Chargers,,48-59-1211,48-59-1211 Milw Power Supply - Charger,-- Unbranded --,-- No Unilog Brand --,Milwaukee,Milwaukee Accessory (4031),Milwaukee Accessory,Milwaukee,,48-59-1211,,Tools & Equipment>Power Tools>Batteries & Chargers,"Milwaukee, Power Supply - Charger, 48-59-1211",POWER SUPPLY - CHARGER,Milwaukee 48-59-1211 Power Supply - Charger,Milwaukee Power Supply - Charger,Power Supply - Charger,,,,,,,,,,,,,,,,,,,,,,,,,,,Power Supply - Charger,Product Name,Power Supply - Charger,,Brand,Milw,,Material,,,Color,,,Size,,,Quantity,,,,,,,,,,,,,,,,,,,,,,,,,,,,,,,,,,,,,,,,,,,,,,,,,,,,,,,,,,,,,,,,,,,,,,,,,,,,,,,,,,,,,,,,,,,,,,,,,,,,,,,,,,,,,,,,,,,,,,,,,,,,,,,,,,,,,,,,,,26111701,,,,,,,,,,,,,,,,,,,,,,,,,,,,,,,,,,,,,,,,,,,
,,,,,,,Tools & Equipment,Power Tools,Batteries & Chargers,,2847-20,2847-20 Milw M18 Charger and Power Supply,-- Unbranded --,-- No Unilog Brand --,-- No DIB Brand --,Milwaukee Accessory (4031),Milwaukee Accessory,Milw,,2847-20,,Tools & Equipment>Power Tools>Batteries & Chargers,"Milwaukee Accessory Milw, Charger And Power Supply, 2847-20",CHARGER AND POWER SUPPLY,Milw 2847-20 Charger And Power Supply,Milw Charger And Power Supply,Charger And Power Supply,,,,,,,,,,,,,,,,,,,,,,,,,,,Charger And Power Supply,Product Name,Charger and Power Supply,,Brand,Milw,,Material,,,Color,,,Size,,,Quantity,,,,,,,,,,,,,,,,,,,,,,,,,,,,,,,,,,,,,,,,,,,,,,,,,,,,,,,,,,,,,,,,,,,,,,,,,,,,,,,,,,,,,,,,,,,,,,,,,,,,,,,,,,,,,,,,,,,,,,,,,,,,,,,,,,,,,,,,,,26111701,,,,,,,,,,,,,,,,,,,,,,,,,,,,,,,,,,,,,,,,,,,
,,,,,,,,,,,DWV9401,DWV9401 Dewalt Paper Bag - 5pk,-- Unbranded --,-- No Unilog Brand --,-- No DIB Brand --,Black & Decker/dewlt (2585),Black & Decker/dewlt,Dewalt,,DWV9401,,,"Black & Decker/dewlt Dewalt, Dewalt Paper Bag, DWV9401, 5pk Quantity",DEWALT PAPER BAG 5PK,"Dewalt DWV9401 Dewalt Paper Bag, 5pk Quantity","Dewalt Dewalt Paper Bag, 5pk Quantity","Dewalt Paper Bag, 5pk Quantity",,,,,,,,,,,,,,,,,,,,,,,,,,,Dewalt Paper Bag,Product Name,Dewalt Paper Bag,,Brand,Dewalt,,Material,,,Color,,,Size,,,Quantity,5pk,,,,,,,,,,,,,,,,,,,,,,,,,,,,,,,,,,,,,,,,,,,,,,,,,,,,,,,,,,,,,,,,,,,,,,,,,,,,,,,,,,,,,,,,,,,,,,,,,,,,,,,,,,,,,,,,,,,,,,,,,,,,,,,,,,,,,,,,,,,,5,PK,,,,,,,,,,,,,,,,,,,,,,,,,,,,,,,,,,,,,,,
,,,,,,,,,,,578512,578512 Festool Dust Extractor-CT MIDI I HEPA,-- Unbranded --,-- No Unilog Brand --,-- No DIB Brand --,Festool USA (FESTO),Festool USA,Festool,,578512,,,"Festool, Dust Extractor-Ct MIDI I HEPA, 578512",DUST EXTRACTOR-CT MIDI I HEPA,Festool 578512 Dust Extractor-Ct MIDI I HEPA,Festool Dust Extractor-Ct MIDI I HEPA,Dust Extractor-Ct MIDI I HEPA,,,,,,,,,,,,,,,,,,,,,,,,,,,Dust Extractor-ct MIDI I HEPA,Product Name,Dust Extractor-CT MIDI I HEPA,,Brand,Festool,,Material,,,Color,,,Size,,,Quantity,,,,,,,,,,,,,,,,,,,,,,,,,,,,,,,,,,,,,,,,,,,,,,,,,,,,,,,,,,,,,,,,,,,,,,,,,,,,,,,,,,,,,,,,,,,,,,,,,,,,,,,,,,,,,,,,,,,,,,,,,,,,,,,,,,,,,,,,,,,,,,,,,,,,,,,,,,,,,,,,,,,,,,,,,,,,,,,,,,,,,
,,,,,,,,,,,577871,577871 Festool Dust Extractor - CT 26,-- Unbranded --,-- No Unilog Brand --,-- No DIB Brand --,Festool USA (FESTO),Festool USA,Festool,,577871,,,"Festool, Dust Extractor, 577871",DUST EXTRACTOR,Festool 577871 Dust Extractor,Festool Dust Extractor,Dust Extractor,,,,,,,,,,,,,,,,,,,,,,,,,,,Dust Extractor,Product Name,Dust Extractor,,Brand,Festool,,Material,,,Color,,,Size,,,Quantity,,,,,,,,,,,,,,,,,,,,,,,,,,,,,,,,,,,,,,,,,,,,,,,,,,,,,,,,,,,,,,,,,,,,,,,,,,,,,,,,,,,,,,,,,,,,,,,,,,,,,,,,,,,,,,,,,,,,,,,,,,,,,,,,,,,,,,,,,,,,,,,,,,,,,,,,,,,,,,,,,,,,,,,,,,,,,,,,,,,,,
,,,,,,,,,,,577874,577874 Festool Dust Extractor - CT 36,-- Unbranded --,-- No Unilog Brand --,-- No DIB Brand --,Festool USA (FESTO),Festool USA,Festool,,577874,,,"Festool, Dust Extractor, 577874, CT 36",DUST EXTRACTOR CT 36,"Festool 577874 Dust Extractor, CT 36","Festool Dust Extractor, CT 36","Dust Extractor, CT 36",,,,,,,,,,,,,,,,,,,,,,,,,,,Dust Extractor,Product Name,Dust Extractor,,Brand,Festool,,Material,,,Color,,,Size,CT 36,,Quantity,,,,,,,,,,,,,,,,,,,,,,,,,,,,,,,,,,,,,,,,,,,,,,,,,,,,,,,,,,,,,,,,,,,,,,,,,,,,,,,,,,,,,,,,,,,,,,,,,,,,,,,,,,,,,,,,,,,,,,,,,,,,,,,,,,,,,,,,,,,,,,,,,,,,,,,,,,,,,,,,,,,,,,,,,,,,,,,,,,,,,
,,,,,,,,,,,577876,577876 Festool Dust Extractor - CT 48,-- Unbranded --,-- No Unilog Brand --,-- No DIB Brand --,Festool USA (FESTO),Festool USA,Festool,,577876,,,"Festool, Dust Extractor, 577876, CT 48",DUST EXTRACTOR CT 48,"Festool 577876 Dust Extractor, CT 48","Festool Dust Extractor, CT 48","Dust Extractor, CT 48",,,,,,,,,,,,,,,,,,,,,,,,,,,Dust Extractor,Product Name,Dust Extractor,,Brand,Festool,,Material,,,Color,,,Size,CT 48,,Quantity,,,,,,,,,,,,,,,,,,,,,,,,,,,,,,,,,,,,,,,,,,,,,,,,,,,,,,,,,,,,,,,,,,,,,,,,,,,,,,,,,,,,,,,,,,,,,,,,,,,,,,,,,,,,,,,,,,,,,,,,,,,,,,,,,,,,,,,,,,,,,,,,,,,,,,,,,,,,,,,,,,,,,,,,,,,,,,,,,,,,,
,,,,,,,,,,,578441,578441 Festool Dust Extractor-CT 15 HEPA,-- Unbranded --,-- No Unilog Brand --,-- No DIB Brand --,Festool USA (FESTO),Festool USA,Festool,,578441,,,"Festool, Dust Extractor-Ct 15 HEPA, 578441",DUST EXTRACTOR-CT 15 HEPA,Festool 578441 Dust Extractor-Ct 15 HEPA,Festool Dust Extractor-Ct 15 HEPA,Dust Extractor-Ct 15 HEPA,,,,,,,,,,,,,,,,,,,,,,,,,,,Dust Extractor-ct 15 HEPA,Product Name,Dust Extractor-CT 15 HEPA,,Brand,Festool,,Material,,,Color,,,Size,,,Quantity,,,,,,,,,,,,,,,,,,,,,,,,,,,,,,,,,,,,,,,,,,,,,,,,,,,,,,,,,,,,,,,,,,,,,,,,,,,,,,,,,,,,,,,,,,,,,,,,,,,,,,,,,,,,,,,,,,,,,,,,,,,,,,,,,,,,,,,,,,,,,,,,,,,,,,,,,,,,,,,,,,,,,,,,,,,,,,,,,,,,,
,,,,,,,Tools & Equipment,Power Tools,Cordless Tools,,DCK225D2,DCK225D2 Dewalt Impact/Drill - Kit,-- Unbranded --,-- No Unilog Brand --,DEWALT,Black & Decker/dewlt (2585),Black & Decker/dewlt,DEWALT,,DCK225D2,,Tools & Equipment>Power Tools>Cordless Power Tools,"Black & Decker/dewlt DEWALT, Impact/drill, DCK225D2, DCK225D2 Configuration",IMPACT/DRILL DCK225D2,"DEWALT DCK225D2 Impact/drill, DCK225D2 Configuration","DEWALT Impact/drill, DCK225D2 Configuration","Impact/drill, DCK225D2 Configuration",,,,,,,,,,,,,,,,,,,,,,,,,,,Impact/drill,Tool Type,Impact/Drill,,Voltage,,,Battery Platform,,,Configuration,DCK225D2,,Drive Size,,,No Load Speed,,,Motor Type,,,,,,,,,,,,,,,,,,,,,,,,,,,,,,,,,,,,,,,,,,,,,,,,,,,,,,,,,,,,,,,,,,,,,,,,,,,,,,,,,,,,,,,,,,,,,,,,,,,,,,,,,,,,,,,,,,,,,,,,,,,,,,,,,,,,,,,27112800,,,,,,,,,,,,,,,,,,,,,,,,,,,,,,,,,,,,,,,,,,,
,,,,,,,Tools & Equipment,Power Tools,Cordless Tools,,DCK2101QQ2,Dewalt DCK2101QQ2 20V 2Pc Kit,-- Unbranded --,-- No Unilog Brand --,-- No DIB Brand --,Black & Decker/dewlt (2585),Black & Decker/dewlt,,,DCK2101QQ2,,Tools & Equipment>Power Tools>Cordless Power Tools,"Black & Decker/dewlt, 2Pc Kit, DCK2101QQ2, 20 V Voltage, kit Configuration",2PC KIT 20V 20V MAX KIT 20V 20V 20V,"DCK2101QQ2 2Pc Kit, 20 V Voltage, 20V MAX Battery Platform, kit Configuration, 20 V Drive Size, 20 V No Load Speed","2Pc Kit, 20 V Voltage, 20V MAX Battery Platform, kit Configuration, 20 V Drive Size, 20 V No Load Speed, 20 V Motor Type","2Pc Kit, 20 V Voltage, 20V MAX Battery Platform, kit Configuration, 20 V Drive Size, 20 V No Load Speed, 20 V Motor Type",,20 V,20 V,20 V,20 V,,,,,,,,,,,,,,,,,,,,,,2Pc Kit,Tool Type,2Pc Kit,,Voltage,20,V,Battery Platform,20V MAX,,Configuration,kit,,Drive Size,20,V,No Load Speed,20,V,Motor Type,20,V,,,,,,,,,,,,,,,,,,,,,,,,,,,,,,,,,,,,,,,,,,,,,,,,,,,,,,,,,,,,,,,,,,,,,,,,,,,,,,,,,,,,,,,,,,,,,,,,,,,,,,,,,,,,,,,,,,,,,,,,,,,,,,,,,,,,,27112800,,,,,,,,,,,,,,,,,,,,,,,,,,,,,,,,,,,,,,,,,,,
,,,,,,,,,,,4000-2/32,4000-2/32 DREMEL ROTARY TOOL,-- Unbranded --,-- No Unilog Brand --,Dremel,Robt Bosch Tool Corp (6564),Robt Bosch Tool Corp,Dremel,,4000-2/32,,,"Robt Bosch Tool Corp Dremel, ROTARY TOOL, 4000-2/32",ROTARY TOOL,Dremel 4000-2/32 ROTARY TOOL,Dremel ROTARY TOOL,ROTARY TOOL,,,,,,,,,,,,,,,,,,,,,,,,,,,ROTARY TOOL,Product Name,ROTARY TOOL,,Brand,DREMEL,,Material,,,Color,,,Size,,,Quantity,,,,,,,,,,,,,,,,,,,,,,,,,,,,,,,,,,,,,,,,,,,,,,,,,,,,,,,,,,,,,,,,,,,,,,,,,,,,,,,,,,,,,,,,,,,,,,,,,,,,,,,,,,,,,,,,,,,,,,,,,,,,,,,,,,,,,,,,,,,,,,,,,,,,,,,,,,,,,,,,,,,,,,,,,,,,,,,,,,,,,
,,,,,,,,,,,3100-1/15,3100-1/15 Dremel Rotary Tool - Kit 15pc,-- Unbranded --,-- No Unilog Brand --,Dremel,Robt Bosch Tool Corp (6564),Robt Bosch Tool Corp,Dremel,,3100-1/15,,,"Robt Bosch Tool Corp Dremel, Dremel Rotary Tool, 3100-1/15, 15pc Quantity",DREMEL ROTARY TOOL 15PC,"Dremel 3100-1/15 Dremel Rotary Tool, 15pc Quantity","Dremel Dremel Rotary Tool, 15pc Quantity","Dremel Rotary Tool, 15pc Quantity",,,,,,,,,,,,,,,,,,,,,,,,,,,Dremel Rotary Tool,Product Name,Dremel Rotary Tool,,Brand,Dremel,,Material,,,Color,,,Size,,,Quantity,15pc,,,,,,,,,,,,,,,,,,,,,,,,,,,,,,,,,,,,,,,,,,,,,,,,,,,,,,,,,,,,,,,,,,,,,,,,,,,,,,,,,,,,,,,,,,,,,,,,,,,,,,,,,,,,,,,,,,,,,,,,,,,,,,,,,,,,,,,,,,,,15,PK,,,,,,,,,,,,,,,,,,,,,,,,,,,,,,,,,,,,,,,
,,,,,,,,,,,T-90043,T-90043 Deep Medium Organizer,-- Unbranded --,-- No Unilog Brand --,-- No DIB Brand --,Makita Usa Inc (5142),Makita Usa Inc,,,T-90043,,,"Makita Usa Inc, Deep Medium Organizer, T-90043",DEEP MEDIUM ORGANIZER,T-90043 Deep Medium Organizer,Deep Medium Organizer,Deep Medium Organizer,,,,,,,,,,,,,,,,,,,,,,,,,,,Deep Medium Organizer,Product Name,Deep Medium Organizer,,Brand,,,Material,,,Color,,,Size,,,Quantity,,,,,,,,,,,,,,,,,,,,,,,,,,,,,,,,,,,,,,,,,,,,,,,,,,,,,,,,,,,,,,,,,,,,,,,,,,,,,,,,,,,,,,,,,,,,,,,,,,,,,,,,,,,,,,,,,,,,,,,,,,,,,,,,,,,,,,,,,,,,,,,,,,,,,,,,,,,,,,,,,,,,,,,,,,,,,,,,,,,,,
,,,,,,,,,,,T-90059,T-90059 Low Profile Medium - Organizer,-- Unbranded --,-- No Unilog Brand --,-- No DIB Brand --,Makita Usa Inc (5142),Makita Usa Inc,T-90059,,T-90059,,,"Makita Usa Inc T-90059, Organizer, T-90059",ORGANIZER,T-90059 T-90059 Organizer,T-90059 Organizer,Organizer,,,,,,,,,,,,,,,,,,,,,,,,,,,Organizer,Product Name,Organizer,,Brand,T-90059,,Material,,,Color,,,Size,,,Quantity,,,,,,,,,,,,,,,,,,,,,,,,,,,,,,,,,,,,,,,,,,,,,,,,,,,,,,,,,,,,,,,,,,,,,,,,,,,,,,,,,,,,,,,,,,,,,,,,,,,,,,,,,,,,,,,,,,,,,,,,,,,,,,,,,,,,,,,,,,,,,,,,,,,,,,,,,,,,,,,,,,,,,,,,,,,,,,,,,,,,,
,,,,,,,,,,,T-90065,T-90065 Deep Compact Organizer,-- Unbranded --,-- No Unilog Brand --,-- No DIB Brand --,Makita Usa Inc (5142),Makita Usa Inc,,,T-90065,,,"Makita Usa Inc, Deep Compact Organizer, T-90065",DEEP COMPACT ORGANIZER,T-90065 Deep Compact Organizer,Deep Compact Organizer,Deep Compact Organizer,,,,,,,,,,,,,,,,,,,,,,,,,,,Deep Compact Organizer,Product Name,Deep Compact Organizer,,Brand,,,Material,,,Color,,,Size,,,Quantity,,,,,,,,,,,,,,,,,,,,,,,,,,,,,,,,,,,,,,,,,,,,,,,,,,,,,,,,,,,,,,,,,,,,,,,,,,,,,,,,,,,,,,,,,,,,,,,,,,,,,,,,,,,,,,,,,,,,,,,,,,,,,,,,,,,,,,,,,,,,,,,,,,,,,,,,,,,,,,,,,,,,,,,,,,,,,,,,,,,,,
,,,,,,,,,,,10047VS,10047VS Oliver 3HP 230V 1PH Shaper 1-1/4 Spindle,-- Unbranded --,-- No Unilog Brand --,-- No DIB Brand --,Oliver Machinery Company (OLIMA),Oliver Machinery Company,Oliver,,10047VS,,,"Oliver, Shaper, 10047VS, 1-1/4",SHAPER 1-1/4,"Oliver 10047VS Shaper, 1-1/4","Oliver Shaper, 1-1/4","Shaper, 1-1/4",,,,,,,,,,,,,,,,,,,,,,,,,,,Shaper,Product Name,Shaper,,Brand,Oliver,,Material,,,Color,,,Size,1-1/4,,Quantity,,,,,,,,,,,,,,,,,,,,,,,,,,,,,,,,,,,,,,,,,,,,,,,,,,,,,,,,,,,,,,,,,,,,,,,,,,,,,,,,,,,,,,,,,,,,,,,,,,,,,,,,,,,,,,,,,,,,,,,,,,,,,,,,,,,,,,,,,,,,,,,,,,,,,,,,,,,,,,,,,,,,,,,,,,,,,,,,,,,,,
,,,,,,,,,,,MAG:2044-230-1,2044-230-1 Stock Feeder 4-Roll - Steff,-- Unbranded --,-- No Unilog Brand --,-- No DIB Brand --,J&G Machinery (JGMAC),J&G Machinery,Steff,,MAG:2044-230-1,,,"J&G Machinery Steff, Stock Feeder 4-Roll, MAG:2044-230-1",STOCK FEEDER 4-ROLL,Steff MAG:2044-230-1 Stock Feeder 4-Roll,Steff Stock Feeder 4-Roll,Stock Feeder 4-Roll,,,,,,,,,,,,,,,,,,,,,,,,,,,Stock Feeder 4-roll,Product Name,Stock Feeder 4-Roll,,Brand,Steff,,Material,,,Color,,,Size,,,Quantity,,,,,,,,,,,,,,,,,,,,,,,,,,,,,,,,,,,,,,,,,,,,,,,,,,,,,,,,,,,,,,,,,,,,,,,,,,,,,,,,,,,,,,,,,,,,,,,,,,,,,,,,,,,,,,,,,,,,,,,,,,,,,,,,,,,,,,,,,,,,,,,,,,,,,,,,,,,,,,,,,,,,,,,,,,,,,,,,,,,,,
,,,,,,,,,,,XTP242,"42"" XTP XTENDER PRO Fence - XTP242",-- Unbranded --,-- No Unilog Brand --,-- No DIB Brand --,Bow Products (BOWPR),Bow Products,XTP,,XTP242,,,"Bow Products XTP, Fence, XTP242, XTENDER PRO",FENCE,"XTP XTP242 Fence, XTENDER PRO, 42"" XTP XTENDER PRO Fence - XTP242""","XTP Fence, XTENDER PRO, 42"" XTP XTENDER PRO Fence - XTP242""","Fence, XTENDER PRO, 42"" XTP XTENDER PRO Fence - XTP242""",,,,,,,,,,,,,,,,,,,,,,,,,,,Fence,Product Name,Fence,,Brand,XTP,,Material,XTENDER PRO,,Color,,,Size,"42"" XTP XTENDER PRO Fence - XTP242""",,Quantity,,,,,,,,,,,,,,,,,,,,,,,,,,,,,,,,,,,,,,,,,,,,,,,,,,,,,,,,,,,,,,,,,,,,,,,,,,,,,,,,,,,,,,,,,,,,,,,,,,,,,,,,,,,,,,,,,,,,,,,,,,,,,,,,,,,,,,,,,,,,,,,,,,,,,,,,,,,,,,,,,,,,,,,,,,,,,,,,,,,,,
,,,,,,,,,,,AAS-P,AAS-P Align-A-Saw Plate Only,-- Unbranded --,-- No Unilog Brand --,-- No DIB Brand --,Woodpeckers Inc (WOODP),Woodpeckers Inc,AAS-P,,AAS-P,,,"Woodpeckers Inc AAS-P, Align-A-Saw Plate, AAS-P",ALIGN-A-SAW PLATE,AAS-P AAS-P Align-A-Saw Plate,AAS-P Align-A-Saw Plate,Align-A-Saw Plate,,,,,,,,,,,,,,,,,,,,,,,,,,,Align-a-saw Plate,Product Name,Align-A-Saw Plate,,Brand,AAS-P,,Material,,,Color,,,Size,,,Quantity,,,,,,,,,,,,,,,,,,,,,,,,,,,,,,,,,,,,,,,,,,,,,,,,,,,,,,,,,,,,,,,,,,,,,,,,,,,,,,,,,,,,,,,,,,,,,,,,,,,,,,,,,,,,,,,,,,,,,,,,,,,,,,,,,,,,,,,,,,,,,,,,,,,,,,,,,,,,,,,,,,,,,,,,,,,,,,,,,,,,,
,,,,,,,,,,,SSCMS,SSCMS Stealthstop Miter Sled,-- Unbranded --,-- No Unilog Brand --,-- No DIB Brand --,Woodpeckers Inc (WOODP),Woodpeckers Inc,SSCMS,,SSCMS,,,"Woodpeckers Inc SSCMS, Miter Sled, SSCMS",MITER SLED,SSCMS SSCMS Miter Sled,SSCMS Miter Sled,Miter Sled,,,,,,,,,,,,,,,,,,,,,,,,,,,Miter Sled,Product Name,Miter Sled,,Brand,SSCMS,,Material,,,Color,,,Size,,,Quantity,,,,,,,,,,,,,,,,,,,,,,,,,,,,,,,,,,,,,,,,,,,,,,,,,,,,,,,,,,,,,,,,,,,,,,,,,,,,,,,,,,,,,,,,,,,,,,,,,,,,,,,,,,,,,,,,,,,,,,,,,,,,,,,,,,,,,,,,,,,,,,,,,,,,,,,,,,,,,,,,,,,,,,,,,,,,,,,,,,,,,
,,,,,,,,,,,4225.201,"4225.201 Oliver 6"" HH Jointer Paralleogram",-- Unbranded --,-- No Unilog Brand --,-- No DIB Brand --,Oliver Machinery Company (OLIMA),Oliver Machinery Company,Oliver,,4225.201,,,"Oliver, Jointer Paralleogram, 4225.201, 6 in",JOINTER PARALLEOGRAM 6IN,"Oliver 4225.201 Jointer Paralleogram, 6 in","Oliver Jointer Paralleogram, 6 in","Jointer Paralleogram, 6 in",,,,,,,,,,,,,,,,,,,,,,,,,,,Jointer Paralleogram,Product Name,Jointer Paralleogram,,Brand,Oliver,,Material,,,Color,,,Size,6,in,Quantity,,,,,,,,,,,,,,,,,,,,,,,,,,,,,,,,,,,,,,,,,,,,,,,,,,,,,,,,,,,,,,,,,,,,,,,,,,,,,,,,,,,,,,,,,,,,,,,,,,,,,,,,,,,,,,,,,,,,,,,,,,,,,,,,,,,,,,,,,,,,,,,,,,,,,,,,,,,,,,,,,,,,,,,,,,,,,,,,,,,,,
,,,,,,,,,,,KC-426C,"KC-426C 12"" Portable Planer",-- Unbranded --,-- No Unilog Brand --,-- No DIB Brand --,King Canada Inc (KINCA),King Canada Inc,KC-426C,,KC-426C,,,"King Canada Inc KC-426C, Portable Planer, KC-426C, 12 in",PORTABLE PLANER 12IN,"KC-426C KC-426C Portable Planer, 12 in","KC-426C Portable Planer, 12 in","Portable Planer, 12 in",,,,,,,,,,,,,,,,,,,,,,,,,,,Portable Planer,Product Name,Portable Planer,,Brand,KC-426C,,Material,,,Color,,,Size,12,in,Quantity,,,,,,,,,,,,,,,,,,,,,,,,,,,,,,,,,,,,,,,,,,,,,,,,,,,,,,,,,,,,,,,,,,,,,,,,,,,,,,,,,,,,,,,,,,,,,,,,,,,,,,,,,,,,,,,,,,,,,,,,,,,,,,,,,,,,,,,,,,,,,,,,,,,,,,,,,,,,,,,,,,,,,,,,,,,,,,,,,,,,,
,,,,,,,,,,,10045.201,"10045.201 Oliver 13"" Benchtop Planer 2HP,115V 1Ph",-- Unbranded --,-- No Unilog Brand --,-- No DIB Brand --,Oliver Machinery Company (OLIMA),Oliver Machinery Company,Oliver,,10045.201,,,"Oliver, Benchtop Planer, 10045.201, 13 in",BENCHTOP PLANER 13IN,"Oliver 10045.201 Benchtop Planer, 13 in","Oliver Benchtop Planer, 13 in","Benchtop Planer, 13 in",,,,,,,,,,,,,,,,,,,,,,,,,,,Benchtop Planer,Product Name,Benchtop Planer,,Brand,Oliver,,Material,,,Color,,,Size,13,in,Quantity,,,,,,,,,,,,,,,,,,,,,,,,,,,,,,,,,,,,,,,,,,,,,,,,,,,,,,,,,,,,,,,,,,,,,,,,,,,,,,,,,,,,,,,,,,,,,,,,,,,,,,,,,,,,,,,,,,,,,,,,,,,,,,,,,,,,,,,,,,,,,,,,,,,,,,,,,,,,,,,,,,,,,,,,,,,,,,,,,,,,,
,,,,,,,,,,,10014.201,"10014.201 Oliver 15"" Planer 3HP 1Ph 220V",-- Unbranded --,-- No Unilog Brand --,-- No DIB Brand --,Oliver Machinery Company (OLIMA),Oliver Machinery Company,Oliver,,10014.201,,,"Oliver, Planer, 10014.201, 15 in",PLANER 15IN,"Oliver 10014.201 Planer, 15 in","Oliver Planer, 15 in","Planer, 15 in",,,,,,,,,,,,,,,,,,,,,,,,,,,Planer,Product Name,Planer,,Brand,Oliver,,Material,,,Color,,,Size,15,in,Quantity,,,,,,,,,,,,,,,,,,,,,,,,,,,,,,,,,,,,,,,,,,,,,,,,,,,,,,,,,,,,,,,,,,,,,,,,,,,,,,,,,,,,,,,,,,,,,,,,,,,,,,,,,,,,,,,,,,,,,,,,,,,,,,,,,,,,,,,,,,,,,,,,,,,,,,,,,,,,,,,,,,,,,,,,,,,,,,,,,,,,,
,,,,,,,,,,,4430.201,"4430.201 Oliver 20"" Planer 5HP 1Ph 230V",-- Unbranded --,-- No Unilog Brand --,-- No DIB Brand --,Oliver Machinery Company (OLIMA),Oliver Machinery Company,Oliver,,4430.201,,,"Oliver, Planer, 4430.201, 20 in",PLANER 20IN,"Oliver 4430.201 Planer, 20 in","Oliver Planer, 20 in","Planer, 20 in",,,,,,,,,,,,,,,,,,,,,,,,,,,Planer,Product Name,Planer,,Brand,Oliver,,Material,,,Color,,,Size,20,in,Quantity,,,,,,,,,,,,,,,,,,,,,,,,,,,,,,,,,,,,,,,,,,,,,,,,,,,,,,,,,,,,,,,,,,,,,,,,,,,,,,,,,,,,,,,,,,,,,,,,,,,,,,,,,,,,,,,,,,,,,,,,,,,,,,,,,,,,,,,,,,,,,,,,,,,,,,,,,,,,,,,,,,,,,,,,,,,,,,,,,,,,,
,,,,,,,,,,,10055.201,"10055.201 Oliver 15"" Benchtop Planer 2.5HP 1Ph 230V",-- Unbranded --,-- No Unilog Brand --,-- No DIB Brand --,Oliver Machinery Company (OLIMA),Oliver Machinery Company,Oliver,,10055.201,,,"Oliver, Benchtop Planer, 10055.201, 15 in",BENCHTOP PLANER 15IN,"Oliver 10055.201 Benchtop Planer, 15 in","Oliver Benchtop Planer, 15 in","Benchtop Planer, 15 in",,,,,,,,,,,,,,,,,,,,,,,,,,,Benchtop Planer,Product Name,Benchtop Planer,,Brand,Oliver,,Material,,,Color,,,Size,15,in,Quantity,,,,,,,,,,,,,,,,,,,,,,,,,,,,,,,,,,,,,,,,,,,,,,,,,,,,,,,,,,,,,,,,,,,,,,,,,,,,,,,,,,,,,,,,,,,,,,,,,,,,,,,,,,,,,,,,,,,,,,,,,,,,,,,,,,,,,,,,,,,,,,,,,,,,,,,,,,,,,,,,,,,,,,,,,,,,,,,,,,,,,
,,,,,,,Tools & Equipment,Power Tools,Cordless Tools,,T27417,T27417 Grizzly OscillatingEdge - Belt and Spindle Sander,-- Unbranded --,-- No Unilog Brand --,-- No DIB Brand --,Woodstock Intl (3658),Woodstock Intl,,,T27417,,Tools & Equipment>Power Tools>Cordless Power Tools,"Woodstock Intl, Sander, T27417, T27417 Configuration",SANDER T27417,"T27417 Sander, T27417 Configuration","Sander, T27417 Configuration","Sander, T27417 Configuration",,,,,,,,,,,,,,,,,,,,,,,,,,,Sander,Tool Type,sander,,Voltage,,,Battery Platform,,,Configuration,T27417,,Drive Size,,,No Load Speed,,,Motor Type,,,,,,,,,,,,,,,,,,,,,,,,,,,,,,,,,,,,,,,,,,,,,,,,,,,,,,,,,,,,,,,,,,,,,,,,,,,,,,,,,,,,,,,,,,,,,,,,,,,,,,,,,,,,,,,,,,,,,,,,,,,,,,,,,,,,,,,27112800,,,,,,,,,,,,,,,,,,,,,,,,,,,,,,,,,,,,,,,,,,,
