MFR URL,Ref URL 1,Ref URL 2,Ref URL 3,Ref URL 4,Ref URL 5,PART_NUMBER,Dept,Class,Fine,SKU - MY_PART_NUMBER,Mfg_Part_Num,Part_Desc,E1_Brand,Unilog_Brand,DIB_Brand,Part_Manuf,MANUFACTURER_NAME,BRAND_NAME,TRADE_NAME,MANUFACTURER_PART_NUMBER,ALTERNATE_PART_NUMBER,Classpath,MOBILE_DESC,INVOICE_DESC,SHORT_DESC,LONG_DESC1,RETAIL_DESC,MARKETING_DESCRIPTION,ITEM_FEATURES_1,ITEM_FEATURES_2,ITEM_FEATURES_3,ITEM_FEATURES_4,ITEM_FEATURES_5,ITEM_FEATURES_6,ITEM_FEATURES_7,ITEM_FEATURES_8,ITEM_FEATURES_9,ITEM_FEATURES_10,ITEM_FEATURES_11,ITEM_FEATURES_12,ITEM_FEATURES_13,ITEM_FEATURES_14,ITEM_FEATURES_15,ITEM_FEATURES_16,ITEM_FEATURES_17,ITEM_FEATURES_18,ITEM_FEATURES_19,ITEM_FEATURES_20,With,Standard/Approvals,Prop 65,Application,Includes,Product Name,ATTRIBUTE_LABEL 1,ATTRIBUTE_VALUE 1,ATTRIBUTE_UOM 1,ATTRIBUTE_LABEL 2,ATTRIBUTE_VALUE 2,ATTRIBUTE_UOM 2,ATTRIBUTE_LABEL 3,ATTRIBUTE_VALUE 3,ATTRIBUTE_UOM 3,ATTRIBUTE_LABEL 4,ATTRIBUTE_VALUE 4,ATTRIBUTE_UOM 4,ATTRIBUTE_LABEL 5,ATTRIBUTE_VALUE 5,ATTRIBUTE_UOM 5,ATTRIBUTE_LABEL 6,ATTRIBUTE_VALUE 6,ATTRIBUTE_UOM 6,ATTRIBUTE_LABEL 7,ATTRIBUTE_VALUE 7,ATTRIBUTE_UOM 7,ATTRIBUTE_LABEL 8,ATTRIBUTE_VALUE 8,ATTRIBUTE_UOM 8,ATTRIBUTE_LABEL 9,ATTRIBUTE_VALUE 9,ATTRIBUTE_UOM 9,ATTRIBUTE_LABEL 10,ATTRIBUTE_VALUE 10,ATTRIBUTE_UOM 10,ATTRIBUTE_LABEL 11,ATTRIBUTE_VALUE 11,ATTRIBUTE_UOM 11,ATTRIBUTE_LABEL 12,ATTRIBUTE_VALUE 12,ATTRIBUTE_UOM 12,ATTRIBUTE_LABEL 13,ATTRIBUTE_VALUE 13,ATTRIBUTE_UOM 13,ATTRIBUTE_LABEL 14,ATTRIBUTE_VALUE 14,ATTRIBUTE_UOM 14,ATTRIBUTE_LABEL 15,ATTRIBUTE_VALUE 15,ATTRIBUTE_UOM 15,ATTRIBUTE_LABEL 16,ATTRIBUTE_VALUE 16,ATTRIBUTE_UOM 16,ATTRIBUTE_LABEL 17,ATTRIBUTE_VALUE 17,ATTRIBUTE_UOM 17,ATTRIBUTE_LABEL 18,ATTRIBUTE_VALUE 18,ATTRIBUTE_UOM 18,ATTRIBUTE_LABEL 19,ATTRIBUTE_VALUE 19,ATTRIBUTE_UOM 19,ATTRIBUTE_LABEL 20,ATTRIBUTE_VALUE 20,ATTRIBUTE_UOM 20,ATTRIBUTE_LABEL 21,ATTRIBUTE_VALUE 21,ATTRIBUTE_UOM 21,ATTRIBUTE_LABEL 22,ATTRIBUTE_VALUE 22,ATTRIBUTE_UOM 22,ATTRIBUTE_LABEL 23,ATTRIBUTE_VALUE 23,ATTRIBUTE_UOM 23,ATTRIBUTE_LABEL 24,ATTRIBUTE_VALUE 24,ATTRIBUTE_UOM 24,ATTRIBUTE_LABEL 25,ATTRIBUTE_VALUE 25,ATTRIBUTE_UOM 25,ATTRIBUTE_LABEL 26,ATTRIBUTE_VALUE 26,ATTRIBUTE_UOM 26,ATTRIBUTE_LABEL 27,ATTRIBUTE_VALUE 27,ATTRIBUTE_UOM 27,ATTRIBUTE_LABEL 28,ATTRIBUTE_VALUE 28,ATTRIBUTE_UOM 28,ATTRIBUTE_LABEL 29,ATTRIBUTE_VALUE 29,ATTRIBUTE_UOM 29,ATTRIBUTE_LABEL 30,ATTRIBUTE_VALUE 30,ATTRIBUTE_UOM 30,ATTRIBUTE_LABEL 31,ATTRIBUTE_VALUE 31,ATTRIBUTE_UOM 31,ATTRIBUTE_LABEL 32,ATTRIBUTE_VALUE 32,ATTRIBUTE_UOM 32,ATTRIBUTE_LABEL 33,ATTRIBUTE_VALUE 33,ATTRIBUTE_UOM 33,ATTRIBUTE_LABEL 34,ATTRIBUTE_VALUE 34,ATTRIBUTE_UOM 34,ATTRIBUTE_LABEL 35,ATTRIBUTE_VALUE 35,ATTRIBUTE_UOM 35,ATTRIBUTE_LABEL 36,ATTRIBUTE_VALUE 36,ATTRIBUTE_UOM 36,ATTRIBUTE_LABEL 37,ATTRIBUTE_VALUE 37,ATTRIBUTE_UOM 37,ATTRIBUTE_LABEL 38,ATTRIBUTE_VALUE 38,ATTRIBUTE_UOM 38,ATTRIBUTE_LABEL 39,ATTRIBUTE_VALUE 39,ATTRIBUTE_UOM 39,ATTRIBUTE_LABEL 40,ATTRIBUTE_VALUE 40,ATTRIBUTE_UOM 40,ATTRIBUTE_LABEL 41,ATTRIBUTE_VALUE 41,ATTRIBUTE_UOM 41,ATTRIBUTE_LABEL 42,ATTRIBUTE_VALUE 42,ATTRIBUTE_UOM 42,ATTRIBUTE_LABEL 43,ATTRIBUTE_VALUE 43,ATTRIBUTE_UOM 43,ATTRIBUTE_LABEL 44,ATTRIBUTE_VALUE 44,ATTRIBUTE_UOM 44,ATTRIBUTE_LABEL 45,ATTRIBUTE_VALUE 45,ATTRIBUTE_UOM 45,ATTRIBUTE_LABEL 46,ATTRIBUTE_VALUE 46,ATTRIBUTE_UOM 46,ATTRIBUTE_LABEL 47,ATTRIBUTE_VALUE 47,ATTRIBUTE_UOM 47,ATTRIBUTE_LABEL 48,ATTRIBUTE_VALUE 48,ATTRIBUTE_UOM 48,ATTRIBUTE_LABEL 49,ATTRIBUTE_VALUE 49,ATTRIBUTE_UOM 49,ATTRIBUTE_LABEL 50,ATTRIBUTE_VALUE 50,ATTRIBUTE_UOM 50,UPC,EAN,GTIN,UNSPSC,Warranty,List Price,Selling Qty,Selling UOM,Standard Packaging Information,LENGTH,LENGTH_UOM,HEIGHT,HEIGHT_UOM,WIDTH,WIDTH_UOM,WEIGHT,WEIGHT_UOM,VOLUME,VOLUME_UOM,Product Image,Alternate Image 1,Alternate Image 2,Alternate Image 3,Alternate Image 4,SDS,SDS_1,Warranty Information,Catalog,Specification Sheet,Instruction/Installation Manual,Service Manual,Owners/User Manual,Line Drawing,MTR,RoHS,Full Engineering Drawing,Energy Star Guide,Technical Bulletin,Submittal,Compatibility Chart,Size Chart,Product Label/Insert,Video Link,Video Link 1,Country Of Origin,Discontinued,Actual Image (Yes/No)
,,,,,,,Tools & Equipment,Power Tool Accessories,"Sanding Belts, Discs & Sheets",,DCB518ASTS06G,"DCB518ASTS06G Diablo 1/2""x18"" - Sanding Belt 6pc",-- Unbranded --,-- No Unilog Brand --,-- No DIB Brand --,Freud Inc (2435),Freud Inc,Diablo,,DCB518ASTS06G,,Tools & Equipment>Power Tool Accessories>Coated Abrasives,"Freud Inc Diablo, Sanding Belt, DCB518ASTS06G, 1/2""x18"", 6pc Quantity","SANDING BELT 1/2""X18"" 6PC","Diablo DCB518ASTS06G Sanding Belt, 1/2""x18"", 6pc Quantity","Diablo Sanding Belt, 1/2""x18"", 6pc Quantity","Sanding Belt, 1/2""x18"", 6pc Quantity",,,,,,,,,,,,,,,,,,,,,,,,,,,Sanding Belt,Product Name,Sanding Belt,,Brand,Diablo,,Material,,,Color,,,Size,"1/2""x18""",,Quantity,6pc,,,,,,,,,,,,,,,,,,,,,,,,,,,,,,,,,,,,,,,,,,,,,,,,,,,,,,,,,,,,,,,,,,,,,,,,,,,,,,,,,,,,,,,,,,,,,,,,,,,,,,,,,,,,,,,,,,,,,,,,,,,,,,,,,,,,,,,,,31191500,,,6,PK,,,,,,,,,,,,,,,,,,,,,,,,,,,,,,,,,,,,,,,
,,,,,,,Tools & Equipment,Power Tool Accessories,"Sanding Belts, Discs & Sheets",,3MABR-7100075678,3M 775L Stikit Film P150 - Cubitron II 50 Disc/Box,-- Unbranded --,-- No Unilog Brand --,-- No DIB Brand --,Jam Industrial Supply LLC (JAMIN),Jam Industrial Supply LLC,3M,,3MABR-7100075678,,Tools & Equipment>Power Tool Accessories>Coated Abrasives,"Jam Industrial Supply LLC 3M, Stikit Film P150, 3MABR-7100075678",STIKIT FILM P150,"3M 3MABR-7100075678 Stikit Film P150, 50 Disc/Box Quantity","3M Stikit Film P150, 50 Disc/Box Quantity","Stikit Film P150, 50 Disc/Box Quantity",,,,,,,,,,,,,,,,,,,,,,,,,,,Stikit Film P150,Product Name,Stikit Film P150,,Brand,3,m,Material,,,Color,,,Size,,,Quantity,50 Disc/Box,,,,,,,,,,,,,,,,,,,,,,,,,,,,,,,,,,,,,,,,,,,,,,,,,,,,,,,,,,,,,,,,,,,,,,,,,,,,,,,,,,,,,,,,,,,,,,,,,,,,,,,,,,,,,,,,,,,,,,,,,,,,,,,,,,,,,,,,,31191500,,,,,,,,,,,,,,,,,,,,,,,,,,,,,,,,,,,,,,,,,,,
,,,,,,,Tools & Equipment,Power Tool Accessories,"Sanding Belts, Discs & Sheets",,3MABR-7100045865,3M 775L Stikit Film P120 - Cubitron II 50 Disc/Box,-- Unbranded --,-- No Unilog Brand --,-- No DIB Brand --,Jam Industrial Supply LLC (JAMIN),Jam Industrial Supply LLC,3M,,3MABR-7100045865,,Tools & Equipment>Power Tool Accessories>Coated Abrasives,"Jam Industrial Supply LLC 3M, Stikit Film P120, 3MABR-7100045865",STIKIT FILM P120,"3M 3MABR-7100045865 Stikit Film P120, Cubitron II, 50 Disc/Box Quantity","3M Stikit Film P120, Cubitron II, 50 Disc/Box Quantity","Stikit Film P120, Cubitron II, 50 Disc/Box Quantity",,,,,,,,,,,,,,,,,,,,,,,,,,,Stikit Film P120,Product Name,Stikit Film P120,,Brand,3,m,Material,Cubitron II,,Color,,,Size,,,Quantity,50 Disc/Box,,,,,,,,,,,,,,,,,,,,,,,,,,,,,,,,,,,,,,,,,,,,,,,,,,,,,,,,,,,,,,,,,,,,,,,,,,,,,,,,,,,,,,,,,,,,,,,,,,,,,,,,,,,,,,,,,,,,,,,,,,,,,,,,,,,,,,,,,31191500,,,,,,,,,,,,,,,,,,,,,,,,,,,,,,,,,,,,,,,,,,,
,,,,,,,Tools & Equipment,Power Tool Accessories,"Sanding Belts, Discs & Sheets",,3MABR-7100048736,3M 775L Stikit Film P80 - Cubitron II 50 Disc/Box,-- Unbranded --,-- No Unilog Brand --,-- No DIB Brand --,Jam Industrial Supply LLC (JAMIN),Jam Industrial Supply LLC,3M,,3MABR-7100048736,,Tools & Equipment>Power Tool Accessories>Coated Abrasives,"Jam Industrial Supply LLC 3M, Stikit Film P80, 3MABR-7100048736",STIKIT FILM P80,"3M 3MABR-7100048736 Stikit Film P80, Cubitron II, 50 Disc/Box Quantity","3M Stikit Film P80, Cubitron II, 50 Disc/Box Quantity","Stikit Film P80, Cubitron II, 50 Disc/Box Quantity",,,,,,,,,,,,,,,,,,,,,,,,,,,Stikit Film P80,Product Name,Stikit Film P80,,Brand,3,m,Material,Cubitron II,,Color,,,Size,,,Quantity,50 Disc/Box,,,,,,,,,,,,,,,,,,,,,,,,,,,,,,,,,,,,,,,,,,,,,,,,,,,,,,,,,,,,,,,,,,,,,,,,,,,,,,,,,,,,,,,,,,,,,,,,,,,,,,,,,,,,,,,,,,,,,,,,,,,,,,,,,,,,,,,,,31191500,,,,,,,,,,,,,,,,,,,,,,,,,,,,,,,,,,,,,,,,,,,
,,,,,,,Tools & Equipment,Power Tool Accessories,"Sanding Belts, Discs & Sheets",,3MABR-7100075690,3M 775L Stikit Film P180 - Cubitron II 50 Disc/Box,-- Unbranded --,-- No Unilog Brand --,-- No DIB Brand --,Jam Industrial Supply LLC (JAMIN),Jam Industrial Supply LLC,3M,,3MABR-7100075690,,Tools & Equipment>Power Tool Accessories>Coated Abrasives,"Jam Industrial Supply LLC 3M, Stikit Film P180, 3MABR-7100075690",STIKIT FILM P180,"3M 3MABR-7100075690 Stikit Film P180, Cubitron II, 50 Disc/Box Quantity","3M Stikit Film P180, Cubitron II, 50 Disc/Box Quantity","Stikit Film P180, Cubitron II, 50 Disc/Box Quantity",,,,,,,,,,,,,,,,,,,,,,,,,,,Stikit Film P180,Product Name,Stikit Film P180,,Brand,3,m,Material,Cubitron II,,Color,,,Size,,,Quantity,50 Disc/Box,,,,,,,,,,,,,,,,,,,,,,,,,,,,,,,,,,,,,,,,,,,,,,,,,,,,,,,,,,,,,,,,,,,,,,,,,,,,,,,,,,,,,,,,,,,,,,,,,,,,,,,,,,,,,,,,,,,,,,,,,,,,,,,,,,,,,,,,,31191500,,,,,,,,,,,,,,,,,,,,,,,,,,,,,,,,,,,,,,,,,,,
,,,,,,,Tools & Equipment,Power Tool Accessories,"Sanding Belts, Discs & Sheets",,3MABR-7100075692,3M 775L Stikit Film P220 - Cubitron II 50 Disc/Box,-- Unbranded --,-- No Unilog Brand --,-- No DIB Brand --,Jam Industrial Supply LLC (JAMIN),Jam Industrial Supply LLC,3M,,3MABR-7100075692,,Tools & Equipment>Power Tool Accessories>Coated Abrasives,"Jam Industrial Supply LLC 3M, Stikit Film P220, 3MABR-7100075692",STIKIT FILM P220,"3M 3MABR-7100075692 Stikit Film P220, 50 Disc/Box Quantity","3M Stikit Film P220, 50 Disc/Box Quantity","Stikit Film P220, 50 Disc/Box Quantity",,,,,,,,,,,,,,,,,,,,,,,,,,,Stikit Film P220,Product Name,Stikit Film P220,,Brand,3,m,Material,,,Color,,,Size,,,Quantity,50 Disc/Box,,,,,,,,,,,,,,,,,,,,,,,,,,,,,,,,,,,,,,,,,,,,,,,,,,,,,,,,,,,,,,,,,,,,,,,,,,,,,,,,,,,,,,,,,,,,,,,,,,,,,,,,,,,,,,,,,,,,,,,,,,,,,,,,,,,,,,,,,31191500,,,,,,,,,,,,,,,,,,,,,,,,,,,,,,,,,,,,,,,,,,,
,,,,,,,Tools & Equipment,Power Tool Accessories,"Sanding Belts, Discs & Sheets",,3MABR-7100145365,3M 775L Stikit Film P320 - Cubitron II 50 Disc/Box,-- Unbranded --,-- No Unilog Brand --,-- No DIB Brand --,Jam Industrial Supply LLC (JAMIN),Jam Industrial Supply LLC,3M,,3MABR-7100145365,,Tools & Equipment>Power Tool Accessories>Coated Abrasives,"Jam Industrial Supply LLC 3M, Stikit Film P320, 3MABR-7100145365",STIKIT FILM P320,"3M 3MABR-7100145365 Stikit Film P320, Cubitron II, 50 Disc/Box Quantity","3M Stikit Film P320, Cubitron II, 50 Disc/Box Quantity","Stikit Film P320, Cubitron II, 50 Disc/Box Quantity",,,,,,,,,,,,,,,,,,,,,,,,,,,Stikit Film P320,Product Name,Stikit Film P320,,Brand,3,m,Material,Cubitron II,,Color,,,Size,,,Quantity,50 Disc/Box,,,,,,,,,,,,,,,,,,,,,,,,,,,,,,,,,,,,,,,,,,,,,,,,,,,,,,,,,,,,,,,,,,,,,,,,,,,,,,,,,,,,,,,,,,,,,,,,,,,,,,,,,,,,,,,,,,,,,,,,,,,,,,,,,,,,,,,,,31191500,,,,,,,,,,,,,,,,,,,,,,,,,,,,,,,,,,,,,,,,,,,
,,,,,,,Tools & Equipment,Power Tool Accessories,"Sanding Belts, Discs & Sheets",,5B-332-080,"5B-332-080 HIOLIT 5"" P80",-- Unbranded --,-- No Unilog Brand --,-- No DIB Brand --,Mirka Abrasives Inc (MIRUS),Mirka Abrasives Inc,HIOLIT,,5B-332-080,,Tools & Equipment>Power Tool Accessories>Coated Abrasives,"Mirka Abrasives Inc HIOLIT, HIOLIT, 5B-332-080, 5"" P80","HIOLIT 5"" P80","HIOLIT 5B-332-080 HIOLIT, 5"" P80","HIOLIT HIOLIT, 5"" P80","HIOLIT, 5"" P80",,,,,,,,,,,,,,,,,,,,,,,,,,,HIOLIT,Product Name,HIOLIT,,Brand,HIOLIT,,Material,,,Color,,,Size,"5"" P80",,Quantity,,,,,,,,,,,,,,,,,,,,,,,,,,,,,,,,,,,,,,,,,,,,,,,,,,,,,,,,,,,,,,,,,,,,,,,,,,,,,,,,,,,,,,,,,,,,,,,,,,,,,,,,,,,,,,,,,,,,,,,,,,,,,,,,,,,,,,,,,,31191500,,,,,,,,,,,,,,,,,,,,,,,,,,,,,,,,,,,,,,,,,,,
,,,,,,,Tools & Equipment,Power Tool Accessories,"Sanding Belts, Discs & Sheets",,5B-332-120,"5B-332-120 HIOLIT 5"" P120",-- Unbranded --,-- No Unilog Brand --,-- No DIB Brand --,Mirka Abrasives Inc (MIRUS),Mirka Abrasives Inc,HIOLIT,,5B-332-120,,Tools & Equipment>Power Tool Accessories>Coated Abrasives,"Mirka Abrasives Inc HIOLIT, 5B-332-120 HIOLIT 5"" P120, 5B-332-120","5B-332-120 HIOLIT 5"" P120","HIOLIT 5B-332-120 5B-332-120 HIOLIT 5"" P120","HIOLIT 5B-332-120 HIOLIT 5"" P120","5B-332-120 HIOLIT 5"" P120",,,,,,,,,,,,,,,,,,,,,,,,,,,"5B-332-120 HIOLIT 5"" P120",Product Name,"5B-332-120 HIOLIT 5"" P120",,Brand,HIOLIT,,Material,,,Color,,,Size,,,Quantity,,,,,,,,,,,,,,,,,,,,,,,,,,,,,,,,,,,,,,,,,,,,,,,,,,,,,,,,,,,,,,,,,,,,,,,,,,,,,,,,,,,,,,,,,,,,,,,,,,,,,,,,,,,,,,,,,,,,,,,,,,,,,,,,,,,,,,,,,,31191500,,,,,,,,,,,,,,,,,,,,,,,,,,,,,,,,,,,,,,,,,,,
,,,,,,,Tools & Equipment,Power Tool Accessories,"Sanding Belts, Discs & Sheets",,9A-570-240,9A-570-240 Abranet 2.75x30,-- Unbranded --,-- No Unilog Brand --,-- No DIB Brand --,Mirka Abrasives Inc (MIRUS),Mirka Abrasives Inc,,,9A-570-240,,Tools & Equipment>Power Tool Accessories>Coated Abrasives,"Mirka Abrasives Inc, Abranet, 9A-570-240, 2.75x30",ABRANET 2.75X30,"9A-570-240 Abranet, 2.75x30","Abranet, 2.75x30","Abranet, 2.75x30",,,,,,,,,,,,,,,,,,,,,,,,,,,Abranet,Product Name,Abranet,,Brand,,,Material,,,Color,,,Size,2.75x30,,Quantity,,,,,,,,,,,,,,,,,,,,,,,,,,,,,,,,,,,,,,,,,,,,,,,,,,,,,,,,,,,,,,,,,,,,,,,,,,,,,,,,,,,,,,,,,,,,,,,,,,,,,,,,,,,,,,,,,,,,,,,,,,,,,,,,,,,,,,,,,,31191500,,,,,,,,,,,,,,,,,,,,,,,,,,,,,,,,,,,,,,,,,,,
,,,,,,,Tools & Equipment,Power Tool Accessories,"Sanding Belts, Discs & Sheets",,9A-570-320,9A-570-320 Abranet 2.75x30,-- Unbranded --,-- No Unilog Brand --,-- No DIB Brand --,Mirka Abrasives Inc (MIRUS),Mirka Abrasives Inc,,,9A-570-320,,Tools & Equipment>Power Tool Accessories>Coated Abrasives,"Mirka Abrasives Inc, Abranet, 9A-570-320, 2.75x30",ABRANET 2.75X30,"9A-570-320 Abranet, 2.75x30","Abranet, 2.75x30","Abranet, 2.75x30",,,,,,,,,,,,,,,,,,,,,,,,,,,Abranet,Product Name,Abranet,,Brand,,,Material,2.75x30,,Color,,,Size,,,Quantity,,,,,,,,,,,,,,,,,,,,,,,,,,,,,,,,,,,,,,,,,,,,,,,,,,,,,,,,,,,,,,,,,,,,,,,,,,,,,,,,,,,,,,,,,,,,,,,,,,,,,,,,,,,,,,,,,,,,,,,,,,,,,,,,,,,,,,,,,,31191500,,,,,,,,,,,,,,,,,,,,,,,,,,,,,,,,,,,,,,,,,,,
,,,,,,,Tools & Equipment,Power Tool Accessories,Cut-Off & Grinding Wheels,,DBD090094101F,"DBD090094101F Diablo 9"" - Metal Cut-Off Disc",-- Unbranded --,-- No Unilog Brand --,-- No DIB Brand --,Freud Inc (2435),Freud Inc,,,DBD090094101F,,Tools & Equipment>Power Tool Accessories>Abrasive Wheels,"Freud Inc, Cut-Off Wheel, DBD090094101F, 9 in Diameter, metal Application",CUT-OFF WHEEL 9IN METAL CUT-OFF 1,"DBD090094101F Cut-Off Wheel, 9 in Diameter, metal Application, Cut-Off Wheel Type, 1 Quantity","Cut-Off Wheel, 9 in Diameter, metal Application, Cut-Off Wheel Type, 1 Quantity","Cut-Off Wheel, 9 in Diameter, metal Application, Cut-Off Wheel Type, 1 Quantity",,9 in,,,,,,,,,,,,,,,,,,,,,,,metal,,,Diameter,9,in,Thickness,,,Arbor Size,,,Application,metal,,Wheel Type,Cut-Off,,Abrasive,,,Maximum Speed,,,Quantity,1,,,,,,,,,,,,,,,,,,,,,,,,,,,,,,,,,,,,,,,,,,,,,,,,,,,,,,,,,,,,,,,,,,,,,,,,,,,,,,,,,,,,,,,,,,,,,,,,,,,,,,,,,,,,,,,,,,,,,,,,,,,,,,,,,,,23101500,,,1,EA,,,,,,,,,,,,,,,,,,,,,,,,,,,,,,,,,,,,,,,
,,,,,,,Tools & Equipment,Power Tool Accessories,Cut-Off & Grinding Wheels,,DBDS12125A01F,"DBDS12125A01F Diablo 12"" - Steel Demon Metal Cut-Off Disc",-- Unbranded --,-- No Unilog Brand --,-- No DIB Brand --,Freud Inc (2435),Freud Inc,,,DBDS12125A01F,,Tools & Equipment>Power Tool Accessories>Abrasive Wheels,"Freud Inc, Cut-Off Wheel, DBDS12125A01F, 12 in Diameter, Steel Application",CUT-OFF WHEEL 12IN STEEL 1,"DBDS12125A01F Cut-Off Wheel, 12 in Diameter, Steel Application, Metal Cut-Off Wheel Type, 1 Quantity","Cut-Off Wheel, 12 in Diameter, Steel Application, Metal Cut-Off Wheel Type, 1 Quantity","Cut-Off Wheel, 12 in Diameter, Steel Application, Metal Cut-Off Wheel Type, 1 Quantity",,12 in,,,,,,,,,,,,,,,,,,,,,,,Steel,,,Diameter,12,in,Thickness,,,Arbor Size,,,Application,Steel,,Wheel Type,Metal Cut-Off,,Abrasive,,,Maximum Speed,,,Quantity,1,,,,,,,,,,,,,,,,,,,,,,,,,,,,,,,,,,,,,,,,,,,,,,,,,,,,,,,,,,,,,,,,,,,,,,,,,,,,,,,,,,,,,,,,,,,,,,,,,,,,,,,,,,,,,,,,,,,,,,,,,,,,,,,,,,,23101500,,,1,EA,,,,,,,,,,,,,,,,,,,,,,,,,,,,,,,,,,,,,,,
,,,,,,,Tools & Equipment,Power Tool Accessories,Cut-Off & Grinding Wheels,,DBDS12125G01F,"DBDS12125G01F Diablo 12""x20mm - Speed Demon Metal Cut-Off Disc",-- Unbranded --,-- No Unilog Brand --,-- No DIB Brand --,Freud Inc (2435),Freud Inc,,,DBDS12125G01F,,Tools & Equipment>Power Tool Accessories>Abrasive Wheels,"Freud Inc, Cut-Off Wheel, DBDS12125G01F, 12 in Diameter, 20 mm Thickness",CUT-OFF WHEEL 12IN 20MM METAL CUT-OFF,"DBDS12125G01F Cut-Off Wheel, 12 in Diameter, 20 mm Thickness, metal Application, Cut-Off Wheel Type","Cut-Off Wheel, 12 in Diameter, 20 mm Thickness, metal Application, Cut-Off Wheel Type, Metal Cut-Off Disc Abrasive","Cut-Off Wheel, 12 in Diameter, 20 mm Thickness, metal Application, Cut-Off Wheel Type, Metal Cut-Off Disc Abrasive",,12 in,20 mm,,,,,,,,,,,,,,,,,,,,,,metal,,,Diameter,12,in,Thickness,20,mm,Arbor Size,,,Application,metal,,Wheel Type,Cut-Off,,Abrasive,Metal Cut-Off Disc,,Maximum Speed,,,Quantity,,,,,,,,,,,,,,,,,,,,,,,,,,,,,,,,,,,,,,,,,,,,,,,,,,,,,,,,,,,,,,,,,,,,,,,,,,,,,,,,,,,,,,,,,,,,,,,,,,,,,,,,,,,,,,,,,,,,,,,,,,,,,,,,,,,,23101500,,,,,,,,,,,,,,,,,,,,,,,,,,,,,,,,,,,,,,,,,,,
,,,,,,,Tools & Equipment,Power Tool Accessories,Cut-Off & Grinding Wheels,,DBDS14125A01F,"DBDS14125A01F Diablo 14""x1"" - Steel Demon Metal Cut-Off Disc",-- Unbranded --,-- No Unilog Brand --,-- No DIB Brand --,Freud Inc (2435),Freud Inc,,,DBDS14125A01F,,Tools & Equipment>Power Tool Accessories>Abrasive Wheels,"Freud Inc, Cut-Off Wheel, DBDS14125A01F, 14 in Diameter, 1 in Thickness",CUT-OFF WHEEL 14IN 1IN STEEL 1,"DBDS14125A01F Cut-Off Wheel, 14 in Diameter, 1 in Thickness, Steel Application, Metal Cut-Off Wheel Type, 1 Quantity","Cut-Off Wheel, 14 in Diameter, 1 in Thickness, Steel Application, Metal Cut-Off Wheel Type, 1 Quantity","Cut-Off Wheel, 14 in Diameter, 1 in Thickness, Steel Application, Metal Cut-Off Wheel Type, 1 Quantity",,14 in,1 in,,,,,,,,,,,,,,,,,,,,,,Steel,,,Diameter,14,in,Thickness,1,in,Arbor Size,,,Application,Steel,,Wheel Type,Metal Cut-Off,,Abrasive,,,Maximum Speed,,,Quantity,1,,,,,,,,,,,,,,,,,,,,,,,,,,,,,,,,,,,,,,,,,,,,,,,,,,,,,,,,,,,,,,,,,,,,,,,,,,,,,,,,,,,,,,,,,,,,,,,,,,,,,,,,,,,,,,,,,,,,,,,,,,,,,,,,,,,23101500,,,1,EA,,,,,,,,,,,,,,,,,,,,,,,,,,,,,,,,,,,,,,,
,,,,,,,Tools & Equipment,Power Tool Accessories,Cut-Off & Grinding Wheels,,DBDS14125G01F,"DBDS14125G01F Diablo 14""x20mm - Steel Demon Metal Cut-Off Disc",-- Unbranded --,-- No Unilog Brand --,-- No DIB Brand --,Freud Inc (2435),Freud Inc,,,DBDS14125G01F,,Tools & Equipment>Power Tool Accessories>Abrasive Wheels,"Freud Inc, Cut-Off Wheel, DBDS14125G01F, 14 in Diameter, 20 mm Thickness",CUT-OFF WHEEL 14IN 20MM STEEL 1,"DBDS14125G01F Cut-Off Wheel, 14 in Diameter, 20 mm Thickness, Steel Application, Metal Cut-Off Wheel Type, 1 Quantity","Cut-Off Wheel, 14 in Diameter, 20 mm Thickness, Steel Application, Metal Cut-Off Wheel Type, 1 Quantity","Cut-Off Wheel, 14 in Diameter, 20 mm Thickness, Steel Application, Metal Cut-Off Wheel Type, 1 Quantity",,14 in,20 mm,,,,,,,,,,,,,,,,,,,,,,Steel,,,Diameter,14,in,Thickness,20,mm,Arbor Size,,,Application,Steel,,Wheel Type,Metal Cut-Off,,Abrasive,,,Maximum Speed,,,Quantity,1,,,,,,,,,,,,,,,,,,,,,,,,,,,,,,,,,,,,,,,,,,,,,,,,,,,,,,,,,,,,,,,,,,,,,,,,,,,,,,,,,,,,,,,,,,,,,,,,,,,,,,,,,,,,,,,,,,,,,,,,,,,,,,,,,,,23101500,,,1,EA,,,,,,,,,,,,,,,,,,,,,,,,,,,,,,,,,,,,,,,
,,,,,,,Tools & Equipment,Power Tool Accessories,Cut-Off & Grinding Wheels,,49-94-0013,"49-94-0013 Milw 5""x.045""x7/8"" Metal Cut Off Disc",-- Unbranded --,-- No Unilog Brand --,-- No DIB Brand --,Milwaukee Accessory (4031),Milwaukee Accessory,,,49-94-0013,,Tools & Equipment>Power Tool Accessories>Abrasive Wheels,"Milwaukee Accessory, Cut-Off Wheel, 49-94-0013, 5 in Diameter",CUT-OFF WHEEL 5IN .045IN 0.875IN METAL 1,"49-94-0013 Cut-Off Wheel, 5 in Diameter, .045 in Thickness, 0.875 in Arbor Size, metal Application, Cut Off Wheel Type","Cut-Off Wheel, 5 in Diameter, .045 in Thickness, 0.875 in Arbor Size, metal Application, Cut Off Wheel Type, 1 Quantity","Cut-Off Wheel, 5 in Diameter, .045 in Thickness, 0.875 in Arbor Size, metal Application, Cut Off Wheel Type, 1 Quantity",,5 in,.045 in,0.875 in,,,,,,,,,,,,,,,,,,,,,metal,,,Diameter,5,in,Thickness,.045,in,Arbor Size,0.875,in,Application,metal,,Wheel Type,Cut Off,,Abrasive,,,Maximum Speed,,,Quantity,1,,,,,,,,,,,,,,,,,,,,,,,,,,,,,,,,,,,,,,,,,,,,,,,,,,,,,,,,,,,,,,,,,,,,,,,,,,,,,,,,,,,,,,,,,,,,,,,,,,,,,,,,,,,,,,,,,,,,,,,,,,,,,,,,,,,23101500,,,1,EA,,,,,,,,,,,,,,,,,,,,,,,,,,,,,,,,,,,,,,,
,,,,,,,Tools & Equipment,Power Tool Accessories,Cut-Off & Grinding Wheels,,49-94-0029,"49-94-0029 Milw 6-1/2""x1/8""x5/8"" DKO Metal Cut Off Disc",-- Unbranded --,-- No Unilog Brand --,-- No DIB Brand --,Milwaukee Accessory (4031),Milwaukee Accessory,,,49-94-0029,,Tools & Equipment>Power Tool Accessories>Abrasive Wheels,"Milwaukee Accessory, Cut-Off Wheel, 49-94-0029, 6.5 in Diameter",CUT-OFF WHEEL 6.5IN 0.125IN 0.625IN 1,"49-94-0029 Cut-Off Wheel, 6.5 in Diameter, 0.125 in Thickness, 0.625 in Arbor Size, DKO Metal Application","Cut-Off Wheel, 6.5 in Diameter, 0.125 in Thickness, 0.625 in Arbor Size, DKO Metal Application, Cut Off Wheel Type, 1 Quantity","Cut-Off Wheel, 6.5 in Diameter, 0.125 in Thickness, 0.625 in Arbor Size, DKO Metal Application, Cut Off Wheel Type",,6.5 in,0.125 in,0.625 in,,,,,,,,,,,,,,,,,,,,,DKO Metal,,,Diameter,6.5,in,Thickness,0.125,in,Arbor Size,0.625,in,Application,DKO Metal,,Wheel Type,Cut Off,,Abrasive,,,Maximum Speed,,,Quantity,1,,,,,,,,,,,,,,,,,,,,,,,,,,,,,,,,,,,,,,,,,,,,,,,,,,,,,,,,,,,,,,,,,,,,,,,,,,,,,,,,,,,,,,,,,,,,,,,,,,,,,,,,,,,,,,,,,,,,,,,,,,,,,,,,,,,23101500,,,1,EA,,,,,,,,,,,,,,,,,,,,,,,,,,,,,,,,,,,,,,,
,,,,,,,Tools & Equipment,Power Tool Accessories,Cut-Off & Grinding Wheels,,49-94-0033,"49-94-0033 Milw 7""x1/16""x7/8"" Metal Cut Off Disc",-- Unbranded --,-- No Unilog Brand --,-- No DIB Brand --,Milwaukee Accessory (4031),Milwaukee Accessory,,,49-94-0033,,Tools & Equipment>Power Tool Accessories>Abrasive Wheels,"Milwaukee Accessory, Cut-Off Wheel, 49-94-0033, 7 in Diameter",CUT-OFF WHEEL 7IN 0.0625IN 0.875IN METAL,"49-94-0033 Cut-Off Wheel, 7 in Diameter, 0.0625 in Thickness, 0.875 in Arbor Size, metal Application, Cut Off Wheel Type","Cut-Off Wheel, 7 in Diameter, 0.0625 in Thickness, 0.875 in Arbor Size, metal Application, Cut Off Wheel Type, 1 Quantity","Cut-Off Wheel, 7 in Diameter, 0.0625 in Thickness, 0.875 in Arbor Size, metal Application, Cut Off Wheel Type",,7 in,0.0625 in,0.875 in,,,,,,,,,,,,,,,,,,,,,metal,,,Diameter,7,in,Thickness,0.0625,in,Arbor Size,0.875,in,Application,metal,,Wheel Type,Cut Off,,Abrasive,,,Maximum Speed,,,Quantity,1,,,,,,,,,,,,,,,,,,,,,,,,,,,,,,,,,,,,,,,,,,,,,,,,,,,,,,,,,,,,,,,,,,,,,,,,,,,,,,,,,,,,,,,,,,,,,,,,,,,,,,,,,,,,,,,,,,,,,,,,,,,,,,,,,,,23101500,,,1,EA,,,,,,,,,,,,,,,,,,,,,,,,,,,,,,,,,,,,,,,
,,,,,,,Tools & Equipment,Power Tool Accessories,Cut-Off & Grinding Wheels,,49-94-0001,"49-94-0001 Milw 4""x.040""x5/8"" Metal Cut Off Disc",-- Unbranded --,-- No Unilog Brand --,-- No DIB Brand --,Milwaukee Accessory (4031),Milwaukee Accessory,,,49-94-0001,,Tools & Equipment>Power Tool Accessories>Abrasive Wheels,"Milwaukee Accessory, Cut-Off Wheel, 49-94-0001, 4 in Diameter",CUT-OFF WHEEL 4IN .040IN 0.625IN METAL 1,"49-94-0001 Cut-Off Wheel, 4 in Diameter, .040 in Thickness, 0.625 in Arbor Size, metal Application, Cut Off Wheel Type","Cut-Off Wheel, 4 in Diameter, .040 in Thickness, 0.625 in Arbor Size, metal Application, Cut Off Wheel Type, 1 Quantity","Cut-Off Wheel, 4 in Diameter, .040 in Thickness, 0.625 in Arbor Size, metal Application, Cut Off Wheel Type, 1 Quantity",,4 in,.040 in,0.625 in,,,,,,,,,,,,,,,,,,,,,metal,,,Diameter,4,in,Thickness,.040,in,Arbor Size,0.625,in,Application,metal,,Wheel Type,Cut Off,,Abrasive,,,Maximum Speed,,,Quantity,1,,,,,,,,,,,,,,,,,,,,,,,,,,,,,,,,,,,,,,,,,,,,,,,,,,,,,,,,,,,,,,,,,,,,,,,,,,,,,,,,,,,,,,,,,,,,,,,,,,,,,,,,,,,,,,,,,,,,,,,,,,,,,,,,,,,23101500,,,1,EA,,,,,,,,,,,,,,,,,,,,,,,,,,,,,,,,,,,,,,,
,,,,,,,Tools & Equipment,Power Tool Accessories,Cut-Off & Grinding Wheels,,49-94-0039,"49-94-0039 Milw 7""x1/8""x5/8"" DKO Metal Cut Off Disc",-- Unbranded --,-- No Unilog Brand --,-- No DIB Brand --,Milwaukee Accessory (4031),Milwaukee Accessory,,,49-94-0039,,Tools & Equipment>Power Tool Accessories>Abrasive Wheels,"Milwaukee Accessory, Cut-Off Wheel, 49-94-0039, 7 in Diameter",CUT-OFF WHEEL 7IN 0.125IN 0.625IN METAL,"49-94-0039 Cut-Off Wheel, 7 in Diameter, 0.125 in Thickness, 0.625 in Arbor Size, metal Application, Cut Off Wheel Type","Cut-Off Wheel, 7 in Diameter, 0.125 in Thickness, 0.625 in Arbor Size, metal Application, Cut Off Wheel Type, 1 Quantity","Cut-Off Wheel, 7 in Diameter, 0.125 in Thickness, 0.625 in Arbor Size, metal Application, Cut Off Wheel Type, 1 Quantity",,7 in,0.125 in,0.625 in,,,,,,,,,,,,,,,,,,,,,metal,,,Diameter,7,in,Thickness,0.125,in,Arbor Size,0.625,in,Application,metal,,Wheel Type,Cut Off,,Abrasive,,,Maximum Speed,,,Quantity,1,,,,,,,,,,,,,,,,,,,,,,,,,,,,,,,,,,,,,,,,,,,,,,,,,,,,,,,,,,,,,,,,,,,,,,,,,,,,,,,,,,,,,,,,,,,,,,,,,,,,,,,,,,,,,,,,,,,,,,,,,,,,,,,,,,,23101500,,,1,EA,,,,,,,,,,,,,,,,,,,,,,,,,,,,,,,,,,,,,,,
,,,,,,,Tools & Equipment,Power Tool Accessories,Cut-Off & Grinding Wheels,,49-94-0043,"49-94-0043 Milw 9""x3/32""x7/8"" Metal Cut Off Disc",-- Unbranded --,-- No Unilog Brand --,-- No DIB Brand --,Milwaukee Accessory (4031),Milwaukee Accessory,,,49-94-0043,,Tools & Equipment>Power Tool Accessories>Abrasive Wheels,"Milwaukee Accessory, Cut-Off Wheel, 49-94-0043, 9 in Diameter",CUT-OFF WHEEL 9IN 0.09375IN 0.875IN,"49-94-0043 Cut-Off Wheel, 9 in Diameter, 0.09375 in Thickness, 0.875 in Arbor Size, metal Application","Cut-Off Wheel, 9 in Diameter, 0.09375 in Thickness, 0.875 in Arbor Size, metal Application, Cut Off Wheel Type","Cut-Off Wheel, 9 in Diameter, 0.09375 in Thickness, 0.875 in Arbor Size, metal Application, Cut Off Wheel Type",,9 in,0.09375 in,0.875 in,,,,,,,,,,,,,,,,,,,,,metal,,,Diameter,9,in,Thickness,0.09375,in,Arbor Size,0.875,in,Application,metal,,Wheel Type,Cut Off,,Abrasive,,,Maximum Speed,,,Quantity,,,,,,,,,,,,,,,,,,,,,,,,,,,,,,,,,,,,,,,,,,,,,,,,,,,,,,,,,,,,,,,,,,,,,,,,,,,,,,,,,,,,,,,,,,,,,,,,,,,,,,,,,,,,,,,,,,,,,,,,,,,,,,,,,,,,23101500,,,,,,,,,,,,,,,,,,,,,,,,,,,,,,,,,,,,,,,,,,,
,,,,,,,Tools & Equipment,Power Tool Accessories,Cut-Off & Grinding Wheels,,49-94-0048,"49-94-0048 Milw 12""x7/64""x1"" Metal Cut Off Disc General Purpose",-- Unbranded --,-- No Unilog Brand --,-- No DIB Brand --,Milwaukee Accessory (4031),Milwaukee Accessory,,,49-94-0048,,Tools & Equipment>Power Tool Accessories>Abrasive Wheels,"Milwaukee Accessory, Cut-Off Wheel, 49-94-0048, 12 in Diameter",CUT-OFF WHEEL 12IN 0.109375IN 1IN METAL,"49-94-0048 Cut-Off Wheel, 12 in Diameter, 0.109375 in Thickness, 1 in Arbor Size, metal Application","Cut-Off Wheel, 12 in Diameter, 0.109375 in Thickness, 1 in Arbor Size, metal Application, Cut Off Disc Wheel Type, General Purpose Quantity","Cut-Off Wheel, 12 in Diameter, 0.109375 in Thickness, 1 in Arbor Size, metal Application, Cut Off Disc Wheel Type",,12 in,0.109375 in,1 in,,,,,,,,,,,,,,,,,,,,,metal,,,Diameter,12,in,Thickness,0.109375,in,Arbor Size,1,in,Application,metal,,Wheel Type,Cut Off Disc,,Abrasive,,,Maximum Speed,,,Quantity,General Purpose,,,,,,,,,,,,,,,,,,,,,,,,,,,,,,,,,,,,,,,,,,,,,,,,,,,,,,,,,,,,,,,,,,,,,,,,,,,,,,,,,,,,,,,,,,,,,,,,,,,,,,,,,,,,,,,,,,,,,,,,,,,,,,,,,,,23101500,,,,,,,,,,,,,,,,,,,,,,,,,,,,,,,,,,,,,,,,,,,
,,,,,,,Tools & Equipment,Power Tool Accessories,Cut-Off & Grinding Wheels,,49-94-0053,"49-94-0053 Milw 12""x1/8""x1"" Metal Cut Off Disc",-- Unbranded --,-- No Unilog Brand --,-- No DIB Brand --,Milwaukee Accessory (4031),Milwaukee Accessory,,,49-94-0053,,Tools & Equipment>Power Tool Accessories>Abrasive Wheels,"Milwaukee Accessory, Cut-Off Wheel, 49-94-0053, 12 in Diameter",CUT-OFF WHEEL 12IN 0.125IN 1IN METAL 1,"49-94-0053 Cut-Off Wheel, 12 in Diameter, 0.125 in Thickness, 1 in Arbor Size, metal Application, Cut Off Wheel Type","Cut-Off Wheel, 12 in Diameter, 0.125 in Thickness, 1 in Arbor Size, metal Application, Cut Off Wheel Type, 1 Quantity","Cut-Off Wheel, 12 in Diameter, 0.125 in Thickness, 1 in Arbor Size, metal Application, Cut Off Wheel Type, 1 Quantity",,12 in,0.125 in,1 in,,,,,,,,,,,,,,,,,,,,,metal,,,Diameter,12,in,Thickness,0.125,in,Arbor Size,1,in,Application,metal,,Wheel Type,Cut Off,,Abrasive,,,Maximum Speed,,,Quantity,1,,,,,,,,,,,,,,,,,,,,,,,,,,,,,,,,,,,,,,,,,,,,,,,,,,,,,,,,,,,,,,,,,,,,,,,,,,,,,,,,,,,,,,,,,,,,,,,,,,,,,,,,,,,,,,,,,,,,,,,,,,,,,,,,,,,23101500,,,1,EA,,,,,,,,,,,,,,,,,,,,,,,,,,,,,,,,,,,,,,,
,,,,,,,Tools & Equipment,Power Tool Accessories,Cut-Off & Grinding Wheels,,49-94-0058,"49-94-0058 Milw 12""x1/8""x20mm Metal Cut Off Disc",-- Unbranded --,-- No Unilog Brand --,-- No DIB Brand --,Milwaukee Accessory (4031),Milwaukee Accessory,,,49-94-0058,,Tools & Equipment>Power Tool Accessories>Abrasive Wheels,"Milwaukee Accessory, Cut-Off Wheel, 49-94-0058, 12 in Diameter",CUT-OFF WHEEL 12IN 0.125IN 20MM METAL 1,"49-94-0058 Cut-Off Wheel, 12 in Diameter, 0.125 in Thickness, 20 mm Arbor Size, metal Application","Cut-Off Wheel, 12 in Diameter, 0.125 in Thickness, 20 mm Arbor Size, metal Application, Cut Off Disc Wheel Type, 1 Quantity","Cut-Off Wheel, 12 in Diameter, 0.125 in Thickness, 20 mm Arbor Size, metal Application, Cut Off Disc Wheel Type",,12 in,0.125 in,20 mm,,,,,,,,,,,,,,,,,,,,,metal,,,Diameter,12,in,Thickness,0.125,in,Arbor Size,20,mm,Application,metal,,Wheel Type,Cut Off Disc,,Abrasive,,,Maximum Speed,,,Quantity,1,,,,,,,,,,,,,,,,,,,,,,,,,,,,,,,,,,,,,,,,,,,,,,,,,,,,,,,,,,,,,,,,,,,,,,,,,,,,,,,,,,,,,,,,,,,,,,,,,,,,,,,,,,,,,,,,,,,,,,,,,,,,,,,,,,,23101500,,,1,EA,,,,,,,,,,,,,,,,,,,,,,,,,,,,,,,,,,,,,,,
,,,,,,,Tools & Equipment,Power Tool Accessories,Cut-Off & Grinding Wheels,,49-94-0063,"49-94-0063 Milw 14""x7/64""x1"" Metal Cut Off Disc General Purpose",-- Unbranded --,-- No Unilog Brand --,-- No DIB Brand --,Milwaukee Accessory (4031),Milwaukee Accessory,,,49-94-0063,,Tools & Equipment>Power Tool Accessories>Abrasive Wheels,"Milwaukee Accessory, Cut-Off Wheel, 49-94-0063, 14 in Diameter",CUT-OFF WHEEL 14IN 0.109375IN 1IN METAL,"49-94-0063 Cut-Off Wheel, 14 in Diameter, 0.109375 in Thickness, 1 in Arbor Size, metal Application, Cut Off Wheel Type","Cut-Off Wheel, 14 in Diameter, 0.109375 in Thickness, 1 in Arbor Size, metal Application, Cut Off Wheel Type, General Purpose Quantity","Cut-Off Wheel, 14 in Diameter, 0.109375 in Thickness, 1 in Arbor Size, metal Application, Cut Off Wheel Type",,14 in,0.109375 in,1 in,,,,,,,,,,,,,,,,,,,,,metal,,,Diameter,14,in,Thickness,0.109375,in,Arbor Size,1,in,Application,metal,,Wheel Type,Cut Off,,Abrasive,,,Maximum Speed,,,Quantity,General Purpose,,,,,,,,,,,,,,,,,,,,,,,,,,,,,,,,,,,,,,,,,,,,,,,,,,,,,,,,,,,,,,,,,,,,,,,,,,,,,,,,,,,,,,,,,,,,,,,,,,,,,,,,,,,,,,,,,,,,,,,,,,,,,,,,,,,23101500,,,,,,,,,,,,,,,,,,,,,,,,,,,,,,,,,,,,,,,,,,,
,,,,,,,Tools & Equipment,Power Tool Accessories,Cut-Off & Grinding Wheels,,49-94-0068,"49-94-0068 Milw 14""x1/8""x20mm Metal Cut Off Disc",-- Unbranded --,-- No Unilog Brand --,-- No DIB Brand --,Milwaukee Accessory (4031),Milwaukee Accessory,,,49-94-0068,,Tools & Equipment>Power Tool Accessories>Abrasive Wheels,"Milwaukee Accessory, Cut-Off Wheel, 49-94-0068, 14 in Diameter",CUT-OFF WHEEL 14IN 0.125IN 20MM METAL 1,"49-94-0068 Cut-Off Wheel, 14 in Diameter, 0.125 in Thickness, 20 mm Arbor Size, metal Application","Cut-Off Wheel, 14 in Diameter, 0.125 in Thickness, 20 mm Arbor Size, metal Application, Cut Off Disc Wheel Type, 1 Quantity","Cut-Off Wheel, 14 in Diameter, 0.125 in Thickness, 20 mm Arbor Size, metal Application, Cut Off Disc Wheel Type",,14 in,0.125 in,20 mm,,,,,,,,,,,,,,,,,,,,,metal,,,Diameter,14,in,Thickness,0.125,in,Arbor Size,20,mm,Application,metal,,Wheel Type,Cut Off Disc,,Abrasive,,,Maximum Speed,,,Quantity,1,,,,,,,,,,,,,,,,,,,,,,,,,,,,,,,,,,,,,,,,,,,,,,,,,,,,,,,,,,,,,,,,,,,,,,,,,,,,,,,,,,,,,,,,,,,,,,,,,,,,,,,,,,,,,,,,,,,,,,,,,,,,,,,,,,,23101500,,,1,EA,,,,,,,,,,,,,,,,,,,,,,,,,,,,,,,,,,,,,,,
,,,,,,,Tools & Equipment,Power Tool Accessories,Cut-Off & Grinding Wheels,,49-94-0073,"49-94-0073 Milw 14""x1/8""x1"" Metal Cut Off Disc",-- Unbranded --,-- No Unilog Brand --,-- No DIB Brand --,Milwaukee Accessory (4031),Milwaukee Accessory,,,49-94-0073,,Tools & Equipment>Power Tool Accessories>Abrasive Wheels,"Milwaukee Accessory, Cut-Off Wheel, 49-94-0073, 14 in Diameter",CUT-OFF WHEEL 14IN 0.125IN 1IN METAL 1,"49-94-0073 Cut-Off Wheel, 14 in Diameter, 0.125 in Thickness, 1 in Arbor Size, metal Application, Cut Off Wheel Type","Cut-Off Wheel, 14 in Diameter, 0.125 in Thickness, 1 in Arbor Size, metal Application, Cut Off Wheel Type, 1 Quantity","Cut-Off Wheel, 14 in Diameter, 0.125 in Thickness, 1 in Arbor Size, metal Application, Cut Off Wheel Type, 1 Quantity",,14 in,0.125 in,1 in,,,,,,,,,,,,,,,,,,,,,metal,,,Diameter,14,in,Thickness,0.125,in,Arbor Size,1,in,Application,metal,,Wheel Type,Cut Off,,Abrasive,,,Maximum Speed,,,Quantity,1,,,,,,,,,,,,,,,,,,,,,,,,,,,,,,,,,,,,,,,,,,,,,,,,,,,,,,,,,,,,,,,,,,,,,,,,,,,,,,,,,,,,,,,,,,,,,,,,,,,,,,,,,,,,,,,,,,,,,,,,,,,,,,,,,,,23101500,,,1,EA,,,,,,,,,,,,,,,,,,,,,,,,,,,,,,,,,,,,,,,
,,,,,,,Tools & Equipment,Power Tool Accessories,Cut-Off & Grinding Wheels,,49-94-0101,"49-94-0101 Milw 4-1/2""x.045""x7/8"" Perform+ Metal Cut Off Disc 10pc",-- Unbranded --,-- No Unilog Brand --,-- No DIB Brand --,Milwaukee Accessory (4031),Milwaukee Accessory,,,49-94-0101,,Tools & Equipment>Power Tool Accessories>Abrasive Wheels,"Milwaukee Accessory, Cut-Off Wheel, 49-94-0101, 4.5 in Diameter",CUT-OFF WHEEL 4.5IN .045IN 0.875IN 10 PC,"49-94-0101 Cut-Off Wheel, 4.5 in Diameter, .045 in Thickness, 0.875 in Arbor Size, 10 pc Quantity","Cut-Off Wheel, 4.5 in Diameter, .045 in Thickness, 0.875 in Arbor Size, 10 pc Quantity","Cut-Off Wheel, 4.5 in Diameter, .045 in Thickness, 0.875 in Arbor Size, 10 pc Quantity",,4.5 in,.045 in,0.875 in,,,,,,,,,,,,,,,,,,,,,,,,Diameter,4.5,in,Thickness,.045,in,Arbor Size,0.875,in,Application,,,Wheel Type,,,Abrasive,,,Maximum Speed,,,Quantity,10 pc,,,,,,,,,,,,,,,,,,,,,,,,,,,,,,,,,,,,,,,,,,,,,,,,,,,,,,,,,,,,,,,,,,,,,,,,,,,,,,,,,,,,,,,,,,,,,,,,,,,,,,,,,,,,,,,,,,,,,,,,,,,,,,,,,,,23101500,,,10,PK,,,,,,,,,,,,,,,,,,,,,,,,,,,,,,,,,,,,,,,
,,,,,,,Tools & Equipment,Power Tool Accessories,Cut-Off & Grinding Wheels,,49-94-0107,"49-94-0107 Milw 4-1/2""x.045""x7/8"" Performance+ Metal Cut Off Disc",-- Unbranded --,-- No Unilog Brand --,-- No DIB Brand --,Milwaukee Accessory (4031),Milwaukee Accessory,,,49-94-0107,,Tools & Equipment>Power Tool Accessories>Abrasive Wheels,"Milwaukee Accessory, Cut-Off Wheel, 49-94-0107, 4.5 in Diameter",CUT-OFF WHEEL 4.5IN .045IN 0.875IN METAL,"49-94-0107 Cut-Off Wheel, 4.5 in Diameter, .045 in Thickness, 0.875 in Arbor Size, metal Application","Cut-Off Wheel, 4.5 in Diameter, .045 in Thickness, 0.875 in Arbor Size, metal Application","Cut-Off Wheel, 4.5 in Diameter, .045 in Thickness, 0.875 in Arbor Size, metal Application",,4.5 in,.045 in,0.875 in,,,,,,,,,,,,,,,,,,,,,metal,,,Diameter,4.5,in,Thickness,.045,in,Arbor Size,0.875,in,Application,metal,,Wheel Type,,,Abrasive,,,Maximum Speed,,,Quantity,,,,,,,,,,,,,,,,,,,,,,,,,,,,,,,,,,,,,,,,,,,,,,,,,,,,,,,,,,,,,,,,,,,,,,,,,,,,,,,,,,,,,,,,,,,,,,,,,,,,,,,,,,,,,,,,,,,,,,,,,,,,,,,,,,,,23101500,,,,,,,,,,,,,,,,,,,,,,,,,,,,,,,,,,,,,,,,,,,
,,,,,,,Tools & Equipment,Power Tool Accessories,Cut-Off & Grinding Wheels,,49-94-0117,"49-94-0117 Milw 5""x.045""x7/8"" Performance+ Metal Cut Off Disc",-- Unbranded --,-- No Unilog Brand --,-- No DIB Brand --,Milwaukee Accessory (4031),Milwaukee Accessory,,,49-94-0117,,Tools & Equipment>Power Tool Accessories>Abrasive Wheels,"Milwaukee Accessory, Cut-Off Wheel, 49-94-0117, 5 in Diameter",CUT-OFF WHEEL 5IN .045IN 0.875IN METAL,"49-94-0117 Cut-Off Wheel, 5 in Diameter, .045 in Thickness, 0.875 in Arbor Size, metal Application","Cut-Off Wheel, 5 in Diameter, .045 in Thickness, 0.875 in Arbor Size, metal Application, Performance+ Abrasive","Cut-Off Wheel, 5 in Diameter, .045 in Thickness, 0.875 in Arbor Size, metal Application, Performance+ Abrasive",,5 in,.045 in,0.875 in,,,,,,,,,,,,,,,,,,,,,metal,,,Diameter,5,in,Thickness,.045,in,Arbor Size,0.875,in,Application,metal,,Wheel Type,,,Abrasive,Performance+,,Maximum Speed,,,Quantity,,,,,,,,,,,,,,,,,,,,,,,,,,,,,,,,,,,,,,,,,,,,,,,,,,,,,,,,,,,,,,,,,,,,,,,,,,,,,,,,,,,,,,,,,,,,,,,,,,,,,,,,,,,,,,,,,,,,,,,,,,,,,,,,,,,,23101500,,,,,,,,,,,,,,,,,,,,,,,,,,,,,,,,,,,,,,,,,,,
,,,,,,,Tools & Equipment,Power Tool Accessories,Cut-Off & Grinding Wheels,,49-94-0123,"49-94-0123 Milw 6""x.045""x7/8"" Performance+ Metal Cut Off Disc",-- Unbranded --,-- No Unilog Brand --,-- No DIB Brand --,Milwaukee Accessory (4031),Milwaukee Accessory,,,49-94-0123,,Tools & Equipment>Power Tool Accessories>Abrasive Wheels,"Milwaukee Accessory, Cut-Off Wheel, 49-94-0123, 6 in Diameter",CUT-OFF WHEEL 6IN .045IN 0.875IN METAL,"49-94-0123 Cut-Off Wheel, 6 in Diameter, .045 in Thickness, 0.875 in Arbor Size, metal Application","Cut-Off Wheel, 6 in Diameter, .045 in Thickness, 0.875 in Arbor Size, metal Application","Cut-Off Wheel, 6 in Diameter, .045 in Thickness, 0.875 in Arbor Size, metal Application",,6 in,.045 in,0.875 in,,,,,,,,,,,,,,,,,,,,,metal,,,Diameter,6,in,Thickness,.045,in,Arbor Size,0.875,in,Application,metal,,Wheel Type,,,Abrasive,,,Maximum Speed,,,Quantity,,,,,,,,,,,,,,,,,,,,,,,,,,,,,,,,,,,,,,,,,,,,,,,,,,,,,,,,,,,,,,,,,,,,,,,,,,,,,,,,,,,,,,,,,,,,,,,,,,,,,,,,,,,,,,,,,,,,,,,,,,,,,,,,,,,,23101500,,,,,,,,,,,,,,,,,,,,,,,,,,,,,,,,,,,,,,,,,,,
,,,,,,,Tools & Equipment,Power Tool Accessories,Cut-Off & Grinding Wheels,,49-94-0023,"49-94-0023 Milw 6""x.045""x7/8"" Metal Cut Off Disc",-- Unbranded --,-- No Unilog Brand --,-- No DIB Brand --,Milwaukee Accessory (4031),Milwaukee Accessory,,,49-94-0023,,Tools & Equipment>Power Tool Accessories>Abrasive Wheels,"Milwaukee Accessory, Cut-Off Wheel, 49-94-0023, 6 in Diameter",CUT-OFF WHEEL 6IN .045IN 0.875IN METAL,"49-94-0023 Cut-Off Wheel, 6 in Diameter, .045 in Thickness, 0.875 in Arbor Size, metal Application, Cut Off Wheel Type","Cut-Off Wheel, 6 in Diameter, .045 in Thickness, 0.875 in Arbor Size, metal Application, Cut Off Wheel Type","Cut-Off Wheel, 6 in Diameter, .045 in Thickness, 0.875 in Arbor Size, metal Application, Cut Off Wheel Type",,6 in,.045 in,0.875 in,,,,,,,,,,,,,,,,,,,,,metal,,,Diameter,6,in,Thickness,.045,in,Arbor Size,0.875,in,Application,metal,,Wheel Type,Cut Off,,Abrasive,,,Maximum Speed,,,Quantity,,,,,,,,,,,,,,,,,,,,,,,,,,,,,,,,,,,,,,,,,,,,,,,,,,,,,,,,,,,,,,,,,,,,,,,,,,,,,,,,,,,,,,,,,,,,,,,,,,,,,,,,,,,,,,,,,,,,,,,,,,,,,,,,,,,,23101500,,,,,,,,,,,,,,,,,,,,,,,,,,,,,,,,,,,,,,,,,,,
,,,,,,,Tools & Equipment,Power Tool Accessories,Cut-Off & Grinding Wheels,,49-94-0121,"49-94-0121 Milw 6""x.045""x7/8"" Performance+ Metal Cut Off Disc 10pc",-- Unbranded --,-- No Unilog Brand --,-- No DIB Brand --,Milwaukee Accessory (4031),Milwaukee Accessory,,,49-94-0121,,Tools & Equipment>Power Tool Accessories>Abrasive Wheels,"Milwaukee Accessory, Cut-Off Wheel, 49-94-0121, 6 in Diameter",CUT-OFF WHEEL 6IN .045IN 0.875IN 10 PC,"49-94-0121 Cut-Off Wheel, 6 in Diameter, .045 in Thickness, 0.875 in Arbor Size, 10 pc Quantity","Cut-Off Wheel, 6 in Diameter, .045 in Thickness, 0.875 in Arbor Size, 10 pc Quantity","Cut-Off Wheel, 6 in Diameter, .045 in Thickness, 0.875 in Arbor Size, 10 pc Quantity",,6 in,.045 in,0.875 in,,,,,,,,,,,,,,,,,,,,,,,,Diameter,6,in,Thickness,.045,in,Arbor Size,0.875,in,Application,,,Wheel Type,,,Abrasive,,,Maximum Speed,,,Quantity,10 pc,,,,,,,,,,,,,,,,,,,,,,,,,,,,,,,,,,,,,,,,,,,,,,,,,,,,,,,,,,,,,,,,,,,,,,,,,,,,,,,,,,,,,,,,,,,,,,,,,,,,,,,,,,,,,,,,,,,,,,,,,,,,,,,,,,,23101500,,,10,PK,,,,,,,,,,,,,,,,,,,,,,,,,,,,,,,,,,,,,,,
,,,,,,,Tools & Equipment,Power Tool Accessories,Cut-Off & Grinding Wheels,,49-94-0127,"49-94-0127 Milw 6""x.045""x7/8"" Performance+Metal Cut Off Disc",-- Unbranded --,-- No Unilog Brand --,-- No DIB Brand --,Milwaukee Accessory (4031),Milwaukee Accessory,,,49-94-0127,,Tools & Equipment>Power Tool Accessories>Abrasive Wheels,"Milwaukee Accessory, Cut-Off Wheel, 49-94-0127, 6 in Diameter",CUT-OFF WHEEL 6IN .045IN 0.875IN METAL 1,"49-94-0127 Cut-Off Wheel, 6 in Diameter, .045 in Thickness, 0.875 in Arbor Size, metal Application, Cut Off Wheel Type","Cut-Off Wheel, 6 in Diameter, .045 in Thickness, 0.875 in Arbor Size, metal Application, Cut Off Wheel Type, 1 Quantity","Cut-Off Wheel, 6 in Diameter, .045 in Thickness, 0.875 in Arbor Size, metal Application, Cut Off Wheel Type, 1 Quantity",,6 in,.045 in,0.875 in,,,,,,,,,,,,,,,,,,,,,metal,,,Diameter,6,in,Thickness,.045,in,Arbor Size,0.875,in,Application,metal,,Wheel Type,Cut Off,,Abrasive,,,Maximum Speed,,,Quantity,1,,,,,,,,,,,,,,,,,,,,,,,,,,,,,,,,,,,,,,,,,,,,,,,,,,,,,,,,,,,,,,,,,,,,,,,,,,,,,,,,,,,,,,,,,,,,,,,,,,,,,,,,,,,,,,,,,,,,,,,,,,,,,,,,,,,23101500,,,1,EA,,,,,,,,,,,,,,,,,,,,,,,,,,,,,,,,,,,,,,,
,,,,,,,Tools & Equipment,Power Tool Accessories,Cut-Off & Grinding Wheels,,49-94-0137,"49-94-0137 Milw 7""x3/32""x7/8"" Performance+ Metal Cut Off Disc",-- Unbranded --,-- No Unilog Brand --,-- No DIB Brand --,Milwaukee Accessory (4031),Milwaukee Accessory,,,49-94-0137,,Tools & Equipment>Power Tool Accessories>Abrasive Wheels,"Milwaukee Accessory, Cut-Off Wheel, 49-94-0137, 7 in Diameter",CUT-OFF WHEEL 7IN 0.09375IN 0.875IN 7RPM,"49-94-0137 Cut-Off Wheel, 7 in Diameter, 0.09375 in Thickness, 0.875 in Arbor Size, metal Application","Cut-Off Wheel, 7 in Diameter, 0.09375 in Thickness, 0.875 in Arbor Size, metal Application, 7 RPM Maximum Speed, 1 Quantity","Cut-Off Wheel, 7 in Diameter, 0.09375 in Thickness, 0.875 in Arbor Size, metal Application, 7 RPM Maximum Speed",,7 in,0.09375 in,0.875 in,7 RPM,,,,,,,,,,,,,,,,,,,,metal,,,Diameter,7,in,Thickness,0.09375,in,Arbor Size,0.875,in,Application,metal,,Wheel Type,,,Abrasive,,,Maximum Speed,7,RPM,Quantity,1,,,,,,,,,,,,,,,,,,,,,,,,,,,,,,,,,,,,,,,,,,,,,,,,,,,,,,,,,,,,,,,,,,,,,,,,,,,,,,,,,,,,,,,,,,,,,,,,,,,,,,,,,,,,,,,,,,,,,,,,,,,,,,,,,,,23101500,,,1,EA,,,,,,,,,,,,,,,,,,,,,,,,,,,,,,,,,,,,,,,
,,,,,,,Tools & Equipment,Power Tool Accessories,Cut-Off & Grinding Wheels,,49-94-0160,"49-94-0160 Milw 14""x7/64""x1"" Performance+ Metal Cut Off Disc",-- Unbranded --,-- No Unilog Brand --,-- No DIB Brand --,Milwaukee Accessory (4031),Milwaukee Accessory,,,49-94-0160,,Tools & Equipment>Power Tool Accessories>Abrasive Wheels,"Milwaukee Accessory, Cut-Off Wheel, 49-94-0160, 14 in Diameter",CUT-OFF WHEEL 14IN 0.109375IN 1IN METAL,"49-94-0160 Cut-Off Wheel, 14 in Diameter, 0.109375 in Thickness, 1 in Arbor Size, metal Application","Cut-Off Wheel, 14 in Diameter, 0.109375 in Thickness, 1 in Arbor Size, metal Application, 14 RPM Maximum Speed, 1 Quantity","Cut-Off Wheel, 14 in Diameter, 0.109375 in Thickness, 1 in Arbor Size, metal Application, 14 RPM Maximum Speed",,14 in,0.109375 in,1 in,14 RPM,,,,,,,,,,,,,,,,,,,,metal,,,Diameter,14,in,Thickness,0.109375,in,Arbor Size,1,in,Application,metal,,Wheel Type,,,Abrasive,,,Maximum Speed,14,RPM,Quantity,1,,,,,,,,,,,,,,,,,,,,,,,,,,,,,,,,,,,,,,,,,,,,,,,,,,,,,,,,,,,,,,,,,,,,,,,,,,,,,,,,,,,,,,,,,,,,,,,,,,,,,,,,,,,,,,,,,,,,,,,,,,,,,,,,,,,23101500,,,1,EA,,,,,,,,,,,,,,,,,,,,,,,,,,,,,,,,,,,,,,,
,,,,,,,Tools & Equipment,Power Tool Accessories,Cut-Off & Grinding Wheels,,49-94-0223,"49-94-0223 Milw 6""x.045""x7/8"" Ceramic+ Metal Cut Off Disc",-- Unbranded --,-- No Unilog Brand --,-- No DIB Brand --,Milwaukee Accessory (4031),Milwaukee Accessory,,,49-94-0223,,Tools & Equipment>Power Tool Accessories>Abrasive Wheels,"Milwaukee Accessory, Cut-Off Wheel, 49-94-0223, 6 in Diameter",CUT-OFF WHEEL 6IN .045IN 0.875IN METAL,"49-94-0223 Cut-Off Wheel, 6 in Diameter, .045 in Thickness, 0.875 in Arbor Size, metal Application, Ceramic+ Wheel Type","Cut-Off Wheel, 6 in Diameter, .045 in Thickness, 0.875 in Arbor Size, metal Application, Ceramic+ Wheel Type","Cut-Off Wheel, 6 in Diameter, .045 in Thickness, 0.875 in Arbor Size, metal Application, Ceramic+ Wheel Type",,6 in,.045 in,0.875 in,,,,,,,,,,,,,,,,,,,,,metal,,,Diameter,6,in,Thickness,.045,in,Arbor Size,0.875,in,Application,metal,,Wheel Type,Ceramic+,,Abrasive,,,Maximum Speed,,,Quantity,,,,,,,,,,,,,,,,,,,,,,,,,,,,,,,,,,,,,,,,,,,,,,,,,,,,,,,,,,,,,,,,,,,,,,,,,,,,,,,,,,,,,,,,,,,,,,,,,,,,,,,,,,,,,,,,,,,,,,,,,,,,,,,,,,,,23101500,,,,,,,,,,,,,,,,,,,,,,,,,,,,,,,,,,,,,,,,,,,
,,,,,,,Tools & Equipment,Power Tool Accessories,Cut-Off & Grinding Wheels,,49-94-0445,"49-94-0445 Milw 10""x3/32""x5/8"" Performance+ Metal Cut Off Disc",-- Unbranded --,-- No Unilog Brand --,-- No DIB Brand --,Milwaukee Accessory (4031),Milwaukee Accessory,,,49-94-0445,,Tools & Equipment>Power Tool Accessories>Abrasive Wheels,"Milwaukee Accessory, Cut-Off Wheel, 49-94-0445, 10 in Diameter",CUT-OFF WHEEL 10IN 0.09375IN 0.625IN,"49-94-0445 Cut-Off Wheel, 10 in Diameter, 0.09375 in Thickness, 0.625 in Arbor Size, metal Application","Cut-Off Wheel, 10 in Diameter, 0.09375 in Thickness, 0.625 in Arbor Size, metal Application","Cut-Off Wheel, 10 in Diameter, 0.09375 in Thickness, 0.625 in Arbor Size, metal Application",,10 in,0.09375 in,0.625 in,,,,,,,,,,,,,,,,,,,,,metal,,,Diameter,10,in,Thickness,0.09375,in,Arbor Size,0.625,in,Application,metal,,Wheel Type,,,Abrasive,,,Maximum Speed,,,Quantity,,,,,,,,,,,,,,,,,,,,,,,,,,,,,,,,,,,,,,,,,,,,,,,,,,,,,,,,,,,,,,,,,,,,,,,,,,,,,,,,,,,,,,,,,,,,,,,,,,,,,,,,,,,,,,,,,,,,,,,,,,,,,,,,,,,,23101500,,,,,,,,,,,,,,,,,,,,,,,,,,,,,,,,,,,,,,,,,,,
,,,,,,,Tools & Equipment,Power Tool Accessories,Cut-Off & Grinding Wheels,,49-94-0803,"49-94-0803 Milw 4-1/2""x1/8""x7/8"" Dual Metal Cut and Grind Disc",-- Unbranded --,-- No Unilog Brand --,-- No DIB Brand --,Milwaukee Accessory (4031),Milwaukee Accessory,,,49-94-0803,,Tools & Equipment>Power Tool Accessories>Abrasive Wheels,"Milwaukee Accessory, Cut-Off Wheel, 49-94-0803, 4.5 in Diameter",CUT-OFF WHEEL 4.5IN 0.125IN 0.875IN 1,"49-94-0803 Cut-Off Wheel, 4.5 in Diameter, 0.125 in Thickness, 0.875 in Arbor Size, Cut and Grind Application","Cut-Off Wheel, 4.5 in Diameter, 0.125 in Thickness, 0.875 in Arbor Size, Cut and Grind Application, Dual Metal Wheel Type, 1 Quantity","Cut-Off Wheel, 4.5 in Diameter, 0.125 in Thickness, 0.875 in Arbor Size, Cut and Grind Application",,4.5 in,0.125 in,0.875 in,,,,,,,,,,,,,,,,,,,,,Cut and Grind,,,Diameter,4.5,in,Thickness,0.125,in,Arbor Size,0.875,in,Application,Cut and Grind,,Wheel Type,Dual Metal,,Abrasive,,,Maximum Speed,,,Quantity,1,,,,,,,,,,,,,,,,,,,,,,,,,,,,,,,,,,,,,,,,,,,,,,,,,,,,,,,,,,,,,,,,,,,,,,,,,,,,,,,,,,,,,,,,,,,,,,,,,,,,,,,,,,,,,,,,,,,,,,,,,,,,,,,,,,,23101500,,,1,EA,,,,,,,,,,,,,,,,,,,,,,,,,,,,,,,,,,,,,,,
,,,,,,,Tools & Equipment,Power Tool Accessories,Cut-Off & Grinding Wheels,,49-94-0903,"49-94-0903 Milw 4-1/2""x1/8""x7/8""Perform+Dual Metal Cut and Grind Disc",-- Unbranded --,-- No Unilog Brand --,-- No DIB Brand --,Milwaukee Accessory (4031),Milwaukee Accessory,,,49-94-0903,,Tools & Equipment>Power Tool Accessories>Abrasive Wheels,"Milwaukee Accessory, Cut-Off Wheel, 49-94-0903, 4.5 in Diameter",CUT-OFF WHEEL 4.5IN 0.125IN 0.875IN 1,"49-94-0903 Cut-Off Wheel, 4.5 in Diameter, 0.125 in Thickness, 0.875 in Arbor Size, Cut and Grind Application","Cut-Off Wheel, 4.5 in Diameter, 0.125 in Thickness, 0.875 in Arbor Size, Cut and Grind Application, Dual Metal Wheel Type, 1 Quantity","Cut-Off Wheel, 4.5 in Diameter, 0.125 in Thickness, 0.875 in Arbor Size, Cut and Grind Application",,4.5 in,0.125 in,0.875 in,,,,,,,,,,,,,,,,,,,,,Cut and Grind,,,Diameter,4.5,in,Thickness,0.125,in,Arbor Size,0.875,in,Application,Cut and Grind,,Wheel Type,Dual Metal,,Abrasive,,,Maximum Speed,,,Quantity,1,,,,,,,,,,,,,,,,,,,,,,,,,,,,,,,,,,,,,,,,,,,,,,,,,,,,,,,,,,,,,,,,,,,,,,,,,,,,,,,,,,,,,,,,,,,,,,,,,,,,,,,,,,,,,,,,,,,,,,,,,,,,,,,,,,,23101500,,,1,EA,,,,,,,,,,,,,,,,,,,,,,,,,,,,,,,,,,,,,,,
,,,,,,,Tools & Equipment,Power Tool Accessories,Cut-Off & Grinding Wheels,,49-94-0907,"49-94-0907 Milw 4-1/2""x1/8""x5/8-11""Perform+Dual Metal Cut n Grind Disc",-- Unbranded --,-- No Unilog Brand --,-- No DIB Brand --,Milwaukee Accessory (4031),Milwaukee Accessory,,,49-94-0907,,Tools & Equipment>Power Tool Accessories>Abrasive Wheels,"Milwaukee Accessory, Cut-Off Wheel, 49-94-0907, 4.5 in Diameter",CUT-OFF WHEEL 4.5IN 0.125IN 0.625 -11IN,"49-94-0907 Cut-Off Wheel, 4.5 in Diameter, 0.125 in Thickness, 0.625 -11 in Arbor Size, Cut n Grind Application","Cut-Off Wheel, 4.5 in Diameter, 0.125 in Thickness, 0.625 -11 in Arbor Size, Cut n Grind Application, Dual Metal Wheel Type, 1 Quantity","Cut-Off Wheel, 4.5 in Diameter, 0.125 in Thickness, 0.625 -11 in Arbor Size, Cut n Grind Application",,4.5 in,0.125 in,0.625 -11 in,,,,,,,,,,,,,,,,,,,,,Cut n Grind,,,Diameter,4.5,in,Thickness,0.125,in,Arbor Size,0.625 -11,in,Application,Cut n Grind,,Wheel Type,Dual Metal,,Abrasive,,,Maximum Speed,,,Quantity,1,,,,,,,,,,,,,,,,,,,,,,,,,,,,,,,,,,,,,,,,,,,,,,,,,,,,,,,,,,,,,,,,,,,,,,,,,,,,,,,,,,,,,,,,,,,,,,,,,,,,,,,,,,,,,,,,,,,,,,,,,,,,,,,,,,,23101500,,,1,EA,,,,,,,,,,,,,,,,,,,,,,,,,,,,,,,,,,,,,,,
,,,,,,,Tools & Equipment,Power Tool Accessories,Cut-Off & Grinding Wheels,,49-94-0923,"49-94-0923 Milw 6""x1/8""x7/8"" Perform+Dual Metal Cut and Grind Disc",-- Unbranded --,-- No Unilog Brand --,-- No DIB Brand --,Milwaukee Accessory (4031),Milwaukee Accessory,,,49-94-0923,,Tools & Equipment>Power Tool Accessories>Abrasive Wheels,"Milwaukee Accessory, Cut-Off Wheel, 49-94-0923, 6 in Diameter",CUT-OFF WHEEL 6IN 0.125IN 0.875IN 1,"49-94-0923 Cut-Off Wheel, 6 in Diameter, 0.125 in Thickness, 0.875 in Arbor Size, Cut and Grind Application","Cut-Off Wheel, 6 in Diameter, 0.125 in Thickness, 0.875 in Arbor Size, Cut and Grind Application, Perform+Dual Metal Wheel Type, 1 Quantity","Cut-Off Wheel, 6 in Diameter, 0.125 in Thickness, 0.875 in Arbor Size, Cut and Grind Application",,6 in,0.125 in,0.875 in,,,,,,,,,,,,,,,,,,,,,Cut and Grind,,,Diameter,6,in,Thickness,0.125,in,Arbor Size,0.875,in,Application,Cut and Grind,,Wheel Type,Perform+Dual Metal,,Abrasive,,,Maximum Speed,,,Quantity,1,,,,,,,,,,,,,,,,,,,,,,,,,,,,,,,,,,,,,,,,,,,,,,,,,,,,,,,,,,,,,,,,,,,,,,,,,,,,,,,,,,,,,,,,,,,,,,,,,,,,,,,,,,,,,,,,,,,,,,,,,,,,,,,,,,,23101500,,,1,EA,,,,,,,,,,,,,,,,,,,,,,,,,,,,,,,,,,,,,,,
,,,,,,,Tools & Equipment,Power Tool Accessories,Cut-Off & Grinding Wheels,,49-94-1900,"49-94-1900 Milw 4""x1/8""x5/8"" Masonry Cut Off Disc",-- Unbranded --,-- No Unilog Brand --,-- No DIB Brand --,Milwaukee Accessory (4031),Milwaukee Accessory,,,49-94-1900,,Tools & Equipment>Power Tool Accessories>Abrasive Wheels,"Milwaukee Accessory, Cut-Off Wheel, 49-94-1900, 4 in Diameter",CUT-OFF WHEEL 4IN 0.125IN 0.625IN 1,"49-94-1900 Cut-Off Wheel, 4 in Diameter, 0.125 in Thickness, 0.625 in Arbor Size, masonry Application","Cut-Off Wheel, 4 in Diameter, 0.125 in Thickness, 0.625 in Arbor Size, masonry Application, Cut Off Wheel Type, 1 Quantity","Cut-Off Wheel, 4 in Diameter, 0.125 in Thickness, 0.625 in Arbor Size, masonry Application, Cut Off Wheel Type",,4 in,0.125 in,0.625 in,,,,,,,,,,,,,,,,,,,,,masonry,,,Diameter,4,in,Thickness,0.125,in,Arbor Size,0.625,in,Application,masonry,,Wheel Type,Cut Off,,Abrasive,,,Maximum Speed,,,Quantity,1,,,,,,,,,,,,,,,,,,,,,,,,,,,,,,,,,,,,,,,,,,,,,,,,,,,,,,,,,,,,,,,,,,,,,,,,,,,,,,,,,,,,,,,,,,,,,,,,,,,,,,,,,,,,,,,,,,,,,,,,,,,,,,,,,,,23101500,,,1,EA,,,,,,,,,,,,,,,,,,,,,,,,,,,,,,,,,,,,,,,
,,,,,,,Tools & Equipment,Power Tool Accessories,Cut-Off & Grinding Wheels,,49-94-1905,"49-94-1905 Milw 4-1/2""x1/8""x7/8"" Masonry Cut Off Disc",-- Unbranded --,-- No Unilog Brand --,-- No DIB Brand --,Milwaukee Accessory (4031),Milwaukee Accessory,,,49-94-1905,,Tools & Equipment>Power Tool Accessories>Abrasive Wheels,"Milwaukee Accessory, Cut-Off Wheel, 49-94-1905, 4.5 in Diameter",CUT-OFF WHEEL 4.5IN 0.125IN 0.875IN 1,"49-94-1905 Cut-Off Wheel, 4.5 in Diameter, 0.125 in Thickness, 0.875 in Arbor Size, masonry Application","Cut-Off Wheel, 4.5 in Diameter, 0.125 in Thickness, 0.875 in Arbor Size, masonry Application, Cut Off Wheel Type, 1 Quantity","Cut-Off Wheel, 4.5 in Diameter, 0.125 in Thickness, 0.875 in Arbor Size, masonry Application, Cut Off Wheel Type",,4.5 in,0.125 in,0.875 in,,,,,,,,,,,,,,,,,,,,,masonry,,,Diameter,4.5,in,Thickness,0.125,in,Arbor Size,0.875,in,Application,masonry,,Wheel Type,Cut Off,,Abrasive,,,Maximum Speed,,,Quantity,1,,,,,,,,,,,,,,,,,,,,,,,,,,,,,,,,,,,,,,,,,,,,,,,,,,,,,,,,,,,,,,,,,,,,,,,,,,,,,,,,,,,,,,,,,,,,,,,,,,,,,,,,,,,,,,,,,,,,,,,,,,,,,,,,,,,23101500,,,1,EA,,,,,,,,,,,,,,,,,,,,,,,,,,,,,,,,,,,,,,,
,,,,,,,Tools & Equipment,Power Tool Accessories,Cut-Off & Grinding Wheels,,49-94-1915,"49-94-1915 Milw 6-1/2""x1/8""x5/8"" DKO Masonry Cut Off Disc",-- Unbranded --,-- No Unilog Brand --,-- No DIB Brand --,Milwaukee Accessory (4031),Milwaukee Accessory,,,49-94-1915,,Tools & Equipment>Power Tool Accessories>Abrasive Wheels,"Milwaukee Accessory, Cut-Off Wheel, 49-94-1915, 6.5 in Diameter",CUT-OFF WHEEL 6.5IN 0.125IN 0.625IN 1,"49-94-1915 Cut-Off Wheel, 6.5 in Diameter, 0.125 in Thickness, 0.625 in Arbor Size, masonry Application","Cut-Off Wheel, 6.5 in Diameter, 0.125 in Thickness, 0.625 in Arbor Size, masonry Application, Cut Off Wheel Type, 1 Quantity","Cut-Off Wheel, 6.5 in Diameter, 0.125 in Thickness, 0.625 in Arbor Size, masonry Application, Cut Off Wheel Type",,6.5 in,0.125 in,0.625 in,,,,,,,,,,,,,,,,,,,,,masonry,,,Diameter,6.5,in,Thickness,0.125,in,Arbor Size,0.625,in,Application,masonry,,Wheel Type,Cut Off,,Abrasive,,,Maximum Speed,,,Quantity,1,,,,,,,,,,,,,,,,,,,,,,,,,,,,,,,,,,,,,,,,,,,,,,,,,,,,,,,,,,,,,,,,,,,,,,,,,,,,,,,,,,,,,,,,,,,,,,,,,,,,,,,,,,,,,,,,,,,,,,,,,,,,,,,,,,,23101500,,,1,EA,,,,,,,,,,,,,,,,,,,,,,,,,,,,,,,,,,,,,,,
,,,,,,,Tools & Equipment,Power Tool Accessories,Cut-Off & Grinding Wheels,,49-94-1920,"49-94-1920 Milw 7""x1/8""x5/8"" DKO Masonry Cut Off Disc",-- Unbranded --,-- No Unilog Brand --,-- No DIB Brand --,Milwaukee Accessory (4031),Milwaukee Accessory,,,49-94-1920,,Tools & Equipment>Power Tool Accessories>Abrasive Wheels,"Milwaukee Accessory, Cut-Off Wheel, 49-94-1920, 7 in Diameter",CUT-OFF WHEEL 7IN 0.125IN 0.625IN 1,"49-94-1920 Cut-Off Wheel, 7 in Diameter, 0.125 in Thickness, 0.625 in Arbor Size, masonry Application","Cut-Off Wheel, 7 in Diameter, 0.125 in Thickness, 0.625 in Arbor Size, masonry Application, Cut Off Wheel Type, 1 Quantity","Cut-Off Wheel, 7 in Diameter, 0.125 in Thickness, 0.625 in Arbor Size, masonry Application, Cut Off Wheel Type",,7 in,0.125 in,0.625 in,,,,,,,,,,,,,,,,,,,,,masonry,,,Diameter,7,in,Thickness,0.125,in,Arbor Size,0.625,in,Application,masonry,,Wheel Type,Cut Off,,Abrasive,,,Maximum Speed,,,Quantity,1,,,,,,,,,,,,,,,,,,,,,,,,,,,,,,,,,,,,,,,,,,,,,,,,,,,,,,,,,,,,,,,,,,,,,,,,,,,,,,,,,,,,,,,,,,,,,,,,,,,,,,,,,,,,,,,,,,,,,,,,,,,,,,,,,,,23101500,,,1,EA,,,,,,,,,,,,,,,,,,,,,,,,,,,,,,,,,,,,,,,
,,,,,,,Tools & Equipment,Power Tool Accessories,Cut-Off & Grinding Wheels,,49-94-1925,"49-94-1925 Milw 10""x1/8""x5/8"" Masonry Cut Off Disc",-- Unbranded --,-- No Unilog Brand --,-- No DIB Brand --,Milwaukee Accessory (4031),Milwaukee Accessory,,,49-94-1925,,Tools & Equipment>Power Tool Accessories>Abrasive Wheels,"Milwaukee Accessory, Cut-Off Wheel, 49-94-1925, 10 in Diameter",CUT-OFF WHEEL 10IN 0.125IN 0.625IN 1,"49-94-1925 Cut-Off Wheel, 10 in Diameter, 0.125 in Thickness, 0.625 in Arbor Size, masonry Application","Cut-Off Wheel, 10 in Diameter, 0.125 in Thickness, 0.625 in Arbor Size, masonry Application, Cut Off Wheel Type, 1 Quantity","Cut-Off Wheel, 10 in Diameter, 0.125 in Thickness, 0.625 in Arbor Size, masonry Application, Cut Off Wheel Type",,10 in,0.125 in,0.625 in,,,,,,,,,,,,,,,,,,,,,masonry,,,Diameter,10,in,Thickness,0.125,in,Arbor Size,0.625,in,Application,masonry,,Wheel Type,Cut Off,,Abrasive,,,Maximum Speed,,,Quantity,1,,,,,,,,,,,,,,,,,,,,,,,,,,,,,,,,,,,,,,,,,,,,,,,,,,,,,,,,,,,,,,,,,,,,,,,,,,,,,,,,,,,,,,,,,,,,,,,,,,,,,,,,,,,,,,,,,,,,,,,,,,,,,,,,,,,23101500,,,1,EA,,,,,,,,,,,,,,,,,,,,,,,,,,,,,,,,,,,,,,,
,,,,,,,Tools & Equipment,Power Tool Accessories,Cut-Off & Grinding Wheels,,49-94-1935,"49-94-1935 Milw 12""x1/8""x1"" Masonry Cut Off Disc",-- Unbranded --,-- No Unilog Brand --,-- No DIB Brand --,Milwaukee Accessory (4031),Milwaukee Accessory,,,49-94-1935,,Tools & Equipment>Power Tool Accessories>Abrasive Wheels,"Milwaukee Accessory, Cut-Off Wheel, 49-94-1935, 12 in Diameter",CUT-OFF WHEEL 12IN 0.125IN 1IN MASONRY 1,"49-94-1935 Cut-Off Wheel, 12 in Diameter, 0.125 in Thickness, 1 in Arbor Size, masonry Application, Cut Off Wheel Type","Cut-Off Wheel, 12 in Diameter, 0.125 in Thickness, 1 in Arbor Size, masonry Application, Cut Off Wheel Type, 1 Quantity","Cut-Off Wheel, 12 in Diameter, 0.125 in Thickness, 1 in Arbor Size, masonry Application, Cut Off Wheel Type, 1 Quantity",,12 in,0.125 in,1 in,,,,,,,,,,,,,,,,,,,,,masonry,,,Diameter,12,in,Thickness,0.125,in,Arbor Size,1,in,Application,masonry,,Wheel Type,Cut Off,,Abrasive,,,Maximum Speed,,,Quantity,1,,,,,,,,,,,,,,,,,,,,,,,,,,,,,,,,,,,,,,,,,,,,,,,,,,,,,,,,,,,,,,,,,,,,,,,,,,,,,,,,,,,,,,,,,,,,,,,,,,,,,,,,,,,,,,,,,,,,,,,,,,,,,,,,,,,23101500,,,1,EA,,,,,,,,,,,,,,,,,,,,,,,,,,,,,,,,,,,,,,,
,,,,,,,Tools & Equipment,Power Tool Accessories,Cut-Off & Grinding Wheels,,49-94-1940,"49-94-1940 Milw 14""x1/8""x1"" Masonry Cut Off Disc",-- Unbranded --,-- No Unilog Brand --,-- No DIB Brand --,Milwaukee Accessory (4031),Milwaukee Accessory,,,49-94-1940,,Tools & Equipment>Power Tool Accessories>Abrasive Wheels,"Milwaukee Accessory, Cut-Off Wheel, 49-94-1940, 14 in Diameter",CUT-OFF WHEEL 14IN 0.125IN 1IN MASONRY 1,"49-94-1940 Cut-Off Wheel, 14 in Diameter, 0.125 in Thickness, 1 in Arbor Size, masonry Application, Cut Off Wheel Type","Cut-Off Wheel, 14 in Diameter, 0.125 in Thickness, 1 in Arbor Size, masonry Application, Cut Off Wheel Type, 1 Quantity","Cut-Off Wheel, 14 in Diameter, 0.125 in Thickness, 1 in Arbor Size, masonry Application, Cut Off Wheel Type, 1 Quantity",,14 in,0.125 in,1 in,,,,,,,,,,,,,,,,,,,,,masonry,,,Diameter,14,in,Thickness,0.125,in,Arbor Size,1,in,Application,masonry,,Wheel Type,Cut Off,,Abrasive,,,Maximum Speed,,,Quantity,1,,,,,,,,,,,,,,,,,,,,,,,,,,,,,,,,,,,,,,,,,,,,,,,,,,,,,,,,,,,,,,,,,,,,,,,,,,,,,,,,,,,,,,,,,,,,,,,,,,,,,,,,,,,,,,,,,,,,,,,,,,,,,,,,,,,23101500,,,1,EA,,,,,,,,,,,,,,,,,,,,,,,,,,,,,,,,,,,,,,,
,,,,,,,Tools & Equipment,Power Tool Accessories,Cut-Off & Grinding Wheels,,49-94-0501,"49-94-0501 Milw 4""x1/4""x5/8"" Metal Grinding Wheel",-- Unbranded --,-- No Unilog Brand --,-- No DIB Brand --,Milwaukee Accessory (4031),Milwaukee Accessory,,,49-94-0501,,Tools & Equipment>Power Tool Accessories>Abrasive Wheels,"Milwaukee Accessory, Cut-Off Wheel, 49-94-0501, 4 in Diameter",CUT-OFF WHEEL 4IN 0.25IN 0.625IN METAL 1,"49-94-0501 Cut-Off Wheel, 4 in Diameter, 0.25 in Thickness, 0.625 in Arbor Size, metal Application, Grinding Wheel Type","Cut-Off Wheel, 4 in Diameter, 0.25 in Thickness, 0.625 in Arbor Size, metal Application, Grinding Wheel Type, 1 Quantity","Cut-Off Wheel, 4 in Diameter, 0.25 in Thickness, 0.625 in Arbor Size, metal Application, Grinding Wheel Type, 1 Quantity",,4 in,0.25 in,0.625 in,,,,,,,,,,,,,,,,,,,,,metal,,,Diameter,4,in,Thickness,0.25,in,Arbor Size,0.625,in,Application,metal,,Wheel Type,Grinding,,Abrasive,,,Maximum Speed,,,Quantity,1,,,,,,,,,,,,,,,,,,,,,,,,,,,,,,,,,,,,,,,,,,,,,,,,,,,,,,,,,,,,,,,,,,,,,,,,,,,,,,,,,,,,,,,,,,,,,,,,,,,,,,,,,,,,,,,,,,,,,,,,,,,,,,,,,,,23101500,,,1,EA,,,,,,,,,,,,,,,,,,,,,,,,,,,,,,,,,,,,,,,
,,,,,,,Tools & Equipment,Power Tool Accessories,Cut-Off & Grinding Wheels,,49-94-0503,"49-94-0503 Milw 4-1/2""x1/4""x7/8"" Metal Grinding Wheel",-- Unbranded --,-- No Unilog Brand --,-- No DIB Brand --,Milwaukee Accessory (4031),Milwaukee Accessory,,,49-94-0503,,Tools & Equipment>Power Tool Accessories>Abrasive Wheels,"Milwaukee Accessory, Cut-Off Wheel, 49-94-0503, 4.5 in Diameter",CUT-OFF WHEEL 4.5IN 0.25IN 0.875IN METAL,"49-94-0503 Cut-Off Wheel, 4.5 in Diameter, 0.25 in Thickness, 0.875 in Arbor Size, metal Application","Cut-Off Wheel, 4.5 in Diameter, 0.25 in Thickness, 0.875 in Arbor Size, metal Application, Grinding Wheel Wheel Type, 1 Quantity","Cut-Off Wheel, 4.5 in Diameter, 0.25 in Thickness, 0.875 in Arbor Size, metal Application, Grinding Wheel Wheel Type",,4.5 in,0.25 in,0.875 in,,,,,,,,,,,,,,,,,,,,,metal,,,Diameter,4.5,in,Thickness,0.25,in,Arbor Size,0.875,in,Application,metal,,Wheel Type,Grinding Wheel,,Abrasive,,,Maximum Speed,,,Quantity,1,,,,,,,,,,,,,,,,,,,,,,,,,,,,,,,,,,,,,,,,,,,,,,,,,,,,,,,,,,,,,,,,,,,,,,,,,,,,,,,,,,,,,,,,,,,,,,,,,,,,,,,,,,,,,,,,,,,,,,,,,,,,,,,,,,,23101500,,,1,EA,,,,,,,,,,,,,,,,,,,,,,,,,,,,,,,,,,,,,,,
,,,,,,,Tools & Equipment,Power Tool Accessories,Cut-Off & Grinding Wheels,,49-94-0523,"49-94-0523 Milw 6""x1/4""x7/8"" Metal Grinding Wheel",-- Unbranded --,-- No Unilog Brand --,-- No DIB Brand --,Milwaukee Accessory (4031),Milwaukee Accessory,,,49-94-0523,,Tools & Equipment>Power Tool Accessories>Abrasive Wheels,"Milwaukee Accessory, Cut-Off Wheel, 49-94-0523, 6 in Diameter",CUT-OFF WHEEL 6IN 0.25IN 0.875IN METAL 1,"49-94-0523 Cut-Off Wheel, 6 in Diameter, 0.25 in Thickness, 0.875 in Arbor Size, metal Application, Grinding Wheel Type","Cut-Off Wheel, 6 in Diameter, 0.25 in Thickness, 0.875 in Arbor Size, metal Application, Grinding Wheel Type, 1 Quantity","Cut-Off Wheel, 6 in Diameter, 0.25 in Thickness, 0.875 in Arbor Size, metal Application, Grinding Wheel Type, 1 Quantity",,6 in,0.25 in,0.875 in,,,,,,,,,,,,,,,,,,,,,metal,,,Diameter,6,in,Thickness,0.25,in,Arbor Size,0.875,in,Application,metal,,Wheel Type,Grinding,,Abrasive,,,Maximum Speed,,,Quantity,1,,,,,,,,,,,,,,,,,,,,,,,,,,,,,,,,,,,,,,,,,,,,,,,,,,,,,,,,,,,,,,,,,,,,,,,,,,,,,,,,,,,,,,,,,,,,,,,,,,,,,,,,,,,,,,,,,,,,,,,,,,,,,,,,,,,23101500,,,1,EA,,,,,,,,,,,,,,,,,,,,,,,,,,,,,,,,,,,,,,,
,,,,,,,Tools & Equipment,Power Tool Accessories,Cut-Off & Grinding Wheels,,49-94-1955,"49-94-1955 Milw 4-1/2""x1/4""x7/8"" Masonry Grinding Wheel",-- Unbranded --,-- No Unilog Brand --,-- No DIB Brand --,Milwaukee Accessory (4031),Milwaukee Accessory,,,49-94-1955,,Tools & Equipment>Power Tool Accessories>Abrasive Wheels,"Milwaukee Accessory, Cut-Off Wheel, 49-94-1955, 4.5 in Diameter",CUT-OFF WHEEL 4.5IN 0.25IN 0.875IN 1,"49-94-1955 Cut-Off Wheel, 4.5 in Diameter, 0.25 in Thickness, 0.875 in Arbor Size, masonry Application","Cut-Off Wheel, 4.5 in Diameter, 0.25 in Thickness, 0.875 in Arbor Size, masonry Application, Grinding Wheel Type, 1 Quantity","Cut-Off Wheel, 4.5 in Diameter, 0.25 in Thickness, 0.875 in Arbor Size, masonry Application, Grinding Wheel Type",,4.5 in,0.25 in,0.875 in,,,,,,,,,,,,,,,,,,,,,masonry,,,Diameter,4.5,in,Thickness,0.25,in,Arbor Size,0.875,in,Application,masonry,,Wheel Type,Grinding,,Abrasive,,,Maximum Speed,,,Quantity,1,,,,,,,,,,,,,,,,,,,,,,,,,,,,,,,,,,,,,,,,,,,,,,,,,,,,,,,,,,,,,,,,,,,,,,,,,,,,,,,,,,,,,,,,,,,,,,,,,,,,,,,,,,,,,,,,,,,,,,,,,,,,,,,,,,,23101500,,,1,EA,,,,,,,,,,,,,,,,,,,,,,,,,,,,,,,,,,,,,,,
,,,,,,,Tools & Equipment,Power Tool Accessories,Cut-Off & Grinding Wheels,,49-94-1965,"49-94-1965 Milw 7""x1/4""x7/8"" Masonry Grinding Wheel",-- Unbranded --,-- No Unilog Brand --,-- No DIB Brand --,Milwaukee Accessory (4031),Milwaukee Accessory,,,49-94-1965,,Tools & Equipment>Power Tool Accessories>Abrasive Wheels,"Milwaukee Accessory, Cut-Off Wheel, 49-94-1965, 7 in Diameter",CUT-OFF WHEEL 7IN 0.25IN 0.875IN MASONRY,"49-94-1965 Cut-Off Wheel, 7 in Diameter, 0.25 in Thickness, 0.875 in Arbor Size, masonry Application","Cut-Off Wheel, 7 in Diameter, 0.25 in Thickness, 0.875 in Arbor Size, masonry Application, Grinding Wheel Type, 1 Quantity","Cut-Off Wheel, 7 in Diameter, 0.25 in Thickness, 0.875 in Arbor Size, masonry Application, Grinding Wheel Type",,7 in,0.25 in,0.875 in,,,,,,,,,,,,,,,,,,,,,masonry,,,Diameter,7,in,Thickness,0.25,in,Arbor Size,0.875,in,Application,masonry,,Wheel Type,Grinding,,Abrasive,,,Maximum Speed,,,Quantity,1,,,,,,,,,,,,,,,,,,,,,,,,,,,,,,,,,,,,,,,,,,,,,,,,,,,,,,,,,,,,,,,,,,,,,,,,,,,,,,,,,,,,,,,,,,,,,,,,,,,,,,,,,,,,,,,,,,,,,,,,,,,,,,,,,,,23101500,,,1,EA,,,,,,,,,,,,,,,,,,,,,,,,,,,,,,,,,,,,,,,
,,,,,,,Tools & Equipment,Power Tool Accessories,Cut-Off & Grinding Wheels,,49-94-0513,"49-94-0513 Milw 5""x1/4""x7/8"" Metal Grinding Wheel",-- Unbranded --,-- No Unilog Brand --,-- No DIB Brand --,Milwaukee Accessory (4031),Milwaukee Accessory,,,49-94-0513,,Tools & Equipment>Power Tool Accessories>Abrasive Wheels,"Milwaukee Accessory, Cut-Off Wheel, 49-94-0513, 5 in Diameter",CUT-OFF WHEEL 5IN 0.25IN 0.875IN METAL 1,"49-94-0513 Cut-Off Wheel, 5 in Diameter, 0.25 in Thickness, 0.875 in Arbor Size, metal Application, Grinding Wheel Type","Cut-Off Wheel, 5 in Diameter, 0.25 in Thickness, 0.875 in Arbor Size, metal Application, Grinding Wheel Type, 1 Quantity","Cut-Off Wheel, 5 in Diameter, 0.25 in Thickness, 0.875 in Arbor Size, metal Application, Grinding Wheel Type, 1 Quantity",,5 in,0.25 in,0.875 in,,,,,,,,,,,,,,,,,,,,,metal,,,Diameter,5,in,Thickness,0.25,in,Arbor Size,0.875,in,Application,metal,,Wheel Type,Grinding,,Abrasive,,,Maximum Speed,,,Quantity,1,,,,,,,,,,,,,,,,,,,,,,,,,,,,,,,,,,,,,,,,,,,,,,,,,,,,,,,,,,,,,,,,,,,,,,,,,,,,,,,,,,,,,,,,,,,,,,,,,,,,,,,,,,,,,,,,,,,,,,,,,,,,,,,,,,,23101500,,,1,EA,,,,,,,,,,,,,,,,,,,,,,,,,,,,,,,,,,,,,,,
,,,,,,,Tools & Equipment,Power Tool Accessories,Cut-Off & Grinding Wheels,,49-94-0533,"49-94-0533 Milw 7""x1/4""x7/8"" Metal Grinding Wheel",-- Unbranded --,-- No Unilog Brand --,-- No DIB Brand --,Milwaukee Accessory (4031),Milwaukee Accessory,,,49-94-0533,,Tools & Equipment>Power Tool Accessories>Abrasive Wheels,"Milwaukee Accessory, Cut-Off Wheel, 49-94-0533, 7 in Diameter",CUT-OFF WHEEL 7IN 0.25IN 0.875IN METAL 1,"49-94-0533 Cut-Off Wheel, 7 in Diameter, 0.25 in Thickness, 0.875 in Arbor Size, metal Application, Grinding Wheel Type","Cut-Off Wheel, 7 in Diameter, 0.25 in Thickness, 0.875 in Arbor Size, metal Application, Grinding Wheel Type, 1 Quantity","Cut-Off Wheel, 7 in Diameter, 0.25 in Thickness, 0.875 in Arbor Size, metal Application, Grinding Wheel Type, 1 Quantity",,7 in,0.25 in,0.875 in,,,,,,,,,,,,,,,,,,,,,metal,,,Diameter,7,in,Thickness,0.25,in,Arbor Size,0.875,in,Application,metal,,Wheel Type,Grinding,,Abrasive,,,Maximum Speed,,,Quantity,1,,,,,,,,,,,,,,,,,,,,,,,,,,,,,,,,,,,,,,,,,,,,,,,,,,,,,,,,,,,,,,,,,,,,,,,,,,,,,,,,,,,,,,,,,,,,,,,,,,,,,,,,,,,,,,,,,,,,,,,,,,,,,,,,,,,23101500,,,1,EA,,,,,,,,,,,,,,,,,,,,,,,,,,,,,,,,,,,,,,,
,,,,,,,Tools & Equipment,Power Tool Accessories,"Sanding Belts, Discs & Sheets",,DFBLBLOMFN01G,DFBLBLOMFN01G Diablo 220 Grit - Flat Edge Sanding Sponge,-- Unbranded --,-- No Unilog Brand --,-- No DIB Brand --,Freud Inc (2435),Freud Inc,Diablo,,DFBLBLOMFN01G,,Tools & Equipment>Power Tool Accessories>Coated Abrasives,"Freud Inc Diablo, Sanding Sponge, DFBLBLOMFN01G, 220 grit, Flat Edge",SANDING SPONGE 220GRIT 220GRIT,"Diablo DFBLBLOMFN01G Sanding Sponge, 220 grit, Flat Edge, DFBLBLOMFN01G, 220 grit Quantity","Diablo Sanding Sponge, 220 grit, Flat Edge, DFBLBLOMFN01G, 220 grit Quantity","Sanding Sponge, 220 grit, Flat Edge, DFBLBLOMFN01G, 220 grit Quantity",,220 grit,,,,,,,,,,,,,,,,,,,,,,,,,Sanding Sponge,Product Name,Sanding Sponge,,Brand,Diablo,,Material,220,grit,Color,Flat Edge,,Size,DFBLBLOMFN01G,,Quantity,220,grit,,,,,,,,,,,,,,,,,,,,,,,,,,,,,,,,,,,,,,,,,,,,,,,,,,,,,,,,,,,,,,,,,,,,,,,,,,,,,,,,,,,,,,,,,,,,,,,,,,,,,,,,,,,,,,,,,,,,,,,,,,,,,,,,,,,,,,,,31191500,,,,,,,,,,,,,,,,,,,,,,,,,,,,,,,,,,,,,,,,,,,
,,,,,,,Building Materials,Adhesives & Sealants,Tapes & Flashing,,1700-1PK-BB40,3/4x60' Vinyl Elect Tape,-- Unbranded --,-- No Unilog Brand --,3M,3 M Co (5293),3 M Co,3M,,1700-1PK-BB40,,"Building Materials>Adhesives, Sealants & Tape>Tape","3 M Co 3M, Vinyl Elect Tape, 1700-1PK-BB40, Vinyl, 3/4x60'",VINYL ELECT TAPE VINYL 3/4X60',"3M 1700-1PK-BB40 Vinyl Elect Tape, Vinyl, 3/4x60'","3M Vinyl Elect Tape, Vinyl, 3/4x60'","Vinyl Elect Tape, Vinyl, 3/4x60'",,,,,,,,,,,,,,,,,,,,,,,,,,,Vinyl Elect Tape,Product Name,Vinyl Elect Tape,,Brand,,,Material,Vinyl,,Color,,,Size,3/4x60',,Quantity,,,,,,,,,,,,,,,,,,,,,,,,,,,,,,,,,,,,,,,,,,,,,,,,,,,,,,,,,,,,,,,,,,,,,,,,,,,,,,,,,,,,,,,,,,,,,,,,,,,,,,,,,,,,,,,,,,,,,,,,,,,,,,,,,,,,,,,,,,31201500,,,,,,,,,,,,,,,,,,,,,,,,,,,,,,,,,,,,,,,,,,,
,,,,,,,Building Materials,Adhesives & Sealants,Tapes & Flashing,,ASH-40-40-04,1.5x1.5x13' Legacy Emseal Tape,-- Unbranded --,-- No Unilog Brand --,-- No DIB Brand --,Emseal Joint Systems Ltd (EMSJO),Emseal Joint Systems Ltd,Legacy,,ASH-40-40-04,,"Building Materials>Adhesives, Sealants & Tape>Tape","Emseal Joint Systems Ltd Legacy, Emseal Tape, ASH-40-40-04, Tape",EMSEAL TAPE TAPE,"Legacy ASH-40-40-04 Emseal Tape, Tape, 1.5x1.5x13'","Legacy Emseal Tape, Tape, 1.5x1.5x13'","Emseal Tape, Tape, 1.5x1.5x13'",,,,,,,,,,,,,,,,,,,,,,,,,,,Emseal Tape,Product Name,Emseal Tape,,Brand,Legacy,,Material,Tape,,Color,,,Size,1.5x1.5x13',,Quantity,,,,,,,,,,,,,,,,,,,,,,,,,,,,,,,,,,,,,,,,,,,,,,,,,,,,,,,,,,,,,,,,,,,,,,,,,,,,,,,,,,,,,,,,,,,,,,,,,,,,,,,,,,,,,,,,,,,,,,,,,,,,,,,,,,,,,,,,,,31201500,,,,,,,,,,,,,,,,,,,,,,,,,,,,,,,,,,,,,,,,,,,
,,,,,,,Appliances,Large Appliances,Major Kitchen & Laundry Appliances,,KDFM404KPS,KDFM404KPS Dishwasher SS,-- Unbranded --,-- No Unilog Brand --,-- No DIB Brand --,Appliance Dealers Cooperative (APPDE),Appliance Dealers Cooperative,,,KDFM404KPS,,Appliances & Consumer Electronics>Kitchen Appliances>Major Appliances,"Appliance Dealers Cooperative, Dishwasher, KPS, KDFM404KPS, 404 CF Capacity",DISHWASHER 404CF SS,"KPS KDFM404KPS Dishwasher, 404 CF Capacity, SS","Dishwasher, KPS, 404 CF Capacity, SS","KPS Dishwasher, 404 CF Capacity, SS",,404 CF,,,,,,,,,,,,,,,,,,,,,,,,,Dishwasher,Product Name,dishwasher,,Series,KPS,,Capacity,404,CF,Voltage Rating,,,Amperage Rating,,,Width,,,Mounting Type,,,Fuel Type,,,Sound Level,,,Color,SS,,,,,,,,,,,,,,,,,,,,,,,,,,,,,,,,,,,,,,,,,,,,,,,,,,,,,,,,,,,,,,,,,,,,,,,,,,,,,,,,,,,,,,,,,,,,,,,,,,,,,,,,,,,,,,,,,,,,,,,,,,,,,52141500,,,,,,,,,,,,,,404,CF,,,,,,,,,,,,,,,,,,,,,,,,,,,,
,,,,,,,Appliances,Large Appliances,Major Kitchen & Laundry Appliances,,PDSH4816AF,PDSH4816AF Dishwasher SS - Display Only,-- Unbranded --,-- No Unilog Brand --,-- No DIB Brand --,Appliance Dealers Cooperative (APPDE),Appliance Dealers Cooperative,,,PDSH4816AF,,Appliances & Consumer Electronics>Kitchen Appliances>Major Appliances,"Appliance Dealers Cooperative, Dishwasher, PDSH4816AF, SS",DISHWASHER SS,"PDSH4816AF Dishwasher, SS","Dishwasher, SS","Dishwasher, SS",,,,,,,,,,,,,,,,,,,,,,,,,,,Dishwasher,Product Name,dishwasher,,Series,,,Capacity,,,Voltage Rating,,,Amperage Rating,,,Width,,,Mounting Type,,,Fuel Type,,,Sound Level,,,Color,SS,,,,,,,,,,,,,,,,,,,,,,,,,,,,,,,,,,,,,,,,,,,,,,,,,,,,,,,,,,,,,,,,,,,,,,,,,,,,,,,,,,,,,,,,,,,,,,,,,,,,,,,,,,,,,,,,,,,,,,,,,,,,,52141500,,,,,,,,,,,,,,,,,,,,,,,,,,,,,,,,,,,,,,,,,,,
,,,,,,,Appliances,Large Appliances,Major Kitchen & Laundry Appliances,,PDT715SYVFS,PDT715SYVFS Ge Dishwasher SS,-- Unbranded --,-- No Unilog Brand --,-- No DIB Brand --,Appliance Dealers Cooperative (APPDE),Appliance Dealers Cooperative,,,PDT715SYVFS,,Appliances & Consumer Electronics>Kitchen Appliances>Major Appliances,"Appliance Dealers Cooperative, Dishwasher, PDT715SYVFS",DISHWASHER,PDT715SYVFS Dishwasher,Dishwasher,Dishwasher,,,,,,,,,,,,,,,,,,,,,,,,,,,Dishwasher,Product Name,dishwasher,,Series,,,Capacity,,,Voltage Rating,,,Amperage Rating,,,Width,,,Mounting Type,,,Fuel Type,,,Sound Level,,,Color,,,,,,,,,,,,,,,,,,,,,,,,,,,,,,,,,,,,,,,,,,,,,,,,,,,,,,,,,,,,,,,,,,,,,,,,,,,,,,,,,,,,,,,,,,,,,,,,,,,,,,,,,,,,,,,,,,,,,,,,,,,,,,52141500,,,,,,,,,,,,,,,,,,,,,,,,,,,,,,,,,,,,,,,,,,,
,,,,,,,Appliances,Large Appliances,Major Kitchen & Laundry Appliances,,LDPH5554D,LDPH5554D LG Dishwasher BSS,-- Unbranded --,-- No Unilog Brand --,-- No DIB Brand --,Appliance Dealers Cooperative (APPDE),Appliance Dealers Cooperative,,,LDPH5554D,,Appliances & Consumer Electronics>Kitchen Appliances>Major Appliances,"Appliance Dealers Cooperative, Dishwasher, BSS, LDPH5554D",DISHWASHER,BSS LDPH5554D Dishwasher,"Dishwasher, BSS",BSS Dishwasher,,,,,,,,,,,,,,,,,,,,,,,,,,,Dishwasher,Product Name,dishwasher,,Series,BSS,,Capacity,,,Voltage Rating,,,Amperage Rating,,,Width,,,Mounting Type,,,Fuel Type,,,Sound Level,,,Color,,,,,,,,,,,,,,,,,,,,,,,,,,,,,,,,,,,,,,,,,,,,,,,,,,,,,,,,,,,,,,,,,,,,,,,,,,,,,,,,,,,,,,,,,,,,,,,,,,,,,,,,,,,,,,,,,,,,,,,,,,,,,,52141500,,,,,,,,,,,,,,,,,,,,,,,,,,,,,,,,,,,,,,,,,,,
,,,,,,,Appliances,Large Appliances,Major Kitchen & Laundry Appliances,,WDTS7024RZ,WDTS7024RZ Dishwasher SS - Display Only,-- Unbranded --,-- No Unilog Brand --,-- No DIB Brand --,Appliance Dealers Cooperative (APPDE),Appliance Dealers Cooperative,,,WDTS7024RZ,,Appliances & Consumer Electronics>Kitchen Appliances>Major Appliances,"Appliance Dealers Cooperative, Dishwasher, WDTS7024RZ, WDTS7024RZ",DISHWASHER 24IN,"WDTS7024RZ WDTS7024RZ Dishwasher, 24 in Width","Dishwasher, WDTS7024RZ, 24 in Width","WDTS7024RZ Dishwasher, 24 in Width",,24 in,,,,,,,,,,,,,,,,,,,,,,,,,Dishwasher,Product Name,dishwasher,,Series,WDTS7024RZ,,Capacity,,,Voltage Rating,,,Amperage Rating,,,Width,24,in,Mounting Type,,,Fuel Type,,,Sound Level,,,Color,,,,,,,,,,,,,,,,,,,,,,,,,,,,,,,,,,,,,,,,,,,,,,,,,,,,,,,,,,,,,,,,,,,,,,,,,,,,,,,,,,,,,,,,,,,,,,,,,,,,,,,,,,,,,,,,,,,,,,,,,,,,,,52141500,,,,,,,,,,24,in,,,,,,,,,,,,,,,,,,,,,,,,,,,,,,,,
,,,,,,,Appliances,Large Appliances,Major Kitchen & Laundry Appliances,,PDD415PYYFS,PDD415PYYFS GE Dishwasher SS,-- Unbranded --,-- No Unilog Brand --,-- No DIB Brand --,Appliance Dealers Cooperative (APPDE),Appliance Dealers Cooperative,,,PDD415PYYFS,,Appliances & Consumer Electronics>Kitchen Appliances>Major Appliances,"Appliance Dealers Cooperative, Dishwasher, PDD415PYYFS",DISHWASHER,PDD415PYYFS Dishwasher,Dishwasher,Dishwasher,,,,,,,,,,,,,,,,,,,,,,,,,,,Dishwasher,Product Name,dishwasher,,Series,,,Capacity,,,Voltage Rating,,,Amperage Rating,,,Width,,,Mounting Type,,,Fuel Type,,,Sound Level,,,Color,,,,,,,,,,,,,,,,,,,,,,,,,,,,,,,,,,,,,,,,,,,,,,,,,,,,,,,,,,,,,,,,,,,,,,,,,,,,,,,,,,,,,,,,,,,,,,,,,,,,,,,,,,,,,,,,,,,,,,,,,,,,,,52141500,,,,,,,,,,,,,,,,,,,,,,,,,,,,,,,,,,,,,,,,,,,
,,,,,,,Appliances,Large Appliances,Major Kitchen & Laundry Appliances,,KDTS424SBE,KDTS424SBE Kitchen Aid Dishwasher Bk,-- Unbranded --,-- No Unilog Brand --,-- No DIB Brand --,Appliance Dealers Cooperative (APPDE),Appliance Dealers Cooperative,,,KDTS424SBE,,Appliances & Consumer Electronics>Kitchen Appliances>Major Appliances,"Appliance Dealers Cooperative, Dishwasher, KDTS424SBE, 24 in Width",DISHWASHER 24IN,"KDTS424SBE Dishwasher, 24 in Width","Dishwasher, 24 in Width","Dishwasher, 24 in Width",,24 in,,,,,,,,,,,,,,,,,,,,,,,,,Dishwasher,Product Name,dishwasher,,Series,,,Capacity,,,Voltage Rating,,,Amperage Rating,,,Width,24,in,Mounting Type,,,Fuel Type,,,Sound Level,,,Color,,,,,,,,,,,,,,,,,,,,,,,,,,,,,,,,,,,,,,,,,,,,,,,,,,,,,,,,,,,,,,,,,,,,,,,,,,,,,,,,,,,,,,,,,,,,,,,,,,,,,,,,,,,,,,,,,,,,,,,,,,,,,,52141500,,,,,,,,,,24,in,,,,,,,,,,,,,,,,,,,,,,,,,,,,,,,,
,,,,,,,Appliances,Large Appliances,Major Kitchen & Laundry Appliances,,KDTS324SPS,KDTS324SPS Kitchen Aid Dishwasher SS,-- Unbranded --,-- No Unilog Brand --,-- No DIB Brand --,Appliance Dealers Cooperative (APPDE),Appliance Dealers Cooperative,,,KDTS324SPS,,Appliances & Consumer Electronics>Kitchen Appliances>Major Appliances,"Appliance Dealers Cooperative, Dishwasher, KDTS324SPS, 24 in Width",DISHWASHER 24IN,"KDTS324SPS Dishwasher, 24 in Width","Dishwasher, 24 in Width","Dishwasher, 24 in Width",,24 in,,,,,,,,,,,,,,,,,,,,,,,,,Dishwasher,Product Name,dishwasher,,Series,,,Capacity,,,Voltage Rating,,,Amperage Rating,,,Width,24,in,Mounting Type,,,Fuel Type,,,Sound Level,,,Color,,,,,,,,,,,,,,,,,,,,,,,,,,,,,,,,,,,,,,,,,,,,,,,,,,,,,,,,,,,,,,,,,,,,,,,,,,,,,,,,,,,,,,,,,,,,,,,,,,,,,,,,,,,,,,,,,,,,,,,,,,,,,,52141500,,,,,,,,,,24,in,,,,,,,,,,,,,,,,,,,,,,,,,,,,,,,,
,,,,,,,Appliances,Large Appliances,Major Kitchen & Laundry Appliances,,KDPS624SJP,KDPS624SJP Dishwasher Juniper - Display Only,-- Unbranded --,-- No Unilog Brand --,-- No DIB Brand --,Appliance Dealers Cooperative (APPDE),Appliance Dealers Cooperative,,,KDPS624SJP,,Appliances & Consumer Electronics>Kitchen Appliances>Major Appliances,"Appliance Dealers Cooperative, Dishwasher, Juniper, KDPS624SJP",DISHWASHER 24IN,"Juniper KDPS624SJP Dishwasher, 24 in Width","Dishwasher, Juniper, 24 in Width","Juniper Dishwasher, 24 in Width",,24 in,,,,,,,,,,,,,,,,,,,,,,,,,Dishwasher,Product Name,dishwasher,,Series,Juniper,,Capacity,,,Voltage Rating,,,Amperage Rating,,,Width,24,in,Mounting Type,,,Fuel Type,,,Sound Level,,,Color,,,,,,,,,,,,,,,,,,,,,,,,,,,,,,,,,,,,,,,,,,,,,,,,,,,,,,,,,,,,,,,,,,,,,,,,,,,,,,,,,,,,,,,,,,,,,,,,,,,,,,,,,,,,,,,,,,,,,,,,,,,,,,52141500,,,,,,,,,,24,in,,,,,,,,,,,,,,,,,,,,,,,,,,,,,,,,
,,,,,,,Appliances,Large Appliances,Major Kitchen & Laundry Appliances,,KDTS624SBE,KDTS624SBE Dishwasher BO Display Only,-- Unbranded --,-- No Unilog Brand --,-- No DIB Brand --,Appliance Dealers Cooperative (APPDE),Appliance Dealers Cooperative,,,KDTS624SBE,,Appliances & Consumer Electronics>Kitchen Appliances>Major Appliances,"Appliance Dealers Cooperative, Dishwasher, BO, KDTS624SBE, 24 in Width",DISHWASHER 24IN,"BO KDTS624SBE Dishwasher, 24 in Width","Dishwasher, BO, 24 in Width","BO Dishwasher, 24 in Width",,24 in,,,,,,,,,,,,,,,,,,,,,,,,,Dishwasher,Product Name,dishwasher,,Series,BO,,Capacity,,,Voltage Rating,,,Amperage Rating,,,Width,24,in,Mounting Type,,,Fuel Type,,,Sound Level,,,Color,,,,,,,,,,,,,,,,,,,,,,,,,,,,,,,,,,,,,,,,,,,,,,,,,,,,,,,,,,,,,,,,,,,,,,,,,,,,,,,,,,,,,,,,,,,,,,,,,,,,,,,,,,,,,,,,,,,,,,,,,,,,,,52141500,,,,,,,,,,24,in,,,,,,,,,,,,,,,,,,,,,,,,,,,,,,,,
,,,,,,,,,,,D519127,D519127 Heater Kit,-- Unbranded --,-- No Unilog Brand --,-- No DIB Brand --,V & V Appliance Parts Inc (VVAPP),V & V Appliance Parts Inc,,,D519127,,,"V & V Appliance Parts Inc, Heater Kit, D519127",HEATER KIT,D519127 Heater Kit,Heater Kit,Heater Kit,,,,,,,,,,,,,,,,,,,,,,,,,,,Heater Kit,Product Name,Heater Kit,,Brand,,,Material,,,Color,,,Size,,,Quantity,,,,,,,,,,,,,,,,,,,,,,,,,,,,,,,,,,,,,,,,,,,,,,,,,,,,,,,,,,,,,,,,,,,,,,,,,,,,,,,,,,,,,,,,,,,,,,,,,,,,,,,,,,,,,,,,,,,,,,,,,,,,,,,,,,,,,,,,,,,,,,,,,,,,,,,,,,,,,,,,,,,,,,,,,,,,,,,,,,,,,
,,,,,,,Appliances,Large Appliances,Major Kitchen & Laundry Appliances,,DF7004WE,DF7004WE Speed Queen Elect Dryer Wh,-- Unbranded --,-- No Unilog Brand --,-- No DIB Brand --,Appliance Dealers Cooperative (APPDE),Appliance Dealers Cooperative,,,DF7004WE,,Appliances & Consumer Electronics>Kitchen Appliances>Major Appliances,"Appliance Dealers Cooperative, Dryer, DF7004WE",DRYER,DF7004WE Dryer,Dryer,Dryer,,,,,,,,,,,,,,,,,,,,,,,,,,,Dryer,Product Name,dryer,,Series,,,Capacity,,,Voltage Rating,,,Amperage Rating,,,Width,,,Mounting Type,,,Fuel Type,,,Sound Level,,,Color,,,,,,,,,,,,,,,,,,,,,,,,,,,,,,,,,,,,,,,,,,,,,,,,,,,,,,,,,,,,,,,,,,,,,,,,,,,,,,,,,,,,,,,,,,,,,,,,,,,,,,,,,,,,,,,,,,,,,,,,,,,,,,52141500,,,,,,,,,,,,,,,,,,,,,,,,,,,,,,,,,,,,,,,,,,,
,,,,,,,Appliances,Large Appliances,Major Kitchen & Laundry Appliances,,DR7004BE,DR7004BE SQ Elect Dryer Bk,-- Unbranded --,-- No Unilog Brand --,-- No DIB Brand --,Appliance Dealers Cooperative (APPDE),Appliance Dealers Cooperative,,,DR7004BE,,Appliances & Consumer Electronics>Kitchen Appliances>Major Appliances,"Appliance Dealers Cooperative, Dryer, SQ, DR7004BE",DRYER,SQ DR7004BE Dryer,"Dryer, SQ",SQ Dryer,,,,,,,,,,,,,,,,,,,,,,,,,,,Dryer,Product Name,dryer,,Series,SQ,,Capacity,,,Voltage Rating,,,Amperage Rating,,,Width,,,Mounting Type,,,Fuel Type,,,Sound Level,,,Color,,,,,,,,,,,,,,,,,,,,,,,,,,,,,,,,,,,,,,,,,,,,,,,,,,,,,,,,,,,,,,,,,,,,,,,,,,,,,,,,,,,,,,,,,,,,,,,,,,,,,,,,,,,,,,,,,,,,,,,,,,,,,,52141500,,,,,,,,,,,,,,,,,,,,,,,,,,,,,,,,,,,,,,,,,,,
,,,,,,,Appliances,Large Appliances,Major Kitchen & Laundry Appliances,,DV2000WE,DV2000WE SQ Elect Dryer Wh,-- Unbranded --,-- No Unilog Brand --,-- No DIB Brand --,Appliance Dealers Cooperative (APPDE),Appliance Dealers Cooperative,,,DV2000WE,,Appliances & Consumer Electronics>Kitchen Appliances>Major Appliances,"Appliance Dealers Cooperative, Dryer, DV2000WE",DRYER,DV2000WE Dryer,Dryer,Dryer,,,,,,,,,,,,,,,,,,,,,,,,,,,Dryer,Product Name,dryer,,Series,,,Capacity,,,Voltage Rating,,,Amperage Rating,,,Width,,,Mounting Type,,,Fuel Type,,,Sound Level,,,Color,,,,,,,,,,,,,,,,,,,,,,,,,,,,,,,,,,,,,,,,,,,,,,,,,,,,,,,,,,,,,,,,,,,,,,,,,,,,,,,,,,,,,,,,,,,,,,,,,,,,,,,,,,,,,,,,,,,,,,,,,,,,,,52141500,,,,,,,,,,,,,,,,,,,,,,,,,,,,,,,,,,,,,,,,,,,
,,,,,,,Appliances,Large Appliances,Major Kitchen & Laundry Appliances,,DC5004WE,DC5004WE SQ Elect Dryer Wh,-- Unbranded --,-- No Unilog Brand --,-- No DIB Brand --,Appliance Dealers Cooperative (APPDE),Appliance Dealers Cooperative,,,DC5004WE,,Appliances & Consumer Electronics>Kitchen Appliances>Major Appliances,"Appliance Dealers Cooperative, Dryer, SQ, DC5004WE",DRYER,SQ DC5004WE Dryer,"Dryer, SQ",SQ Dryer,,,,,,,,,,,,,,,,,,,,,,,,,,,Dryer,Product Name,dryer,,Series,SQ,,Capacity,,,Voltage Rating,,,Amperage Rating,,,Width,,,Mounting Type,,,Fuel Type,,,Sound Level,,,Color,,,,,,,,,,,,,,,,,,,,,,,,,,,,,,,,,,,,,,,,,,,,,,,,,,,,,,,,,,,,,,,,,,,,,,,,,,,,,,,,,,,,,,,,,,,,,,,,,,,,,,,,,,,,,,,,,,,,,,,,,,,,,,52141500,,,,,,,,,,,,,,,,,,,,,,,,,,,,,,,,,,,,,,,,,,,
,,,,,,,Appliances,Large Appliances,Major Kitchen & Laundry Appliances,,DC5004BE,DC5004BE SQ Elect Dryer Bk,-- Unbranded --,-- No Unilog Brand --,-- No DIB Brand --,Appliance Dealers Cooperative (APPDE),Appliance Dealers Cooperative,,,DC5004BE,,Appliances & Consumer Electronics>Kitchen Appliances>Major Appliances,"Appliance Dealers Cooperative, Dryer, SQ, DC5004BE",DRYER,SQ DC5004BE Dryer,"Dryer, SQ",SQ Dryer,,,,,,,,,,,,,,,,,,,,,,,,,,,Dryer,Product Name,dryer,,Series,SQ,,Capacity,,,Voltage Rating,,,Amperage Rating,,,Width,,,Mounting Type,,,Fuel Type,,,Sound Level,,,Color,,,,,,,,,,,,,,,,,,,,,,,,,,,,,,,,,,,,,,,,,,,,,,,,,,,,,,,,,,,,,,,,,,,,,,,,,,,,,,,,,,,,,,,,,,,,,,,,,,,,,,,,,,,,,,,,,,,,,,,,,,,,,,52141500,,,,,,,,,,,,,,,,,,,,,,,,,,,,,,,,,,,,,,,,,,,
,,,,,,,Appliances,Large Appliances,Major Kitchen & Laundry Appliances,,WKE100HWA,WKE100HWA LG Laundry Center Wh - Display,-- Unbranded --,-- No Unilog Brand --,-- No DIB Brand --,Appliance Dealers Cooperative (APPDE),Appliance Dealers Cooperative,,,WKE100HWA,,Appliances & Consumer Electronics>Kitchen Appliances>Major Appliances,"Appliance Dealers Cooperative, Laundry Center, Wh, WKE100HWA",LAUNDRY CENTER DISPLAY,"Wh WKE100HWA Laundry Center, Display Mounting Type","Laundry Center, Wh, Display Mounting Type","Wh Laundry Center, Display Mounting Type",,,,,,,,,,,,,,,,,,,,,,,,,,,Laundry Center,Product Name,laundry center,,Series,Wh,,Capacity,,,Voltage Rating,,,Amperage Rating,,,Width,,,Mounting Type,Display,,Fuel Type,,,Sound Level,,,Color,,,,,,,,,,,,,,,,,,,,,,,,,,,,,,,,,,,,,,,,,,,,,,,,,,,,,,,,,,,,,,,,,,,,,,,,,,,,,,,,,,,,,,,,,,,,,,,,,,,,,,,,,,,,,,,,,,,,,,,,,,,,,,52141500,,,,,,,,,,,,,,,,,,,,,,,,,,,,,,,,,,,,,,,,,,,
,,,,,,,Appliances,Large Appliances,Major Kitchen & Laundry Appliances,,FF7011WN,FF7011WN Speed Queen Washer Wh,-- Unbranded --,-- No Unilog Brand --,-- No DIB Brand --,Appliance Dealers Cooperative (APPDE),Appliance Dealers Cooperative,,,FF7011WN,,Appliances & Consumer Electronics>Kitchen Appliances>Major Appliances,"Appliance Dealers Cooperative, Washer, FF7011WN",WASHER,FF7011WN Washer,Washer,Washer,,,,,,,,,,,,,,,,,,,,,,,,,,,Washer,Product Name,washer,,Series,,,Capacity,,,Voltage Rating,,,Amperage Rating,,,Width,,,Mounting Type,,,Fuel Type,,,Sound Level,,,Color,,,,,,,,,,,,,,,,,,,,,,,,,,,,,,,,,,,,,,,,,,,,,,,,,,,,,,,,,,,,,,,,,,,,,,,,,,,,,,,,,,,,,,,,,,,,,,,,,,,,,,,,,,,,,,,,,,,,,,,,,,,,,,52141500,,,,,,,,,,,,,,,,,,,,,,,,,,,,,,,,,,,,,,,,,,,
,,,,,,,Appliances,Large Appliances,Major Kitchen & Laundry Appliances,,PTD70GBPTDG,PTD70GBPTDG GE Gas Dryer DG,-- Unbranded --,-- No Unilog Brand --,-- No DIB Brand --,Appliance Dealers Cooperative (APPDE),Appliance Dealers Cooperative,,,PTD70GBPTDG,,Appliances & Consumer Electronics>Kitchen Appliances>Major Appliances,"Appliance Dealers Cooperative, Dryer, PTD70GBPTDG, gas Fuel Type",DRYER GAS,"PTD70GBPTDG Dryer, gas Fuel Type, PTD70GBPTDG","Dryer, gas Fuel Type, PTD70GBPTDG","Dryer, gas Fuel Type, PTD70GBPTDG",,,,,,,,,,,,,,,,,,,,,,,,,,,Dryer,Product Name,dryer,,Series,,,Capacity,,,Voltage Rating,,,Amperage Rating,,,Width,,,Mounting Type,,,Fuel Type,gas,,Sound Level,,,Color,PTD70GBPTDG,,,,,,,,,,,,,,,,,,,,,,,,,,,,,,,,,,,,,,,,,,,,,,,,,,,,,,,,,,,,,,,,,,,,,,,,,,,,,,,,,,,,,,,,,,,,,,,,,,,,,,,,,,,,,,,,,,,,,,,,,,,,,52141500,,,,,,,,,,,,,,,,,,,,,,,,,,,,,,,,,,,,,,,,,,,
,,,,,,,Appliances,Large Appliances,Major Kitchen & Laundry Appliances,,PTD70GBSTWS,PTD70GBSTWS GE Gas Dryer Wh,-- Unbranded --,-- No Unilog Brand --,-- No DIB Brand --,Appliance Dealers Cooperative (APPDE),Appliance Dealers Cooperative,,,PTD70GBSTWS,,Appliances & Consumer Electronics>Kitchen Appliances>Major Appliances,"Appliance Dealers Cooperative, Dryer, PTD70GBSTWS, gas Fuel Type",DRYER GAS,"PTD70GBSTWS Dryer, gas Fuel Type","Dryer, gas Fuel Type","Dryer, gas Fuel Type",,,,,,,,,,,,,,,,,,,,,,,,,,,Dryer,Product Name,dryer,,Series,,,Capacity,,,Voltage Rating,,,Amperage Rating,,,Width,,,Mounting Type,,,Fuel Type,gas,,Sound Level,,,Color,,,,,,,,,,,,,,,,,,,,,,,,,,,,,,,,,,,,,,,,,,,,,,,,,,,,,,,,,,,,,,,,,,,,,,,,,,,,,,,,,,,,,,,,,,,,,,,,,,,,,,,,,,,,,,,,,,,,,,,,,,,,,,52141500,,,,,,,,,,,,,,,,,,,,,,,,,,,,,,,,,,,,,,,,,,,
,,,,,,,Appliances,Large Appliances,Major Kitchen & Laundry Appliances,,DR5004WG,DR5004WG SQ Gas Dryer Wh,-- Unbranded --,-- No Unilog Brand --,-- No DIB Brand --,Appliance Dealers Cooperative (APPDE),Appliance Dealers Cooperative,,,DR5004WG,,Appliances & Consumer Electronics>Kitchen Appliances>Major Appliances,"Appliance Dealers Cooperative, Dryer, DR5004WG, gas Fuel Type",DRYER GAS,"DR5004WG Dryer, gas Fuel Type","Dryer, gas Fuel Type","Dryer, gas Fuel Type",,,,,,,,,,,,,,,,,,,,,,,,,,,Dryer,Product Name,dryer,,Series,,,Capacity,,,Voltage Rating,,,Amperage Rating,,,Width,,,Mounting Type,,,Fuel Type,gas,,Sound Level,,,Color,,,,,,,,,,,,,,,,,,,,,,,,,,,,,,,,,,,,,,,,,,,,,,,,,,,,,,,,,,,,,,,,,,,,,,,,,,,,,,,,,,,,,,,,,,,,,,,,,,,,,,,,,,,,,,,,,,,,,,,,,,,,,,52141500,,,,,,,,,,,,,,,,,,,,,,,,,,,,,,,,,,,,,,,,,,,
,,,,,,,Appliances,Large Appliances,Major Kitchen & Laundry Appliances,,DR7004BG,DR7004BG SQ Gas Dryer Bk,-- Unbranded --,-- No Unilog Brand --,-- No DIB Brand --,Appliance Dealers Cooperative (APPDE),Appliance Dealers Cooperative,,,DR7004BG,,Appliances & Consumer Electronics>Kitchen Appliances>Major Appliances,"Appliance Dealers Cooperative, Dryer, DR7004BG, gas Fuel Type",DRYER GAS 70DBA,"DR7004BG Dryer, gas Fuel Type, 70 dBA Sound Level","Dryer, gas Fuel Type, 70 dBA Sound Level","Dryer, gas Fuel Type, 70 dBA Sound Level",,70 dBA,,,,,,,,,,,,,,,,,,,,,,,,,Dryer,Product Name,dryer,,Series,,,Capacity,,,Voltage Rating,,,Amperage Rating,,,Width,,,Mounting Type,,,Fuel Type,gas,,Sound Level,70,dBA,Color,,,,,,,,,,,,,,,,,,,,,,,,,,,,,,,,,,,,,,,,,,,,,,,,,,,,,,,,,,,,,,,,,,,,,,,,,,,,,,,,,,,,,,,,,,,,,,,,,,,,,,,,,,,,,,,,,,,,,,,,,,,,,,52141500,,,,,,,,,,,,,,,,,,,,,,,,,,,,,,,,,,,,,,,,,,,
,,,,,,,Appliances,Large Appliances,Major Kitchen & Laundry Appliances,,DR7004WG,DR7004WG SQ Gas Dryer Wh,-- Unbranded --,-- No Unilog Brand --,-- No DIB Brand --,Appliance Dealers Cooperative (APPDE),Appliance Dealers Cooperative,,,DR7004WG,,Appliances & Consumer Electronics>Kitchen Appliances>Major Appliances,"Appliance Dealers Cooperative, Dryer, SQ, DR7004WG, gas Fuel Type",DRYER GAS,"SQ DR7004WG Dryer, gas Fuel Type","Dryer, SQ, gas Fuel Type","SQ Dryer, gas Fuel Type",,,,,,,,,,,,,,,,,,,,,,,,,,,Dryer,Product Name,dryer,,Series,SQ,,Capacity,,,Voltage Rating,,,Amperage Rating,,,Width,,,Mounting Type,,,Fuel Type,gas,,Sound Level,,,Color,,,,,,,,,,,,,,,,,,,,,,,,,,,,,,,,,,,,,,,,,,,,,,,,,,,,,,,,,,,,,,,,,,,,,,,,,,,,,,,,,,,,,,,,,,,,,,,,,,,,,,,,,,,,,,,,,,,,,,,,,,,,,,52141500,,,,,,,,,,,,,,,,,,,,,,,,,,,,,,,,,,,,,,,,,,,
,,,,,,,Appliances,Large Appliances,Major Kitchen & Laundry Appliances,,DV2000WG,DV2000WG SQ Gas Dryer Wh,-- Unbranded --,-- No Unilog Brand --,-- No DIB Brand --,Appliance Dealers Cooperative (APPDE),Appliance Dealers Cooperative,,,DV2000WG,,Appliances & Consumer Electronics>Kitchen Appliances>Major Appliances,"Appliance Dealers Cooperative, Dryer, DV2000WG, gas Fuel Type",DRYER GAS,"DV2000WG Dryer, gas Fuel Type","Dryer, gas Fuel Type","Dryer, gas Fuel Type",,,,,,,,,,,,,,,,,,,,,,,,,,,Dryer,Product Name,dryer,,Series,,,Capacity,,,Voltage Rating,,,Amperage Rating,,,Width,,,Mounting Type,,,Fuel Type,gas,,Sound Level,,,Color,,,,,,,,,,,,,,,,,,,,,,,,,,,,,,,,,,,,,,,,,,,,,,,,,,,,,,,,,,,,,,,,,,,,,,,,,,,,,,,,,,,,,,,,,,,,,,,,,,,,,,,,,,,,,,,,,,,,,,,,,,,,,,52141500,,,,,,,,,,,,,,,,,,,,,,,,,,,,,,,,,,,,,,,,,,,
,,,,,,,Appliances,Large Appliances,Major Kitchen & Laundry Appliances,,DC5004WG,DC5004WG SQ Gas Dryer Wh,-- Unbranded --,-- No Unilog Brand --,-- No DIB Brand --,Appliance Dealers Cooperative (APPDE),Appliance Dealers Cooperative,,,DC5004WG,,Appliances & Consumer Electronics>Kitchen Appliances>Major Appliances,"Appliance Dealers Cooperative, Dryer, DC5004WG, gas Fuel Type",DRYER GAS,"DC5004WG Dryer, gas Fuel Type","Dryer, gas Fuel Type","Dryer, gas Fuel Type",,,,,,,,,,,,,,,,,,,,,,,,,,,Dryer,Product Name,dryer,,Series,,,Capacity,,,Voltage Rating,,,Amperage Rating,,,Width,,,Mounting Type,,,Fuel Type,gas,,Sound Level,,,Color,,,,,,,,,,,,,,,,,,,,,,,,,,,,,,,,,,,,,,,,,,,,,,,,,,,,,,,,,,,,,,,,,,,,,,,,,,,,,,,,,,,,,,,,,,,,,,,,,,,,,,,,,,,,,,,,,,,,,,,,,,,,,,52141500,,,,,,,,,,,,,,,,,,,,,,,,,,,,,,,,,,,,,,,,,,,
,,,,,,,Appliances,Large Appliances,Major Kitchen & Laundry Appliances,,DC5004BG,DC5004BG SQ Gas Dryer Bk,-- Unbranded --,-- No Unilog Brand --,-- No DIB Brand --,Appliance Dealers Cooperative (APPDE),Appliance Dealers Cooperative,,,DC5004BG,,Appliances & Consumer Electronics>Kitchen Appliances>Major Appliances,"Appliance Dealers Cooperative, Dryer, DC5004BG, gas Fuel Type",DRYER GAS,"DC5004BG Dryer, gas Fuel Type","Dryer, gas Fuel Type","Dryer, gas Fuel Type",,,,,,,,,,,,,,,,,,,,,,,,,,,Dryer,Product Name,dryer,,Series,,,Capacity,,,Voltage Rating,,,Amperage Rating,,,Width,,,Mounting Type,,,Fuel Type,gas,,Sound Level,,,Color,,,,,,,,,,,,,,,,,,,,,,,,,,,,,,,,,,,,,,,,,,,,,,,,,,,,,,,,,,,,,,,,,,,,,,,,,,,,,,,,,,,,,,,,,,,,,,,,,,,,,,,,,,,,,,,,,,,,,,,,,,,,,,52141500,,,,,,,,,,,,,,,,,,,,,,,,,,,,,,,,,,,,,,,,,,,
,,,,,,,Appliances,Large Appliances,Major Kitchen & Laundry Appliances,,PTW705BSTWS,PTW705BSTWS GE Washer Wh,-- Unbranded --,-- No Unilog Brand --,-- No DIB Brand --,Appliance Dealers Cooperative (APPDE),Appliance Dealers Cooperative,,,PTW705BSTWS,,Appliances & Consumer Electronics>Kitchen Appliances>Major Appliances,"Appliance Dealers Cooperative, Washer, PTW705BSTWS",WASHER,PTW705BSTWS Washer,Washer,Washer,,,,,,,,,,,,,,,,,,,,,,,,,,,Washer,Product Name,washer,,Series,,,Capacity,,,Voltage Rating,,,Amperage Rating,,,Width,,,Mounting Type,,,Fuel Type,,,Sound Level,,,Color,,,,,,,,,,,,,,,,,,,,,,,,,,,,,,,,,,,,,,,,,,,,,,,,,,,,,,,,,,,,,,,,,,,,,,,,,,,,,,,,,,,,,,,,,,,,,,,,,,,,,,,,,,,,,,,,,,,,,,,,,,,,,,52141500,,,,,,,,,,,,,,,,,,,,,,,,,,,,,,,,,,,,,,,,,,,
,,,,,,,Appliances,Large Appliances,Major Kitchen & Laundry Appliances,,MVWP586GW,MVWP586GW Washer Wh - Display,-- Unbranded --,-- No Unilog Brand --,-- No DIB Brand --,Appliance Dealers Cooperative (APPDE),Appliance Dealers Cooperative,,,MVWP586GW,,Appliances & Consumer Electronics>Kitchen Appliances>Major Appliances,"Appliance Dealers Cooperative, Washer, MVWP586GW",WASHER,MVWP586GW Washer,Washer,Washer,,,,,,,,,,,,,,,,,,,,,,,,,,,Washer,Product Name,washer,,Series,,,Capacity,,,Voltage Rating,,,Amperage Rating,,,Width,,,Mounting Type,,,Fuel Type,,,Sound Level,,,Color,,,,,,,,,,,,,,,,,,,,,,,,,,,,,,,,,,,,,,,,,,,,,,,,,,,,,,,,,,,,,,,,,,,,,,,,,,,,,,,,,,,,,,,,,,,,,,,,,,,,,,,,,,,,,,,,,,,,,,,,,,,,,,52141500,,,,,,,,,,,,,,,,,,,,,,,,,,,,,,,,,,,,,,,,,,,
,,,,,,,Appliances,Large Appliances,Major Kitchen & Laundry Appliances,,TV2000WN,TV2000WN SQ Elect Washer,-- Unbranded --,-- No Unilog Brand --,-- No DIB Brand --,Appliance Dealers Cooperative (APPDE),Appliance Dealers Cooperative,,,TV2000WN,,Appliances & Consumer Electronics>Kitchen Appliances>Major Appliances,"Appliance Dealers Cooperative, Washer, TV2000WN",WASHER,TV2000WN Washer,Washer,Washer,,,,,,,,,,,,,,,,,,,,,,,,,,,Washer,Product Name,washer,,Series,,,Capacity,,,Voltage Rating,,,Amperage Rating,,,Width,,,Mounting Type,,,Fuel Type,,,Sound Level,,,Color,,,,,,,,,,,,,,,,,,,,,,,,,,,,,,,,,,,,,,,,,,,,,,,,,,,,,,,,,,,,,,,,,,,,,,,,,,,,,,,,,,,,,,,,,,,,,,,,,,,,,,,,,,,,,,,,,,,,,,,,,,,,,,52141500,,,,,,,,,,,,,,,,,,,,,,,,,,,,,,,,,,,,,,,,,,,
,,,,,,,Appliances,Large Appliances,Major Kitchen & Laundry Appliances,,TC5003BN,TC5003BN SQ Washer Bk,-- Unbranded --,-- No Unilog Brand --,-- No DIB Brand --,Appliance Dealers Cooperative (APPDE),Appliance Dealers Cooperative,,,TC5003BN,,Appliances & Consumer Electronics>Kitchen Appliances>Major Appliances,"Appliance Dealers Cooperative, Washer, TC5003BN",WASHER,TC5003BN Washer,Washer,Washer,,,,,,,,,,,,,,,,,,,,,,,,,,,Washer,Product Name,washer,,Series,,,Capacity,,,Voltage Rating,,,Amperage Rating,,,Width,,,Mounting Type,,,Fuel Type,,,Sound Level,,,Color,,,,,,,,,,,,,,,,,,,,,,,,,,,,,,,,,,,,,,,,,,,,,,,,,,,,,,,,,,,,,,,,,,,,,,,,,,,,,,,,,,,,,,,,,,,,,,,,,,,,,,,,,,,,,,,,,,,,,,,,,,,,,,52141500,,,,,,,,,,,,,,,,,,,,,,,,,,,,,,,,,,,,,,,,,,,
,,,,,,,Appliances,Large Appliances,Major Kitchen & Laundry Appliances,,TR7006WN,TR7006WN Speed Queen Washer Wh,-- Unbranded --,-- No Unilog Brand --,-- No DIB Brand --,Appliance Dealers Cooperative (APPDE),Appliance Dealers Cooperative,,,TR7006WN,,Appliances & Consumer Electronics>Kitchen Appliances>Major Appliances,"Appliance Dealers Cooperative, Washer, TR7006WN",WASHER,TR7006WN Washer,Washer,Washer,,,,,,,,,,,,,,,,,,,,,,,,,,,Washer,Product Name,washer,,Series,,,Capacity,,,Voltage Rating,,,Amperage Rating,,,Width,,,Mounting Type,,,Fuel Type,,,Sound Level,,,Color,,,,,,,,,,,,,,,,,,,,,,,,,,,,,,,,,,,,,,,,,,,,,,,,,,,,,,,,,,,,,,,,,,,,,,,,,,,,,,,,,,,,,,,,,,,,,,,,,,,,,,,,,,,,,,,,,,,,,,,,,,,,,,52141500,,,,,,,,,,,,,,,,,,,,,,,,,,,,,,,,,,,,,,,,,,,
,,,,,,,Appliances,Large Appliances,Major Kitchen & Laundry Appliances,,TR7006BN,TR7006BN Speed Queen Washer Bk,-- Unbranded --,-- No Unilog Brand --,-- No DIB Brand --,Appliance Dealers Cooperative (APPDE),Appliance Dealers Cooperative,,,TR7006BN,,Appliances & Consumer Electronics>Kitchen Appliances>Major Appliances,"Appliance Dealers Cooperative, Washer, TR7006BN",WASHER,TR7006BN Washer,Washer,Washer,,,,,,,,,,,,,,,,,,,,,,,,,,,Washer,Product Name,washer,,Series,,,Capacity,,,Voltage Rating,,,Amperage Rating,,,Width,,,Mounting Type,,,Fuel Type,,,Sound Level,,,Color,,,,,,,,,,,,,,,,,,,,,,,,,,,,,,,,,,,,,,,,,,,,,,,,,,,,,,,,,,,,,,,,,,,,,,,,,,,,,,,,,,,,,,,,,,,,,,,,,,,,,,,,,,,,,,,,,,,,,,,,,,,,,,52141500,,,,,,,,,,,,,,,,,,,,,,,,,,,,,,,,,,,,,,,,,,,
,,,,,,,Appliances,Large Appliances,Major Kitchen & Laundry Appliances,,TR5006WN,TR5006WN Speed Queen Washer Wh,-- Unbranded --,-- No Unilog Brand --,-- No DIB Brand --,Appliance Dealers Cooperative (APPDE),Appliance Dealers Cooperative,,,TR5006WN,,Appliances & Consumer Electronics>Kitchen Appliances>Major Appliances,"Appliance Dealers Cooperative, Washer, TR5006WN",WASHER,TR5006WN Washer,Washer,Washer,,,,,,,,,,,,,,,,,,,,,,,,,,,Washer,Product Name,washer,,Series,,,Capacity,,,Voltage Rating,,,Amperage Rating,,,Width,,,Mounting Type,,,Fuel Type,,,Sound Level,,,Color,,,,,,,,,,,,,,,,,,,,,,,,,,,,,,,,,,,,,,,,,,,,,,,,,,,,,,,,,,,,,,,,,,,,,,,,,,,,,,,,,,,,,,,,,,,,,,,,,,,,,,,,,,,,,,,,,,,,,,,,,,,,,,52141500,,,,,,,,,,,,,,,,,,,,,,,,,,,,,,,,,,,,,,,,,,,
,,,,,,,,,,,05134545001,9516 Kneeling Pad& Bttl Opener,-- Unbranded --,-- No Unilog Brand --,-- No DIB Brand --,Wera Tools NA Inc (WERTO),Wera Tools NA Inc,,,05134545001,,,"Wera Tools NA Inc, Kneeling Pad& Bttl Opener, 05134545001",KNEELING PAD& BTTL OPENER,05134545001 Kneeling Pad& Bttl Opener,Kneeling Pad& Bttl Opener,Kneeling Pad& Bttl Opener,,,,,,,,,,,,,,,,,,,,,,,,,,,Kneeling Pad& Bttl Opener,Product Name,Kneeling Pad& Bttl Opener,,Brand,,,Material,,,Color,,,Size,,,Quantity,,,,,,,,,,,,,,,,,,,,,,,,,,,,,,,,,,,,,,,,,,,,,,,,,,,,,,,,,,,,,,,,,,,,,,,,,,,,,,,,,,,,,,,,,,,,,,,,,,,,,,,,,,,,,,,,,,,,,,,,,,,,,,,,,,,,,,,,,,,,,,,,,,,,,,,,,,,,,,,,,,,,,,,,,,,,,,,,,,,,,
,,,,,,,,,,,LNL65301,LNL65301 Digital Tire Pressure - Inflator Gauge,-- Unbranded --,-- No Unilog Brand --,-- No DIB Brand --,-,,LNL,,LNL65301,,,"LNL, Digital Tire Pressure - Inflator Gauge, LNL65301",DIGITAL TIRE PRESSURE - INFLATOR GAUGE,LNL LNL65301 Digital Tire Pressure - Inflator Gauge,LNL Digital Tire Pressure - Inflator Gauge,Digital Tire Pressure - Inflator Gauge,,,,,,,,,,,,,,,,,,,,,,,,,,,Digital Tire Pressure - Inflator Gauge,Product Name,Digital Tire Pressure - Inflator Gauge,,Brand,LNL,,Material,,,Color,,,Size,,,Quantity,,,,,,,,,,,,,,,,,,,,,,,,,,,,,,,,,,,,,,,,,,,,,,,,,,,,,,,,,,,,,,,,,,,,,,,,,,,,,,,,,,,,,,,,,,,,,,,,,,,,,,,,,,,,,,,,,,,,,,,,,,,,,,,,,,,,,,,,,,,,,,,,,,,,,,,,,,,,,,,,,,,,,,,,,,,,,,,,,,,,,
,,,,,,,Building Materials,Concrete & Masonry,Mortar & Grout,,25-A,Charcoal Black 25-A Mortar - Type N,-- Unbranded --,-- No Unilog Brand --,-- No DIB Brand --,Rees Cast Stone Company (REECA),Rees Cast Stone Company,,,25-A,,"Building Materials>Concrete, Cement & Masonry>Mortar","Rees Cast Stone Company, Mortar, 25-A, Charcoal Black, 25-A",MORTAR 25-A,"25-A Mortar, Charcoal Black, 25-A","Mortar, Charcoal Black, 25-A","Mortar, Charcoal Black, 25-A",,,,,,,,,,,,,,,,,,,,,,,,,,,Mortar,Product Name,Mortar,,Brand,,,Material,,,Color,Charcoal Black,,Size,25-A,,Quantity,,,,,,,,,,,,,,,,,,,,,,,,,,,,,,,,,,,,,,,,,,,,,,,,,,,,,,,,,,,,,,,,,,,,,,,,,,,,,,,,,,,,,,,,,,,,,,,,,,,,,,,,,,,,,,,,,,,,,,,,,,,,,,,,,,,,,,,,,,30111600,,,,,,,,,,,,,,,,,,,,,,,,,,,,,,,,,,,,,,,,,,,
,,,,,,,Building Materials,Concrete & Masonry,Mortar & Grout,,38-E,Dark Chocolate 38-E Mortar - Type N,-- Unbranded --,-- No Unilog Brand --,-- No DIB Brand --,Rees Cast Stone Company (REECA),Rees Cast Stone Company,Dark Chocolate,,38-E,,"Building Materials>Concrete, Cement & Masonry>Mortar","Rees Cast Stone Company Dark Chocolate, Mortar, 38-E, 38-E, N",MORTAR 38-E N,"Dark Chocolate 38-E Mortar, 38-E, N","Dark Chocolate Mortar, 38-E, N","Mortar, 38-E, N",,,,,,,,,,,,,,,,,,,,,,,,,,,Mortar,Product Name,Mortar,,Brand,Dark Chocolate,,Material,38-E,,Color,N,,Size,,,Quantity,,,,,,,,,,,,,,,,,,,,,,,,,,,,,,,,,,,,,,,,,,,,,,,,,,,,,,,,,,,,,,,,,,,,,,,,,,,,,,,,,,,,,,,,,,,,,,,,,,,,,,,,,,,,,,,,,,,,,,,,,,,,,,,,,,,,,,,,,,30111600,,,,,,,,,,,,,,,,,,,,,,,,,,,,,,,,,,,,,,,,,,,
,,,,,,,Building Materials,Concrete & Masonry,Mortar & Grout,,59-J,Light Buff 59-J Mortar - Type N,-- Unbranded --,-- No Unilog Brand --,-- No DIB Brand --,Rees Cast Stone Company (REECA),Rees Cast Stone Company,,,59-J,,"Building Materials>Concrete, Cement & Masonry>Mortar","Rees Cast Stone Company, Light Buff 59-J Mortar, 59-J",LIGHT BUFF 59-J MORTAR,59-J Light Buff 59-J Mortar,Light Buff 59-J Mortar,Light Buff 59-J Mortar,,,,,,,,,,,,,,,,,,,,,,,,,,,Light Buff 59-j Mortar,Product Name,Light Buff 59-J Mortar,,Brand,,,Material,,,Color,,,Size,,,Quantity,,,,,,,,,,,,,,,,,,,,,,,,,,,,,,,,,,,,,,,,,,,,,,,,,,,,,,,,,,,,,,,,,,,,,,,,,,,,,,,,,,,,,,,,,,,,,,,,,,,,,,,,,,,,,,,,,,,,,,,,,,,,,,,,,,,,,,,,,,30111600,,,,,,,,,,,,,,,,,,,,,,,,,,,,,,,,,,,,,,,,,,,
,,,,,,,Building Materials,Concrete & Masonry,Mortar & Grout,,44-A,Light Chocolate 44-A Mortar - Type N,-- Unbranded --,-- No Unilog Brand --,-- No DIB Brand --,Rees Cast Stone Company (REECA),Rees Cast Stone Company,Light Chocolate,,44-A,,"Building Materials>Concrete, Cement & Masonry>Mortar","Rees Cast Stone Company Light Chocolate, Mortar, 44-A, 44-A, N",MORTAR 44-A N,"Light Chocolate 44-A Mortar, 44-A, N","Light Chocolate Mortar, 44-A, N","Mortar, 44-A, N",,,,,,,,,,,,,,,,,,,,,,,,,,,Mortar,Product Name,Mortar,,Brand,Light Chocolate,,Material,44-A,,Color,N,,Size,,,Quantity,,,,,,,,,,,,,,,,,,,,,,,,,,,,,,,,,,,,,,,,,,,,,,,,,,,,,,,,,,,,,,,,,,,,,,,,,,,,,,,,,,,,,,,,,,,,,,,,,,,,,,,,,,,,,,,,,,,,,,,,,,,,,,,,,,,,,,,,,,30111600,,,,,,,,,,,,,,,,,,,,,,,,,,,,,,,,,,,,,,,,,,,
,,,,,,,Building Materials,Decking & Railing,Railing Systems & Components,,543302126,6' Wh Select T-Rail Kit Horiz - w/Sq Composite Balusters,TREX,-- No Unilog Brand --,-- No DIB Brand --,U S Lumber (3073),U S Lumber,TREX,,543302126,,Building Materials>Decking & Porch>Railing,"U S Lumber TREX, T-Rail, 543302126, composite, kit Assembly",T-RAIL COMP KIT,"TREX 543302126 T-Rail, composite, kit Assembly","TREX T-Rail, composite, kit Assembly","T-Rail, composite, kit Assembly",,,,,,,,,,,,,,,,,,,,,,,,,,,T-Rail,Product Name,T-Rail,,Length,,,Height,,,Material,composite,,Baluster Style,,,Orientation,,,Color,,,Assembly,kit,,,,,,,,,,,,,,,,,,,,,,,,,,,,,,,,,,,,,,,,,,,,,,,,,,,,,,,,,,,,,,,,,,,,,,,,,,,,,,,,,,,,,,,,,,,,,,,,,,,,,,,,,,,,,,,,,,,,,,,,,,,,,,,,,,,30151800,,,,,,,,,,,,,,,,,,,,,,,,,,,,,,,,,,,,,,,,,,,
,,,,,,,Building Materials,Decking & Railing,Railing Systems & Components,,543302146,8' Wh Select T-Rail Kit Horiz - w/Sq Composite Balusters,TREX,-- No Unilog Brand --,-- No DIB Brand --,U S Lumber (3073),U S Lumber,TREX,,543302146,,Building Materials>Decking & Porch>Railing,"U S Lumber TREX, T-Rail, 543302146, composite, kit Assembly",T-RAIL COMP KIT,"TREX 543302146 T-Rail, composite, kit Assembly","TREX T-Rail, composite, kit Assembly","T-Rail, composite, kit Assembly",,,,,,,,,,,,,,,,,,,,,,,,,,,T-Rail,Product Name,T-Rail,,Length,,,Height,,,Material,composite,,Baluster Style,,,Orientation,,,Color,,,Assembly,kit,,,,,,,,,,,,,,,,,,,,,,,,,,,,,,,,,,,,,,,,,,,,,,,,,,,,,,,,,,,,,,,,,,,,,,,,,,,,,,,,,,,,,,,,,,,,,,,,,,,,,,,,,,,,,,,,,,,,,,,,,,,,,,,,,,,30151800,,,,,,,,,,,,,,,,,,,,,,,,,,,,,,,,,,,,,,,,,,,
,,,,,,,Building Materials,Decking & Railing,Railing Systems & Components,,73019603,Finyline Wh 6' Fl Rail Kit Sq,-- Unbranded --,-- No Unilog Brand --,-- No DIB Brand --,-,,,,73019603,,Building Materials>Decking & Porch>Railing,"Railing System, 73019603, 36 in Height, Wh, square Baluster Style",RAILING SYSTEM 36IN WH SQUARE FL KIT,"73019603 Railing System, 36 in Height, Wh, square Baluster Style, Fl Orientation, kit Assembly","Railing System, 36 in Height, Wh, square Baluster Style, Fl Orientation, kit Assembly","Railing System, 36 in Height, Wh, square Baluster Style, Fl Orientation, kit Assembly",,36 in,,,,,,,,,,,,,,,,,,,,,,,,,,Product Name,,,Length,,,Height,36,in,Material,Wh,,Baluster Style,square,,Orientation,Fl,,Color,,,Assembly,kit,,,,,,,,,,,,,,,,,,,,,,,,,,,,,,,,,,,,,,,,,,,,,,,,,,,,,,,,,,,,,,,,,,,,,,,,,,,,,,,,,,,,,,,,,,,,,,,,,,,,,,,,,,,,,,,,,,,,,,,,,,,,,,,,,,,30151800,,,,,,,,36,in,,,,,,,,,,,,,,,,,,,,,,,,,,,,,,,,,,
,,,,,,,Building Materials,Decking & Railing,Railing Systems & Components,,73019652,Finyline Wh 8' Fl Rail Kit Sq,-- Unbranded --,-- No Unilog Brand --,-- No DIB Brand --,-,,,,73019652,,Building Materials>Decking & Porch>Railing,"Rail Kit, 73019652, 42 in Height, Fl Orientation, Wh Assembly",RAIL KIT 42IN FL WH,"73019652 Rail Kit, 42 in Height, Fl Orientation, Wh Assembly","Rail Kit, 42 in Height, Fl Orientation, Wh Assembly","Rail Kit, 42 in Height, Fl Orientation, Wh Assembly",,42 in,,,,,,,,,,,,,,,,,,,,,,,,,Rail Kit,Product Name,rail kit,,Length,,,Height,42,in,Material,,,Baluster Style,,,Orientation,Fl,,Color,,,Assembly,Wh,,,,,,,,,,,,,,,,,,,,,,,,,,,,,,,,,,,,,,,,,,,,,,,,,,,,,,,,,,,,,,,,,,,,,,,,,,,,,,,,,,,,,,,,,,,,,,,,,,,,,,,,,,,,,,,,,,,,,,,,,,,,,,,,,,,30151800,,,,,,,,42,in,,,,,,,,,,,,,,,,,,,,,,,,,,,,,,,,,,
,,,,,,,Building Materials,Decking & Railing,Railing Systems & Components,,73019517,Finyline Wh 10' Fl Rail Kit Sq,-- Unbranded --,-- No Unilog Brand --,-- No DIB Brand --,-,,,,73019517,,Building Materials>Decking & Porch>Railing,"Railing System, 73019517, 36 in Height, Wh, square Baluster Style",RAILING SYSTEM 36IN WH SQUARE FL KIT,"73019517 Railing System, 36 in Height, Wh, square Baluster Style, Fl Orientation, kit Assembly","Railing System, 36 in Height, Wh, square Baluster Style, Fl Orientation, kit Assembly","Railing System, 36 in Height, Wh, square Baluster Style, Fl Orientation, kit Assembly",,36 in,,,,,,,,,,,,,,,,,,,,,,,,,,Product Name,,,Length,,,Height,36,in,Material,Wh,,Baluster Style,square,,Orientation,Fl,,Color,,,Assembly,kit,,,,,,,,,,,,,,,,,,,,,,,,,,,,,,,,,,,,,,,,,,,,,,,,,,,,,,,,,,,,,,,,,,,,,,,,,,,,,,,,,,,,,,,,,,,,,,,,,,,,,,,,,,,,,,,,,,,,,,,,,,,,,,,,,,,30151800,,,,,,,,36,in,,,,,,,,,,,,,,,,,,,,,,,,,,,,,,,,,,
,,,,,,,Building Materials,Decking & Railing,Railing Systems & Components,,73019602,Finyline Wh 6' Fl Rail Kit Rd - w/Black Alum Balusters,-- Unbranded --,-- No Unilog Brand --,-- No DIB Brand --,-,,,,73019602,,Building Materials>Decking & Porch>Railing,"Rail Kit, 73019602, 36 in Height, aluminum, Fl Baluster Style",RAIL KIT 36IN ALUM FL RD BLK KIT,"73019602 Rail Kit, 36 in Height, aluminum, Fl Baluster Style, Rd Orientation, Black, kit Assembly","Rail Kit, 36 in Height, aluminum, Fl Baluster Style, Rd Orientation, Black, kit Assembly","Rail Kit, 36 in Height, aluminum, Fl Baluster Style, Rd Orientation, Black, kit Assembly",,36 in,,,,,,,,,,,,,,,,,,,,,,,,,Rail Kit,Product Name,rail kit,,Length,,,Height,36,in,Material,aluminum,,Baluster Style,Fl,,Orientation,Rd,,Color,Black,,Assembly,kit,,,,,,,,,,,,,,,,,,,,,,,,,,,,,,,,,,,,,,,,,,,,,,,,,,,,,,,,,,,,,,,,,,,,,,,,,,,,,,,,,,,,,,,,,,,,,,,,,,,,,,,,,,,,,,,,,,,,,,,,,,,,,,,,,,,30151800,,,,,,,,36,in,,,,,,,,,,,,,,,,,,,,,,,,,,,,,,,,,,
,,,,,,,Building Materials,Decking & Railing,Railing Systems & Components,,73019651,Finyline Wh 8' Fl Rail Kit Rd - w/Black Alum Balusters,-- Unbranded --,-- No Unilog Brand --,-- No DIB Brand --,-,,,,73019651,,Building Materials>Decking & Porch>Railing,"Rail Kit, 73019651, 42 in Height, aluminum, Black Baluster Style",RAIL KIT 42IN ALUM BLK FL BLK,"73019651 Rail Kit, 42 in Height, aluminum, Black Baluster Style, Fl Orientation, Black, w/Black Alum Balusters Assembly","Rail Kit, 42 in Height, aluminum, Black Baluster Style, Fl Orientation, Black, w/Black Alum Balusters Assembly","Rail Kit, 42 in Height, aluminum, Black Baluster Style, Fl Orientation, Black, w/Black Alum Balusters Assembly",,42 in,,,,,,,,,,,,,,,,,,,,,,,,,Rail Kit,Product Name,rail kit,,Length,,,Height,42,in,Material,aluminum,,Baluster Style,Black,,Orientation,Fl,,Color,Black,,Assembly,w/Black Alum Balusters,,,,,,,,,,,,,,,,,,,,,,,,,,,,,,,,,,,,,,,,,,,,,,,,,,,,,,,,,,,,,,,,,,,,,,,,,,,,,,,,,,,,,,,,,,,,,,,,,,,,,,,,,,,,,,,,,,,,,,,,,,,,,,,,,,,30151800,,,,,,,,42,in,,,,,,,,,,,,,,,,,,,,,,,,,,,,,,,,,,
,,,,,,,Building Materials,Decking & Railing,Railing Systems & Components,,73019516,Finyline Wh 10' Fl Rail Kit Rd - w/Black Alum Balusters,-- Unbranded --,-- No Unilog Brand --,-- No DIB Brand --,-,,,,73019516,,Building Materials>Decking & Porch>Railing,"Rail Kit, 73019516, 10 ' Fl ft Length, 36 in Height, aluminum",RAIL KIT 10 ' FLFT 36IN ALUM BLK RD BLK,"73019516 Rail Kit, 10 ' Fl ft Length, 36 in Height, aluminum, Black Baluster Style, Rd Orientation, Black, Wh Assembly","Rail Kit, 10 ' Fl ft Length, 36 in Height, aluminum, Black Baluster Style, Rd Orientation, Black, Wh Assembly","Rail Kit, 10 ' Fl ft Length, 36 in Height, aluminum, Black Baluster Style, Rd Orientation, Black, Wh Assembly",,10 ' Fl ft,36 in,,,,,,,,,,,,,,,,,,,,,,,,Rail Kit,Product Name,rail kit,,Length,10 ' Fl,ft,Height,36,in,Material,aluminum,,Baluster Style,Black,,Orientation,Rd,,Color,Black,,Assembly,Wh,,,,,,,,,,,,,,,,,,,,,,,,,,,,,,,,,,,,,,,,,,,,,,,,,,,,,,,,,,,,,,,,,,,,,,,,,,,,,,,,,,,,,,,,,,,,,,,,,,,,,,,,,,,,,,,,,,,,,,,,,,,,,,,,,,,30151800,,,,,,10 ' Fl,ft,36,in,,,,,,,,,,,,,,,,,,,,,,,,,,,,,,,,,,
,,,,,,,Building Materials,Decking & Railing,Railing Systems & Components,,543300256,6' Black Select Classic Horiz - Rail w/Rnd Black Alum Baluster,TREX,-- No Unilog Brand --,-- No DIB Brand --,Boise Cascade Building Materials (BOICA),Boise Cascade Building Materials,TREX,,543300256,,Building Materials>Decking & Porch>Railing,"Boise Cascade Building Materials TREX, Rail, 543300256, aluminum",RAIL ALUM RND BLK,"TREX 543300256 Rail, aluminum, Rnd Baluster Style, Black, Select Classic Horiz Assembly","TREX Rail, aluminum, Rnd Baluster Style, Black, Select Classic Horiz Assembly","Rail, aluminum, Rnd Baluster Style, Black, Select Classic Horiz Assembly",,,,,,,,,,,,,,,,,,,,,,,,,,,Rail,Product Name,Rail,,Length,,,Height,,,Material,aluminum,,Baluster Style,Rnd,,Orientation,,,Color,Black,,Assembly,Select Classic Horiz,,,,,,,,,,,,,,,,,,,,,,,,,,,,,,,,,,,,,,,,,,,,,,,,,,,,,,,,,,,,,,,,,,,,,,,,,,,,,,,,,,,,,,,,,,,,,,,,,,,,,,,,,,,,,,,,,,,,,,,,,,,,,,,,,,,30151800,,,,,,,,,,,,,,,,,,,,,,,,,,,,,,,,,,,,,,,,,,,
,,,,,,,Building Materials,Decking & Railing,Railing Systems & Components,,543300276,8' Black Select Classic Horiz - Rail w/Rnd Black Alum Baluster,TREX,-- No Unilog Brand --,-- No DIB Brand --,Boise Cascade Building Materials (BOICA),Boise Cascade Building Materials,TREX,,543300276,,Building Materials>Decking & Porch>Railing,"Boise Cascade Building Materials TREX, Rail, 543300276, aluminum",RAIL ALUM RND BLK,"TREX 543300276 Rail, aluminum, Rnd Baluster Style, Black, Select Classic Horiz Assembly","TREX Rail, aluminum, Rnd Baluster Style, Black, Select Classic Horiz Assembly","Rail, aluminum, Rnd Baluster Style, Black, Select Classic Horiz Assembly",,,,,,,,,,,,,,,,,,,,,,,,,,,Rail,Product Name,Rail,,Length,,,Height,,,Material,aluminum,,Baluster Style,Rnd,,Orientation,,,Color,Black,,Assembly,Select Classic Horiz,,,,,,,,,,,,,,,,,,,,,,,,,,,,,,,,,,,,,,,,,,,,,,,,,,,,,,,,,,,,,,,,,,,,,,,,,,,,,,,,,,,,,,,,,,,,,,,,,,,,,,,,,,,,,,,,,,,,,,,,,,,,,,,,,,,30151800,,,,,,,,,,,,,,,,,,,,,,,,,,,,,,,,,,,,,,,,,,,
,,,,,,,,,,,73045028,Custom Finyline Wh Gate Sq Bal,-- Unbranded --,-- No Unilog Brand --,-- No DIB Brand --,-,,,,73045028,,,"Wh Gate Sq Bal, 73045028",WH GATE SQ BAL,73045028 Wh Gate Sq Bal,Wh Gate Sq Bal,Wh Gate Sq Bal,,,,,,,,,,,,,,,,,,,,,,,,,,,Wh Gate Sq Bal,Product Name,Wh Gate Sq Bal,,Brand,,,Material,,,Color,,,Size,,,Quantity,,,,,,,,,,,,,,,,,,,,,,,,,,,,,,,,,,,,,,,,,,,,,,,,,,,,,,,,,,,,,,,,,,,,,,,,,,,,,,,,,,,,,,,,,,,,,,,,,,,,,,,,,,,,,,,,,,,,,,,,,,,,,,,,,,,,,,,,,,,,,,,,,,,,,,,,,,,,,,,,,,,,,,,,,,,,,,,,,,,,,
,,,,,,,Building Materials,Decking & Railing,Railing Systems & Components,,73045031,Custom Finyline Wh Gate Rd - w/Black Alum Balusters,-- Unbranded --,-- No Unilog Brand --,-- No DIB Brand --,-,,,,73045031,,Building Materials>Decking & Porch>Railing,"Wh Gate Rd, 73045031, 36 in Height, aluminum, Black Baluster Style",WH GATE RD 36IN ALUM BLK BLK,"73045031 Wh Gate Rd, 36 in Height, aluminum, Black Baluster Style, Black","Wh Gate Rd, 36 in Height, aluminum, Black Baluster Style, Black","Wh Gate Rd, 36 in Height, aluminum, Black Baluster Style, Black",,36 in,,,,,,,,,,,,,,,,,,,,,,,,,Wh Gate Rd,Product Name,Wh Gate Rd,,Length,,,Height,36,in,Material,aluminum,,Baluster Style,Black,,Orientation,,,Color,Black,,Assembly,,,,,,,,,,,,,,,,,,,,,,,,,,,,,,,,,,,,,,,,,,,,,,,,,,,,,,,,,,,,,,,,,,,,,,,,,,,,,,,,,,,,,,,,,,,,,,,,,,,,,,,,,,,,,,,,,,,,,,,,,,,,,,,,,,,,30151800,,,,,,,,36,in,,,,,,,,,,,,,,,,,,,,,,,,,,,,,,,,,,
,,,,,,,Building Materials,Decking & Railing,Railing Systems & Components,,543340126,"6'x36"" Select Alm w/Sq Bal Hor - Assembled Black Rail Panel",TREX,-- No Unilog Brand --,-- No DIB Brand --,Boise Cascade Building Materials (BOICA),Boise Cascade Building Materials,TREX,,543340126,,Building Materials>Decking & Porch>Railing,"Boise Cascade Building Materials TREX, Select Alm, 543340126",SELECT ALM 36IN ALM SQUARE BLK,"TREX 543340126 Select Alm, 36 in Height, Alm, square Baluster Style, horizontal Orientation, Black, assembled Assembly","TREX Select Alm, 36 in Height, Alm, square Baluster Style, horizontal Orientation, Black, assembled Assembly","Select Alm, 36 in Height, Alm, square Baluster Style, horizontal Orientation, Black, assembled Assembly",,36 in,,,,,,,,,,,,,,,,,,,,,,,,,Select Alm,Product Name,Select Alm,,Length,,,Height,36,in,Material,Alm,,Baluster Style,square,,Orientation,horizontal,,Color,Black,,Assembly,assembled,,,,,,,,,,,,,,,,,,,,,,,,,,,,,,,,,,,,,,,,,,,,,,,,,,,,,,,,,,,,,,,,,,,,,,,,,,,,,,,,,,,,,,,,,,,,,,,,,,,,,,,,,,,,,,,,,,,,,,,,,,,,,,,,,,,30151800,,,,,,,,36,in,,,,,,,,,,,,,,,,,,,,,,,,,,,,,,,,,,
,,,,,,,Building Materials,Decking & Railing,Railing Systems & Components,,543340127,"6'x36"" Select Alm w/Sq Bal Str - Assembled Black Rail Panel",TREX,-- No Unilog Brand --,-- No DIB Brand --,Boise Cascade Building Materials (BOICA),Boise Cascade Building Materials,TREX,,543340127,,Building Materials>Decking & Porch>Railing,"Boise Cascade Building Materials TREX, Select Alm, 543340127",SELECT ALM 36IN ALM SQ BAL STR BLK,"TREX 543340127 Select Alm, 36 in Height, Alm, Sq Bal Baluster Style, Str Orientation, Black, assembled Assembly","TREX Select Alm, 36 in Height, Alm, Sq Bal Baluster Style, Str Orientation, Black, assembled Assembly","Select Alm, 36 in Height, Alm, Sq Bal Baluster Style, Str Orientation, Black, assembled Assembly",,36 in,,,,,,,,,,,,,,,,,,,,,,,,,Select Alm,Product Name,Select Alm,,Length,,,Height,36,in,Material,Alm,,Baluster Style,Sq Bal,,Orientation,Str,,Color,Black,,Assembly,assembled,,,,,,,,,,,,,,,,,,,,,,,,,,,,,,,,,,,,,,,,,,,,,,,,,,,,,,,,,,,,,,,,,,,,,,,,,,,,,,,,,,,,,,,,,,,,,,,,,,,,,,,,,,,,,,,,,,,,,,,,,,,,,,,,,,,30151800,,,,,,,,36,in,,,,,,,,,,,,,,,,,,,,,,,,,,,,,,,,,,
,,,,,,,Building Materials,Decking & Railing,Railing Systems & Components,,543340146,"8'x36"" Select Alm w/Sq Bal Hor - Assembled Black Rail Panel",TREX,-- No Unilog Brand --,-- No DIB Brand --,Boise Cascade Building Materials (BOICA),Boise Cascade Building Materials,TREX,,543340146,,Building Materials>Decking & Porch>Railing,"Boise Cascade Building Materials TREX, Select Alm, 543340146",SELECT ALM 36IN ALM SQUARE BLK,"TREX 543340146 Select Alm, 36 in Height, Alm, square Baluster Style, horizontal Orientation, Black, assembled Assembly","TREX Select Alm, 36 in Height, Alm, square Baluster Style, horizontal Orientation, Black, assembled Assembly","Select Alm, 36 in Height, Alm, square Baluster Style, horizontal Orientation, Black, assembled Assembly",,36 in,,,,,,,,,,,,,,,,,,,,,,,,,Select Alm,Product Name,Select Alm,,Length,,,Height,36,in,Material,Alm,,Baluster Style,square,,Orientation,horizontal,,Color,Black,,Assembly,assembled,,,,,,,,,,,,,,,,,,,,,,,,,,,,,,,,,,,,,,,,,,,,,,,,,,,,,,,,,,,,,,,,,,,,,,,,,,,,,,,,,,,,,,,,,,,,,,,,,,,,,,,,,,,,,,,,,,,,,,,,,,,,,,,,,,,30151800,,,,,,,,36,in,,,,,,,,,,,,,,,,,,,,,,,,,,,,,,,,,,
,,,,,,,Building Materials,Decking & Railing,Railing Systems & Components,,543340147,"8'x36"" Select Alm w/Sq Bal Str - Assembled Black Rail Panel",TREX,-- No Unilog Brand --,-- No DIB Brand --,Boise Cascade Building Materials (BOICA),Boise Cascade Building Materials,TREX,,543340147,,Building Materials>Decking & Porch>Railing,"Boise Cascade Building Materials TREX, Select Alm, 543340147",SELECT ALM 36IN ALM SQUARE STR BLK,"TREX 543340147 Select Alm, 36 in Height, Alm, square Baluster Style, Str Orientation, Black, assembled Assembly","TREX Select Alm, 36 in Height, Alm, square Baluster Style, Str Orientation, Black, assembled Assembly","Select Alm, 36 in Height, Alm, square Baluster Style, Str Orientation, Black, assembled Assembly",,36 in,,,,,,,,,,,,,,,,,,,,,,,,,Select Alm,Product Name,Select Alm,,Length,,,Height,36,in,Material,Alm,,Baluster Style,square,,Orientation,Str,,Color,Black,,Assembly,assembled,,,,,,,,,,,,,,,,,,,,,,,,,,,,,,,,,,,,,,,,,,,,,,,,,,,,,,,,,,,,,,,,,,,,,,,,,,,,,,,,,,,,,,,,,,,,,,,,,,,,,,,,,,,,,,,,,,,,,,,,,,,,,,,,,,,30151800,,,,,,,,36,in,,,,,,,,,,,,,,,,,,,,,,,,,,,,,,,,,,
,,,,,,,Building Materials,Decking & Railing,Composite & PVC Decking,,ADB15516CS,1x6-16' Coastline Sq Edge - Vintage Azek PVC Decking,TIMBERTECH,-- No Unilog Brand --,-- No DIB Brand --,Parksite (6151),Parksite,TIMBERTECH,,ADB15516CS,,Building Materials>Decking & Porch>Deck Boards,"Parksite TIMBERTECH, Composite Decking, ADB15516CS, 1 in Nominal Thickness",COMPOSITE DECKING 1IN 6IN 16FT PVC AZEK,"TIMBERTECH ADB15516CS Composite Decking, 1 in Nominal Thickness, 6 in Nominal Width, 16 ft Length, PVC","TIMBERTECH Composite Decking, 1 in Nominal Thickness, 6 in Nominal Width, 16 ft Length, PVC, Sq Edge Edge Profile, Vintage, Coastline Collection, Azek Board Type, Vintage Surface","Composite Decking, 1 in Nominal Thickness, 6 in Nominal Width, 16 ft Length, PVC, Sq Edge Edge Profile, Vintage",,1 in,6 in,16 ft,,,,,,,,,,,,,,,,,,,,,,,,Nominal Thickness,1,in,Nominal Width,6,in,Length,16,ft,Material,PVC,,Edge Profile,Sq Edge,,Color,Vintage,,Collection,Coastline,,Board Type,Azek,,Surface,Vintage,,,,,,,,,,,,,,,,,,,,,,,,,,,,,,,,,,,,,,,,,,,,,,,,,,,,,,,,,,,,,,,,,,,,,,,,,,,,,,,,,,,,,,,,,,,,,,,,,,,,,,,,,,,,,,,,,,,,,,,,,,,,,,,,30103604,,,,,,16,ft,,,6,in,,,,,,,,,,,,,,,,,,,,,,,,,,,,,,,,
,,,,,,,Building Materials,Decking & Railing,Composite & PVC Decking,,ADB15520CS,1x6-20' Coastline Sq Edge - Vintage Azek PVC Decking,TIMBERTECH,-- No Unilog Brand --,-- No DIB Brand --,Parksite (6151),Parksite,TIMBERTECH,,ADB15520CS,,Building Materials>Decking & Porch>Deck Boards,"Parksite TIMBERTECH, Composite Decking, ADB15520CS, 1 in Nominal Thickness",COMPOSITE DECKING 1IN 6IN 20FT PVC AZEK,"TIMBERTECH ADB15520CS Composite Decking, 1 in Nominal Thickness, 6 in Nominal Width, 20 ft Length, PVC","TIMBERTECH Composite Decking, 1 in Nominal Thickness, 6 in Nominal Width, 20 ft Length, PVC, square edge Edge Profile, Coastline, Vintage Collection, Azek Board Type","Composite Decking, 1 in Nominal Thickness, 6 in Nominal Width, 20 ft Length, PVC, square edge Edge Profile, Coastline",,1 in,6 in,20 ft,,,,,,,,,,,,,,,,,,,,,,,,Nominal Thickness,1,in,Nominal Width,6,in,Length,20,ft,Material,PVC,,Edge Profile,square edge,,Color,Coastline,,Collection,Vintage,,Board Type,Azek,,Surface,,,,,,,,,,,,,,,,,,,,,,,,,,,,,,,,,,,,,,,,,,,,,,,,,,,,,,,,,,,,,,,,,,,,,,,,,,,,,,,,,,,,,,,,,,,,,,,,,,,,,,,,,,,,,,,,,,,,,,,,,,,,,,,,,30103604,,,,,,20,ft,,,6,in,,,,,,,,,,,,,,,,,,,,,,,,,,,,,,,,
,,,,,,,Building Materials,Decking & Railing,Composite & PVC Decking,,ADB15516EW,1x6-16' English Walnut Sq Edge - Vintage Azek PVC Decking,TIMBERTECH,-- No Unilog Brand --,-- No DIB Brand --,Parksite (6151),Parksite,TIMBERTECH,,ADB15516EW,,Building Materials>Decking & Porch>Deck Boards,"Parksite TIMBERTECH, Composite Decking, ADB15516EW, 1 in Nominal Thickness",COMPOSITE DECKING 1IN 6IN 16FT PVC AZEK,"TIMBERTECH ADB15516EW Composite Decking, 1 in Nominal Thickness, 6 in Nominal Width, 16 ft Length, PVC","TIMBERTECH Composite Decking, 1 in Nominal Thickness, 6 in Nominal Width, 16 ft Length, PVC, square edge Edge Profile, English Walnut, Vintage Collection, Azek Board Type","Composite Decking, 1 in Nominal Thickness, 6 in Nominal Width, 16 ft Length, PVC, square edge Edge Profile",,1 in,6 in,16 ft,,,,,,,,,,,,,,,,,,,,,,,,Nominal Thickness,1,in,Nominal Width,6,in,Length,16,ft,Material,PVC,,Edge Profile,square edge,,Color,English Walnut,,Collection,Vintage,,Board Type,Azek,,Surface,,,,,,,,,,,,,,,,,,,,,,,,,,,,,,,,,,,,,,,,,,,,,,,,,,,,,,,,,,,,,,,,,,,,,,,,,,,,,,,,,,,,,,,,,,,,,,,,,,,,,,,,,,,,,,,,,,,,,,,,,,,,,,,,,30103604,,,,,,16,ft,,,6,in,,,,,,,,,,,,,,,,,,,,,,,,,,,,,,,,
,,,,,,,Building Materials,Decking & Railing,Composite & PVC Decking,,ADB15520EW,1x6-20' English Walnut Sq Edge - Vintage Azek PVC Decking,TIMBERTECH,-- No Unilog Brand --,-- No DIB Brand --,Parksite (6151),Parksite,TIMBERTECH,,ADB15520EW,,Building Materials>Decking & Porch>Deck Boards,"Parksite TIMBERTECH, Composite Decking, ADB15520EW, 1 in Nominal Thickness",COMPOSITE DECKING 1IN 6IN 20FT PVC AZEK,"TIMBERTECH ADB15520EW Composite Decking, 1 in Nominal Thickness, 6 in Nominal Width, 20 ft Length, PVC","TIMBERTECH Composite Decking, 1 in Nominal Thickness, 6 in Nominal Width, 20 ft Length, PVC, square edge Edge Profile, English Walnut, Vintage Collection, Azek Board Type","Composite Decking, 1 in Nominal Thickness, 6 in Nominal Width, 20 ft Length, PVC, square edge Edge Profile",,1 in,6 in,20 ft,,,,,,,,,,,,,,,,,,,,,,,,Nominal Thickness,1,in,Nominal Width,6,in,Length,20,ft,Material,PVC,,Edge Profile,square edge,,Color,English Walnut,,Collection,Vintage,,Board Type,Azek,,Surface,,,,,,,,,,,,,,,,,,,,,,,,,,,,,,,,,,,,,,,,,,,,,,,,,,,,,,,,,,,,,,,,,,,,,,,,,,,,,,,,,,,,,,,,,,,,,,,,,,,,,,,,,,,,,,,,,,,,,,,,,,,,,,,,,30103604,,,,,,20,ft,,,6,in,,,,,,,,,,,,,,,,,,,,,,,,,,,,,,,,
,,,,,,,Building Materials,Decking & Railing,Composite & PVC Decking,,ADB15516MH,1x6-16' Mahogany Sq Edge - Vintage Azek PVC Decking,TIMBERTECH,-- No Unilog Brand --,-- No DIB Brand --,Parksite (6151),Parksite,TIMBERTECH,,ADB15516MH,,Building Materials>Decking & Porch>Deck Boards,"Parksite TIMBERTECH, Composite Decking, ADB15516MH, 1 in Nominal Thickness",COMPOSITE DECKING 1IN 6IN 16FT PVC AZEK,"TIMBERTECH ADB15516MH Composite Decking, 1 in Nominal Thickness, 6 in Nominal Width, 16 ft Length, PVC","TIMBERTECH Composite Decking, 1 in Nominal Thickness, 6 in Nominal Width, 16 ft Length, PVC, square edge Edge Profile, Vintage, Azek Collection, Decking Board Type, Mahogany Surface","Composite Decking, 1 in Nominal Thickness, 6 in Nominal Width, 16 ft Length, PVC, square edge Edge Profile, Vintage",,1 in,6 in,16 ft,,,,,,,,,,,,,,,,,,,,,,,,Nominal Thickness,1,in,Nominal Width,6,in,Length,16,ft,Material,PVC,,Edge Profile,square edge,,Color,Vintage,,Collection,Azek,,Board Type,Decking,,Surface,Mahogany,,,,,,,,,,,,,,,,,,,,,,,,,,,,,,,,,,,,,,,,,,,,,,,,,,,,,,,,,,,,,,,,,,,,,,,,,,,,,,,,,,,,,,,,,,,,,,,,,,,,,,,,,,,,,,,,,,,,,,,,,,,,,,,,30103604,,,,,,16,ft,,,6,in,,,,,,,,,,,,,,,,,,,,,,,,,,,,,,,,
