SKU,Column,Attribute,Value,UOM,Provenance,Certified,Nonconformity,Source Quote,Verifier Signals
DCB518ASTS06G,Dept,,Tools & Equipment,,routed,yes,,Sanding | Belt,
DCB518ASTS06G,Class,,Power Tool Accessories,,routed,yes,,Sanding | Belt,
DCB518ASTS06G,Fine,,"Sanding Belts, Discs & Sheets",,routed,yes,,Sanding | Belt,
DCB518ASTS06G,Mfg_Part_Num,,DCB518ASTS06G,,passthrough,yes,,,
DCB518ASTS06G,Part_Desc,,"DCB518ASTS06G Diablo 1/2""x18"" - Sanding Belt 6pc",,passthrough,yes,,,
DCB518ASTS06G,E1_Brand,,-- Unbranded --,,passthrough,yes,,,
DCB518ASTS06G,Unilog_Brand,,-- No Unilog Brand --,,passthrough,yes,,,
DCB518ASTS06G,DIB_Brand,,-- No DIB Brand --,,passthrough,yes,,,
DCB518ASTS06G,Part_Manuf,,Freud Inc (2435),,passthrough,yes,,,
DCB518ASTS06G,MANUFACTURER_NAME,,Freud Inc,,passthrough,yes,,,
DCB518ASTS06G,BRAND_NAME,,Diablo,,passthrough,yes,,,
DCB518ASTS06G,MANUFACTURER_PART_NUMBER,,DCB518ASTS06G,,passthrough,yes,,,
DCB518ASTS06G,Classpath,,Tools & Equipment>Power Tool Accessories>Coated Abrasives,,routed,yes,,Sanding | Belt,
DCB518ASTS06G,MOBILE_DESC,,"Freud Inc Diablo, Sanding Belt, DCB518ASTS06G, 1/2""x18"", 6pc Quantity",,composed,yes,,"Sanding Belt | 1/2""x18"" | 6pc",
DCB518ASTS06G,INVOICE_DESC,,"SANDING BELT 1/2""X18"" 6PC",,composed,yes,,"Sanding Belt | 1/2""x18"" | 6pc",
DCB518ASTS06G,SHORT_DESC,,"Diablo DCB518ASTS06G Sanding Belt, 1/2""x18"", 6pc Quantity",,composed,yes,,"Sanding Belt | 1/2""x18"" | 6pc",
DCB518ASTS06G,LONG_DESC1,,"Diablo Sanding Belt, 1/2""x18"", 6pc Quantity",,composed,yes,,"Sanding Belt | 1/2""x18"" | 6pc",
DCB518ASTS06G,RETAIL_DESC,,"Sanding Belt, 1/2""x18"", 6pc Quantity",,composed,yes,,"Sanding Belt | 1/2""x18"" | 6pc",
DCB518ASTS06G,Product Name,product_name,Sanding Belt,,derived,yes,,Sanding Belt,"dimensional: abstained (product_name is text, not a physical quantity) ; constraint: abstained (no constraint in generic mentions product_name) ; identity: 1.00 (product_name 'Sanding Belt' appears verbatim in the source) ; vocabulary: abstained (product_name is text, not a controlled term)"
DCB518ASTS06G,ATTRIBUTE_LABEL 1,product_name,Product Name,,derived,yes,,,"dimensional: abstained (product_name is text, not a physical quantity) ; constraint: abstained (no constraint in generic mentions product_name) ; identity: 1.00 (product_name 'Sanding Belt' appears verbatim in the source) ; vocabulary: abstained (product_name is text, not a controlled term)"
DCB518ASTS06G,ATTRIBUTE_VALUE 1,product_name,Sanding Belt,,extracted,no,,Sanding Belt,"dimensional: abstained (product_name is text, not a physical quantity) ; constraint: abstained (no constraint in generic mentions product_name) ; identity: 1.00 (product_name 'Sanding Belt' appears verbatim in the source) ; vocabulary: abstained (product_name is text, not a controlled term)"
DCB518ASTS06G,ATTRIBUTE_LABEL 2,brand,Brand,,derived,yes,,,"dimensional: abstained (brand is text, not a physical quantity) ; constraint: abstained (no constraint in generic mentions brand) ; identity: 1.00 (brand 'Diablo' appears verbatim in the source) ; vocabulary: abstained (brand is text, not a controlled term)"
DCB518ASTS06G,ATTRIBUTE_VALUE 2,brand,Diablo,,extracted,no,,Diablo,"dimensional: abstained (brand is text, not a physical quantity) ; constraint: abstained (no constraint in generic mentions brand) ; identity: 1.00 (brand 'Diablo' appears verbatim in the source) ; vocabulary: abstained (brand is text, not a controlled term)"
DCB518ASTS06G,ATTRIBUTE_LABEL 3,material,Material,,derived,yes,,,
DCB518ASTS06G,ATTRIBUTE_LABEL 4,color,Color,,derived,yes,,,
DCB518ASTS06G,ATTRIBUTE_LABEL 5,size,Size,,derived,yes,,,"dimensional: abstained (size is text, not a physical quantity) ; constraint: abstained (no constraint in generic mentions size) ; identity: abstained (size is not an identity claim) ; vocabulary: abstained (size is text, not a controlled term)"
DCB518ASTS06G,ATTRIBUTE_VALUE 5,size,"1/2""x18""",,extracted,no,,"1/2""x18""","dimensional: abstained (size is text, not a physical quantity) ; constraint: abstained (no constraint in generic mentions size) ; identity: abstained (size is not an identity claim) ; vocabulary: abstained (size is text, not a controlled term)"
DCB518ASTS06G,ATTRIBUTE_LABEL 6,quantity,Quantity,,derived,yes,,,"dimensional: abstained (quantity is text, not a physical quantity) ; constraint: abstained (no constraint in generic mentions quantity) ; identity: abstained (quantity is not an identity claim) ; vocabulary: abstained (quantity is text, not a controlled term)"
DCB518ASTS06G,ATTRIBUTE_VALUE 6,quantity,6pc,,extracted,no,,6pc,"dimensional: abstained (quantity is text, not a physical quantity) ; constraint: abstained (no constraint in generic mentions quantity) ; identity: abstained (quantity is not an identity claim) ; vocabulary: abstained (quantity is text, not a controlled term)"
DCB518ASTS06G,UNSPSC,,31191500,,routed,yes,,Sanding | Belt,
DCB518ASTS06G,Selling Qty,quantity,6,,derived,yes,,6pc,"dimensional: abstained (quantity is text, not a physical quantity) ; constraint: abstained (no constraint in generic mentions quantity) ; identity: abstained (quantity is not an identity claim) ; vocabulary: abstained (quantity is text, not a controlled term)"
DCB518ASTS06G,Selling UOM,quantity,PK,,derived,yes,,,"dimensional: abstained (quantity is text, not a physical quantity) ; constraint: abstained (no constraint in generic mentions quantity) ; identity: abstained (quantity is not an identity claim) ; vocabulary: abstained (quantity is text, not a controlled term)"
3MABR-7100075678,Dept,,Tools & Equipment,,routed,yes,,Stikit | Disc | Cubitron | P150,
3MABR-7100075678,Class,,Power Tool Accessories,,routed,yes,,Stikit | Disc | Cubitron | P150,
3MABR-7100075678,Fine,,"Sanding Belts, Discs & Sheets",,routed,yes,,Stikit | Disc | Cubitron | P150,
3MABR-7100075678,Mfg_Part_Num,,3MABR-7100075678,,passthrough,yes,,,
3MABR-7100075678,Part_Desc,,3M 775L Stikit Film P150 - Cubitron II 50 Disc/Box,,passthrough,yes,,,
3MABR-7100075678,E1_Brand,,-- Unbranded --,,passthrough,yes,,,
3MABR-7100075678,Unilog_Brand,,-- No Unilog Brand --,,passthrough,yes,,,
3MABR-7100075678,DIB_Brand,,-- No DIB Brand --,,passthrough,yes,,,
3MABR-7100075678,Part_Manuf,,Jam Industrial Supply LLC (JAMIN),,passthrough,yes,,,
3MABR-7100075678,MANUFACTURER_NAME,,Jam Industrial Supply LLC,,passthrough,yes,,,
3MABR-7100075678,BRAND_NAME,,3M,,passthrough,yes,,,
3MABR-7100075678,MANUFACTURER_PART_NUMBER,,3MABR-7100075678,,passthrough,yes,,,
3MABR-7100075678,Classpath,,Tools & Equipment>Power Tool Accessories>Coated Abrasives,,routed,yes,,Stikit | Disc | Cubitron | P150,
3MABR-7100075678,MOBILE_DESC,,"Jam Industrial Supply LLC 3M, Stikit Film P150, 3MABR-7100075678",,composed,yes,,Stikit Film P150,
3MABR-7100075678,INVOICE_DESC,,STIKIT FILM P150,,composed,yes,,Stikit Film P150,
3MABR-7100075678,SHORT_DESC,,"3M 3MABR-7100075678 Stikit Film P150, 50 Disc/Box Quantity",,composed,yes,,Stikit Film P150 | 50 Disc/Box,
3MABR-7100075678,LONG_DESC1,,"3M Stikit Film P150, 50 Disc/Box Quantity",,composed,yes,,Stikit Film P150 | 50 Disc/Box,
3MABR-7100075678,RETAIL_DESC,,"Stikit Film P150, 50 Disc/Box Quantity",,composed,yes,,Stikit Film P150 | 50 Disc/Box,
3MABR-7100075678,Product Name,product_name,Stikit Film P150,,derived,yes,,Stikit Film P150,"dimensional: abstained (product_name is text, not a physical quantity) ; constraint: abstained (no constraint in generic mentions product_name) ; identity: 1.00 (product_name 'Stikit Film P150' appears verbatim in the source) ; vocabulary: abstained (product_name is text, not a controlled term)"
3MABR-7100075678,ATTRIBUTE_LABEL 1,product_name,Product Name,,derived,yes,,,"dimensional: abstained (product_name is text, not a physical quantity) ; constraint: abstained (no constraint in generic mentions product_name) ; identity: 1.00 (product_name 'Stikit Film P150' appears verbatim in the source) ; vocabulary: abstained (product_name is text, not a controlled term)"
3MABR-7100075678,ATTRIBUTE_VALUE 1,product_name,Stikit Film P150,,extracted,no,,Stikit Film P150,"dimensional: abstained (product_name is text, not a physical quantity) ; constraint: abstained (no constraint in generic mentions product_name) ; identity: 1.00 (product_name 'Stikit Film P150' appears verbatim in the source) ; vocabulary: abstained (product_name is text, not a controlled term)"
3MABR-7100075678,ATTRIBUTE_LABEL 2,brand,Brand,,derived,yes,,,"dimensional: abstained (brand is text, not a physical quantity) ; constraint: abstained (no constraint in generic mentions brand) ; identity: 1.00 (brand '3M' appears verbatim in the source) ; vocabulary: abstained (brand is text, not a controlled term)"
3MABR-7100075678,ATTRIBUTE_VALUE 2,brand,3,,extracted,no,,3M,"dimensional: abstained (brand is text, not a physical quantity) ; constraint: abstained (no constraint in generic mentions brand) ; identity: 1.00 (brand '3M' appears verbatim in the source) ; vocabulary: abstained (brand is text, not a controlled term)"
3MABR-7100075678,ATTRIBUTE_UOM 2,brand,m,,derived,no,,,"dimensional: abstained (brand is text, not a physical quantity) ; constraint: abstained (no constraint in generic mentions brand) ; identity: 1.00 (brand '3M' appears verbatim in the source) ; vocabulary: abstained (brand is text, not a controlled term)"
3MABR-7100075678,ATTRIBUTE_LABEL 3,material,Material,,derived,yes,,,
3MABR-7100075678,ATTRIBUTE_LABEL 4,color,Color,,derived,yes,,,
3MABR-7100075678,ATTRIBUTE_LABEL 5,size,Size,,derived,yes,,,
3MABR-7100075678,ATTRIBUTE_LABEL 6,quantity,Quantity,,derived,yes,,,"dimensional: abstained (quantity is text, not a physical quantity) ; constraint: abstained (no constraint in generic mentions quantity) ; identity: abstained (quantity is not an identity claim) ; vocabulary: abstained (quantity is text, not a controlled term)"
3MABR-7100075678,ATTRIBUTE_VALUE 6,quantity,50 Disc/Box,,extracted,no,,50 Disc/Box,"dimensional: abstained (quantity is text, not a physical quantity) ; constraint: abstained (no constraint in generic mentions quantity) ; identity: abstained (quantity is not an identity claim) ; vocabulary: abstained (quantity is text, not a controlled term)"
3MABR-7100075678,UNSPSC,,31191500,,routed,yes,,Stikit | Disc | Cubitron | P150,
3MABR-7100045865,Dept,,Tools & Equipment,,routed,yes,,Stikit | Disc | Cubitron | P120,
3MABR-7100045865,Class,,Power Tool Accessories,,routed,yes,,Stikit | Disc | Cubitron | P120,
3MABR-7100045865,Fine,,"Sanding Belts, Discs & Sheets",,routed,yes,,Stikit | Disc | Cubitron | P120,
3MABR-7100045865,Mfg_Part_Num,,3MABR-7100045865,,passthrough,yes,,,
3MABR-7100045865,Part_Desc,,3M 775L Stikit Film P120 - Cubitron II 50 Disc/Box,,passthrough,yes,,,
3MABR-7100045865,E1_Brand,,-- Unbranded --,,passthrough,yes,,,
3MABR-7100045865,Unilog_Brand,,-- No Unilog Brand --,,passthrough,yes,,,
3MABR-7100045865,DIB_Brand,,-- No DIB Brand --,,passthrough,yes,,,
3MABR-7100045865,Part_Manuf,,Jam Industrial Supply LLC (JAMIN),,passthrough,yes,,,
3MABR-7100045865,MANUFACTURER_NAME,,Jam Industrial Supply LLC,,passthrough,yes,,,
3MABR-7100045865,BRAND_NAME,,3M,,passthrough,yes,,,
3MABR-7100045865,MANUFACTURER_PART_NUMBER,,3MABR-7100045865,,passthrough,yes,,,
3MABR-7100045865,Classpath,,Tools & Equipment>Power Tool Accessories>Coated Abrasives,,routed,yes,,Stikit | Disc | Cubitron | P120,
3MABR-7100045865,MOBILE_DESC,,"Jam Industrial Supply LLC 3M, Stikit Film P120, 3MABR-7100045865",,composed,yes,,Stikit Film P120,
3MABR-7100045865,INVOICE_DESC,,STIKIT FILM P120,,composed,yes,,Stikit Film P120,
3MABR-7100045865,SHORT_DESC,,"3M 3MABR-7100045865 Stikit Film P120, Cubitron II, 50 Disc/Box Quantity",,composed,yes,,Stikit Film P120 | Cubitron II | 50 Disc/Box,
3MABR-7100045865,LONG_DESC1,,"3M Stikit Film P120, Cubitron II, 50 Disc/Box Quantity",,composed,yes,,Stikit Film P120 | Cubitron II | 50 Disc/Box,
3MABR-7100045865,RETAIL_DESC,,"Stikit Film P120, Cubitron II, 50 Disc/Box Quantity",,composed,yes,,Stikit Film P120 | Cubitron II | 50 Disc/Box,
3MABR-7100045865,Product Name,product_name,Stikit Film P120,,derived,yes,,Stikit Film P120,"dimensional: abstained (product_name is text, not a physical quantity) ; constraint: abstained (no constraint in generic mentions product_name) ; identity: 1.00 (product_name 'Stikit Film P120' appears verbatim in the source) ; vocabulary: abstained (product_name is text, not a controlled term)"
3MABR-7100045865,ATTRIBUTE_LABEL 1,product_name,Product Name,,derived,yes,,,"dimensional: abstained (product_name is text, not a physical quantity) ; constraint: abstained (no constraint in generic mentions product_name) ; identity: 1.00 (product_name 'Stikit Film P120' appears verbatim in the source) ; vocabulary: abstained (product_name is text, not a controlled term)"
3MABR-7100045865,ATTRIBUTE_VALUE 1,product_name,Stikit Film P120,,extracted,no,,Stikit Film P120,"dimensional: abstained (product_name is text, not a physical quantity) ; constraint: abstained (no constraint in generic mentions product_name) ; identity: 1.00 (product_name 'Stikit Film P120' appears verbatim in the source) ; vocabulary: abstained (product_name is text, not a controlled term)"
3MABR-7100045865,ATTRIBUTE_LABEL 2,brand,Brand,,derived,yes,,,"dimensional: abstained (brand is text, not a physical quantity) ; constraint: abstained (no constraint in generic mentions brand) ; identity: 1.00 (brand '3M' appears verbatim in the source) ; vocabulary: abstained (brand is text, not a controlled term)"
3MABR-7100045865,ATTRIBUTE_VALUE 2,brand,3,,extracted,no,,3M,"dimensional: abstained (brand is text, not a physical quantity) ; constraint: abstained (no constraint in generic mentions brand) ; identity: 1.00 (brand '3M' appears verbatim in the source) ; vocabulary: abstained (brand is text, not a controlled term)"
3MABR-7100045865,ATTRIBUTE_UOM 2,brand,m,,derived,no,,,"dimensional: abstained (brand is text, not a physical quantity) ; constraint: abstained (no constraint in generic mentions brand) ; identity: 1.00 (brand '3M' appears verbatim in the source) ; vocabulary: abstained (brand is text, not a controlled term)"
3MABR-7100045865,ATTRIBUTE_LABEL 3,material,Material,,derived,yes,,,"dimensional: abstained (material is text, not a physical quantity) ; constraint: abstained (no constraint in generic mentions material) ; identity: abstained (material is not an identity claim) ; vocabulary: abstained (material is text, not a controlled term)"
3MABR-7100045865,ATTRIBUTE_VALUE 3,material,Cubitron II,,extracted,no,,Cubitron II,"dimensional: abstained (material is text, not a physical quantity) ; constraint: abstained (no constraint in generic mentions material) ; identity: abstained (material is not an identity claim) ; vocabulary: abstained (material is text, not a controlled term)"
3MABR-7100045865,ATTRIBUTE_LABEL 4,color,Color,,derived,yes,,,
3MABR-7100045865,ATTRIBUTE_LABEL 5,size,Size,,derived,yes,,,
3MABR-7100045865,ATTRIBUTE_LABEL 6,quantity,Quantity,,derived,yes,,,"dimensional: abstained (quantity is text, not a physical quantity) ; constraint: abstained (no constraint in generic mentions quantity) ; identity: abstained (quantity is not an identity claim) ; vocabulary: abstained (quantity is text, not a controlled term)"
3MABR-7100045865,ATTRIBUTE_VALUE 6,quantity,50 Disc/Box,,extracted,no,,50 Disc/Box,"dimensional: abstained (quantity is text, not a physical quantity) ; constraint: abstained (no constraint in generic mentions quantity) ; identity: abstained (quantity is not an identity claim) ; vocabulary: abstained (quantity is text, not a controlled term)"
3MABR-7100045865,UNSPSC,,31191500,,routed,yes,,Stikit | Disc | Cubitron | P120,
3MABR-7100048736,Dept,,Tools & Equipment,,routed,yes,,Stikit | Disc | Cubitron | P80,
3MABR-7100048736,Class,,Power Tool Accessories,,routed,yes,,Stikit | Disc | Cubitron | P80,
3MABR-7100048736,Fine,,"Sanding Belts, Discs & Sheets",,routed,yes,,Stikit | Disc | Cubitron | P80,
3MABR-7100048736,Mfg_Part_Num,,3MABR-7100048736,,passthrough,yes,,,
3MABR-7100048736,Part_Desc,,3M 775L Stikit Film P80 - Cubitron II 50 Disc/Box,,passthrough,yes,,,
3MABR-7100048736,E1_Brand,,-- Unbranded --,,passthrough,yes,,,
3MABR-7100048736,Unilog_Brand,,-- No Unilog Brand --,,passthrough,yes,,,
3MABR-7100048736,DIB_Brand,,-- No DIB Brand --,,passthrough,yes,,,
3MABR-7100048736,Part_Manuf,,Jam Industrial Supply LLC (JAMIN),,passthrough,yes,,,
3MABR-7100048736,MANUFACTURER_NAME,,Jam Industrial Supply LLC,,passthrough,yes,,,
3MABR-7100048736,BRAND_NAME,,3M,,passthrough,yes,,,
3MABR-7100048736,MANUFACTURER_PART_NUMBER,,3MABR-7100048736,,passthrough,yes,,,
3MABR-7100048736,Classpath,,Tools & Equipment>Power Tool Accessories>Coated Abrasives,,routed,yes,,Stikit | Disc | Cubitron | P80,
3MABR-7100048736,MOBILE_DESC,,"Jam Industrial Supply LLC 3M, Stikit Film P80, 3MABR-7100048736",,composed,yes,,Stikit Film P80,
3MABR-7100048736,INVOICE_DESC,,STIKIT FILM P80,,composed,yes,,Stikit Film P80,
3MABR-7100048736,SHORT_DESC,,"3M 3MABR-7100048736 Stikit Film P80, Cubitron II, 50 Disc/Box Quantity",,composed,yes,,Stikit Film P80 | Cubitron II | 50 Disc/Box,
3MABR-7100048736,LONG_DESC1,,"3M Stikit Film P80, Cubitron II, 50 Disc/Box Quantity",,composed,yes,,Stikit Film P80 | Cubitron II | 50 Disc/Box,
3MABR-7100048736,RETAIL_DESC,,"Stikit Film P80, Cubitron II, 50 Disc/Box Quantity",,composed,yes,,Stikit Film P80 | Cubitron II | 50 Disc/Box,
3MABR-7100048736,Product Name,product_name,Stikit Film P80,,derived,yes,,Stikit Film P80,"dimensional: abstained (product_name is text, not a physical quantity) ; constraint: abstained (no constraint in generic mentions product_name) ; identity: 1.00 (product_name 'Stikit Film P80' appears verbatim in the source) ; vocabulary: abstained (product_name is text, not a controlled term)"
3MABR-7100048736,ATTRIBUTE_LABEL 1,product_name,Product Name,,derived,yes,,,"dimensional: abstained (product_name is text, not a physical quantity) ; constraint: abstained (no constraint in generic mentions product_name) ; identity: 1.00 (product_name 'Stikit Film P80' appears verbatim in the source) ; vocabulary: abstained (product_name is text, not a controlled term)"
3MABR-7100048736,ATTRIBUTE_VALUE 1,product_name,Stikit Film P80,,extracted,no,,Stikit Film P80,"dimensional: abstained (product_name is text, not a physical quantity) ; constraint: abstained (no constraint in generic mentions product_name) ; identity: 1.00 (product_name 'Stikit Film P80' appears verbatim in the source) ; vocabulary: abstained (product_name is text, not a controlled term)"
3MABR-7100048736,ATTRIBUTE_LABEL 2,brand,Brand,,derived,yes,,,"dimensional: abstained (brand is text, not a physical quantity) ; constraint: abstained (no constraint in generic mentions brand) ; identity: 1.00 (brand '3M' appears verbatim in the source) ; vocabulary: abstained (brand is text, not a controlled term)"
3MABR-7100048736,ATTRIBUTE_VALUE 2,brand,3,,extracted,no,,3M,"dimensional: abstained (brand is text, not a physical quantity) ; constraint: abstained (no constraint in generic mentions brand) ; identity: 1.00 (brand '3M' appears verbatim in the source) ; vocabulary: abstained (brand is text, not a controlled term)"
3MABR-7100048736,ATTRIBUTE_UOM 2,brand,m,,derived,no,,,"dimensional: abstained (brand is text, not a physical quantity) ; constraint: abstained (no constraint in generic mentions brand) ; identity: 1.00 (brand '3M' appears verbatim in the source) ; vocabulary: abstained (brand is text, not a controlled term)"
3MABR-7100048736,ATTRIBUTE_LABEL 3,material,Material,,derived,yes,,,"dimensional: abstained (material is text, not a physical quantity) ; constraint: abstained (no constraint in generic mentions material) ; identity: abstained (material is not an identity claim) ; vocabulary: abstained (material is text, not a controlled term)"
3MABR-7100048736,ATTRIBUTE_VALUE 3,material,Cubitron II,,extracted,no,,Cubitron II,"dimensional: abstained (material is text, not a physical quantity) ; constraint: abstained (no constraint in generic mentions material) ; identity: abstained (material is not an identity claim) ; vocabulary: abstained (material is text, not a controlled term)"
3MABR-7100048736,ATTRIBUTE_LABEL 4,color,Color,,derived,yes,,,
3MABR-7100048736,ATTRIBUTE_LABEL 5,size,Size,,derived,yes,,,
3MABR-7100048736,ATTRIBUTE_LABEL 6,quantity,Quantity,,derived,yes,,,"dimensional: abstained (quantity is text, not a physical quantity) ; constraint: abstained (no constraint in generic mentions quantity) ; identity: abstained (quantity is not an identity claim) ; vocabulary: abstained (quantity is text, not a controlled term)"
3MABR-7100048736,ATTRIBUTE_VALUE 6,quantity,50 Disc/Box,,extracted,no,,50 Disc/Box,"dimensional: abstained (quantity is text, not a physical quantity) ; constraint: abstained (no constraint in generic mentions quantity) ; identity: abstained (quantity is not an identity claim) ; vocabulary: abstained (quantity is text, not a controlled term)"
3MABR-7100048736,UNSPSC,,31191500,,routed,yes,,Stikit | Disc | Cubitron | P80,
3MABR-7100075690,Dept,,Tools & Equipment,,routed,yes,,Stikit | Disc | Cubitron | P180,
3MABR-7100075690,Class,,Power Tool Accessories,,routed,yes,,Stikit | Disc | Cubitron | P180,
3MABR-7100075690,Fine,,"Sanding Belts, Discs & Sheets",,routed,yes,,Stikit | Disc | Cubitron | P180,
3MABR-7100075690,Mfg_Part_Num,,3MABR-7100075690,,passthrough,yes,,,
3MABR-7100075690,Part_Desc,,3M 775L Stikit Film P180 - Cubitron II 50 Disc/Box,,passthrough,yes,,,
3MABR-7100075690,E1_Brand,,-- Unbranded --,,passthrough,yes,,,
3MABR-7100075690,Unilog_Brand,,-- No Unilog Brand --,,passthrough,yes,,,
3MABR-7100075690,DIB_Brand,,-- No DIB Brand --,,passthrough,yes,,,
3MABR-7100075690,Part_Manuf,,Jam Industrial Supply LLC (JAMIN),,passthrough,yes,,,
3MABR-7100075690,MANUFACTURER_NAME,,Jam Industrial Supply LLC,,passthrough,yes,,,
3MABR-7100075690,BRAND_NAME,,3M,,passthrough,yes,,,
3MABR-7100075690,MANUFACTURER_PART_NUMBER,,3MABR-7100075690,,passthrough,yes,,,
3MABR-7100075690,Classpath,,Tools & Equipment>Power Tool Accessories>Coated Abrasives,,routed,yes,,Stikit | Disc | Cubitron | P180,
3MABR-7100075690,MOBILE_DESC,,"Jam Industrial Supply LLC 3M, Stikit Film P180, 3MABR-7100075690",,composed,yes,,Stikit Film P180,
3MABR-7100075690,INVOICE_DESC,,STIKIT FILM P180,,composed,yes,,Stikit Film P180,
3MABR-7100075690,SHORT_DESC,,"3M 3MABR-7100075690 Stikit Film P180, Cubitron II, 50 Disc/Box Quantity",,composed,yes,,Stikit Film P180 | Cubitron II | 50 Disc/Box,
3MABR-7100075690,LONG_DESC1,,"3M Stikit Film P180, Cubitron II, 50 Disc/Box Quantity",,composed,yes,,Stikit Film P180 | Cubitron II | 50 Disc/Box,
3MABR-7100075690,RETAIL_DESC,,"Stikit Film P180, Cubitron II, 50 Disc/Box Quantity",,composed,yes,,Stikit Film P180 | Cubitron II | 50 Disc/Box,
3MABR-7100075690,Product Name,product_name,Stikit Film P180,,derived,yes,,Stikit Film P180,"dimensional: abstained (product_name is text, not a physical quantity) ; constraint: abstained (no constraint in generic mentions product_name) ; identity: 1.00 (product_name 'Stikit Film P180' appears verbatim in the source) ; vocabulary: abstained (product_name is text, not a controlled term)"
3MABR-7100075690,ATTRIBUTE_LABEL 1,product_name,Product Name,,derived,yes,,,"dimensional: abstained (product_name is text, not a physical quantity) ; constraint: abstained (no constraint in generic mentions product_name) ; identity: 1.00 (product_name 'Stikit Film P180' appears verbatim in the source) ; vocabulary: abstained (product_name is text, not a controlled term)"
3MABR-7100075690,ATTRIBUTE_VALUE 1,product_name,Stikit Film P180,,extracted,no,,Stikit Film P180,"dimensional: abstained (product_name is text, not a physical quantity) ; constraint: abstained (no constraint in generic mentions product_name) ; identity: 1.00 (product_name 'Stikit Film P180' appears verbatim in the source) ; vocabulary: abstained (product_name is text, not a controlled term)"
3MABR-7100075690,ATTRIBUTE_LABEL 2,brand,Brand,,derived,yes,,,"dimensional: abstained (brand is text, not a physical quantity) ; constraint: abstained (no constraint in generic mentions brand) ; identity: 1.00 (brand '3M' appears verbatim in the source) ; vocabulary: abstained (brand is text, not a controlled term)"
3MABR-7100075690,ATTRIBUTE_VALUE 2,brand,3,,extracted,no,,3M,"dimensional: abstained (brand is text, not a physical quantity) ; constraint: abstained (no constraint in generic mentions brand) ; identity: 1.00 (brand '3M' appears verbatim in the source) ; vocabulary: abstained (brand is text, not a controlled term)"
3MABR-7100075690,ATTRIBUTE_UOM 2,brand,m,,derived,no,,,"dimensional: abstained (brand is text, not a physical quantity) ; constraint: abstained (no constraint in generic mentions brand) ; identity: 1.00 (brand '3M' appears verbatim in the source) ; vocabulary: abstained (brand is text, not a controlled term)"
3MABR-7100075690,ATTRIBUTE_LABEL 3,material,Material,,derived,yes,,,"dimensional: abstained (material is text, not a physical quantity) ; constraint: abstained (no constraint in generic mentions material) ; identity: abstained (material is not an identity claim) ; vocabulary: abstained (material is text, not a controlled term)"
3MABR-7100075690,ATTRIBUTE_VALUE 3,material,Cubitron II,,extracted,no,,Cubitron II,"dimensional: abstained (material is text, not a physical quantity) ; constraint: abstained (no constraint in generic mentions material) ; identity: abstained (material is not an identity claim) ; vocabulary: abstained (material is text, not a controlled term)"
3MABR-7100075690,ATTRIBUTE_LABEL 4,color,Color,,derived,yes,,,
3MABR-7100075690,ATTRIBUTE_LABEL 5,size,Size,,derived,yes,,,
3MABR-7100075690,ATTRIBUTE_LABEL 6,quantity,Quantity,,derived,yes,,,"dimensional: abstained (quantity is text, not a physical quantity) ; constraint: abstained (no constraint in generic mentions quantity) ; identity: abstained (quantity is not an identity claim) ; vocabulary: abstained (quantity is text, not a controlled term)"
3MABR-7100075690,ATTRIBUTE_VALUE 6,quantity,50 Disc/Box,,extracted,no,,50 Disc/Box,"dimensional: abstained (quantity is text, not a physical quantity) ; constraint: abstained (no constraint in generic mentions quantity) ; identity: abstained (quantity is not an identity claim) ; vocabulary: abstained (quantity is text, not a controlled term)"
3MABR-7100075690,UNSPSC,,31191500,,routed,yes,,Stikit | Disc | Cubitron | P180,
3MABR-7100075692,Dept,,Tools & Equipment,,routed,yes,,Stikit | Disc | Cubitron | P220,
3MABR-7100075692,Class,,Power Tool Accessories,,routed,yes,,Stikit | Disc | Cubitron | P220,
3MABR-7100075692,Fine,,"Sanding Belts, Discs & Sheets",,routed,yes,,Stikit | Disc | Cubitron | P220,
3MABR-7100075692,Mfg_Part_Num,,3MABR-7100075692,,passthrough,yes,,,
3MABR-7100075692,Part_Desc,,3M 775L Stikit Film P220 - Cubitron II 50 Disc/Box,,passthrough,yes,,,
3MABR-7100075692,E1_Brand,,-- Unbranded --,,passthrough,yes,,,
3MABR-7100075692,Unilog_Brand,,-- No Unilog Brand --,,passthrough,yes,,,
3MABR-7100075692,DIB_Brand,,-- No DIB Brand --,,passthrough,yes,,,
3MABR-7100075692,Part_Manuf,,Jam Industrial Supply LLC (JAMIN),,passthrough,yes,,,
3MABR-7100075692,MANUFACTURER_NAME,,Jam Industrial Supply LLC,,passthrough,yes,,,
3MABR-7100075692,BRAND_NAME,,3M,,passthrough,yes,,,
3MABR-7100075692,MANUFACTURER_PART_NUMBER,,3MABR-7100075692,,passthrough,yes,,,
3MABR-7100075692,Classpath,,Tools & Equipment>Power Tool Accessories>Coated Abrasives,,routed,yes,,Stikit | Disc | Cubitron | P220,
3MABR-7100075692,MOBILE_DESC,,"Jam Industrial Supply LLC 3M, Stikit Film P220, 3MABR-7100075692",,composed,yes,,Stikit Film P220,
3MABR-7100075692,INVOICE_DESC,,STIKIT FILM P220,,composed,yes,,Stikit Film P220,
3MABR-7100075692,SHORT_DESC,,"3M 3MABR-7100075692 Stikit Film P220, 50 Disc/Box Quantity",,composed,yes,,Stikit Film P220 | 50 Disc/Box,
3MABR-7100075692,LONG_DESC1,,"3M Stikit Film P220, 50 Disc/Box Quantity",,composed,yes,,Stikit Film P220 | 50 Disc/Box,
3MABR-7100075692,RETAIL_DESC,,"Stikit Film P220, 50 Disc/Box Quantity",,composed,yes,,Stikit Film P220 | 50 Disc/Box,
3MABR-7100075692,Product Name,product_name,Stikit Film P220,,derived,yes,,Stikit Film P220,"dimensional: abstained (product_name is text, not a physical quantity) ; constraint: abstained (no constraint in generic mentions product_name) ; identity: 1.00 (product_name 'Stikit Film P220' appears verbatim in the source) ; vocabulary: abstained (product_name is text, not a controlled term)"
3MABR-7100075692,ATTRIBUTE_LABEL 1,product_name,Product Name,,derived,yes,,,"dimensional: abstained (product_name is text, not a physical quantity) ; constraint: abstained (no constraint in generic mentions product_name) ; identity: 1.00 (product_name 'Stikit Film P220' appears verbatim in the source) ; vocabulary: abstained (product_name is text, not a controlled term)"
3MABR-7100075692,ATTRIBUTE_VALUE 1,product_name,Stikit Film P220,,extracted,no,,Stikit Film P220,"dimensional: abstained (product_name is text, not a physical quantity) ; constraint: abstained (no constraint in generic mentions product_name) ; identity: 1.00 (product_name 'Stikit Film P220' appears verbatim in the source) ; vocabulary: abstained (product_name is text, not a controlled term)"
3MABR-7100075692,ATTRIBUTE_LABEL 2,brand,Brand,,derived,yes,,,"dimensional: abstained (brand is text, not a physical quantity) ; constraint: abstained (no constraint in generic mentions brand) ; identity: 1.00 (brand '3M' appears verbatim in the source) ; vocabulary: abstained (brand is text, not a controlled term)"
3MABR-7100075692,ATTRIBUTE_VALUE 2,brand,3,,extracted,no,,3M,"dimensional: abstained (brand is text, not a physical quantity) ; constraint: abstained (no constraint in generic mentions brand) ; identity: 1.00 (brand '3M' appears verbatim in the source) ; vocabulary: abstained (brand is text, not a controlled term)"
3MABR-7100075692,ATTRIBUTE_UOM 2,brand,m,,derived,no,,,"dimensional: abstained (brand is text, not a physical quantity) ; constraint: abstained (no constraint in generic mentions brand) ; identity: 1.00 (brand '3M' appears verbatim in the source) ; vocabulary: abstained (brand is text, not a controlled term)"
3MABR-7100075692,ATTRIBUTE_LABEL 3,material,Material,,derived,yes,,,
3MABR-7100075692,ATTRIBUTE_LABEL 4,color,Color,,derived,yes,,,
3MABR-7100075692,ATTRIBUTE_LABEL 5,size,Size,,derived,yes,,,
3MABR-7100075692,ATTRIBUTE_LABEL 6,quantity,Quantity,,derived,yes,,,"dimensional: abstained (quantity is text, not a physical quantity) ; constraint: abstained (no constraint in generic mentions quantity) ; identity: abstained (quantity is not an identity claim) ; vocabulary: abstained (quantity is text, not a controlled term)"
3MABR-7100075692,ATTRIBUTE_VALUE 6,quantity,50 Disc/Box,,extracted,no,,50 Disc/Box,"dimensional: abstained (quantity is text, not a physical quantity) ; constraint: abstained (no constraint in generic mentions quantity) ; identity: abstained (quantity is not an identity claim) ; vocabulary: abstained (quantity is text, not a controlled term)"
3MABR-7100075692,UNSPSC,,31191500,,routed,yes,,Stikit | Disc | Cubitron | P220,
3MABR-7100145365,Dept,,Tools & Equipment,,routed,yes,,Stikit | Disc | Cubitron | P320,
3MABR-7100145365,Class,,Power Tool Accessories,,routed,yes,,Stikit | Disc | Cubitron | P320,
3MABR-7100145365,Fine,,"Sanding Belts, Discs & Sheets",,routed,yes,,Stikit | Disc | Cubitron | P320,
3MABR-7100145365,Mfg_Part_Num,,3MABR-7100145365,,passthrough,yes,,,
3MABR-7100145365,Part_Desc,,3M 775L Stikit Film P320 - Cubitron II 50 Disc/Box,,passthrough,yes,,,
3MABR-7100145365,E1_Brand,,-- Unbranded --,,passthrough,yes,,,
3MABR-7100145365,Unilog_Brand,,-- No Unilog Brand --,,passthrough,yes,,,
3MABR-7100145365,DIB_Brand,,-- No DIB Brand --,,passthrough,yes,,,
3MABR-7100145365,Part_Manuf,,Jam Industrial Supply LLC (JAMIN),,passthrough,yes,,,
3MABR-7100145365,MANUFACTURER_NAME,,Jam Industrial Supply LLC,,passthrough,yes,,,
3MABR-7100145365,BRAND_NAME,,3M,,passthrough,yes,,,
3MABR-7100145365,MANUFACTURER_PART_NUMBER,,3MABR-7100145365,,passthrough,yes,,,
3MABR-7100145365,Classpath,,Tools & Equipment>Power Tool Accessories>Coated Abrasives,,routed,yes,,Stikit | Disc | Cubitron | P320,
3MABR-7100145365,MOBILE_DESC,,"Jam Industrial Supply LLC 3M, Stikit Film P320, 3MABR-7100145365",,composed,yes,,Stikit Film P320,
3MABR-7100145365,INVOICE_DESC,,STIKIT FILM P320,,composed,yes,,Stikit Film P320,
3MABR-7100145365,SHORT_DESC,,"3M 3MABR-7100145365 Stikit Film P320, Cubitron II, 50 Disc/Box Quantity",,composed,yes,,Stikit Film P320 | Cubitron II | 50 Disc/Box,
3MABR-7100145365,LONG_DESC1,,"3M Stikit Film P320, Cubitron II, 50 Disc/Box Quantity",,composed,yes,,Stikit Film P320 | Cubitron II | 50 Disc/Box,
3MABR-7100145365,RETAIL_DESC,,"Stikit Film P320, Cubitron II, 50 Disc/Box Quantity",,composed,yes,,Stikit Film P320 | Cubitron II | 50 Disc/Box,
3MABR-7100145365,Product Name,product_name,Stikit Film P320,,derived,yes,,Stikit Film P320,"dimensional: abstained (product_name is text, not a physical quantity) ; constraint: abstained (no constraint in generic mentions product_name) ; identity: 1.00 (product_name 'Stikit Film P320' appears verbatim in the source) ; vocabulary: abstained (product_name is text, not a controlled term)"
3MABR-7100145365,ATTRIBUTE_LABEL 1,product_name,Product Name,,derived,yes,,,"dimensional: abstained (product_name is text, not a physical quantity) ; constraint: abstained (no constraint in generic mentions product_name) ; identity: 1.00 (product_name 'Stikit Film P320' appears verbatim in the source) ; vocabulary: abstained (product_name is text, not a controlled term)"
3MABR-7100145365,ATTRIBUTE_VALUE 1,product_name,Stikit Film P320,,extracted,no,,Stikit Film P320,"dimensional: abstained (product_name is text, not a physical quantity) ; constraint: abstained (no constraint in generic mentions product_name) ; identity: 1.00 (product_name 'Stikit Film P320' appears verbatim in the source) ; vocabulary: abstained (product_name is text, not a controlled term)"
3MABR-7100145365,ATTRIBUTE_LABEL 2,brand,Brand,,derived,yes,,,"dimensional: abstained (brand is text, not a physical quantity) ; constraint: abstained (no constraint in generic mentions brand) ; identity: 1.00 (brand '3M' appears verbatim in the source) ; vocabulary: abstained (brand is text, not a controlled term)"
3MABR-7100145365,ATTRIBUTE_VALUE 2,brand,3,,extracted,no,,3M,"dimensional: abstained (brand is text, not a physical quantity) ; constraint: abstained (no constraint in generic mentions brand) ; identity: 1.00 (brand '3M' appears verbatim in the source) ; vocabulary: abstained (brand is text, not a controlled term)"
3MABR-7100145365,ATTRIBUTE_UOM 2,brand,m,,derived,no,,,"dimensional: abstained (brand is text, not a physical quantity) ; constraint: abstained (no constraint in generic mentions brand) ; identity: 1.00 (brand '3M' appears verbatim in the source) ; vocabulary: abstained (brand is text, not a controlled term)"
3MABR-7100145365,ATTRIBUTE_LABEL 3,material,Material,,derived,yes,,,"dimensional: abstained (material is text, not a physical quantity) ; constraint: abstained (no constraint in generic mentions material) ; identity: abstained (material is not an identity claim) ; vocabulary: abstained (material is text, not a controlled term)"
3MABR-7100145365,ATTRIBUTE_VALUE 3,material,Cubitron II,,extracted,no,,Cubitron II,"dimensional: abstained (material is text, not a physical quantity) ; constraint: abstained (no constraint in generic mentions material) ; identity: abstained (material is not an identity claim) ; vocabulary: abstained (material is text, not a controlled term)"
3MABR-7100145365,ATTRIBUTE_LABEL 4,color,Color,,derived,yes,,,
3MABR-7100145365,ATTRIBUTE_LABEL 5,size,Size,,derived,yes,,,
3MABR-7100145365,ATTRIBUTE_LABEL 6,quantity,Quantity,,derived,yes,,,"dimensional: abstained (quantity is text, not a physical quantity) ; constraint: abstained (no constraint in generic mentions quantity) ; identity: abstained (quantity is not an identity claim) ; vocabulary: abstained (quantity is text, not a controlled term)"
3MABR-7100145365,ATTRIBUTE_VALUE 6,quantity,50 Disc/Box,,extracted,no,,50 Disc/Box,"dimensional: abstained (quantity is text, not a physical quantity) ; constraint: abstained (no constraint in generic mentions quantity) ; identity: abstained (quantity is not an identity claim) ; vocabulary: abstained (quantity is text, not a controlled term)"
3MABR-7100145365,UNSPSC,,31191500,,routed,yes,,Stikit | Disc | Cubitron | P320,
5B-332-080,Dept,,Tools & Equipment,,routed,yes,,Mirka | P80,
5B-332-080,Class,,Power Tool Accessories,,routed,yes,,Mirka | P80,
5B-332-080,Fine,,"Sanding Belts, Discs & Sheets",,routed,yes,,Mirka | P80,
5B-332-080,Mfg_Part_Num,,5B-332-080,,passthrough,yes,,,
5B-332-080,Part_Desc,,"5B-332-080 HIOLIT 5"" P80",,passthrough,yes,,,
5B-332-080,E1_Brand,,-- Unbranded --,,passthrough,yes,,,
5B-332-080,Unilog_Brand,,-- No Unilog Brand --,,passthrough,yes,,,
5B-332-080,DIB_Brand,,-- No DIB Brand --,,passthrough,yes,,,
5B-332-080,Part_Manuf,,Mirka Abrasives Inc (MIRUS),,passthrough,yes,,,
5B-332-080,MANUFACTURER_NAME,,Mirka Abrasives Inc,,passthrough,yes,,,
5B-332-080,BRAND_NAME,,HIOLIT,,passthrough,yes,,,
5B-332-080,MANUFACTURER_PART_NUMBER,,5B-332-080,,passthrough,yes,,,
5B-332-080,Classpath,,Tools & Equipment>Power Tool Accessories>Coated Abrasives,,routed,yes,,Mirka | P80,
5B-332-080,MOBILE_DESC,,"Mirka Abrasives Inc HIOLIT, HIOLIT, 5B-332-080, 5"" P80",,composed,yes,,"HIOLIT | 5"" P80",
5B-332-080,INVOICE_DESC,,"HIOLIT 5"" P80",,composed,yes,,"HIOLIT | 5"" P80",
5B-332-080,SHORT_DESC,,"HIOLIT 5B-332-080 HIOLIT, 5"" P80",,composed,yes,,"HIOLIT | 5"" P80",
5B-332-080,LONG_DESC1,,"HIOLIT HIOLIT, 5"" P80",,composed,yes,,"HIOLIT | 5"" P80",
5B-332-080,RETAIL_DESC,,"HIOLIT, 5"" P80",,composed,yes,,"HIOLIT | 5"" P80",
5B-332-080,Product Name,product_name,HIOLIT,,derived,yes,,HIOLIT,"dimensional: abstained (product_name is text, not a physical quantity) ; constraint: abstained (no constraint in generic mentions product_name) ; identity: 1.00 (product_name 'HIOLIT' appears verbatim in the source) ; vocabulary: abstained (product_name is text, not a controlled term)"
5B-332-080,ATTRIBUTE_LABEL 1,product_name,Product Name,,derived,yes,,,"dimensional: abstained (product_name is text, not a physical quantity) ; constraint: abstained (no constraint in generic mentions product_name) ; identity: 1.00 (product_name 'HIOLIT' appears verbatim in the source) ; vocabulary: abstained (product_name is text, not a controlled term)"
5B-332-080,ATTRIBUTE_VALUE 1,product_name,HIOLIT,,extracted,no,,HIOLIT,"dimensional: abstained (product_name is text, not a physical quantity) ; constraint: abstained (no constraint in generic mentions product_name) ; identity: 1.00 (product_name 'HIOLIT' appears verbatim in the source) ; vocabulary: abstained (product_name is text, not a controlled term)"
5B-332-080,ATTRIBUTE_LABEL 2,brand,Brand,,derived,yes,,,"dimensional: abstained (brand is text, not a physical quantity) ; constraint: abstained (no constraint in generic mentions brand) ; identity: 1.00 (brand 'HIOLIT' appears verbatim in the source) ; vocabulary: abstained (brand is text, not a controlled term)"
5B-332-080,ATTRIBUTE_VALUE 2,brand,HIOLIT,,extracted,no,,HIOLIT,"dimensional: abstained (brand is text, not a physical quantity) ; constraint: abstained (no constraint in generic mentions brand) ; identity: 1.00 (brand 'HIOLIT' appears verbatim in the source) ; vocabulary: abstained (brand is text, not a controlled term)"
5B-332-080,ATTRIBUTE_LABEL 3,material,Material,,derived,yes,,,
5B-332-080,ATTRIBUTE_LABEL 4,color,Color,,derived,yes,,,
5B-332-080,ATTRIBUTE_LABEL 5,size,Size,,derived,yes,,,"dimensional: abstained (size is text, not a physical quantity) ; constraint: abstained (no constraint in generic mentions size) ; identity: abstained (size is not an identity claim) ; vocabulary: abstained (size is text, not a controlled term)"
5B-332-080,ATTRIBUTE_VALUE 5,size,"5"" P80",,extracted,no,,"5"" P80","dimensional: abstained (size is text, not a physical quantity) ; constraint: abstained (no constraint in generic mentions size) ; identity: abstained (size is not an identity claim) ; vocabulary: abstained (size is text, not a controlled term)"
5B-332-080,ATTRIBUTE_LABEL 6,quantity,Quantity,,derived,yes,,,
5B-332-080,UNSPSC,,31191500,,routed,yes,,Mirka | P80,
5B-332-120,Dept,,Tools & Equipment,,routed,yes,,Mirka | P120,
5B-332-120,Class,,Power Tool Accessories,,routed,yes,,Mirka | P120,
5B-332-120,Fine,,"Sanding Belts, Discs & Sheets",,routed,yes,,Mirka | P120,
5B-332-120,Mfg_Part_Num,,5B-332-120,,passthrough,yes,,,
5B-332-120,Part_Desc,,"5B-332-120 HIOLIT 5"" P120",,passthrough,yes,,,
5B-332-120,E1_Brand,,-- Unbranded --,,passthrough,yes,,,
5B-332-120,Unilog_Brand,,-- No Unilog Brand --,,passthrough,yes,,,
5B-332-120,DIB_Brand,,-- No DIB Brand --,,passthrough,yes,,,
5B-332-120,Part_Manuf,,Mirka Abrasives Inc (MIRUS),,passthrough,yes,,,
5B-332-120,MANUFACTURER_NAME,,Mirka Abrasives Inc,,passthrough,yes,,,
5B-332-120,BRAND_NAME,,HIOLIT,,passthrough,yes,,,
5B-332-120,MANUFACTURER_PART_NUMBER,,5B-332-120,,passthrough,yes,,,
5B-332-120,Classpath,,Tools & Equipment>Power Tool Accessories>Coated Abrasives,,routed,yes,,Mirka | P120,
5B-332-120,MOBILE_DESC,,"Mirka Abrasives Inc HIOLIT, 5B-332-120 HIOLIT 5"" P120, 5B-332-120",,composed,yes,,"5B-332-120 HIOLIT 5"" P120",
5B-332-120,INVOICE_DESC,,"5B-332-120 HIOLIT 5"" P120",,composed,yes,,"5B-332-120 HIOLIT 5"" P120",
5B-332-120,SHORT_DESC,,"HIOLIT 5B-332-120 5B-332-120 HIOLIT 5"" P120",,composed,yes,,"5B-332-120 HIOLIT 5"" P120",
5B-332-120,LONG_DESC1,,"HIOLIT 5B-332-120 HIOLIT 5"" P120",,composed,yes,,"5B-332-120 HIOLIT 5"" P120",
5B-332-120,RETAIL_DESC,,"5B-332-120 HIOLIT 5"" P120",,composed,yes,,"5B-332-120 HIOLIT 5"" P120",
5B-332-120,Product Name,product_name,"5B-332-120 HIOLIT 5"" P120",,derived,yes,,"5B-332-120 HIOLIT 5"" P120","dimensional: abstained (product_name is text, not a physical quantity) ; constraint: abstained (no constraint in generic mentions product_name) ; identity: 1.00 (product_name '5B-332-120 HIOLIT 5"" P120' appears verbatim in the source) ; vocabulary: abstained (product_name is text, not a controlled term)"
5B-332-120,ATTRIBUTE_LABEL 1,product_name,Product Name,,derived,yes,,,"dimensional: abstained (product_name is text, not a physical quantity) ; constraint: abstained (no constraint in generic mentions product_name) ; identity: 1.00 (product_name '5B-332-120 HIOLIT 5"" P120' appears verbatim in the source) ; vocabulary: abstained (product_name is text, not a controlled term)"
5B-332-120,ATTRIBUTE_VALUE 1,product_name,"5B-332-120 HIOLIT 5"" P120",,extracted,no,,"5B-332-120 HIOLIT 5"" P120","dimensional: abstained (product_name is text, not a physical quantity) ; constraint: abstained (no constraint in generic mentions product_name) ; identity: 1.00 (product_name '5B-332-120 HIOLIT 5"" P120' appears verbatim in the source) ; vocabulary: abstained (product_name is text, not a controlled term)"
5B-332-120,ATTRIBUTE_LABEL 2,brand,Brand,,derived,yes,,,"dimensional: abstained (brand is text, not a physical quantity) ; constraint: abstained (no constraint in generic mentions brand) ; identity: 1.00 (brand 'HIOLIT' appears verbatim in the source) ; vocabulary: abstained (brand is text, not a controlled term)"
5B-332-120,ATTRIBUTE_VALUE 2,brand,HIOLIT,,extracted,no,,HIOLIT,"dimensional: abstained (brand is text, not a physical quantity) ; constraint: abstained (no constraint in generic mentions brand) ; identity: 1.00 (brand 'HIOLIT' appears verbatim in the source) ; vocabulary: abstained (brand is text, not a controlled term)"
5B-332-120,ATTRIBUTE_LABEL 3,material,Material,,derived,yes,,,
5B-332-120,ATTRIBUTE_LABEL 4,color,Color,,derived,yes,,,
5B-332-120,ATTRIBUTE_LABEL 5,size,Size,,derived,yes,,,
5B-332-120,ATTRIBUTE_LABEL 6,quantity,Quantity,,derived,yes,,,
5B-332-120,UNSPSC,,31191500,,routed,yes,,Mirka | P120,
9A-570-240,Dept,,Tools & Equipment,,routed,yes,,Abranet | Mirka,
9A-570-240,Class,,Power Tool Accessories,,routed,yes,,Abranet | Mirka,
9A-570-240,Fine,,"Sanding Belts, Discs & Sheets",,routed,yes,,Abranet | Mirka,
9A-570-240,Mfg_Part_Num,,9A-570-240,,passthrough,yes,,,
9A-570-240,Part_Desc,,9A-570-240 Abranet 2.75x30,,passthrough,yes,,,
9A-570-240,E1_Brand,,-- Unbranded --,,passthrough,yes,,,
9A-570-240,Unilog_Brand,,-- No Unilog Brand --,,passthrough,yes,,,
9A-570-240,DIB_Brand,,-- No DIB Brand --,,passthrough,yes,,,
9A-570-240,Part_Manuf,,Mirka Abrasives Inc (MIRUS),,passthrough,yes,,,
9A-570-240,MANUFACTURER_NAME,,Mirka Abrasives Inc,,passthrough,yes,,,
9A-570-240,MANUFACTURER_PART_NUMBER,,9A-570-240,,passthrough,yes,,,
9A-570-240,Classpath,,Tools & Equipment>Power Tool Accessories>Coated Abrasives,,routed,yes,,Abranet | Mirka,
9A-570-240,MOBILE_DESC,,"Mirka Abrasives Inc, Abranet, 9A-570-240, 2.75x30",,composed,yes,,Abranet | 2.75x30,
9A-570-240,INVOICE_DESC,,ABRANET 2.75X30,,composed,yes,,Abranet | 2.75x30,
9A-570-240,SHORT_DESC,,"9A-570-240 Abranet, 2.75x30",,composed,yes,,Abranet | 2.75x30,
9A-570-240,LONG_DESC1,,"Abranet, 2.75x30",,composed,yes,,Abranet | 2.75x30,
9A-570-240,RETAIL_DESC,,"Abranet, 2.75x30",,composed,yes,,Abranet | 2.75x30,
9A-570-240,Product Name,product_name,Abranet,,derived,yes,,Abranet,"dimensional: abstained (product_name is text, not a physical quantity) ; constraint: abstained (no constraint in generic mentions product_name) ; identity: 1.00 (product_name 'Abranet' appears verbatim in the source) ; vocabulary: abstained (product_name is text, not a controlled term)"
9A-570-240,ATTRIBUTE_LABEL 1,product_name,Product Name,,derived,yes,,,"dimensional: abstained (product_name is text, not a physical quantity) ; constraint: abstained (no constraint in generic mentions product_name) ; identity: 1.00 (product_name 'Abranet' appears verbatim in the source) ; vocabulary: abstained (product_name is text, not a controlled term)"
9A-570-240,ATTRIBUTE_VALUE 1,product_name,Abranet,,extracted,no,,Abranet,"dimensional: abstained (product_name is text, not a physical quantity) ; constraint: abstained (no constraint in generic mentions product_name) ; identity: 1.00 (product_name 'Abranet' appears verbatim in the source) ; vocabulary: abstained (product_name is text, not a controlled term)"
9A-570-240,ATTRIBUTE_LABEL 2,brand,Brand,,derived,yes,,,
9A-570-240,ATTRIBUTE_LABEL 3,material,Material,,derived,yes,,,
9A-570-240,ATTRIBUTE_LABEL 4,color,Color,,derived,yes,,,
9A-570-240,ATTRIBUTE_LABEL 5,size,Size,,derived,yes,,,"dimensional: abstained (size is text, not a physical quantity) ; constraint: abstained (no constraint in generic mentions size) ; identity: abstained (size is not an identity claim) ; vocabulary: abstained (size is text, not a controlled term)"
9A-570-240,ATTRIBUTE_VALUE 5,size,2.75x30,,extracted,no,,2.75x30,"dimensional: abstained (size is text, not a physical quantity) ; constraint: abstained (no constraint in generic mentions size) ; identity: abstained (size is not an identity claim) ; vocabulary: abstained (size is text, not a controlled term)"
9A-570-240,ATTRIBUTE_LABEL 6,quantity,Quantity,,derived,yes,,,
9A-570-240,UNSPSC,,31191500,,routed,yes,,Abranet | Mirka,
9A-570-320,Dept,,Tools & Equipment,,routed,yes,,Abranet | Mirka,
9A-570-320,Class,,Power Tool Accessories,,routed,yes,,Abranet | Mirka,
9A-570-320,Fine,,"Sanding Belts, Discs & Sheets",,routed,yes,,Abranet | Mirka,
9A-570-320,Mfg_Part_Num,,9A-570-320,,passthrough,yes,,,
9A-570-320,Part_Desc,,9A-570-320 Abranet 2.75x30,,passthrough,yes,,,
9A-570-320,E1_Brand,,-- Unbranded --,,passthrough,yes,,,
9A-570-320,Unilog_Brand,,-- No Unilog Brand --,,passthrough,yes,,,
9A-570-320,DIB_Brand,,-- No DIB Brand --,,passthrough,yes,,,
9A-570-320,Part_Manuf,,Mirka Abrasives Inc (MIRUS),,passthrough,yes,,,
9A-570-320,MANUFACTURER_NAME,,Mirka Abrasives Inc,,passthrough,yes,,,
9A-570-320,MANUFACTURER_PART_NUMBER,,9A-570-320,,passthrough,yes,,,
9A-570-320,Classpath,,Tools & Equipment>Power Tool Accessories>Coated Abrasives,,routed,yes,,Abranet | Mirka,
9A-570-320,MOBILE_DESC,,"Mirka Abrasives Inc, Abranet, 9A-570-320, 2.75x30",,composed,yes,,Abranet | 2.75x30,
9A-570-320,INVOICE_DESC,,ABRANET 2.75X30,,composed,yes,,Abranet | 2.75x30,
9A-570-320,SHORT_DESC,,"9A-570-320 Abranet, 2.75x30",,composed,yes,,Abranet | 2.75x30,
9A-570-320,LONG_DESC1,,"Abranet, 2.75x30",,composed,yes,,Abranet | 2.75x30,
9A-570-320,RETAIL_DESC,,"Abranet, 2.75x30",,composed,yes,,Abranet | 2.75x30,
9A-570-320,Product Name,product_name,Abranet,,derived,yes,,Abranet,"dimensional: abstained (product_name is text, not a physical quantity) ; constraint: abstained (no constraint in generic mentions product_name) ; identity: 1.00 (product_name 'Abranet' appears verbatim in the source) ; vocabulary: abstained (product_name is text, not a controlled term)"
9A-570-320,ATTRIBUTE_LABEL 1,product_name,Product Name,,derived,yes,,,"dimensional: abstained (product_name is text, not a physical quantity) ; constraint: abstained (no constraint in generic mentions product_name) ; identity: 1.00 (product_name 'Abranet' appears verbatim in the source) ; vocabulary: abstained (product_name is text, not a controlled term)"
9A-570-320,ATTRIBUTE_VALUE 1,product_name,Abranet,,extracted,no,,Abranet,"dimensional: abstained (product_name is text, not a physical quantity) ; constraint: abstained (no constraint in generic mentions product_name) ; identity: 1.00 (product_name 'Abranet' appears verbatim in the source) ; vocabulary: abstained (product_name is text, not a controlled term)"
9A-570-320,ATTRIBUTE_LABEL 2,brand,Brand,,derived,yes,,,
9A-570-320,ATTRIBUTE_LABEL 3,material,Material,,derived,yes,,,"dimensional: abstained (material is text, not a physical quantity) ; constraint: abstained (no constraint in generic mentions material) ; identity: abstained (material is not an identity claim) ; vocabulary: abstained (material is text, not a controlled term)"
9A-570-320,ATTRIBUTE_VALUE 3,material,2.75x30,,extracted,no,,2.75x30,"dimensional: abstained (material is text, not a physical quantity) ; constraint: abstained (no constraint in generic mentions material) ; identity: abstained (material is not an identity claim) ; vocabulary: abstained (material is text, not a controlled term)"
9A-570-320,ATTRIBUTE_LABEL 4,color,Color,,derived,yes,,,
9A-570-320,ATTRIBUTE_LABEL 5,size,Size,,derived,yes,,,
9A-570-320,ATTRIBUTE_LABEL 6,quantity,Quantity,,derived,yes,,,
9A-570-320,UNSPSC,,31191500,,routed,yes,,Abranet | Mirka,
DBD090094101F,Dept,,Tools & Equipment,,routed,yes,,Cut-Off | Cut | Off | Disc | Metal | Diablo,
DBD090094101F,Class,,Power Tool Accessories,,routed,yes,,Cut-Off | Cut | Off | Disc | Metal | Diablo,
DBD090094101F,Fine,,Cut-Off & Grinding Wheels,,routed,yes,,Cut-Off | Cut | Off | Disc | Metal | Diablo,
DBD090094101F,Mfg_Part_Num,,DBD090094101F,,passthrough,yes,,,
DBD090094101F,Part_Desc,,"DBD090094101F Diablo 9"" - Metal Cut-Off Disc",,passthrough,yes,,,
DBD090094101F,E1_Brand,,-- Unbranded --,,passthrough,yes,,,
DBD090094101F,Unilog_Brand,,-- No Unilog Brand --,,passthrough,yes,,,
DBD090094101F,DIB_Brand,,-- No DIB Brand --,,passthrough,yes,,,
DBD090094101F,Part_Manuf,,Freud Inc (2435),,passthrough,yes,,,
DBD090094101F,MANUFACTURER_NAME,,Freud Inc,,passthrough,yes,,,
DBD090094101F,MANUFACTURER_PART_NUMBER,,DBD090094101F,,passthrough,yes,,,
DBD090094101F,Classpath,,Tools & Equipment>Power Tool Accessories>Abrasive Wheels,,routed,yes,,Cut-Off | Cut | Off | Disc | Metal | Diablo,
DBD090094101F,MOBILE_DESC,,"Freud Inc, Cut-Off Wheel, DBD090094101F, 9 in Diameter, metal Application",,composed,yes,,9 | Metal,
DBD090094101F,INVOICE_DESC,,CUT-OFF WHEEL 9IN METAL CUT-OFF 1,,composed,yes,,9 | Metal | Cut-Off | 1,
DBD090094101F,SHORT_DESC,,"DBD090094101F Cut-Off Wheel, 9 in Diameter, metal Application, Cut-Off Wheel Type, 1 Quantity",,composed,yes,,9 | Metal | Cut-Off | 1,
DBD090094101F,LONG_DESC1,,"Cut-Off Wheel, 9 in Diameter, metal Application, Cut-Off Wheel Type, 1 Quantity",,composed,yes,,9 | Metal | Cut-Off | 1,
DBD090094101F,RETAIL_DESC,,"Cut-Off Wheel, 9 in Diameter, metal Application, Cut-Off Wheel Type, 1 Quantity",,composed,yes,,9 | Metal | Cut-Off | 1,
DBD090094101F,ITEM_FEATURES_1,,9 in,,composed,yes,,9,
DBD090094101F,Application,material_application,metal,,derived,yes,,Metal,"dimensional: abstained (material_application is nominal, not a physical quantity) ; constraint: abstained (no constraint in abrasive.cutoff_disc mentions material_application) ; identity: abstained (material_application is not an identity claim) ; vocabulary: 1.00 ('metal' is a declared term for material_application)"
DBD090094101F,ATTRIBUTE_LABEL 1,disc_diameter,Diameter,,derived,yes,,,"dimensional: 0.55 ('9' carries no unit; assuming millimeter. Unlabelled numbers are how inch/millimetre errors enter a catalog.) ; constraint: 0.70 (1 of 3 constraint(s) on disc_diameter held; 2 could not be evaluated for lack of co-referenced values) ; identity: abstained (disc_diameter is not an identity claim) ; vocabulary: abstained (disc_diameter is quantity, not a controlled term)"
DBD090094101F,ATTRIBUTE_VALUE 1,disc_diameter,9,,extracted,no,,9,"dimensional: 0.55 ('9' carries no unit; assuming millimeter. Unlabelled numbers are how inch/millimetre errors enter a catalog.) ; constraint: 0.70 (1 of 3 constraint(s) on disc_diameter held; 2 could not be evaluated for lack of co-referenced values) ; identity: abstained (disc_diameter is not an identity claim) ; vocabulary: abstained (disc_diameter is quantity, not a controlled term)"
DBD090094101F,ATTRIBUTE_UOM 1,disc_diameter,in,,derived,no,,,"dimensional: 0.55 ('9' carries no unit; assuming millimeter. Unlabelled numbers are how inch/millimetre errors enter a catalog.) ; constraint: 0.70 (1 of 3 constraint(s) on disc_diameter held; 2 could not be evaluated for lack of co-referenced values) ; identity: abstained (disc_diameter is not an identity claim) ; vocabulary: abstained (disc_diameter is quantity, not a controlled term)"
DBD090094101F,ATTRIBUTE_LABEL 2,thickness,Thickness,,derived,yes,,,
DBD090094101F,ATTRIBUTE_LABEL 3,arbor_diameter,Arbor Size,,derived,yes,,,
DBD090094101F,ATTRIBUTE_LABEL 4,material_application,Application,,derived,yes,,,"dimensional: abstained (material_application is nominal, not a physical quantity) ; constraint: abstained (no constraint in abrasive.cutoff_disc mentions material_application) ; identity: abstained (material_application is not an identity claim) ; vocabulary: 1.00 ('metal' is a declared term for material_application)"
DBD090094101F,ATTRIBUTE_VALUE 4,material_application,metal,,extracted,no,,Metal,"dimensional: abstained (material_application is nominal, not a physical quantity) ; constraint: abstained (no constraint in abrasive.cutoff_disc mentions material_application) ; identity: abstained (material_application is not an identity claim) ; vocabulary: 1.00 ('metal' is a declared term for material_application)"
DBD090094101F,ATTRIBUTE_LABEL 5,wheel_type,Wheel Type,,derived,yes,,,"dimensional: abstained (wheel_type is nominal, not a physical quantity) ; constraint: abstained (no constraint in abrasive.cutoff_disc mentions wheel_type) ; identity: abstained (wheel_type is not an identity claim) ; vocabulary: 0.00 ('Cut-Off' is not a term wheel_type accepts. This category allows 'type 1 flat', 'type 27 depressed center', 'type 41 flat', 'type 42 depressed center'. A plausible-sounding value outside the vocabulary is exactly the failure a confidence score does not catch.)"
DBD090094101F,ATTRIBUTE_VALUE 5,wheel_type,Cut-Off,,extracted,no,,Cut-Off,"dimensional: abstained (wheel_type is nominal, not a physical quantity) ; constraint: abstained (no constraint in abrasive.cutoff_disc mentions wheel_type) ; identity: abstained (wheel_type is not an identity claim) ; vocabulary: 0.00 ('Cut-Off' is not a term wheel_type accepts. This category allows 'type 1 flat', 'type 27 depressed center', 'type 41 flat', 'type 42 depressed center'. A plausible-sounding value outside the vocabulary is exactly the failure a confidence score does not catch.)"
DBD090094101F,ATTRIBUTE_LABEL 6,abrasive_grain,Abrasive,,derived,yes,,,
DBD090094101F,ATTRIBUTE_LABEL 7,max_rpm,Maximum Speed,,derived,yes,,,
DBD090094101F,ATTRIBUTE_LABEL 8,pack_quantity,Quantity,,derived,yes,,,"dimensional: 0.55 ('1' carries no unit; assuming dimensionless. Unlabelled numbers are how inch/millimetre errors enter a catalog.) ; constraint: 1.00 (all 1 constraint(s) on pack_quantity hold) ; identity: abstained (pack_quantity is not an identity claim) ; vocabulary: abstained (pack_quantity is quantity, not a controlled term)"
DBD090094101F,ATTRIBUTE_VALUE 8,pack_quantity,1,,extracted,no,,1,"dimensional: 0.55 ('1' carries no unit; assuming dimensionless. Unlabelled numbers are how inch/millimetre errors enter a catalog.) ; constraint: 1.00 (all 1 constraint(s) on pack_quantity hold) ; identity: abstained (pack_quantity is not an identity claim) ; vocabulary: abstained (pack_quantity is quantity, not a controlled term)"
DBD090094101F,UNSPSC,,23101500,,routed,yes,,Cut-Off | Cut | Off | Disc | Metal | Diablo,
DBD090094101F,Selling Qty,pack_quantity,1,,derived,yes,,1,"dimensional: 0.55 ('1' carries no unit; assuming dimensionless. Unlabelled numbers are how inch/millimetre errors enter a catalog.) ; constraint: 1.00 (all 1 constraint(s) on pack_quantity hold) ; identity: abstained (pack_quantity is not an identity claim) ; vocabulary: abstained (pack_quantity is quantity, not a controlled term)"
DBD090094101F,Selling UOM,pack_quantity,EA,,derived,yes,,,"dimensional: 0.55 ('1' carries no unit; assuming dimensionless. Unlabelled numbers are how inch/millimetre errors enter a catalog.) ; constraint: 1.00 (all 1 constraint(s) on pack_quantity hold) ; identity: abstained (pack_quantity is not an identity claim) ; vocabulary: abstained (pack_quantity is quantity, not a controlled term)"
DBDS12125A01F,Dept,,Tools & Equipment,,routed,yes,,Cut-Off | Cut | Off | Disc | Metal | Steel,
DBDS12125A01F,Class,,Power Tool Accessories,,routed,yes,,Cut-Off | Cut | Off | Disc | Metal | Steel,
DBDS12125A01F,Fine,,Cut-Off & Grinding Wheels,,routed,yes,,Cut-Off | Cut | Off | Disc | Metal | Steel,
DBDS12125A01F,Mfg_Part_Num,,DBDS12125A01F,,passthrough,yes,,,
DBDS12125A01F,Part_Desc,,"DBDS12125A01F Diablo 12"" - Steel Demon Metal Cut-Off Disc",,passthrough,yes,,,
DBDS12125A01F,E1_Brand,,-- Unbranded --,,passthrough,yes,,,
DBDS12125A01F,Unilog_Brand,,-- No Unilog Brand --,,passthrough,yes,,,
DBDS12125A01F,DIB_Brand,,-- No DIB Brand --,,passthrough,yes,,,
DBDS12125A01F,Part_Manuf,,Freud Inc (2435),,passthrough,yes,,,
DBDS12125A01F,MANUFACTURER_NAME,,Freud Inc,,passthrough,yes,,,
DBDS12125A01F,MANUFACTURER_PART_NUMBER,,DBDS12125A01F,,passthrough,yes,,,
DBDS12125A01F,Classpath,,Tools & Equipment>Power Tool Accessories>Abrasive Wheels,,routed,yes,,Cut-Off | Cut | Off | Disc | Metal | Steel,
DBDS12125A01F,MOBILE_DESC,,"Freud Inc, Cut-Off Wheel, DBDS12125A01F, 12 in Diameter, Steel Application",,composed,yes,,12 | Steel,
DBDS12125A01F,INVOICE_DESC,,CUT-OFF WHEEL 12IN STEEL 1,,composed,yes,,12 | Steel | 1,
DBDS12125A01F,SHORT_DESC,,"DBDS12125A01F Cut-Off Wheel, 12 in Diameter, Steel Application, Metal Cut-Off Wheel Type, 1 Quantity",,composed,yes,,12 | Steel | Metal Cut-Off | 1,
DBDS12125A01F,LONG_DESC1,,"Cut-Off Wheel, 12 in Diameter, Steel Application, Metal Cut-Off Wheel Type, 1 Quantity",,composed,yes,,12 | Steel | Metal Cut-Off | 1,
DBDS12125A01F,RETAIL_DESC,,"Cut-Off Wheel, 12 in Diameter, Steel Application, Metal Cut-Off Wheel Type, 1 Quantity",,composed,yes,,12 | Steel | Metal Cut-Off | 1,
DBDS12125A01F,ITEM_FEATURES_1,,12 in,,composed,yes,,12,
DBDS12125A01F,Application,material_application,Steel,,derived,yes,,Steel,"dimensional: abstained (material_application is nominal, not a physical quantity) ; constraint: abstained (no constraint in abrasive.cutoff_disc mentions material_application) ; identity: abstained (material_application is not an identity claim) ; vocabulary: 0.35 ('Steel' is not exactly a declared term for material_application but overlaps 'stainless steel'; the extra wording may be a real distinction or may be noise carried from the description)"
DBDS12125A01F,ATTRIBUTE_LABEL 1,disc_diameter,Diameter,,derived,yes,,,"dimensional: 0.55 ('12' carries no unit; assuming millimeter. Unlabelled numbers are how inch/millimetre errors enter a catalog.) ; constraint: 0.70 (1 of 3 constraint(s) on disc_diameter held; 2 could not be evaluated for lack of co-referenced values) ; identity: abstained (disc_diameter is not an identity claim) ; vocabulary: abstained (disc_diameter is quantity, not a controlled term)"
DBDS12125A01F,ATTRIBUTE_VALUE 1,disc_diameter,12,,extracted,no,,12,"dimensional: 0.55 ('12' carries no unit; assuming millimeter. Unlabelled numbers are how inch/millimetre errors enter a catalog.) ; constraint: 0.70 (1 of 3 constraint(s) on disc_diameter held; 2 could not be evaluated for lack of co-referenced values) ; identity: abstained (disc_diameter is not an identity claim) ; vocabulary: abstained (disc_diameter is quantity, not a controlled term)"
DBDS12125A01F,ATTRIBUTE_UOM 1,disc_diameter,in,,derived,no,,,"dimensional: 0.55 ('12' carries no unit; assuming millimeter. Unlabelled numbers are how inch/millimetre errors enter a catalog.) ; constraint: 0.70 (1 of 3 constraint(s) on disc_diameter held; 2 could not be evaluated for lack of co-referenced values) ; identity: abstained (disc_diameter is not an identity claim) ; vocabulary: abstained (disc_diameter is quantity, not a controlled term)"
DBDS12125A01F,ATTRIBUTE_LABEL 2,thickness,Thickness,,derived,yes,,,
DBDS12125A01F,ATTRIBUTE_LABEL 3,arbor_diameter,Arbor Size,,derived,yes,,,
DBDS12125A01F,ATTRIBUTE_LABEL 4,material_application,Application,,derived,yes,,,"dimensional: abstained (material_application is nominal, not a physical quantity) ; constraint: abstained (no constraint in abrasive.cutoff_disc mentions material_application) ; identity: abstained (material_application is not an identity claim) ; vocabulary: 0.35 ('Steel' is not exactly a declared term for material_application but overlaps 'stainless steel'; the extra wording may be a real distinction or may be noise carried from the description)"
DBDS12125A01F,ATTRIBUTE_VALUE 4,material_application,Steel,,extracted,no,,Steel,"dimensional: abstained (material_application is nominal, not a physical quantity) ; constraint: abstained (no constraint in abrasive.cutoff_disc mentions material_application) ; identity: abstained (material_application is not an identity claim) ; vocabulary: 0.35 ('Steel' is not exactly a declared term for material_application but overlaps 'stainless steel'; the extra wording may be a real distinction or may be noise carried from the description)"
DBDS12125A01F,ATTRIBUTE_LABEL 5,wheel_type,Wheel Type,,derived,yes,,,"dimensional: abstained (wheel_type is nominal, not a physical quantity) ; constraint: abstained (no constraint in abrasive.cutoff_disc mentions wheel_type) ; identity: abstained (wheel_type is not an identity claim) ; vocabulary: 0.00 ('Metal Cut-Off' is not a term wheel_type accepts. This category allows 'type 1 flat', 'type 27 depressed center', 'type 41 flat', 'type 42 depressed center'. A plausible-sounding value outside the vocabulary is exactly the failure a confidence score does not catch.)"
DBDS12125A01F,ATTRIBUTE_VALUE 5,wheel_type,Metal Cut-Off,,extracted,no,,Metal Cut-Off,"dimensional: abstained (wheel_type is nominal, not a physical quantity) ; constraint: abstained (no constraint in abrasive.cutoff_disc mentions wheel_type) ; identity: abstained (wheel_type is not an identity claim) ; vocabulary: 0.00 ('Metal Cut-Off' is not a term wheel_type accepts. This category allows 'type 1 flat', 'type 27 depressed center', 'type 41 flat', 'type 42 depressed center'. A plausible-sounding value outside the vocabulary is exactly the failure a confidence score does not catch.)"
DBDS12125A01F,ATTRIBUTE_LABEL 6,abrasive_grain,Abrasive,,derived,yes,,,
DBDS12125A01F,ATTRIBUTE_LABEL 7,max_rpm,Maximum Speed,,derived,yes,,,
DBDS12125A01F,ATTRIBUTE_LABEL 8,pack_quantity,Quantity,,derived,yes,,,"dimensional: 0.55 ('1' carries no unit; assuming dimensionless. Unlabelled numbers are how inch/millimetre errors enter a catalog.) ; constraint: 1.00 (all 1 constraint(s) on pack_quantity hold) ; identity: abstained (pack_quantity is not an identity claim) ; vocabulary: abstained (pack_quantity is quantity, not a controlled term)"
DBDS12125A01F,ATTRIBUTE_VALUE 8,pack_quantity,1,,extracted,no,,1,"dimensional: 0.55 ('1' carries no unit; assuming dimensionless. Unlabelled numbers are how inch/millimetre errors enter a catalog.) ; constraint: 1.00 (all 1 constraint(s) on pack_quantity hold) ; identity: abstained (pack_quantity is not an identity claim) ; vocabulary: abstained (pack_quantity is quantity, not a controlled term)"
DBDS12125A01F,UNSPSC,,23101500,,routed,yes,,Cut-Off | Cut | Off | Disc | Metal | Steel,
DBDS12125A01F,Selling Qty,pack_quantity,1,,derived,yes,,1,"dimensional: 0.55 ('1' carries no unit; assuming dimensionless. Unlabelled numbers are how inch/millimetre errors enter a catalog.) ; constraint: 1.00 (all 1 constraint(s) on pack_quantity hold) ; identity: abstained (pack_quantity is not an identity claim) ; vocabulary: abstained (pack_quantity is quantity, not a controlled term)"
DBDS12125A01F,Selling UOM,pack_quantity,EA,,derived,yes,,,"dimensional: 0.55 ('1' carries no unit; assuming dimensionless. Unlabelled numbers are how inch/millimetre errors enter a catalog.) ; constraint: 1.00 (all 1 constraint(s) on pack_quantity hold) ; identity: abstained (pack_quantity is not an identity claim) ; vocabulary: abstained (pack_quantity is quantity, not a controlled term)"
DBDS12125G01F,Dept,,Tools & Equipment,,routed,yes,,Cut-Off | Cut | Off | Disc | Metal | Demon,
DBDS12125G01F,Class,,Power Tool Accessories,,routed,yes,,Cut-Off | Cut | Off | Disc | Metal | Demon,
DBDS12125G01F,Fine,,Cut-Off & Grinding Wheels,,routed,yes,,Cut-Off | Cut | Off | Disc | Metal | Demon,
DBDS12125G01F,Mfg_Part_Num,,DBDS12125G01F,,passthrough,yes,,,
DBDS12125G01F,Part_Desc,,"DBDS12125G01F Diablo 12""x20mm - Speed Demon Metal Cut-Off Disc",,passthrough,yes,,,
DBDS12125G01F,E1_Brand,,-- Unbranded --,,passthrough,yes,,,
DBDS12125G01F,Unilog_Brand,,-- No Unilog Brand --,,passthrough,yes,,,
DBDS12125G01F,DIB_Brand,,-- No DIB Brand --,,passthrough,yes,,,
DBDS12125G01F,Part_Manuf,,Freud Inc (2435),,passthrough,yes,,,
DBDS12125G01F,MANUFACTURER_NAME,,Freud Inc,,passthrough,yes,,,
DBDS12125G01F,MANUFACTURER_PART_NUMBER,,DBDS12125G01F,,passthrough,yes,,,
DBDS12125G01F,Classpath,,Tools & Equipment>Power Tool Accessories>Abrasive Wheels,,routed,yes,,Cut-Off | Cut | Off | Disc | Metal | Demon,
DBDS12125G01F,MOBILE_DESC,,"Freud Inc, Cut-Off Wheel, DBDS12125G01F, 12 in Diameter, 20 mm Thickness",,composed,yes,,12 | 20mm,
DBDS12125G01F,INVOICE_DESC,,CUT-OFF WHEEL 12IN 20MM METAL CUT-OFF,,composed,yes,,12 | 20mm | Metal | Cut-Off,
DBDS12125G01F,SHORT_DESC,,"DBDS12125G01F Cut-Off Wheel, 12 in Diameter, 20 mm Thickness, metal Application, Cut-Off Wheel Type",,composed,yes,,12 | 20mm | Metal | Cut-Off,
DBDS12125G01F,LONG_DESC1,,"Cut-Off Wheel, 12 in Diameter, 20 mm Thickness, metal Application, Cut-Off Wheel Type, Metal Cut-Off Disc Abrasive",,composed,yes,,12 | 20mm | Metal | Cut-Off | Metal Cut-Off Disc,
DBDS12125G01F,RETAIL_DESC,,"Cut-Off Wheel, 12 in Diameter, 20 mm Thickness, metal Application, Cut-Off Wheel Type, Metal Cut-Off Disc Abrasive",,composed,yes,,12 | 20mm | Metal | Cut-Off | Metal Cut-Off Disc,
DBDS12125G01F,ITEM_FEATURES_1,,12 in,,composed,yes,,12,
DBDS12125G01F,ITEM_FEATURES_2,,20 mm,,composed,yes,,20mm,
DBDS12125G01F,Application,material_application,metal,,derived,yes,,Metal,"dimensional: abstained (material_application is nominal, not a physical quantity) ; constraint: abstained (no constraint in abrasive.cutoff_disc mentions material_application) ; identity: abstained (material_application is not an identity claim) ; vocabulary: 1.00 ('metal' is a declared term for material_application)"
DBDS12125G01F,ATTRIBUTE_LABEL 1,disc_diameter,Diameter,,derived,yes,,,"dimensional: 0.55 ('12' carries no unit; assuming millimeter. Unlabelled numbers are how inch/millimetre errors enter a catalog.) ; constraint: 0.00 (disc_diameter violates thickness < disc_diameter [disc_diameter=12 mm, thickness=20 mm]. Values that are individually plausible but jointly impossible cannot be published at any confidence level.) ; identity: abstained (disc_diameter is not an identity claim) ; vocabulary: abstained (disc_diameter is quantity, not a controlled term)"
DBDS12125G01F,ATTRIBUTE_VALUE 1,disc_diameter,12,,extracted,no,,12,"dimensional: 0.55 ('12' carries no unit; assuming millimeter. Unlabelled numbers are how inch/millimetre errors enter a catalog.) ; constraint: 0.00 (disc_diameter violates thickness < disc_diameter [disc_diameter=12 mm, thickness=20 mm]. Values that are individually plausible but jointly impossible cannot be published at any confidence level.) ; identity: abstained (disc_diameter is not an identity claim) ; vocabulary: abstained (disc_diameter is quantity, not a controlled term)"
DBDS12125G01F,ATTRIBUTE_UOM 1,disc_diameter,in,,derived,no,,,"dimensional: 0.55 ('12' carries no unit; assuming millimeter. Unlabelled numbers are how inch/millimetre errors enter a catalog.) ; constraint: 0.00 (disc_diameter violates thickness < disc_diameter [disc_diameter=12 mm, thickness=20 mm]. Values that are individually plausible but jointly impossible cannot be published at any confidence level.) ; identity: abstained (disc_diameter is not an identity claim) ; vocabulary: abstained (disc_diameter is quantity, not a controlled term)"
DBDS12125G01F,ATTRIBUTE_LABEL 2,thickness,Thickness,,derived,yes,,,"dimensional: 1.00 (20 millimeter is dimensionally valid for thickness (length)) ; constraint: 0.00 (thickness violates thickness < disc_diameter [disc_diameter=12 mm, thickness=20 mm]. Values that are individually plausible but jointly impossible cannot be published at any confidence level.) ; identity: abstained (thickness is not an identity claim) ; vocabulary: abstained (thickness is quantity, not a controlled term)"
DBDS12125G01F,ATTRIBUTE_VALUE 2,thickness,20,,extracted,no,,20mm,"dimensional: 1.00 (20 millimeter is dimensionally valid for thickness (length)) ; constraint: 0.00 (thickness violates thickness < disc_diameter [disc_diameter=12 mm, thickness=20 mm]. Values that are individually plausible but jointly impossible cannot be published at any confidence level.) ; identity: abstained (thickness is not an identity claim) ; vocabulary: abstained (thickness is quantity, not a controlled term)"
DBDS12125G01F,ATTRIBUTE_UOM 2,thickness,mm,,derived,no,,,"dimensional: 1.00 (20 millimeter is dimensionally valid for thickness (length)) ; constraint: 0.00 (thickness violates thickness < disc_diameter [disc_diameter=12 mm, thickness=20 mm]. Values that are individually plausible but jointly impossible cannot be published at any confidence level.) ; identity: abstained (thickness is not an identity claim) ; vocabulary: abstained (thickness is quantity, not a controlled term)"
DBDS12125G01F,ATTRIBUTE_LABEL 3,arbor_diameter,Arbor Size,,derived,yes,,,
DBDS12125G01F,ATTRIBUTE_LABEL 4,material_application,Application,,derived,yes,,,"dimensional: abstained (material_application is nominal, not a physical quantity) ; constraint: abstained (no constraint in abrasive.cutoff_disc mentions material_application) ; identity: abstained (material_application is not an identity claim) ; vocabulary: 1.00 ('metal' is a declared term for material_application)"
DBDS12125G01F,ATTRIBUTE_VALUE 4,material_application,metal,,extracted,no,,Metal,"dimensional: abstained (material_application is nominal, not a physical quantity) ; constraint: abstained (no constraint in abrasive.cutoff_disc mentions material_application) ; identity: abstained (material_application is not an identity claim) ; vocabulary: 1.00 ('metal' is a declared term for material_application)"
DBDS12125G01F,ATTRIBUTE_LABEL 5,wheel_type,Wheel Type,,derived,yes,,,"dimensional: abstained (wheel_type is nominal, not a physical quantity) ; constraint: abstained (no constraint in abrasive.cutoff_disc mentions wheel_type) ; identity: abstained (wheel_type is not an identity claim) ; vocabulary: 0.00 ('Cut-Off' is not a term wheel_type accepts. This category allows 'type 1 flat', 'type 27 depressed center', 'type 41 flat', 'type 42 depressed center'. A plausible-sounding value outside the vocabulary is exactly the failure a confidence score does not catch.)"
DBDS12125G01F,ATTRIBUTE_VALUE 5,wheel_type,Cut-Off,,extracted,no,,Cut-Off,"dimensional: abstained (wheel_type is nominal, not a physical quantity) ; constraint: abstained (no constraint in abrasive.cutoff_disc mentions wheel_type) ; identity: abstained (wheel_type is not an identity claim) ; vocabulary: 0.00 ('Cut-Off' is not a term wheel_type accepts. This category allows 'type 1 flat', 'type 27 depressed center', 'type 41 flat', 'type 42 depressed center'. A plausible-sounding value outside the vocabulary is exactly the failure a confidence score does not catch.)"
DBDS12125G01F,ATTRIBUTE_LABEL 6,abrasive_grain,Abrasive,,derived,yes,,,"dimensional: abstained (abrasive_grain is nominal, not a physical quantity) ; constraint: abstained (no constraint in abrasive.cutoff_disc mentions abrasive_grain) ; identity: abstained (abrasive_grain is not an identity claim) ; vocabulary: 0.00 ('Metal Cut-Off Disc' is not a term abrasive_grain accepts. This category allows 'aluminum oxide', 'zirconia alumina', 'ceramic', 'silicon carbide', 'diamond'. A plausible-sounding value outside the vocabulary is exactly the failure a confidence score does not catch.)"
DBDS12125G01F,ATTRIBUTE_VALUE 6,abrasive_grain,Metal Cut-Off Disc,,extracted,no,,Metal Cut-Off Disc,"dimensional: abstained (abrasive_grain is nominal, not a physical quantity) ; constraint: abstained (no constraint in abrasive.cutoff_disc mentions abrasive_grain) ; identity: abstained (abrasive_grain is not an identity claim) ; vocabulary: 0.00 ('Metal Cut-Off Disc' is not a term abrasive_grain accepts. This category allows 'aluminum oxide', 'zirconia alumina', 'ceramic', 'silicon carbide', 'diamond'. A plausible-sounding value outside the vocabulary is exactly the failure a confidence score does not catch.)"
DBDS12125G01F,ATTRIBUTE_LABEL 7,max_rpm,Maximum Speed,,derived,yes,,,
DBDS12125G01F,ATTRIBUTE_LABEL 8,pack_quantity,Quantity,,derived,yes,,,
DBDS12125G01F,UNSPSC,,23101500,,routed,yes,,Cut-Off | Cut | Off | Disc | Metal | Demon,
DBDS14125A01F,Dept,,Tools & Equipment,,routed,yes,,Cut-Off | Cut | Off | Disc | Metal | Steel,
DBDS14125A01F,Class,,Power Tool Accessories,,routed,yes,,Cut-Off | Cut | Off | Disc | Metal | Steel,
DBDS14125A01F,Fine,,Cut-Off & Grinding Wheels,,routed,yes,,Cut-Off | Cut | Off | Disc | Metal | Steel,
DBDS14125A01F,Mfg_Part_Num,,DBDS14125A01F,,passthrough,yes,,,
DBDS14125A01F,Part_Desc,,"DBDS14125A01F Diablo 14""x1"" - Steel Demon Metal Cut-Off Disc",,passthrough,yes,,,
DBDS14125A01F,E1_Brand,,-- Unbranded --,,passthrough,yes,,,
DBDS14125A01F,Unilog_Brand,,-- No Unilog Brand --,,passthrough,yes,,,
DBDS14125A01F,DIB_Brand,,-- No DIB Brand --,,passthrough,yes,,,
DBDS14125A01F,Part_Manuf,,Freud Inc (2435),,passthrough,yes,,,
DBDS14125A01F,MANUFACTURER_NAME,,Freud Inc,,passthrough,yes,,,
DBDS14125A01F,MANUFACTURER_PART_NUMBER,,DBDS14125A01F,,passthrough,yes,,,
DBDS14125A01F,Classpath,,Tools & Equipment>Power Tool Accessories>Abrasive Wheels,,routed,yes,,Cut-Off | Cut | Off | Disc | Metal | Steel,
DBDS14125A01F,MOBILE_DESC,,"Freud Inc, Cut-Off Wheel, DBDS14125A01F, 14 in Diameter, 1 in Thickness",,composed,yes,,14 | 1,
DBDS14125A01F,INVOICE_DESC,,CUT-OFF WHEEL 14IN 1IN STEEL 1,,composed,yes,,14 | 1 | Steel,
DBDS14125A01F,SHORT_DESC,,"DBDS14125A01F Cut-Off Wheel, 14 in Diameter, 1 in Thickness, Steel Application, Metal Cut-Off Wheel Type, 1 Quantity",,composed,yes,,14 | 1 | Steel | Metal Cut-Off,
DBDS14125A01F,LONG_DESC1,,"Cut-Off Wheel, 14 in Diameter, 1 in Thickness, Steel Application, Metal Cut-Off Wheel Type, 1 Quantity",,composed,yes,,14 | 1 | Steel | Metal Cut-Off,
DBDS14125A01F,RETAIL_DESC,,"Cut-Off Wheel, 14 in Diameter, 1 in Thickness, Steel Application, Metal Cut-Off Wheel Type, 1 Quantity",,composed,yes,,14 | 1 | Steel | Metal Cut-Off,
DBDS14125A01F,ITEM_FEATURES_1,,14 in,,composed,yes,,14,
DBDS14125A01F,ITEM_FEATURES_2,,1 in,,composed,yes,,1,
DBDS14125A01F,Application,material_application,Steel,,derived,yes,,Steel,"dimensional: abstained (material_application is nominal, not a physical quantity) ; constraint: abstained (no constraint in abrasive.cutoff_disc mentions material_application) ; identity: abstained (material_application is not an identity claim) ; vocabulary: 0.35 ('Steel' is not exactly a declared term for material_application but overlaps 'stainless steel'; the extra wording may be a real distinction or may be noise carried from the description)"
DBDS14125A01F,ATTRIBUTE_LABEL 1,disc_diameter,Diameter,,derived,yes,,,"dimensional: 0.55 ('14' carries no unit; assuming millimeter. Unlabelled numbers are how inch/millimetre errors enter a catalog.) ; constraint: 0.70 (2 of 3 constraint(s) on disc_diameter held; 1 could not be evaluated for lack of co-referenced values) ; identity: abstained (disc_diameter is not an identity claim) ; vocabulary: abstained (disc_diameter is quantity, not a controlled term)"
DBDS14125A01F,ATTRIBUTE_VALUE 1,disc_diameter,14,,extracted,no,,14,"dimensional: 0.55 ('14' carries no unit; assuming millimeter. Unlabelled numbers are how inch/millimetre errors enter a catalog.) ; constraint: 0.70 (2 of 3 constraint(s) on disc_diameter held; 1 could not be evaluated for lack of co-referenced values) ; identity: abstained (disc_diameter is not an identity claim) ; vocabulary: abstained (disc_diameter is quantity, not a controlled term)"
DBDS14125A01F,ATTRIBUTE_UOM 1,disc_diameter,in,,derived,no,,,"dimensional: 0.55 ('14' carries no unit; assuming millimeter. Unlabelled numbers are how inch/millimetre errors enter a catalog.) ; constraint: 0.70 (2 of 3 constraint(s) on disc_diameter held; 1 could not be evaluated for lack of co-referenced values) ; identity: abstained (disc_diameter is not an identity claim) ; vocabulary: abstained (disc_diameter is quantity, not a controlled term)"
DBDS14125A01F,ATTRIBUTE_LABEL 2,thickness,Thickness,,derived,yes,,,"dimensional: 0.55 ('1' carries no unit; assuming millimeter. Unlabelled numbers are how inch/millimetre errors enter a catalog.) ; constraint: 0.70 (1 of 2 constraint(s) on thickness held; 1 could not be evaluated for lack of co-referenced values) ; identity: abstained (thickness is not an identity claim) ; vocabulary: abstained (thickness is quantity, not a controlled term)"
DBDS14125A01F,ATTRIBUTE_VALUE 2,thickness,1,,extracted,no,,1,"dimensional: 0.55 ('1' carries no unit; assuming millimeter. Unlabelled numbers are how inch/millimetre errors enter a catalog.) ; constraint: 0.70 (1 of 2 constraint(s) on thickness held; 1 could not be evaluated for lack of co-referenced values) ; identity: abstained (thickness is not an identity claim) ; vocabulary: abstained (thickness is quantity, not a controlled term)"
DBDS14125A01F,ATTRIBUTE_UOM 2,thickness,in,,derived,no,,,"dimensional: 0.55 ('1' carries no unit; assuming millimeter. Unlabelled numbers are how inch/millimetre errors enter a catalog.) ; constraint: 0.70 (1 of 2 constraint(s) on thickness held; 1 could not be evaluated for lack of co-referenced values) ; identity: abstained (thickness is not an identity claim) ; vocabulary: abstained (thickness is quantity, not a controlled term)"
DBDS14125A01F,ATTRIBUTE_LABEL 3,arbor_diameter,Arbor Size,,derived,yes,,,
DBDS14125A01F,ATTRIBUTE_LABEL 4,material_application,Application,,derived,yes,,,"dimensional: abstained (material_application is nominal, not a physical quantity) ; constraint: abstained (no constraint in abrasive.cutoff_disc mentions material_application) ; identity: abstained (material_application is not an identity claim) ; vocabulary: 0.35 ('Steel' is not exactly a declared term for material_application but overlaps 'stainless steel'; the extra wording may be a real distinction or may be noise carried from the description)"
DBDS14125A01F,ATTRIBUTE_VALUE 4,material_application,Steel,,extracted,no,,Steel,"dimensional: abstained (material_application is nominal, not a physical quantity) ; constraint: abstained (no constraint in abrasive.cutoff_disc mentions material_application) ; identity: abstained (material_application is not an identity claim) ; vocabulary: 0.35 ('Steel' is not exactly a declared term for material_application but overlaps 'stainless steel'; the extra wording may be a real distinction or may be noise carried from the description)"
DBDS14125A01F,ATTRIBUTE_LABEL 5,wheel_type,Wheel Type,,derived,yes,,,"dimensional: abstained (wheel_type is nominal, not a physical quantity) ; constraint: abstained (no constraint in abrasive.cutoff_disc mentions wheel_type) ; identity: abstained (wheel_type is not an identity claim) ; vocabulary: 0.00 ('Metal Cut-Off' is not a term wheel_type accepts. This category allows 'type 1 flat', 'type 27 depressed center', 'type 41 flat', 'type 42 depressed center'. A plausible-sounding value outside the vocabulary is exactly the failure a confidence score does not catch.)"
DBDS14125A01F,ATTRIBUTE_VALUE 5,wheel_type,Metal Cut-Off,,extracted,no,,Metal Cut-Off,"dimensional: abstained (wheel_type is nominal, not a physical quantity) ; constraint: abstained (no constraint in abrasive.cutoff_disc mentions wheel_type) ; identity: abstained (wheel_type is not an identity claim) ; vocabulary: 0.00 ('Metal Cut-Off' is not a term wheel_type accepts. This category allows 'type 1 flat', 'type 27 depressed center', 'type 41 flat', 'type 42 depressed center'. A plausible-sounding value outside the vocabulary is exactly the failure a confidence score does not catch.)"
DBDS14125A01F,ATTRIBUTE_LABEL 6,abrasive_grain,Abrasive,,derived,yes,,,
DBDS14125A01F,ATTRIBUTE_LABEL 7,max_rpm,Maximum Speed,,derived,yes,,,
DBDS14125A01F,ATTRIBUTE_LABEL 8,pack_quantity,Quantity,,derived,yes,,,"dimensional: 0.55 ('1' carries no unit; assuming dimensionless. Unlabelled numbers are how inch/millimetre errors enter a catalog.) ; constraint: 1.00 (all 1 constraint(s) on pack_quantity hold) ; identity: abstained (pack_quantity is not an identity claim) ; vocabulary: abstained (pack_quantity is quantity, not a controlled term)"
DBDS14125A01F,ATTRIBUTE_VALUE 8,pack_quantity,1,,extracted,no,,1,"dimensional: 0.55 ('1' carries no unit; assuming dimensionless. Unlabelled numbers are how inch/millimetre errors enter a catalog.) ; constraint: 1.00 (all 1 constraint(s) on pack_quantity hold) ; identity: abstained (pack_quantity is not an identity claim) ; vocabulary: abstained (pack_quantity is quantity, not a controlled term)"
DBDS14125A01F,UNSPSC,,23101500,,routed,yes,,Cut-Off | Cut | Off | Disc | Metal | Steel,
DBDS14125A01F,Selling Qty,pack_quantity,1,,derived,yes,,1,"dimensional: 0.55 ('1' carries no unit; assuming dimensionless. Unlabelled numbers are how inch/millimetre errors enter a catalog.) ; constraint: 1.00 (all 1 constraint(s) on pack_quantity hold) ; identity: abstained (pack_quantity is not an identity claim) ; vocabulary: abstained (pack_quantity is quantity, not a controlled term)"
DBDS14125A01F,Selling UOM,pack_quantity,EA,,derived,yes,,,"dimensional: 0.55 ('1' carries no unit; assuming dimensionless. Unlabelled numbers are how inch/millimetre errors enter a catalog.) ; constraint: 1.00 (all 1 constraint(s) on pack_quantity hold) ; identity: abstained (pack_quantity is not an identity claim) ; vocabulary: abstained (pack_quantity is quantity, not a controlled term)"
DBDS14125G01F,Dept,,Tools & Equipment,,routed,yes,,Cut-Off | Cut | Off | Disc | Metal | Steel,
DBDS14125G01F,Class,,Power Tool Accessories,,routed,yes,,Cut-Off | Cut | Off | Disc | Metal | Steel,
DBDS14125G01F,Fine,,Cut-Off & Grinding Wheels,,routed,yes,,Cut-Off | Cut | Off | Disc | Metal | Steel,
DBDS14125G01F,Mfg_Part_Num,,DBDS14125G01F,,passthrough,yes,,,
DBDS14125G01F,Part_Desc,,"DBDS14125G01F Diablo 14""x20mm - Steel Demon Metal Cut-Off Disc",,passthrough,yes,,,
DBDS14125G01F,E1_Brand,,-- Unbranded --,,passthrough,yes,,,
DBDS14125G01F,Unilog_Brand,,-- No Unilog Brand --,,passthrough,yes,,,
DBDS14125G01F,DIB_Brand,,-- No DIB Brand --,,passthrough,yes,,,
DBDS14125G01F,Part_Manuf,,Freud Inc (2435),,passthrough,yes,,,
DBDS14125G01F,MANUFACTURER_NAME,,Freud Inc,,passthrough,yes,,,
DBDS14125G01F,MANUFACTURER_PART_NUMBER,,DBDS14125G01F,,passthrough,yes,,,
DBDS14125G01F,Classpath,,Tools & Equipment>Power Tool Accessories>Abrasive Wheels,,routed,yes,,Cut-Off | Cut | Off | Disc | Metal | Steel,
DBDS14125G01F,MOBILE_DESC,,"Freud Inc, Cut-Off Wheel, DBDS14125G01F, 14 in Diameter, 20 mm Thickness",,composed,yes,,14 | 20mm,
DBDS14125G01F,INVOICE_DESC,,CUT-OFF WHEEL 14IN 20MM STEEL 1,,composed,yes,,14 | 20mm | Steel | 1,
DBDS14125G01F,SHORT_DESC,,"DBDS14125G01F Cut-Off Wheel, 14 in Diameter, 20 mm Thickness, Steel Application, Metal Cut-Off Wheel Type, 1 Quantity",,composed,yes,,14 | 20mm | Steel | Metal Cut-Off | 1,
DBDS14125G01F,LONG_DESC1,,"Cut-Off Wheel, 14 in Diameter, 20 mm Thickness, Steel Application, Metal Cut-Off Wheel Type, 1 Quantity",,composed,yes,,14 | 20mm | Steel | Metal Cut-Off | 1,
DBDS14125G01F,RETAIL_DESC,,"Cut-Off Wheel, 14 in Diameter, 20 mm Thickness, Steel Application, Metal Cut-Off Wheel Type, 1 Quantity",,composed,yes,,14 | 20mm | Steel | Metal Cut-Off | 1,
DBDS14125G01F,ITEM_FEATURES_1,,14 in,,composed,yes,,14,
DBDS14125G01F,ITEM_FEATURES_2,,20 mm,,composed,yes,,20mm,
DBDS14125G01F,Application,material_application,Steel,,derived,yes,,Steel,"dimensional: abstained (material_application is nominal, not a physical quantity) ; constraint: abstained (no constraint in abrasive.cutoff_disc mentions material_application) ; identity: abstained (material_application is not an identity claim) ; vocabulary: 0.35 ('Steel' is not exactly a declared term for material_application but overlaps 'stainless steel'; the extra wording may be a real distinction or may be noise carried from the description)"
DBDS14125G01F,ATTRIBUTE_LABEL 1,disc_diameter,Diameter,,derived,yes,,,"dimensional: 0.55 ('14' carries no unit; assuming millimeter. Unlabelled numbers are how inch/millimetre errors enter a catalog.) ; constraint: 0.00 (disc_diameter violates thickness < disc_diameter [disc_diameter=14 mm, thickness=20 mm]. Values that are individually plausible but jointly impossible cannot be published at any confidence level.) ; identity: abstained (disc_diameter is not an identity claim) ; vocabulary: abstained (disc_diameter is quantity, not a controlled term)"
DBDS14125G01F,ATTRIBUTE_VALUE 1,disc_diameter,14,,extracted,no,,14,"dimensional: 0.55 ('14' carries no unit; assuming millimeter. Unlabelled numbers are how inch/millimetre errors enter a catalog.) ; constraint: 0.00 (disc_diameter violates thickness < disc_diameter [disc_diameter=14 mm, thickness=20 mm]. Values that are individually plausible but jointly impossible cannot be published at any confidence level.) ; identity: abstained (disc_diameter is not an identity claim) ; vocabulary: abstained (disc_diameter is quantity, not a controlled term)"
DBDS14125G01F,ATTRIBUTE_UOM 1,disc_diameter,in,,derived,no,,,"dimensional: 0.55 ('14' carries no unit; assuming millimeter. Unlabelled numbers are how inch/millimetre errors enter a catalog.) ; constraint: 0.00 (disc_diameter violates thickness < disc_diameter [disc_diameter=14 mm, thickness=20 mm]. Values that are individually plausible but jointly impossible cannot be published at any confidence level.) ; identity: abstained (disc_diameter is not an identity claim) ; vocabulary: abstained (disc_diameter is quantity, not a controlled term)"
DBDS14125G01F,ATTRIBUTE_LABEL 2,thickness,Thickness,,derived,yes,,,"dimensional: 1.00 (20 millimeter is dimensionally valid for thickness (length)) ; constraint: 0.00 (thickness violates thickness < disc_diameter [disc_diameter=14 mm, thickness=20 mm]. Values that are individually plausible but jointly impossible cannot be published at any confidence level.) ; identity: abstained (thickness is not an identity claim) ; vocabulary: abstained (thickness is quantity, not a controlled term)"
DBDS14125G01F,ATTRIBUTE_VALUE 2,thickness,20,,extracted,no,,20mm,"dimensional: 1.00 (20 millimeter is dimensionally valid for thickness (length)) ; constraint: 0.00 (thickness violates thickness < disc_diameter [disc_diameter=14 mm, thickness=20 mm]. Values that are individually plausible but jointly impossible cannot be published at any confidence level.) ; identity: abstained (thickness is not an identity claim) ; vocabulary: abstained (thickness is quantity, not a controlled term)"
DBDS14125G01F,ATTRIBUTE_UOM 2,thickness,mm,,derived,no,,,"dimensional: 1.00 (20 millimeter is dimensionally valid for thickness (length)) ; constraint: 0.00 (thickness violates thickness < disc_diameter [disc_diameter=14 mm, thickness=20 mm]. Values that are individually plausible but jointly impossible cannot be published at any confidence level.) ; identity: abstained (thickness is not an identity claim) ; vocabulary: abstained (thickness is quantity, not a controlled term)"
DBDS14125G01F,ATTRIBUTE_LABEL 3,arbor_diameter,Arbor Size,,derived,yes,,,
DBDS14125G01F,ATTRIBUTE_LABEL 4,material_application,Application,,derived,yes,,,"dimensional: abstained (material_application is nominal, not a physical quantity) ; constraint: abstained (no constraint in abrasive.cutoff_disc mentions material_application) ; identity: abstained (material_application is not an identity claim) ; vocabulary: 0.35 ('Steel' is not exactly a declared term for material_application but overlaps 'stainless steel'; the extra wording may be a real distinction or may be noise carried from the description)"
DBDS14125G01F,ATTRIBUTE_VALUE 4,material_application,Steel,,extracted,no,,Steel,"dimensional: abstained (material_application is nominal, not a physical quantity) ; constraint: abstained (no constraint in abrasive.cutoff_disc mentions material_application) ; identity: abstained (material_application is not an identity claim) ; vocabulary: 0.35 ('Steel' is not exactly a declared term for material_application but overlaps 'stainless steel'; the extra wording may be a real distinction or may be noise carried from the description)"
DBDS14125G01F,ATTRIBUTE_LABEL 5,wheel_type,Wheel Type,,derived,yes,,,"dimensional: abstained (wheel_type is nominal, not a physical quantity) ; constraint: abstained (no constraint in abrasive.cutoff_disc mentions wheel_type) ; identity: abstained (wheel_type is not an identity claim) ; vocabulary: 0.00 ('Metal Cut-Off' is not a term wheel_type accepts. This category allows 'type 1 flat', 'type 27 depressed center', 'type 41 flat', 'type 42 depressed center'. A plausible-sounding value outside the vocabulary is exactly the failure a confidence score does not catch.)"
DBDS14125G01F,ATTRIBUTE_VALUE 5,wheel_type,Metal Cut-Off,,extracted,no,,Metal Cut-Off,"dimensional: abstained (wheel_type is nominal, not a physical quantity) ; constraint: abstained (no constraint in abrasive.cutoff_disc mentions wheel_type) ; identity: abstained (wheel_type is not an identity claim) ; vocabulary: 0.00 ('Metal Cut-Off' is not a term wheel_type accepts. This category allows 'type 1 flat', 'type 27 depressed center', 'type 41 flat', 'type 42 depressed center'. A plausible-sounding value outside the vocabulary is exactly the failure a confidence score does not catch.)"
DBDS14125G01F,ATTRIBUTE_LABEL 6,abrasive_grain,Abrasive,,derived,yes,,,
DBDS14125G01F,ATTRIBUTE_LABEL 7,max_rpm,Maximum Speed,,derived,yes,,,
DBDS14125G01F,ATTRIBUTE_LABEL 8,pack_quantity,Quantity,,derived,yes,,,"dimensional: 0.55 ('1' carries no unit; assuming dimensionless. Unlabelled numbers are how inch/millimetre errors enter a catalog.) ; constraint: 1.00 (all 1 constraint(s) on pack_quantity hold) ; identity: abstained (pack_quantity is not an identity claim) ; vocabulary: abstained (pack_quantity is quantity, not a controlled term)"
DBDS14125G01F,ATTRIBUTE_VALUE 8,pack_quantity,1,,extracted,no,,1,"dimensional: 0.55 ('1' carries no unit; assuming dimensionless. Unlabelled numbers are how inch/millimetre errors enter a catalog.) ; constraint: 1.00 (all 1 constraint(s) on pack_quantity hold) ; identity: abstained (pack_quantity is not an identity claim) ; vocabulary: abstained (pack_quantity is quantity, not a controlled term)"
DBDS14125G01F,UNSPSC,,23101500,,routed,yes,,Cut-Off | Cut | Off | Disc | Metal | Steel,
DBDS14125G01F,Selling Qty,pack_quantity,1,,derived,yes,,1,"dimensional: 0.55 ('1' carries no unit; assuming dimensionless. Unlabelled numbers are how inch/millimetre errors enter a catalog.) ; constraint: 1.00 (all 1 constraint(s) on pack_quantity hold) ; identity: abstained (pack_quantity is not an identity claim) ; vocabulary: abstained (pack_quantity is quantity, not a controlled term)"
DBDS14125G01F,Selling UOM,pack_quantity,EA,,derived,yes,,,"dimensional: 0.55 ('1' carries no unit; assuming dimensionless. Unlabelled numbers are how inch/millimetre errors enter a catalog.) ; constraint: 1.00 (all 1 constraint(s) on pack_quantity hold) ; identity: abstained (pack_quantity is not an identity claim) ; vocabulary: abstained (pack_quantity is quantity, not a controlled term)"
49-94-0013,Dept,,Tools & Equipment,,routed,yes,,"Cut | Off | Disc | Metal | Cut Off | 5""x.045""x7/8""",
49-94-0013,Class,,Power Tool Accessories,,routed,yes,,"Cut | Off | Disc | Metal | Cut Off | 5""x.045""x7/8""",
49-94-0013,Fine,,Cut-Off & Grinding Wheels,,routed,yes,,"Cut | Off | Disc | Metal | Cut Off | 5""x.045""x7/8""",
49-94-0013,Mfg_Part_Num,,49-94-0013,,passthrough,yes,,,
49-94-0013,Part_Desc,,"49-94-0013 Milw 5""x.045""x7/8"" Metal Cut Off Disc",,passthrough,yes,,,
49-94-0013,E1_Brand,,-- Unbranded --,,passthrough,yes,,,
49-94-0013,Unilog_Brand,,-- No Unilog Brand --,,passthrough,yes,,,
49-94-0013,DIB_Brand,,-- No DIB Brand --,,passthrough,yes,,,
49-94-0013,Part_Manuf,,Milwaukee Accessory (4031),,passthrough,yes,,,
49-94-0013,MANUFACTURER_NAME,,Milwaukee Accessory,,passthrough,yes,,,
49-94-0013,MANUFACTURER_PART_NUMBER,,49-94-0013,,passthrough,yes,,,
49-94-0013,Classpath,,Tools & Equipment>Power Tool Accessories>Abrasive Wheels,,routed,yes,,"Cut | Off | Disc | Metal | Cut Off | 5""x.045""x7/8""",
49-94-0013,MOBILE_DESC,,"Milwaukee Accessory, Cut-Off Wheel, 49-94-0013, 5 in Diameter",,composed,yes,,5,
49-94-0013,INVOICE_DESC,,CUT-OFF WHEEL 5IN .045IN 0.875IN METAL 1,,composed,yes,,5 | .045 | 7/8 | Metal | 1,
49-94-0013,SHORT_DESC,,"49-94-0013 Cut-Off Wheel, 5 in Diameter, .045 in Thickness, 0.875 in Arbor Size, metal Application, Cut Off Wheel Type",,composed,yes,,5 | .045 | 7/8 | Metal | Cut Off,
49-94-0013,LONG_DESC1,,"Cut-Off Wheel, 5 in Diameter, .045 in Thickness, 0.875 in Arbor Size, metal Application, Cut Off Wheel Type, 1 Quantity",,composed,yes,,5 | .045 | 7/8 | Metal | Cut Off | 1,
49-94-0013,RETAIL_DESC,,"Cut-Off Wheel, 5 in Diameter, .045 in Thickness, 0.875 in Arbor Size, metal Application, Cut Off Wheel Type, 1 Quantity",,composed,yes,,5 | .045 | 7/8 | Metal | Cut Off | 1,
49-94-0013,ITEM_FEATURES_1,,5 in,,composed,yes,,5,
49-94-0013,ITEM_FEATURES_2,,.045 in,,composed,yes,,.045,
49-94-0013,ITEM_FEATURES_3,,0.875 in,,composed,yes,,7/8,
49-94-0013,Application,material_application,metal,,derived,yes,,Metal,"dimensional: abstained (material_application is nominal, not a physical quantity) ; constraint: abstained (no constraint in abrasive.cutoff_disc mentions material_application) ; identity: abstained (material_application is not an identity claim) ; vocabulary: 1.00 ('metal' is a declared term for material_application)"
49-94-0013,ATTRIBUTE_LABEL 1,disc_diameter,Diameter,,derived,yes,,,"dimensional: 0.55 ('5' carries no unit; assuming millimeter. Unlabelled numbers are how inch/millimetre errors enter a catalog.) ; constraint: 1.00 (all 3 constraint(s) on disc_diameter hold) ; identity: abstained (disc_diameter is not an identity claim) ; vocabulary: abstained (disc_diameter is quantity, not a controlled term)"
49-94-0013,ATTRIBUTE_VALUE 1,disc_diameter,5,,extracted,no,,5,"dimensional: 0.55 ('5' carries no unit; assuming millimeter. Unlabelled numbers are how inch/millimetre errors enter a catalog.) ; constraint: 1.00 (all 3 constraint(s) on disc_diameter hold) ; identity: abstained (disc_diameter is not an identity claim) ; vocabulary: abstained (disc_diameter is quantity, not a controlled term)"
49-94-0013,ATTRIBUTE_UOM 1,disc_diameter,in,,derived,no,,,"dimensional: 0.55 ('5' carries no unit; assuming millimeter. Unlabelled numbers are how inch/millimetre errors enter a catalog.) ; constraint: 1.00 (all 3 constraint(s) on disc_diameter hold) ; identity: abstained (disc_diameter is not an identity claim) ; vocabulary: abstained (disc_diameter is quantity, not a controlled term)"
49-94-0013,ATTRIBUTE_LABEL 2,thickness,Thickness,,derived,yes,,,"dimensional: 0.55 ('.045' carries no unit; assuming millimeter. Unlabelled numbers are how inch/millimetre errors enter a catalog.) ; constraint: 1.00 (all 2 constraint(s) on thickness hold) ; identity: abstained (thickness is not an identity claim) ; vocabulary: abstained (thickness is quantity, not a controlled term)"
49-94-0013,ATTRIBUTE_VALUE 2,thickness,.045,,extracted,no,,.045,"dimensional: 0.55 ('.045' carries no unit; assuming millimeter. Unlabelled numbers are how inch/millimetre errors enter a catalog.) ; constraint: 1.00 (all 2 constraint(s) on thickness hold) ; identity: abstained (thickness is not an identity claim) ; vocabulary: abstained (thickness is quantity, not a controlled term)"
49-94-0013,ATTRIBUTE_UOM 2,thickness,in,,derived,no,,,"dimensional: 0.55 ('.045' carries no unit; assuming millimeter. Unlabelled numbers are how inch/millimetre errors enter a catalog.) ; constraint: 1.00 (all 2 constraint(s) on thickness hold) ; identity: abstained (thickness is not an identity claim) ; vocabulary: abstained (thickness is quantity, not a controlled term)"
49-94-0013,ATTRIBUTE_LABEL 3,arbor_diameter,Arbor Size,,derived,yes,,,"dimensional: 0.55 ('0.875' carries no unit; assuming millimeter. Unlabelled numbers are how inch/millimetre errors enter a catalog.) ; constraint: 1.00 (all 2 constraint(s) on arbor_diameter hold) ; identity: abstained (arbor_diameter is not an identity claim) ; vocabulary: abstained (arbor_diameter is quantity, not a controlled term)"
49-94-0013,ATTRIBUTE_VALUE 3,arbor_diameter,0.875,,extracted,no,,7/8,"dimensional: 0.55 ('0.875' carries no unit; assuming millimeter. Unlabelled numbers are how inch/millimetre errors enter a catalog.) ; constraint: 1.00 (all 2 constraint(s) on arbor_diameter hold) ; identity: abstained (arbor_diameter is not an identity claim) ; vocabulary: abstained (arbor_diameter is quantity, not a controlled term)"
49-94-0013,ATTRIBUTE_UOM 3,arbor_diameter,in,,derived,no,,,"dimensional: 0.55 ('0.875' carries no unit; assuming millimeter. Unlabelled numbers are how inch/millimetre errors enter a catalog.) ; constraint: 1.00 (all 2 constraint(s) on arbor_diameter hold) ; identity: abstained (arbor_diameter is not an identity claim) ; vocabulary: abstained (arbor_diameter is quantity, not a controlled term)"
49-94-0013,ATTRIBUTE_LABEL 4,material_application,Application,,derived,yes,,,"dimensional: abstained (material_application is nominal, not a physical quantity) ; constraint: abstained (no constraint in abrasive.cutoff_disc mentions material_application) ; identity: abstained (material_application is not an identity claim) ; vocabulary: 1.00 ('metal' is a declared term for material_application)"
49-94-0013,ATTRIBUTE_VALUE 4,material_application,metal,,extracted,no,,Metal,"dimensional: abstained (material_application is nominal, not a physical quantity) ; constraint: abstained (no constraint in abrasive.cutoff_disc mentions material_application) ; identity: abstained (material_application is not an identity claim) ; vocabulary: 1.00 ('metal' is a declared term for material_application)"
49-94-0013,ATTRIBUTE_LABEL 5,wheel_type,Wheel Type,,derived,yes,,,"dimensional: abstained (wheel_type is nominal, not a physical quantity) ; constraint: abstained (no constraint in abrasive.cutoff_disc mentions wheel_type) ; identity: abstained (wheel_type is not an identity claim) ; vocabulary: 0.00 ('Cut Off' is not a term wheel_type accepts. This category allows 'type 1 flat', 'type 27 depressed center', 'type 41 flat', 'type 42 depressed center'. A plausible-sounding value outside the vocabulary is exactly the failure a confidence score does not catch.)"
49-94-0013,ATTRIBUTE_VALUE 5,wheel_type,Cut Off,,extracted,no,,Cut Off,"dimensional: abstained (wheel_type is nominal, not a physical quantity) ; constraint: abstained (no constraint in abrasive.cutoff_disc mentions wheel_type) ; identity: abstained (wheel_type is not an identity claim) ; vocabulary: 0.00 ('Cut Off' is not a term wheel_type accepts. This category allows 'type 1 flat', 'type 27 depressed center', 'type 41 flat', 'type 42 depressed center'. A plausible-sounding value outside the vocabulary is exactly the failure a confidence score does not catch.)"
49-94-0013,ATTRIBUTE_LABEL 6,abrasive_grain,Abrasive,,derived,yes,,,
49-94-0013,ATTRIBUTE_LABEL 7,max_rpm,Maximum Speed,,derived,yes,,,
49-94-0013,ATTRIBUTE_LABEL 8,pack_quantity,Quantity,,derived,yes,,,"dimensional: 0.55 ('1' carries no unit; assuming dimensionless. Unlabelled numbers are how inch/millimetre errors enter a catalog.) ; constraint: 1.00 (all 1 constraint(s) on pack_quantity hold) ; identity: abstained (pack_quantity is not an identity claim) ; vocabulary: abstained (pack_quantity is quantity, not a controlled term)"
49-94-0013,ATTRIBUTE_VALUE 8,pack_quantity,1,,extracted,no,,1,"dimensional: 0.55 ('1' carries no unit; assuming dimensionless. Unlabelled numbers are how inch/millimetre errors enter a catalog.) ; constraint: 1.00 (all 1 constraint(s) on pack_quantity hold) ; identity: abstained (pack_quantity is not an identity claim) ; vocabulary: abstained (pack_quantity is quantity, not a controlled term)"
49-94-0013,UNSPSC,,23101500,,routed,yes,,"Cut | Off | Disc | Metal | Cut Off | 5""x.045""x7/8""",
49-94-0013,Selling Qty,pack_quantity,1,,derived,yes,,1,"dimensional: 0.55 ('1' carries no unit; assuming dimensionless. Unlabelled numbers are how inch/millimetre errors enter a catalog.) ; constraint: 1.00 (all 1 constraint(s) on pack_quantity hold) ; identity: abstained (pack_quantity is not an identity claim) ; vocabulary: abstained (pack_quantity is quantity, not a controlled term)"
49-94-0013,Selling UOM,pack_quantity,EA,,derived,yes,,,"dimensional: 0.55 ('1' carries no unit; assuming dimensionless. Unlabelled numbers are how inch/millimetre errors enter a catalog.) ; constraint: 1.00 (all 1 constraint(s) on pack_quantity hold) ; identity: abstained (pack_quantity is not an identity claim) ; vocabulary: abstained (pack_quantity is quantity, not a controlled term)"
49-94-0029,Dept,,Tools & Equipment,,routed,yes,,Cut | Off | Disc | Metal | DKO | Cut Off,
49-94-0029,Class,,Power Tool Accessories,,routed,yes,,Cut | Off | Disc | Metal | DKO | Cut Off,
49-94-0029,Fine,,Cut-Off & Grinding Wheels,,routed,yes,,Cut | Off | Disc | Metal | DKO | Cut Off,
49-94-0029,Mfg_Part_Num,,49-94-0029,,passthrough,yes,,,
49-94-0029,Part_Desc,,"49-94-0029 Milw 6-1/2""x1/8""x5/8"" DKO Metal Cut Off Disc",,passthrough,yes,,,
49-94-0029,E1_Brand,,-- Unbranded --,,passthrough,yes,,,
49-94-0029,Unilog_Brand,,-- No Unilog Brand --,,passthrough,yes,,,
49-94-0029,DIB_Brand,,-- No DIB Brand --,,passthrough,yes,,,
49-94-0029,Part_Manuf,,Milwaukee Accessory (4031),,passthrough,yes,,,
49-94-0029,MANUFACTURER_NAME,,Milwaukee Accessory,,passthrough,yes,,,
49-94-0029,MANUFACTURER_PART_NUMBER,,49-94-0029,,passthrough,yes,,,
49-94-0029,Classpath,,Tools & Equipment>Power Tool Accessories>Abrasive Wheels,,routed,yes,,Cut | Off | Disc | Metal | DKO | Cut Off,
49-94-0029,MOBILE_DESC,,"Milwaukee Accessory, Cut-Off Wheel, 49-94-0029, 6.5 in Diameter",,composed,yes,,6-1/2,
49-94-0029,INVOICE_DESC,,CUT-OFF WHEEL 6.5IN 0.125IN 0.625IN 1,,composed,yes,,6-1/2 | 1/8 | 5/8 | 1,
49-94-0029,SHORT_DESC,,"49-94-0029 Cut-Off Wheel, 6.5 in Diameter, 0.125 in Thickness, 0.625 in Arbor Size, DKO Metal Application",,composed,yes,,6-1/2 | 1/8 | 5/8 | DKO Metal,
49-94-0029,LONG_DESC1,,"Cut-Off Wheel, 6.5 in Diameter, 0.125 in Thickness, 0.625 in Arbor Size, DKO Metal Application, Cut Off Wheel Type, 1 Quantity",,composed,yes,,6-1/2 | 1/8 | 5/8 | DKO Metal | Cut Off | 1,
49-94-0029,RETAIL_DESC,,"Cut-Off Wheel, 6.5 in Diameter, 0.125 in Thickness, 0.625 in Arbor Size, DKO Metal Application, Cut Off Wheel Type",,composed,yes,,6-1/2 | 1/8 | 5/8 | DKO Metal | Cut Off,
49-94-0029,ITEM_FEATURES_1,,6.5 in,,composed,yes,,6-1/2,
49-94-0029,ITEM_FEATURES_2,,0.125 in,,composed,yes,,1/8,
49-94-0029,ITEM_FEATURES_3,,0.625 in,,composed,yes,,5/8,
49-94-0029,Application,material_application,DKO Metal,,derived,yes,,DKO Metal,"dimensional: abstained (material_application is nominal, not a physical quantity) ; constraint: abstained (no constraint in abrasive.cutoff_disc mentions material_application) ; identity: abstained (material_application is not an identity claim) ; vocabulary: 0.35 ('DKO Metal' is not exactly a declared term for material_application but overlaps 'metal'; the extra wording may be a real distinction or may be noise carried from the description)"
49-94-0029,ATTRIBUTE_LABEL 1,disc_diameter,Diameter,,derived,yes,,,"dimensional: 0.55 ('6.5' carries no unit; assuming millimeter. Unlabelled numbers are how inch/millimetre errors enter a catalog.) ; constraint: 1.00 (all 3 constraint(s) on disc_diameter hold) ; identity: abstained (disc_diameter is not an identity claim) ; vocabulary: abstained (disc_diameter is quantity, not a controlled term)"
49-94-0029,ATTRIBUTE_VALUE 1,disc_diameter,6.5,,extracted,no,,6-1/2,"dimensional: 0.55 ('6.5' carries no unit; assuming millimeter. Unlabelled numbers are how inch/millimetre errors enter a catalog.) ; constraint: 1.00 (all 3 constraint(s) on disc_diameter hold) ; identity: abstained (disc_diameter is not an identity claim) ; vocabulary: abstained (disc_diameter is quantity, not a controlled term)"
49-94-0029,ATTRIBUTE_UOM 1,disc_diameter,in,,derived,no,,,"dimensional: 0.55 ('6.5' carries no unit; assuming millimeter. Unlabelled numbers are how inch/millimetre errors enter a catalog.) ; constraint: 1.00 (all 3 constraint(s) on disc_diameter hold) ; identity: abstained (disc_diameter is not an identity claim) ; vocabulary: abstained (disc_diameter is quantity, not a controlled term)"
49-94-0029,ATTRIBUTE_LABEL 2,thickness,Thickness,,derived,yes,,,"dimensional: 0.55 ('0.125' carries no unit; assuming millimeter. Unlabelled numbers are how inch/millimetre errors enter a catalog.) ; constraint: 1.00 (all 2 constraint(s) on thickness hold) ; identity: abstained (thickness is not an identity claim) ; vocabulary: abstained (thickness is quantity, not a controlled term)"
49-94-0029,ATTRIBUTE_VALUE 2,thickness,0.125,,extracted,no,,1/8,"dimensional: 0.55 ('0.125' carries no unit; assuming millimeter. Unlabelled numbers are how inch/millimetre errors enter a catalog.) ; constraint: 1.00 (all 2 constraint(s) on thickness hold) ; identity: abstained (thickness is not an identity claim) ; vocabulary: abstained (thickness is quantity, not a controlled term)"
49-94-0029,ATTRIBUTE_UOM 2,thickness,in,,derived,no,,,"dimensional: 0.55 ('0.125' carries no unit; assuming millimeter. Unlabelled numbers are how inch/millimetre errors enter a catalog.) ; constraint: 1.00 (all 2 constraint(s) on thickness hold) ; identity: abstained (thickness is not an identity claim) ; vocabulary: abstained (thickness is quantity, not a controlled term)"
49-94-0029,ATTRIBUTE_LABEL 3,arbor_diameter,Arbor Size,,derived,yes,,,"dimensional: 0.55 ('0.625' carries no unit; assuming millimeter. Unlabelled numbers are how inch/millimetre errors enter a catalog.) ; constraint: 1.00 (all 2 constraint(s) on arbor_diameter hold) ; identity: abstained (arbor_diameter is not an identity claim) ; vocabulary: abstained (arbor_diameter is quantity, not a controlled term)"
49-94-0029,ATTRIBUTE_VALUE 3,arbor_diameter,0.625,,extracted,no,,5/8,"dimensional: 0.55 ('0.625' carries no unit; assuming millimeter. Unlabelled numbers are how inch/millimetre errors enter a catalog.) ; constraint: 1.00 (all 2 constraint(s) on arbor_diameter hold) ; identity: abstained (arbor_diameter is not an identity claim) ; vocabulary: abstained (arbor_diameter is quantity, not a controlled term)"
49-94-0029,ATTRIBUTE_UOM 3,arbor_diameter,in,,derived,no,,,"dimensional: 0.55 ('0.625' carries no unit; assuming millimeter. Unlabelled numbers are how inch/millimetre errors enter a catalog.) ; constraint: 1.00 (all 2 constraint(s) on arbor_diameter hold) ; identity: abstained (arbor_diameter is not an identity claim) ; vocabulary: abstained (arbor_diameter is quantity, not a controlled term)"
49-94-0029,ATTRIBUTE_LABEL 4,material_application,Application,,derived,yes,,,"dimensional: abstained (material_application is nominal, not a physical quantity) ; constraint: abstained (no constraint in abrasive.cutoff_disc mentions material_application) ; identity: abstained (material_application is not an identity claim) ; vocabulary: 0.35 ('DKO Metal' is not exactly a declared term for material_application but overlaps 'metal'; the extra wording may be a real distinction or may be noise carried from the description)"
49-94-0029,ATTRIBUTE_VALUE 4,material_application,DKO Metal,,extracted,no,,DKO Metal,"dimensional: abstained (material_application is nominal, not a physical quantity) ; constraint: abstained (no constraint in abrasive.cutoff_disc mentions material_application) ; identity: abstained (material_application is not an identity claim) ; vocabulary: 0.35 ('DKO Metal' is not exactly a declared term for material_application but overlaps 'metal'; the extra wording may be a real distinction or may be noise carried from the description)"
49-94-0029,ATTRIBUTE_LABEL 5,wheel_type,Wheel Type,,derived,yes,,,"dimensional: abstained (wheel_type is nominal, not a physical quantity) ; constraint: abstained (no constraint in abrasive.cutoff_disc mentions wheel_type) ; identity: abstained (wheel_type is not an identity claim) ; vocabulary: 0.00 ('Cut Off' is not a term wheel_type accepts. This category allows 'type 1 flat', 'type 27 depressed center', 'type 41 flat', 'type 42 depressed center'. A plausible-sounding value outside the vocabulary is exactly the failure a confidence score does not catch.)"
49-94-0029,ATTRIBUTE_VALUE 5,wheel_type,Cut Off,,extracted,no,,Cut Off,"dimensional: abstained (wheel_type is nominal, not a physical quantity) ; constraint: abstained (no constraint in abrasive.cutoff_disc mentions wheel_type) ; identity: abstained (wheel_type is not an identity claim) ; vocabulary: 0.00 ('Cut Off' is not a term wheel_type accepts. This category allows 'type 1 flat', 'type 27 depressed center', 'type 41 flat', 'type 42 depressed center'. A plausible-sounding value outside the vocabulary is exactly the failure a confidence score does not catch.)"
49-94-0029,ATTRIBUTE_LABEL 6,abrasive_grain,Abrasive,,derived,yes,,,
49-94-0029,ATTRIBUTE_LABEL 7,max_rpm,Maximum Speed,,derived,yes,,,
49-94-0029,ATTRIBUTE_LABEL 8,pack_quantity,Quantity,,derived,yes,,,"dimensional: 0.55 ('1' carries no unit; assuming dimensionless. Unlabelled numbers are how inch/millimetre errors enter a catalog.) ; constraint: 1.00 (all 1 constraint(s) on pack_quantity hold) ; identity: abstained (pack_quantity is not an identity claim) ; vocabulary: abstained (pack_quantity is quantity, not a controlled term)"
49-94-0029,ATTRIBUTE_VALUE 8,pack_quantity,1,,extracted,no,,1,"dimensional: 0.55 ('1' carries no unit; assuming dimensionless. Unlabelled numbers are how inch/millimetre errors enter a catalog.) ; constraint: 1.00 (all 1 constraint(s) on pack_quantity hold) ; identity: abstained (pack_quantity is not an identity claim) ; vocabulary: abstained (pack_quantity is quantity, not a controlled term)"
49-94-0029,UNSPSC,,23101500,,routed,yes,,Cut | Off | Disc | Metal | DKO | Cut Off,
49-94-0029,Selling Qty,pack_quantity,1,,derived,yes,,1,"dimensional: 0.55 ('1' carries no unit; assuming dimensionless. Unlabelled numbers are how inch/millimetre errors enter a catalog.) ; constraint: 1.00 (all 1 constraint(s) on pack_quantity hold) ; identity: abstained (pack_quantity is not an identity claim) ; vocabulary: abstained (pack_quantity is quantity, not a controlled term)"
49-94-0029,Selling UOM,pack_quantity,EA,,derived,yes,,,"dimensional: 0.55 ('1' carries no unit; assuming dimensionless. Unlabelled numbers are how inch/millimetre errors enter a catalog.) ; constraint: 1.00 (all 1 constraint(s) on pack_quantity hold) ; identity: abstained (pack_quantity is not an identity claim) ; vocabulary: abstained (pack_quantity is quantity, not a controlled term)"
49-94-0033,Dept,,Tools & Equipment,,routed,yes,,"Cut | Off | Disc | Metal | Cut Off | 7""x1/16""x7/8""",
49-94-0033,Class,,Power Tool Accessories,,routed,yes,,"Cut | Off | Disc | Metal | Cut Off | 7""x1/16""x7/8""",
49-94-0033,Fine,,Cut-Off & Grinding Wheels,,routed,yes,,"Cut | Off | Disc | Metal | Cut Off | 7""x1/16""x7/8""",
49-94-0033,Mfg_Part_Num,,49-94-0033,,passthrough,yes,,,
49-94-0033,Part_Desc,,"49-94-0033 Milw 7""x1/16""x7/8"" Metal Cut Off Disc",,passthrough,yes,,,
49-94-0033,E1_Brand,,-- Unbranded --,,passthrough,yes,,,
49-94-0033,Unilog_Brand,,-- No Unilog Brand --,,passthrough,yes,,,
49-94-0033,DIB_Brand,,-- No DIB Brand --,,passthrough,yes,,,
49-94-0033,Part_Manuf,,Milwaukee Accessory (4031),,passthrough,yes,,,
49-94-0033,MANUFACTURER_NAME,,Milwaukee Accessory,,passthrough,yes,,,
49-94-0033,MANUFACTURER_PART_NUMBER,,49-94-0033,,passthrough,yes,,,
49-94-0033,Classpath,,Tools & Equipment>Power Tool Accessories>Abrasive Wheels,,routed,yes,,"Cut | Off | Disc | Metal | Cut Off | 7""x1/16""x7/8""",
49-94-0033,MOBILE_DESC,,"Milwaukee Accessory, Cut-Off Wheel, 49-94-0033, 7 in Diameter",,composed,yes,,7,
49-94-0033,INVOICE_DESC,,CUT-OFF WHEEL 7IN 0.0625IN 0.875IN METAL,,composed,yes,,7 | 1/16 | 7/8 | Metal,
49-94-0033,SHORT_DESC,,"49-94-0033 Cut-Off Wheel, 7 in Diameter, 0.0625 in Thickness, 0.875 in Arbor Size, metal Application, Cut Off Wheel Type",,composed,yes,,7 | 1/16 | 7/8 | Metal | Cut Off,
49-94-0033,LONG_DESC1,,"Cut-Off Wheel, 7 in Diameter, 0.0625 in Thickness, 0.875 in Arbor Size, metal Application, Cut Off Wheel Type, 1 Quantity",,composed,yes,,7 | 1/16 | 7/8 | Metal | Cut Off | 1,
49-94-0033,RETAIL_DESC,,"Cut-Off Wheel, 7 in Diameter, 0.0625 in Thickness, 0.875 in Arbor Size, metal Application, Cut Off Wheel Type",,composed,yes,,7 | 1/16 | 7/8 | Metal | Cut Off,
49-94-0033,ITEM_FEATURES_1,,7 in,,composed,yes,,7,
49-94-0033,ITEM_FEATURES_2,,0.0625 in,,composed,yes,,1/16,
49-94-0033,ITEM_FEATURES_3,,0.875 in,,composed,yes,,7/8,
49-94-0033,Application,material_application,metal,,derived,yes,,Metal,"dimensional: abstained (material_application is nominal, not a physical quantity) ; constraint: abstained (no constraint in abrasive.cutoff_disc mentions material_application) ; identity: abstained (material_application is not an identity claim) ; vocabulary: 1.00 ('metal' is a declared term for material_application)"
49-94-0033,ATTRIBUTE_LABEL 1,disc_diameter,Diameter,,derived,yes,,,"dimensional: 0.55 ('7' carries no unit; assuming millimeter. Unlabelled numbers are how inch/millimetre errors enter a catalog.) ; constraint: 1.00 (all 3 constraint(s) on disc_diameter hold) ; identity: abstained (disc_diameter is not an identity claim) ; vocabulary: abstained (disc_diameter is quantity, not a controlled term)"
49-94-0033,ATTRIBUTE_VALUE 1,disc_diameter,7,,extracted,no,,7,"dimensional: 0.55 ('7' carries no unit; assuming millimeter. Unlabelled numbers are how inch/millimetre errors enter a catalog.) ; constraint: 1.00 (all 3 constraint(s) on disc_diameter hold) ; identity: abstained (disc_diameter is not an identity claim) ; vocabulary: abstained (disc_diameter is quantity, not a controlled term)"
49-94-0033,ATTRIBUTE_UOM 1,disc_diameter,in,,derived,no,,,"dimensional: 0.55 ('7' carries no unit; assuming millimeter. Unlabelled numbers are how inch/millimetre errors enter a catalog.) ; constraint: 1.00 (all 3 constraint(s) on disc_diameter hold) ; identity: abstained (disc_diameter is not an identity claim) ; vocabulary: abstained (disc_diameter is quantity, not a controlled term)"
49-94-0033,ATTRIBUTE_LABEL 2,thickness,Thickness,,derived,yes,,,"dimensional: 0.55 ('0.0625' carries no unit; assuming millimeter. Unlabelled numbers are how inch/millimetre errors enter a catalog.) ; constraint: 1.00 (all 2 constraint(s) on thickness hold) ; identity: abstained (thickness is not an identity claim) ; vocabulary: abstained (thickness is quantity, not a controlled term)"
49-94-0033,ATTRIBUTE_VALUE 2,thickness,0.0625,,extracted,no,,1/16,"dimensional: 0.55 ('0.0625' carries no unit; assuming millimeter. Unlabelled numbers are how inch/millimetre errors enter a catalog.) ; constraint: 1.00 (all 2 constraint(s) on thickness hold) ; identity: abstained (thickness is not an identity claim) ; vocabulary: abstained (thickness is quantity, not a controlled term)"
49-94-0033,ATTRIBUTE_UOM 2,thickness,in,,derived,no,,,"dimensional: 0.55 ('0.0625' carries no unit; assuming millimeter. Unlabelled numbers are how inch/millimetre errors enter a catalog.) ; constraint: 1.00 (all 2 constraint(s) on thickness hold) ; identity: abstained (thickness is not an identity claim) ; vocabulary: abstained (thickness is quantity, not a controlled term)"
49-94-0033,ATTRIBUTE_LABEL 3,arbor_diameter,Arbor Size,,derived,yes,,,"dimensional: 0.55 ('0.875' carries no unit; assuming millimeter. Unlabelled numbers are how inch/millimetre errors enter a catalog.) ; constraint: 1.00 (all 2 constraint(s) on arbor_diameter hold) ; identity: abstained (arbor_diameter is not an identity claim) ; vocabulary: abstained (arbor_diameter is quantity, not a controlled term)"
49-94-0033,ATTRIBUTE_VALUE 3,arbor_diameter,0.875,,extracted,no,,7/8,"dimensional: 0.55 ('0.875' carries no unit; assuming millimeter. Unlabelled numbers are how inch/millimetre errors enter a catalog.) ; constraint: 1.00 (all 2 constraint(s) on arbor_diameter hold) ; identity: abstained (arbor_diameter is not an identity claim) ; vocabulary: abstained (arbor_diameter is quantity, not a controlled term)"
49-94-0033,ATTRIBUTE_UOM 3,arbor_diameter,in,,derived,no,,,"dimensional: 0.55 ('0.875' carries no unit; assuming millimeter. Unlabelled numbers are how inch/millimetre errors enter a catalog.) ; constraint: 1.00 (all 2 constraint(s) on arbor_diameter hold) ; identity: abstained (arbor_diameter is not an identity claim) ; vocabulary: abstained (arbor_diameter is quantity, not a controlled term)"
49-94-0033,ATTRIBUTE_LABEL 4,material_application,Application,,derived,yes,,,"dimensional: abstained (material_application is nominal, not a physical quantity) ; constraint: abstained (no constraint in abrasive.cutoff_disc mentions material_application) ; identity: abstained (material_application is not an identity claim) ; vocabulary: 1.00 ('metal' is a declared term for material_application)"
49-94-0033,ATTRIBUTE_VALUE 4,material_application,metal,,extracted,no,,Metal,"dimensional: abstained (material_application is nominal, not a physical quantity) ; constraint: abstained (no constraint in abrasive.cutoff_disc mentions material_application) ; identity: abstained (material_application is not an identity claim) ; vocabulary: 1.00 ('metal' is a declared term for material_application)"
49-94-0033,ATTRIBUTE_LABEL 5,wheel_type,Wheel Type,,derived,yes,,,"dimensional: abstained (wheel_type is nominal, not a physical quantity) ; constraint: abstained (no constraint in abrasive.cutoff_disc mentions wheel_type) ; identity: abstained (wheel_type is not an identity claim) ; vocabulary: 0.00 ('Cut Off' is not a term wheel_type accepts. This category allows 'type 1 flat', 'type 27 depressed center', 'type 41 flat', 'type 42 depressed center'. A plausible-sounding value outside the vocabulary is exactly the failure a confidence score does not catch.)"
49-94-0033,ATTRIBUTE_VALUE 5,wheel_type,Cut Off,,extracted,no,,Cut Off,"dimensional: abstained (wheel_type is nominal, not a physical quantity) ; constraint: abstained (no constraint in abrasive.cutoff_disc mentions wheel_type) ; identity: abstained (wheel_type is not an identity claim) ; vocabulary: 0.00 ('Cut Off' is not a term wheel_type accepts. This category allows 'type 1 flat', 'type 27 depressed center', 'type 41 flat', 'type 42 depressed center'. A plausible-sounding value outside the vocabulary is exactly the failure a confidence score does not catch.)"
49-94-0033,ATTRIBUTE_LABEL 6,abrasive_grain,Abrasive,,derived,yes,,,
49-94-0033,ATTRIBUTE_LABEL 7,max_rpm,Maximum Speed,,derived,yes,,,
49-94-0033,ATTRIBUTE_LABEL 8,pack_quantity,Quantity,,derived,yes,,,"dimensional: 0.55 ('1' carries no unit; assuming dimensionless. Unlabelled numbers are how inch/millimetre errors enter a catalog.) ; constraint: 1.00 (all 1 constraint(s) on pack_quantity hold) ; identity: abstained (pack_quantity is not an identity claim) ; vocabulary: abstained (pack_quantity is quantity, not a controlled term)"
49-94-0033,ATTRIBUTE_VALUE 8,pack_quantity,1,,extracted,no,,1,"dimensional: 0.55 ('1' carries no unit; assuming dimensionless. Unlabelled numbers are how inch/millimetre errors enter a catalog.) ; constraint: 1.00 (all 1 constraint(s) on pack_quantity hold) ; identity: abstained (pack_quantity is not an identity claim) ; vocabulary: abstained (pack_quantity is quantity, not a controlled term)"
49-94-0033,UNSPSC,,23101500,,routed,yes,,"Cut | Off | Disc | Metal | Cut Off | 7""x1/16""x7/8""",
49-94-0033,Selling Qty,pack_quantity,1,,derived,yes,,1,"dimensional: 0.55 ('1' carries no unit; assuming dimensionless. Unlabelled numbers are how inch/millimetre errors enter a catalog.) ; constraint: 1.00 (all 1 constraint(s) on pack_quantity hold) ; identity: abstained (pack_quantity is not an identity claim) ; vocabulary: abstained (pack_quantity is quantity, not a controlled term)"
49-94-0033,Selling UOM,pack_quantity,EA,,derived,yes,,,"dimensional: 0.55 ('1' carries no unit; assuming dimensionless. Unlabelled numbers are how inch/millimetre errors enter a catalog.) ; constraint: 1.00 (all 1 constraint(s) on pack_quantity hold) ; identity: abstained (pack_quantity is not an identity claim) ; vocabulary: abstained (pack_quantity is quantity, not a controlled term)"
49-94-0001,Dept,,Tools & Equipment,,routed,yes,,"Cut | Off | Disc | Metal | Cut Off | 4""x.040""x5/8""",
49-94-0001,Class,,Power Tool Accessories,,routed,yes,,"Cut | Off | Disc | Metal | Cut Off | 4""x.040""x5/8""",
49-94-0001,Fine,,Cut-Off & Grinding Wheels,,routed,yes,,"Cut | Off | Disc | Metal | Cut Off | 4""x.040""x5/8""",
49-94-0001,Mfg_Part_Num,,49-94-0001,,passthrough,yes,,,
49-94-0001,Part_Desc,,"49-94-0001 Milw 4""x.040""x5/8"" Metal Cut Off Disc",,passthrough,yes,,,
49-94-0001,E1_Brand,,-- Unbranded --,,passthrough,yes,,,
49-94-0001,Unilog_Brand,,-- No Unilog Brand --,,passthrough,yes,,,
49-94-0001,DIB_Brand,,-- No DIB Brand --,,passthrough,yes,,,
49-94-0001,Part_Manuf,,Milwaukee Accessory (4031),,passthrough,yes,,,
49-94-0001,MANUFACTURER_NAME,,Milwaukee Accessory,,passthrough,yes,,,
49-94-0001,MANUFACTURER_PART_NUMBER,,49-94-0001,,passthrough,yes,,,
49-94-0001,Classpath,,Tools & Equipment>Power Tool Accessories>Abrasive Wheels,,routed,yes,,"Cut | Off | Disc | Metal | Cut Off | 4""x.040""x5/8""",
49-94-0001,MOBILE_DESC,,"Milwaukee Accessory, Cut-Off Wheel, 49-94-0001, 4 in Diameter",,composed,yes,,4,
49-94-0001,INVOICE_DESC,,CUT-OFF WHEEL 4IN .040IN 0.625IN METAL 1,,composed,yes,,4 | .040 | 5/8 | Metal | 1,
49-94-0001,SHORT_DESC,,"49-94-0001 Cut-Off Wheel, 4 in Diameter, .040 in Thickness, 0.625 in Arbor Size, metal Application, Cut Off Wheel Type",,composed,yes,,4 | .040 | 5/8 | Metal | Cut Off,
49-94-0001,LONG_DESC1,,"Cut-Off Wheel, 4 in Diameter, .040 in Thickness, 0.625 in Arbor Size, metal Application, Cut Off Wheel Type, 1 Quantity",,composed,yes,,4 | .040 | 5/8 | Metal | Cut Off | 1,
49-94-0001,RETAIL_DESC,,"Cut-Off Wheel, 4 in Diameter, .040 in Thickness, 0.625 in Arbor Size, metal Application, Cut Off Wheel Type, 1 Quantity",,composed,yes,,4 | .040 | 5/8 | Metal | Cut Off | 1,
49-94-0001,ITEM_FEATURES_1,,4 in,,composed,yes,,4,
49-94-0001,ITEM_FEATURES_2,,.040 in,,composed,yes,,.040,
49-94-0001,ITEM_FEATURES_3,,0.625 in,,composed,yes,,5/8,
49-94-0001,Application,material_application,metal,,derived,yes,,Metal,"dimensional: abstained (material_application is nominal, not a physical quantity) ; constraint: abstained (no constraint in abrasive.cutoff_disc mentions material_application) ; identity: abstained (material_application is not an identity claim) ; vocabulary: 1.00 ('metal' is a declared term for material_application)"
49-94-0001,ATTRIBUTE_LABEL 1,disc_diameter,Diameter,,derived,yes,,,"dimensional: 0.55 ('4' carries no unit; assuming millimeter. Unlabelled numbers are how inch/millimetre errors enter a catalog.) ; constraint: 1.00 (all 3 constraint(s) on disc_diameter hold) ; identity: abstained (disc_diameter is not an identity claim) ; vocabulary: abstained (disc_diameter is quantity, not a controlled term)"
49-94-0001,ATTRIBUTE_VALUE 1,disc_diameter,4,,extracted,no,,4,"dimensional: 0.55 ('4' carries no unit; assuming millimeter. Unlabelled numbers are how inch/millimetre errors enter a catalog.) ; constraint: 1.00 (all 3 constraint(s) on disc_diameter hold) ; identity: abstained (disc_diameter is not an identity claim) ; vocabulary: abstained (disc_diameter is quantity, not a controlled term)"
49-94-0001,ATTRIBUTE_UOM 1,disc_diameter,in,,derived,no,,,"dimensional: 0.55 ('4' carries no unit; assuming millimeter. Unlabelled numbers are how inch/millimetre errors enter a catalog.) ; constraint: 1.00 (all 3 constraint(s) on disc_diameter hold) ; identity: abstained (disc_diameter is not an identity claim) ; vocabulary: abstained (disc_diameter is quantity, not a controlled term)"
49-94-0001,ATTRIBUTE_LABEL 2,thickness,Thickness,,derived,yes,,,"dimensional: 0.55 ('.040' carries no unit; assuming millimeter. Unlabelled numbers are how inch/millimetre errors enter a catalog.) ; constraint: 1.00 (all 2 constraint(s) on thickness hold) ; identity: abstained (thickness is not an identity claim) ; vocabulary: abstained (thickness is quantity, not a controlled term)"
49-94-0001,ATTRIBUTE_VALUE 2,thickness,.040,,extracted,no,,.040,"dimensional: 0.55 ('.040' carries no unit; assuming millimeter. Unlabelled numbers are how inch/millimetre errors enter a catalog.) ; constraint: 1.00 (all 2 constraint(s) on thickness hold) ; identity: abstained (thickness is not an identity claim) ; vocabulary: abstained (thickness is quantity, not a controlled term)"
49-94-0001,ATTRIBUTE_UOM 2,thickness,in,,derived,no,,,"dimensional: 0.55 ('.040' carries no unit; assuming millimeter. Unlabelled numbers are how inch/millimetre errors enter a catalog.) ; constraint: 1.00 (all 2 constraint(s) on thickness hold) ; identity: abstained (thickness is not an identity claim) ; vocabulary: abstained (thickness is quantity, not a controlled term)"
49-94-0001,ATTRIBUTE_LABEL 3,arbor_diameter,Arbor Size,,derived,yes,,,"dimensional: 0.55 ('0.625' carries no unit; assuming millimeter. Unlabelled numbers are how inch/millimetre errors enter a catalog.) ; constraint: 1.00 (all 2 constraint(s) on arbor_diameter hold) ; identity: abstained (arbor_diameter is not an identity claim) ; vocabulary: abstained (arbor_diameter is quantity, not a controlled term)"
49-94-0001,ATTRIBUTE_VALUE 3,arbor_diameter,0.625,,extracted,no,,5/8,"dimensional: 0.55 ('0.625' carries no unit; assuming millimeter. Unlabelled numbers are how inch/millimetre errors enter a catalog.) ; constraint: 1.00 (all 2 constraint(s) on arbor_diameter hold) ; identity: abstained (arbor_diameter is not an identity claim) ; vocabulary: abstained (arbor_diameter is quantity, not a controlled term)"
49-94-0001,ATTRIBUTE_UOM 3,arbor_diameter,in,,derived,no,,,"dimensional: 0.55 ('0.625' carries no unit; assuming millimeter. Unlabelled numbers are how inch/millimetre errors enter a catalog.) ; constraint: 1.00 (all 2 constraint(s) on arbor_diameter hold) ; identity: abstained (arbor_diameter is not an identity claim) ; vocabulary: abstained (arbor_diameter is quantity, not a controlled term)"
49-94-0001,ATTRIBUTE_LABEL 4,material_application,Application,,derived,yes,,,"dimensional: abstained (material_application is nominal, not a physical quantity) ; constraint: abstained (no constraint in abrasive.cutoff_disc mentions material_application) ; identity: abstained (material_application is not an identity claim) ; vocabulary: 1.00 ('metal' is a declared term for material_application)"
49-94-0001,ATTRIBUTE_VALUE 4,material_application,metal,,extracted,no,,Metal,"dimensional: abstained (material_application is nominal, not a physical quantity) ; constraint: abstained (no constraint in abrasive.cutoff_disc mentions material_application) ; identity: abstained (material_application is not an identity claim) ; vocabulary: 1.00 ('metal' is a declared term for material_application)"
49-94-0001,ATTRIBUTE_LABEL 5,wheel_type,Wheel Type,,derived,yes,,,"dimensional: abstained (wheel_type is nominal, not a physical quantity) ; constraint: abstained (no constraint in abrasive.cutoff_disc mentions wheel_type) ; identity: abstained (wheel_type is not an identity claim) ; vocabulary: 0.00 ('Cut Off' is not a term wheel_type accepts. This category allows 'type 1 flat', 'type 27 depressed center', 'type 41 flat', 'type 42 depressed center'. A plausible-sounding value outside the vocabulary is exactly the failure a confidence score does not catch.)"
49-94-0001,ATTRIBUTE_VALUE 5,wheel_type,Cut Off,,extracted,no,,Cut Off,"dimensional: abstained (wheel_type is nominal, not a physical quantity) ; constraint: abstained (no constraint in abrasive.cutoff_disc mentions wheel_type) ; identity: abstained (wheel_type is not an identity claim) ; vocabulary: 0.00 ('Cut Off' is not a term wheel_type accepts. This category allows 'type 1 flat', 'type 27 depressed center', 'type 41 flat', 'type 42 depressed center'. A plausible-sounding value outside the vocabulary is exactly the failure a confidence score does not catch.)"
49-94-0001,ATTRIBUTE_LABEL 6,abrasive_grain,Abrasive,,derived,yes,,,
49-94-0001,ATTRIBUTE_LABEL 7,max_rpm,Maximum Speed,,derived,yes,,,
49-94-0001,ATTRIBUTE_LABEL 8,pack_quantity,Quantity,,derived,yes,,,"dimensional: 0.55 ('1' carries no unit; assuming dimensionless. Unlabelled numbers are how inch/millimetre errors enter a catalog.) ; constraint: 1.00 (all 1 constraint(s) on pack_quantity hold) ; identity: abstained (pack_quantity is not an identity claim) ; vocabulary: abstained (pack_quantity is quantity, not a controlled term)"
49-94-0001,ATTRIBUTE_VALUE 8,pack_quantity,1,,extracted,no,,1,"dimensional: 0.55 ('1' carries no unit; assuming dimensionless. Unlabelled numbers are how inch/millimetre errors enter a catalog.) ; constraint: 1.00 (all 1 constraint(s) on pack_quantity hold) ; identity: abstained (pack_quantity is not an identity claim) ; vocabulary: abstained (pack_quantity is quantity, not a controlled term)"
49-94-0001,UNSPSC,,23101500,,routed,yes,,"Cut | Off | Disc | Metal | Cut Off | 4""x.040""x5/8""",
49-94-0001,Selling Qty,pack_quantity,1,,derived,yes,,1,"dimensional: 0.55 ('1' carries no unit; assuming dimensionless. Unlabelled numbers are how inch/millimetre errors enter a catalog.) ; constraint: 1.00 (all 1 constraint(s) on pack_quantity hold) ; identity: abstained (pack_quantity is not an identity claim) ; vocabulary: abstained (pack_quantity is quantity, not a controlled term)"
49-94-0001,Selling UOM,pack_quantity,EA,,derived,yes,,,"dimensional: 0.55 ('1' carries no unit; assuming dimensionless. Unlabelled numbers are how inch/millimetre errors enter a catalog.) ; constraint: 1.00 (all 1 constraint(s) on pack_quantity hold) ; identity: abstained (pack_quantity is not an identity claim) ; vocabulary: abstained (pack_quantity is quantity, not a controlled term)"
49-94-0039,Dept,,Tools & Equipment,,routed,yes,,Cut | Off | Disc | Metal | DKO | Cut Off,
49-94-0039,Class,,Power Tool Accessories,,routed,yes,,Cut | Off | Disc | Metal | DKO | Cut Off,
49-94-0039,Fine,,Cut-Off & Grinding Wheels,,routed,yes,,Cut | Off | Disc | Metal | DKO | Cut Off,
49-94-0039,Mfg_Part_Num,,49-94-0039,,passthrough,yes,,,
49-94-0039,Part_Desc,,"49-94-0039 Milw 7""x1/8""x5/8"" DKO Metal Cut Off Disc",,passthrough,yes,,,
49-94-0039,E1_Brand,,-- Unbranded --,,passthrough,yes,,,
49-94-0039,Unilog_Brand,,-- No Unilog Brand --,,passthrough,yes,,,
49-94-0039,DIB_Brand,,-- No DIB Brand --,,passthrough,yes,,,
49-94-0039,Part_Manuf,,Milwaukee Accessory (4031),,passthrough,yes,,,
49-94-0039,MANUFACTURER_NAME,,Milwaukee Accessory,,passthrough,yes,,,
49-94-0039,MANUFACTURER_PART_NUMBER,,49-94-0039,,passthrough,yes,,,
49-94-0039,Classpath,,Tools & Equipment>Power Tool Accessories>Abrasive Wheels,,routed,yes,,Cut | Off | Disc | Metal | DKO | Cut Off,
49-94-0039,MOBILE_DESC,,"Milwaukee Accessory, Cut-Off Wheel, 49-94-0039, 7 in Diameter",,composed,yes,,7,
49-94-0039,INVOICE_DESC,,CUT-OFF WHEEL 7IN 0.125IN 0.625IN METAL,,composed,yes,,7 | 1/8 | 5/8 | Metal,
49-94-0039,SHORT_DESC,,"49-94-0039 Cut-Off Wheel, 7 in Diameter, 0.125 in Thickness, 0.625 in Arbor Size, metal Application, Cut Off Wheel Type",,composed,yes,,7 | 1/8 | 5/8 | Metal | Cut Off,
49-94-0039,LONG_DESC1,,"Cut-Off Wheel, 7 in Diameter, 0.125 in Thickness, 0.625 in Arbor Size, metal Application, Cut Off Wheel Type, 1 Quantity",,composed,yes,,7 | 1/8 | 5/8 | Metal | Cut Off | 1,
49-94-0039,RETAIL_DESC,,"Cut-Off Wheel, 7 in Diameter, 0.125 in Thickness, 0.625 in Arbor Size, metal Application, Cut Off Wheel Type, 1 Quantity",,composed,yes,,7 | 1/8 | 5/8 | Metal | Cut Off | 1,
49-94-0039,ITEM_FEATURES_1,,7 in,,composed,yes,,7,
49-94-0039,ITEM_FEATURES_2,,0.125 in,,composed,yes,,1/8,
49-94-0039,ITEM_FEATURES_3,,0.625 in,,composed,yes,,5/8,
49-94-0039,Application,material_application,metal,,derived,yes,,Metal,"dimensional: abstained (material_application is nominal, not a physical quantity) ; constraint: abstained (no constraint in abrasive.cutoff_disc mentions material_application) ; identity: abstained (material_application is not an identity claim) ; vocabulary: 1.00 ('metal' is a declared term for material_application)"
49-94-0039,ATTRIBUTE_LABEL 1,disc_diameter,Diameter,,derived,yes,,,"dimensional: 0.55 ('7' carries no unit; assuming millimeter. Unlabelled numbers are how inch/millimetre errors enter a catalog.) ; constraint: 1.00 (all 3 constraint(s) on disc_diameter hold) ; identity: abstained (disc_diameter is not an identity claim) ; vocabulary: abstained (disc_diameter is quantity, not a controlled term)"
49-94-0039,ATTRIBUTE_VALUE 1,disc_diameter,7,,extracted,no,,7,"dimensional: 0.55 ('7' carries no unit; assuming millimeter. Unlabelled numbers are how inch/millimetre errors enter a catalog.) ; constraint: 1.00 (all 3 constraint(s) on disc_diameter hold) ; identity: abstained (disc_diameter is not an identity claim) ; vocabulary: abstained (disc_diameter is quantity, not a controlled term)"
49-94-0039,ATTRIBUTE_UOM 1,disc_diameter,in,,derived,no,,,"dimensional: 0.55 ('7' carries no unit; assuming millimeter. Unlabelled numbers are how inch/millimetre errors enter a catalog.) ; constraint: 1.00 (all 3 constraint(s) on disc_diameter hold) ; identity: abstained (disc_diameter is not an identity claim) ; vocabulary: abstained (disc_diameter is quantity, not a controlled term)"
49-94-0039,ATTRIBUTE_LABEL 2,thickness,Thickness,,derived,yes,,,"dimensional: 0.55 ('0.125' carries no unit; assuming millimeter. Unlabelled numbers are how inch/millimetre errors enter a catalog.) ; constraint: 1.00 (all 2 constraint(s) on thickness hold) ; identity: abstained (thickness is not an identity claim) ; vocabulary: abstained (thickness is quantity, not a controlled term)"
49-94-0039,ATTRIBUTE_VALUE 2,thickness,0.125,,extracted,no,,1/8,"dimensional: 0.55 ('0.125' carries no unit; assuming millimeter. Unlabelled numbers are how inch/millimetre errors enter a catalog.) ; constraint: 1.00 (all 2 constraint(s) on thickness hold) ; identity: abstained (thickness is not an identity claim) ; vocabulary: abstained (thickness is quantity, not a controlled term)"
49-94-0039,ATTRIBUTE_UOM 2,thickness,in,,derived,no,,,"dimensional: 0.55 ('0.125' carries no unit; assuming millimeter. Unlabelled numbers are how inch/millimetre errors enter a catalog.) ; constraint: 1.00 (all 2 constraint(s) on thickness hold) ; identity: abstained (thickness is not an identity claim) ; vocabulary: abstained (thickness is quantity, not a controlled term)"
49-94-0039,ATTRIBUTE_LABEL 3,arbor_diameter,Arbor Size,,derived,yes,,,"dimensional: 0.55 ('0.625' carries no unit; assuming millimeter. Unlabelled numbers are how inch/millimetre errors enter a catalog.) ; constraint: 1.00 (all 2 constraint(s) on arbor_diameter hold) ; identity: abstained (arbor_diameter is not an identity claim) ; vocabulary: abstained (arbor_diameter is quantity, not a controlled term)"
49-94-0039,ATTRIBUTE_VALUE 3,arbor_diameter,0.625,,extracted,no,,5/8,"dimensional: 0.55 ('0.625' carries no unit; assuming millimeter. Unlabelled numbers are how inch/millimetre errors enter a catalog.) ; constraint: 1.00 (all 2 constraint(s) on arbor_diameter hold) ; identity: abstained (arbor_diameter is not an identity claim) ; vocabulary: abstained (arbor_diameter is quantity, not a controlled term)"
49-94-0039,ATTRIBUTE_UOM 3,arbor_diameter,in,,derived,no,,,"dimensional: 0.55 ('0.625' carries no unit; assuming millimeter. Unlabelled numbers are how inch/millimetre errors enter a catalog.) ; constraint: 1.00 (all 2 constraint(s) on arbor_diameter hold) ; identity: abstained (arbor_diameter is not an identity claim) ; vocabulary: abstained (arbor_diameter is quantity, not a controlled term)"
49-94-0039,ATTRIBUTE_LABEL 4,material_application,Application,,derived,yes,,,"dimensional: abstained (material_application is nominal, not a physical quantity) ; constraint: abstained (no constraint in abrasive.cutoff_disc mentions material_application) ; identity: abstained (material_application is not an identity claim) ; vocabulary: 1.00 ('metal' is a declared term for material_application)"
49-94-0039,ATTRIBUTE_VALUE 4,material_application,metal,,extracted,no,,Metal,"dimensional: abstained (material_application is nominal, not a physical quantity) ; constraint: abstained (no constraint in abrasive.cutoff_disc mentions material_application) ; identity: abstained (material_application is not an identity claim) ; vocabulary: 1.00 ('metal' is a declared term for material_application)"
49-94-0039,ATTRIBUTE_LABEL 5,wheel_type,Wheel Type,,derived,yes,,,"dimensional: abstained (wheel_type is nominal, not a physical quantity) ; constraint: abstained (no constraint in abrasive.cutoff_disc mentions wheel_type) ; identity: abstained (wheel_type is not an identity claim) ; vocabulary: 0.00 ('Cut Off' is not a term wheel_type accepts. This category allows 'type 1 flat', 'type 27 depressed center', 'type 41 flat', 'type 42 depressed center'. A plausible-sounding value outside the vocabulary is exactly the failure a confidence score does not catch.)"
49-94-0039,ATTRIBUTE_VALUE 5,wheel_type,Cut Off,,extracted,no,,Cut Off,"dimensional: abstained (wheel_type is nominal, not a physical quantity) ; constraint: abstained (no constraint in abrasive.cutoff_disc mentions wheel_type) ; identity: abstained (wheel_type is not an identity claim) ; vocabulary: 0.00 ('Cut Off' is not a term wheel_type accepts. This category allows 'type 1 flat', 'type 27 depressed center', 'type 41 flat', 'type 42 depressed center'. A plausible-sounding value outside the vocabulary is exactly the failure a confidence score does not catch.)"
49-94-0039,ATTRIBUTE_LABEL 6,abrasive_grain,Abrasive,,derived,yes,,,
49-94-0039,ATTRIBUTE_LABEL 7,max_rpm,Maximum Speed,,derived,yes,,,
49-94-0039,ATTRIBUTE_LABEL 8,pack_quantity,Quantity,,derived,yes,,,"dimensional: 0.55 ('1' carries no unit; assuming dimensionless. Unlabelled numbers are how inch/millimetre errors enter a catalog.) ; constraint: 1.00 (all 1 constraint(s) on pack_quantity hold) ; identity: abstained (pack_quantity is not an identity claim) ; vocabulary: abstained (pack_quantity is quantity, not a controlled term)"
49-94-0039,ATTRIBUTE_VALUE 8,pack_quantity,1,,extracted,no,,1,"dimensional: 0.55 ('1' carries no unit; assuming dimensionless. Unlabelled numbers are how inch/millimetre errors enter a catalog.) ; constraint: 1.00 (all 1 constraint(s) on pack_quantity hold) ; identity: abstained (pack_quantity is not an identity claim) ; vocabulary: abstained (pack_quantity is quantity, not a controlled term)"
49-94-0039,UNSPSC,,23101500,,routed,yes,,Cut | Off | Disc | Metal | DKO | Cut Off,
49-94-0039,Selling Qty,pack_quantity,1,,derived,yes,,1,"dimensional: 0.55 ('1' carries no unit; assuming dimensionless. Unlabelled numbers are how inch/millimetre errors enter a catalog.) ; constraint: 1.00 (all 1 constraint(s) on pack_quantity hold) ; identity: abstained (pack_quantity is not an identity claim) ; vocabulary: abstained (pack_quantity is quantity, not a controlled term)"
49-94-0039,Selling UOM,pack_quantity,EA,,derived,yes,,,"dimensional: 0.55 ('1' carries no unit; assuming dimensionless. Unlabelled numbers are how inch/millimetre errors enter a catalog.) ; constraint: 1.00 (all 1 constraint(s) on pack_quantity hold) ; identity: abstained (pack_quantity is not an identity claim) ; vocabulary: abstained (pack_quantity is quantity, not a controlled term)"
49-94-0043,Dept,,Tools & Equipment,,routed,yes,,"Cut | Off | Disc | Metal | Cut Off | 9""x3/32""x7/8""",
49-94-0043,Class,,Power Tool Accessories,,routed,yes,,"Cut | Off | Disc | Metal | Cut Off | 9""x3/32""x7/8""",
49-94-0043,Fine,,Cut-Off & Grinding Wheels,,routed,yes,,"Cut | Off | Disc | Metal | Cut Off | 9""x3/32""x7/8""",
49-94-0043,Mfg_Part_Num,,49-94-0043,,passthrough,yes,,,
49-94-0043,Part_Desc,,"49-94-0043 Milw 9""x3/32""x7/8"" Metal Cut Off Disc",,passthrough,yes,,,
49-94-0043,E1_Brand,,-- Unbranded --,,passthrough,yes,,,
49-94-0043,Unilog_Brand,,-- No Unilog Brand --,,passthrough,yes,,,
49-94-0043,DIB_Brand,,-- No DIB Brand --,,passthrough,yes,,,
49-94-0043,Part_Manuf,,Milwaukee Accessory (4031),,passthrough,yes,,,
49-94-0043,MANUFACTURER_NAME,,Milwaukee Accessory,,passthrough,yes,,,
49-94-0043,MANUFACTURER_PART_NUMBER,,49-94-0043,,passthrough,yes,,,
49-94-0043,Classpath,,Tools & Equipment>Power Tool Accessories>Abrasive Wheels,,routed,yes,,"Cut | Off | Disc | Metal | Cut Off | 9""x3/32""x7/8""",
49-94-0043,MOBILE_DESC,,"Milwaukee Accessory, Cut-Off Wheel, 49-94-0043, 9 in Diameter",,composed,yes,,9,
49-94-0043,INVOICE_DESC,,CUT-OFF WHEEL 9IN 0.09375IN 0.875IN,,composed,yes,,9 | 3/32 | 7/8,
49-94-0043,SHORT_DESC,,"49-94-0043 Cut-Off Wheel, 9 in Diameter, 0.09375 in Thickness, 0.875 in Arbor Size, metal Application",,composed,yes,,9 | 3/32 | 7/8 | Metal,
49-94-0043,LONG_DESC1,,"Cut-Off Wheel, 9 in Diameter, 0.09375 in Thickness, 0.875 in Arbor Size, metal Application, Cut Off Wheel Type",,composed,yes,,9 | 3/32 | 7/8 | Metal | Cut Off,
49-94-0043,RETAIL_DESC,,"Cut-Off Wheel, 9 in Diameter, 0.09375 in Thickness, 0.875 in Arbor Size, metal Application, Cut Off Wheel Type",,composed,yes,,9 | 3/32 | 7/8 | Metal | Cut Off,
49-94-0043,ITEM_FEATURES_1,,9 in,,composed,yes,,9,
49-94-0043,ITEM_FEATURES_2,,0.09375 in,,composed,yes,,3/32,
49-94-0043,ITEM_FEATURES_3,,0.875 in,,composed,yes,,7/8,
49-94-0043,Application,material_application,metal,,derived,yes,,Metal,"dimensional: abstained (material_application is nominal, not a physical quantity) ; constraint: abstained (no constraint in abrasive.cutoff_disc mentions material_application) ; identity: abstained (material_application is not an identity claim) ; vocabulary: 1.00 ('metal' is a declared term for material_application)"
49-94-0043,ATTRIBUTE_LABEL 1,disc_diameter,Diameter,,derived,yes,,,"dimensional: 0.55 ('9' carries no unit; assuming millimeter. Unlabelled numbers are how inch/millimetre errors enter a catalog.) ; constraint: 1.00 (all 3 constraint(s) on disc_diameter hold) ; identity: abstained (disc_diameter is not an identity claim) ; vocabulary: abstained (disc_diameter is quantity, not a controlled term)"
49-94-0043,ATTRIBUTE_VALUE 1,disc_diameter,9,,extracted,no,,9,"dimensional: 0.55 ('9' carries no unit; assuming millimeter. Unlabelled numbers are how inch/millimetre errors enter a catalog.) ; constraint: 1.00 (all 3 constraint(s) on disc_diameter hold) ; identity: abstained (disc_diameter is not an identity claim) ; vocabulary: abstained (disc_diameter is quantity, not a controlled term)"
49-94-0043,ATTRIBUTE_UOM 1,disc_diameter,in,,derived,no,,,"dimensional: 0.55 ('9' carries no unit; assuming millimeter. Unlabelled numbers are how inch/millimetre errors enter a catalog.) ; constraint: 1.00 (all 3 constraint(s) on disc_diameter hold) ; identity: abstained (disc_diameter is not an identity claim) ; vocabulary: abstained (disc_diameter is quantity, not a controlled term)"
49-94-0043,ATTRIBUTE_LABEL 2,thickness,Thickness,,derived,yes,,,"dimensional: 0.55 ('0.09375' carries no unit; assuming millimeter. Unlabelled numbers are how inch/millimetre errors enter a catalog.) ; constraint: 1.00 (all 2 constraint(s) on thickness hold) ; identity: abstained (thickness is not an identity claim) ; vocabulary: abstained (thickness is quantity, not a controlled term)"
49-94-0043,ATTRIBUTE_VALUE 2,thickness,0.09375,,extracted,no,,3/32,"dimensional: 0.55 ('0.09375' carries no unit; assuming millimeter. Unlabelled numbers are how inch/millimetre errors enter a catalog.) ; constraint: 1.00 (all 2 constraint(s) on thickness hold) ; identity: abstained (thickness is not an identity claim) ; vocabulary: abstained (thickness is quantity, not a controlled term)"
49-94-0043,ATTRIBUTE_UOM 2,thickness,in,,derived,no,,,"dimensional: 0.55 ('0.09375' carries no unit; assuming millimeter. Unlabelled numbers are how inch/millimetre errors enter a catalog.) ; constraint: 1.00 (all 2 constraint(s) on thickness hold) ; identity: abstained (thickness is not an identity claim) ; vocabulary: abstained (thickness is quantity, not a controlled term)"
49-94-0043,ATTRIBUTE_LABEL 3,arbor_diameter,Arbor Size,,derived,yes,,,"dimensional: 0.55 ('0.875' carries no unit; assuming millimeter. Unlabelled numbers are how inch/millimetre errors enter a catalog.) ; constraint: 1.00 (all 2 constraint(s) on arbor_diameter hold) ; identity: abstained (arbor_diameter is not an identity claim) ; vocabulary: abstained (arbor_diameter is quantity, not a controlled term)"
49-94-0043,ATTRIBUTE_VALUE 3,arbor_diameter,0.875,,extracted,no,,7/8,"dimensional: 0.55 ('0.875' carries no unit; assuming millimeter. Unlabelled numbers are how inch/millimetre errors enter a catalog.) ; constraint: 1.00 (all 2 constraint(s) on arbor_diameter hold) ; identity: abstained (arbor_diameter is not an identity claim) ; vocabulary: abstained (arbor_diameter is quantity, not a controlled term)"
49-94-0043,ATTRIBUTE_UOM 3,arbor_diameter,in,,derived,no,,,"dimensional: 0.55 ('0.875' carries no unit; assuming millimeter. Unlabelled numbers are how inch/millimetre errors enter a catalog.) ; constraint: 1.00 (all 2 constraint(s) on arbor_diameter hold) ; identity: abstained (arbor_diameter is not an identity claim) ; vocabulary: abstained (arbor_diameter is quantity, not a controlled term)"
49-94-0043,ATTRIBUTE_LABEL 4,material_application,Application,,derived,yes,,,"dimensional: abstained (material_application is nominal, not a physical quantity) ; constraint: abstained (no constraint in abrasive.cutoff_disc mentions material_application) ; identity: abstained (material_application is not an identity claim) ; vocabulary: 1.00 ('metal' is a declared term for material_application)"
49-94-0043,ATTRIBUTE_VALUE 4,material_application,metal,,extracted,no,,Metal,"dimensional: abstained (material_application is nominal, not a physical quantity) ; constraint: abstained (no constraint in abrasive.cutoff_disc mentions material_application) ; identity: abstained (material_application is not an identity claim) ; vocabulary: 1.00 ('metal' is a declared term for material_application)"
49-94-0043,ATTRIBUTE_LABEL 5,wheel_type,Wheel Type,,derived,yes,,,"dimensional: abstained (wheel_type is nominal, not a physical quantity) ; constraint: abstained (no constraint in abrasive.cutoff_disc mentions wheel_type) ; identity: abstained (wheel_type is not an identity claim) ; vocabulary: 0.00 ('Cut Off' is not a term wheel_type accepts. This category allows 'type 1 flat', 'type 27 depressed center', 'type 41 flat', 'type 42 depressed center'. A plausible-sounding value outside the vocabulary is exactly the failure a confidence score does not catch.)"
49-94-0043,ATTRIBUTE_VALUE 5,wheel_type,Cut Off,,extracted,no,,Cut Off,"dimensional: abstained (wheel_type is nominal, not a physical quantity) ; constraint: abstained (no constraint in abrasive.cutoff_disc mentions wheel_type) ; identity: abstained (wheel_type is not an identity claim) ; vocabulary: 0.00 ('Cut Off' is not a term wheel_type accepts. This category allows 'type 1 flat', 'type 27 depressed center', 'type 41 flat', 'type 42 depressed center'. A plausible-sounding value outside the vocabulary is exactly the failure a confidence score does not catch.)"
49-94-0043,ATTRIBUTE_LABEL 6,abrasive_grain,Abrasive,,derived,yes,,,
49-94-0043,ATTRIBUTE_LABEL 7,max_rpm,Maximum Speed,,derived,yes,,,
49-94-0043,ATTRIBUTE_LABEL 8,pack_quantity,Quantity,,derived,yes,,,
49-94-0043,UNSPSC,,23101500,,routed,yes,,"Cut | Off | Disc | Metal | Cut Off | 9""x3/32""x7/8""",
49-94-0048,Dept,,Tools & Equipment,,routed,yes,,"Cut | Off | Disc | Metal | Cut Off | 12""x7/64""x1""",
49-94-0048,Class,,Power Tool Accessories,,routed,yes,,"Cut | Off | Disc | Metal | Cut Off | 12""x7/64""x1""",
49-94-0048,Fine,,Cut-Off & Grinding Wheels,,routed,yes,,"Cut | Off | Disc | Metal | Cut Off | 12""x7/64""x1""",
49-94-0048,Mfg_Part_Num,,49-94-0048,,passthrough,yes,,,
49-94-0048,Part_Desc,,"49-94-0048 Milw 12""x7/64""x1"" Metal Cut Off Disc General Purpose",,passthrough,yes,,,
49-94-0048,E1_Brand,,-- Unbranded --,,passthrough,yes,,,
49-94-0048,Unilog_Brand,,-- No Unilog Brand --,,passthrough,yes,,,
49-94-0048,DIB_Brand,,-- No DIB Brand --,,passthrough,yes,,,
49-94-0048,Part_Manuf,,Milwaukee Accessory (4031),,passthrough,yes,,,
49-94-0048,MANUFACTURER_NAME,,Milwaukee Accessory,,passthrough,yes,,,
49-94-0048,MANUFACTURER_PART_NUMBER,,49-94-0048,,passthrough,yes,,,
49-94-0048,Classpath,,Tools & Equipment>Power Tool Accessories>Abrasive Wheels,,routed,yes,,"Cut | Off | Disc | Metal | Cut Off | 12""x7/64""x1""",
49-94-0048,MOBILE_DESC,,"Milwaukee Accessory, Cut-Off Wheel, 49-94-0048, 12 in Diameter",,composed,yes,,12,
49-94-0048,INVOICE_DESC,,CUT-OFF WHEEL 12IN 0.109375IN 1IN METAL,,composed,yes,,12 | 7/64 | 1 | Metal,
49-94-0048,SHORT_DESC,,"49-94-0048 Cut-Off Wheel, 12 in Diameter, 0.109375 in Thickness, 1 in Arbor Size, metal Application",,composed,yes,,12 | 7/64 | 1 | Metal,
49-94-0048,LONG_DESC1,,"Cut-Off Wheel, 12 in Diameter, 0.109375 in Thickness, 1 in Arbor Size, metal Application, Cut Off Disc Wheel Type, General Purpose Quantity",,composed,yes,,12 | 7/64 | 1 | Metal | Cut Off Disc | General Purpose,
49-94-0048,RETAIL_DESC,,"Cut-Off Wheel, 12 in Diameter, 0.109375 in Thickness, 1 in Arbor Size, metal Application, Cut Off Disc Wheel Type",,composed,yes,,12 | 7/64 | 1 | Metal | Cut Off Disc,
49-94-0048,ITEM_FEATURES_1,,12 in,,composed,yes,,12,
49-94-0048,ITEM_FEATURES_2,,0.109375 in,,composed,yes,,7/64,
49-94-0048,ITEM_FEATURES_3,,1 in,,composed,yes,,1,
49-94-0048,Application,material_application,metal,,derived,yes,,Metal,"dimensional: abstained (material_application is nominal, not a physical quantity) ; constraint: abstained (no constraint in abrasive.cutoff_disc mentions material_application) ; identity: abstained (material_application is not an identity claim) ; vocabulary: 1.00 ('metal' is a declared term for material_application)"
49-94-0048,ATTRIBUTE_LABEL 1,disc_diameter,Diameter,,derived,yes,,,"dimensional: 0.55 ('12' carries no unit; assuming millimeter. Unlabelled numbers are how inch/millimetre errors enter a catalog.) ; constraint: 1.00 (all 3 constraint(s) on disc_diameter hold) ; identity: abstained (disc_diameter is not an identity claim) ; vocabulary: abstained (disc_diameter is quantity, not a controlled term)"
49-94-0048,ATTRIBUTE_VALUE 1,disc_diameter,12,,extracted,no,,12,"dimensional: 0.55 ('12' carries no unit; assuming millimeter. Unlabelled numbers are how inch/millimetre errors enter a catalog.) ; constraint: 1.00 (all 3 constraint(s) on disc_diameter hold) ; identity: abstained (disc_diameter is not an identity claim) ; vocabulary: abstained (disc_diameter is quantity, not a controlled term)"
49-94-0048,ATTRIBUTE_UOM 1,disc_diameter,in,,derived,no,,,"dimensional: 0.55 ('12' carries no unit; assuming millimeter. Unlabelled numbers are how inch/millimetre errors enter a catalog.) ; constraint: 1.00 (all 3 constraint(s) on disc_diameter hold) ; identity: abstained (disc_diameter is not an identity claim) ; vocabulary: abstained (disc_diameter is quantity, not a controlled term)"
49-94-0048,ATTRIBUTE_LABEL 2,thickness,Thickness,,derived,yes,,,"dimensional: 0.55 ('0.109375' carries no unit; assuming millimeter. Unlabelled numbers are how inch/millimetre errors enter a catalog.) ; constraint: 1.00 (all 2 constraint(s) on thickness hold) ; identity: abstained (thickness is not an identity claim) ; vocabulary: abstained (thickness is quantity, not a controlled term)"
49-94-0048,ATTRIBUTE_VALUE 2,thickness,0.109375,,extracted,no,,7/64,"dimensional: 0.55 ('0.109375' carries no unit; assuming millimeter. Unlabelled numbers are how inch/millimetre errors enter a catalog.) ; constraint: 1.00 (all 2 constraint(s) on thickness hold) ; identity: abstained (thickness is not an identity claim) ; vocabulary: abstained (thickness is quantity, not a controlled term)"
49-94-0048,ATTRIBUTE_UOM 2,thickness,in,,derived,no,,,"dimensional: 0.55 ('0.109375' carries no unit; assuming millimeter. Unlabelled numbers are how inch/millimetre errors enter a catalog.) ; constraint: 1.00 (all 2 constraint(s) on thickness hold) ; identity: abstained (thickness is not an identity claim) ; vocabulary: abstained (thickness is quantity, not a controlled term)"
49-94-0048,ATTRIBUTE_LABEL 3,arbor_diameter,Arbor Size,,derived,yes,,,"dimensional: 0.55 ('1' carries no unit; assuming millimeter. Unlabelled numbers are how inch/millimetre errors enter a catalog.) ; constraint: 1.00 (all 2 constraint(s) on arbor_diameter hold) ; identity: abstained (arbor_diameter is not an identity claim) ; vocabulary: abstained (arbor_diameter is quantity, not a controlled term)"
49-94-0048,ATTRIBUTE_VALUE 3,arbor_diameter,1,,extracted,no,,1,"dimensional: 0.55 ('1' carries no unit; assuming millimeter. Unlabelled numbers are how inch/millimetre errors enter a catalog.) ; constraint: 1.00 (all 2 constraint(s) on arbor_diameter hold) ; identity: abstained (arbor_diameter is not an identity claim) ; vocabulary: abstained (arbor_diameter is quantity, not a controlled term)"
49-94-0048,ATTRIBUTE_UOM 3,arbor_diameter,in,,derived,no,,,"dimensional: 0.55 ('1' carries no unit; assuming millimeter. Unlabelled numbers are how inch/millimetre errors enter a catalog.) ; constraint: 1.00 (all 2 constraint(s) on arbor_diameter hold) ; identity: abstained (arbor_diameter is not an identity claim) ; vocabulary: abstained (arbor_diameter is quantity, not a controlled term)"
49-94-0048,ATTRIBUTE_LABEL 4,material_application,Application,,derived,yes,,,"dimensional: abstained (material_application is nominal, not a physical quantity) ; constraint: abstained (no constraint in abrasive.cutoff_disc mentions material_application) ; identity: abstained (material_application is not an identity claim) ; vocabulary: 1.00 ('metal' is a declared term for material_application)"
49-94-0048,ATTRIBUTE_VALUE 4,material_application,metal,,extracted,no,,Metal,"dimensional: abstained (material_application is nominal, not a physical quantity) ; constraint: abstained (no constraint in abrasive.cutoff_disc mentions material_application) ; identity: abstained (material_application is not an identity claim) ; vocabulary: 1.00 ('metal' is a declared term for material_application)"
49-94-0048,ATTRIBUTE_LABEL 5,wheel_type,Wheel Type,,derived,yes,,,"dimensional: abstained (wheel_type is nominal, not a physical quantity) ; constraint: abstained (no constraint in abrasive.cutoff_disc mentions wheel_type) ; identity: abstained (wheel_type is not an identity claim) ; vocabulary: 0.00 ('Cut Off Disc' is not a term wheel_type accepts. This category allows 'type 1 flat', 'type 27 depressed center', 'type 41 flat', 'type 42 depressed center'. A plausible-sounding value outside the vocabulary is exactly the failure a confidence score does not catch.)"
49-94-0048,ATTRIBUTE_VALUE 5,wheel_type,Cut Off Disc,,extracted,no,,Cut Off Disc,"dimensional: abstained (wheel_type is nominal, not a physical quantity) ; constraint: abstained (no constraint in abrasive.cutoff_disc mentions wheel_type) ; identity: abstained (wheel_type is not an identity claim) ; vocabulary: 0.00 ('Cut Off Disc' is not a term wheel_type accepts. This category allows 'type 1 flat', 'type 27 depressed center', 'type 41 flat', 'type 42 depressed center'. A plausible-sounding value outside the vocabulary is exactly the failure a confidence score does not catch.)"
49-94-0048,ATTRIBUTE_LABEL 6,abrasive_grain,Abrasive,,derived,yes,,,
49-94-0048,ATTRIBUTE_LABEL 7,max_rpm,Maximum Speed,,derived,yes,,,
49-94-0048,ATTRIBUTE_LABEL 8,pack_quantity,Quantity,,derived,yes,,,"dimensional: 0.00 (pack_quantity is declared as a quantity but the extracted text 'General Purpose' contains no readable number (no number found in 'General Purpose')) ; constraint: abstained (all 1 constraint(s) on pack_quantity need attributes that are missing from this record) ; identity: abstained (pack_quantity is not an identity claim) ; vocabulary: abstained (pack_quantity is quantity, not a controlled term)"
49-94-0048,ATTRIBUTE_VALUE 8,pack_quantity,General Purpose,,extracted,no,,General Purpose,"dimensional: 0.00 (pack_quantity is declared as a quantity but the extracted text 'General Purpose' contains no readable number (no number found in 'General Purpose')) ; constraint: abstained (all 1 constraint(s) on pack_quantity need attributes that are missing from this record) ; identity: abstained (pack_quantity is not an identity claim) ; vocabulary: abstained (pack_quantity is quantity, not a controlled term)"
49-94-0048,UNSPSC,,23101500,,routed,yes,,"Cut | Off | Disc | Metal | Cut Off | 12""x7/64""x1""",
49-94-0053,Dept,,Tools & Equipment,,routed,yes,,"Cut | Off | Disc | Metal | Cut Off | 12""x1/8""x1""",
49-94-0053,Class,,Power Tool Accessories,,routed,yes,,"Cut | Off | Disc | Metal | Cut Off | 12""x1/8""x1""",
49-94-0053,Fine,,Cut-Off & Grinding Wheels,,routed,yes,,"Cut | Off | Disc | Metal | Cut Off | 12""x1/8""x1""",
49-94-0053,Mfg_Part_Num,,49-94-0053,,passthrough,yes,,,
49-94-0053,Part_Desc,,"49-94-0053 Milw 12""x1/8""x1"" Metal Cut Off Disc",,passthrough,yes,,,
49-94-0053,E1_Brand,,-- Unbranded --,,passthrough,yes,,,
49-94-0053,Unilog_Brand,,-- No Unilog Brand --,,passthrough,yes,,,
49-94-0053,DIB_Brand,,-- No DIB Brand --,,passthrough,yes,,,
49-94-0053,Part_Manuf,,Milwaukee Accessory (4031),,passthrough,yes,,,
49-94-0053,MANUFACTURER_NAME,,Milwaukee Accessory,,passthrough,yes,,,
49-94-0053,MANUFACTURER_PART_NUMBER,,49-94-0053,,passthrough,yes,,,
49-94-0053,Classpath,,Tools & Equipment>Power Tool Accessories>Abrasive Wheels,,routed,yes,,"Cut | Off | Disc | Metal | Cut Off | 12""x1/8""x1""",
49-94-0053,MOBILE_DESC,,"Milwaukee Accessory, Cut-Off Wheel, 49-94-0053, 12 in Diameter",,composed,yes,,12,
49-94-0053,INVOICE_DESC,,CUT-OFF WHEEL 12IN 0.125IN 1IN METAL 1,,composed,yes,,12 | 1/8 | 1 | Metal,
49-94-0053,SHORT_DESC,,"49-94-0053 Cut-Off Wheel, 12 in Diameter, 0.125 in Thickness, 1 in Arbor Size, metal Application, Cut Off Wheel Type",,composed,yes,,12 | 1/8 | 1 | Metal | Cut Off,
49-94-0053,LONG_DESC1,,"Cut-Off Wheel, 12 in Diameter, 0.125 in Thickness, 1 in Arbor Size, metal Application, Cut Off Wheel Type, 1 Quantity",,composed,yes,,12 | 1/8 | 1 | Metal | Cut Off,
49-94-0053,RETAIL_DESC,,"Cut-Off Wheel, 12 in Diameter, 0.125 in Thickness, 1 in Arbor Size, metal Application, Cut Off Wheel Type, 1 Quantity",,composed,yes,,12 | 1/8 | 1 | Metal | Cut Off,
49-94-0053,ITEM_FEATURES_1,,12 in,,composed,yes,,12,
49-94-0053,ITEM_FEATURES_2,,0.125 in,,composed,yes,,1/8,
49-94-0053,ITEM_FEATURES_3,,1 in,,composed,yes,,1,
49-94-0053,Application,material_application,metal,,derived,yes,,Metal,"dimensional: abstained (material_application is nominal, not a physical quantity) ; constraint: abstained (no constraint in abrasive.cutoff_disc mentions material_application) ; identity: abstained (material_application is not an identity claim) ; vocabulary: 1.00 ('metal' is a declared term for material_application)"
49-94-0053,ATTRIBUTE_LABEL 1,disc_diameter,Diameter,,derived,yes,,,"dimensional: 0.55 ('12' carries no unit; assuming millimeter. Unlabelled numbers are how inch/millimetre errors enter a catalog.) ; constraint: 1.00 (all 3 constraint(s) on disc_diameter hold) ; identity: abstained (disc_diameter is not an identity claim) ; vocabulary: abstained (disc_diameter is quantity, not a controlled term)"
49-94-0053,ATTRIBUTE_VALUE 1,disc_diameter,12,,extracted,no,,12,"dimensional: 0.55 ('12' carries no unit; assuming millimeter. Unlabelled numbers are how inch/millimetre errors enter a catalog.) ; constraint: 1.00 (all 3 constraint(s) on disc_diameter hold) ; identity: abstained (disc_diameter is not an identity claim) ; vocabulary: abstained (disc_diameter is quantity, not a controlled term)"
49-94-0053,ATTRIBUTE_UOM 1,disc_diameter,in,,derived,no,,,"dimensional: 0.55 ('12' carries no unit; assuming millimeter. Unlabelled numbers are how inch/millimetre errors enter a catalog.) ; constraint: 1.00 (all 3 constraint(s) on disc_diameter hold) ; identity: abstained (disc_diameter is not an identity claim) ; vocabulary: abstained (disc_diameter is quantity, not a controlled term)"
49-94-0053,ATTRIBUTE_LABEL 2,thickness,Thickness,,derived,yes,,,"dimensional: 0.55 ('0.125' carries no unit; assuming millimeter. Unlabelled numbers are how inch/millimetre errors enter a catalog.) ; constraint: 1.00 (all 2 constraint(s) on thickness hold) ; identity: abstained (thickness is not an identity claim) ; vocabulary: abstained (thickness is quantity, not a controlled term)"
49-94-0053,ATTRIBUTE_VALUE 2,thickness,0.125,,extracted,no,,1/8,"dimensional: 0.55 ('0.125' carries no unit; assuming millimeter. Unlabelled numbers are how inch/millimetre errors enter a catalog.) ; constraint: 1.00 (all 2 constraint(s) on thickness hold) ; identity: abstained (thickness is not an identity claim) ; vocabulary: abstained (thickness is quantity, not a controlled term)"
49-94-0053,ATTRIBUTE_UOM 2,thickness,in,,derived,no,,,"dimensional: 0.55 ('0.125' carries no unit; assuming millimeter. Unlabelled numbers are how inch/millimetre errors enter a catalog.) ; constraint: 1.00 (all 2 constraint(s) on thickness hold) ; identity: abstained (thickness is not an identity claim) ; vocabulary: abstained (thickness is quantity, not a controlled term)"
49-94-0053,ATTRIBUTE_LABEL 3,arbor_diameter,Arbor Size,,derived,yes,,,"dimensional: 0.55 ('1' carries no unit; assuming millimeter. Unlabelled numbers are how inch/millimetre errors enter a catalog.) ; constraint: 1.00 (all 2 constraint(s) on arbor_diameter hold) ; identity: abstained (arbor_diameter is not an identity claim) ; vocabulary: abstained (arbor_diameter is quantity, not a controlled term)"
49-94-0053,ATTRIBUTE_VALUE 3,arbor_diameter,1,,extracted,no,,1,"dimensional: 0.55 ('1' carries no unit; assuming millimeter. Unlabelled numbers are how inch/millimetre errors enter a catalog.) ; constraint: 1.00 (all 2 constraint(s) on arbor_diameter hold) ; identity: abstained (arbor_diameter is not an identity claim) ; vocabulary: abstained (arbor_diameter is quantity, not a controlled term)"
49-94-0053,ATTRIBUTE_UOM 3,arbor_diameter,in,,derived,no,,,"dimensional: 0.55 ('1' carries no unit; assuming millimeter. Unlabelled numbers are how inch/millimetre errors enter a catalog.) ; constraint: 1.00 (all 2 constraint(s) on arbor_diameter hold) ; identity: abstained (arbor_diameter is not an identity claim) ; vocabulary: abstained (arbor_diameter is quantity, not a controlled term)"
49-94-0053,ATTRIBUTE_LABEL 4,material_application,Application,,derived,yes,,,"dimensional: abstained (material_application is nominal, not a physical quantity) ; constraint: abstained (no constraint in abrasive.cutoff_disc mentions material_application) ; identity: abstained (material_application is not an identity claim) ; vocabulary: 1.00 ('metal' is a declared term for material_application)"
49-94-0053,ATTRIBUTE_VALUE 4,material_application,metal,,extracted,no,,Metal,"dimensional: abstained (material_application is nominal, not a physical quantity) ; constraint: abstained (no constraint in abrasive.cutoff_disc mentions material_application) ; identity: abstained (material_application is not an identity claim) ; vocabulary: 1.00 ('metal' is a declared term for material_application)"
49-94-0053,ATTRIBUTE_LABEL 5,wheel_type,Wheel Type,,derived,yes,,,"dimensional: abstained (wheel_type is nominal, not a physical quantity) ; constraint: abstained (no constraint in abrasive.cutoff_disc mentions wheel_type) ; identity: abstained (wheel_type is not an identity claim) ; vocabulary: 0.00 ('Cut Off' is not a term wheel_type accepts. This category allows 'type 1 flat', 'type 27 depressed center', 'type 41 flat', 'type 42 depressed center'. A plausible-sounding value outside the vocabulary is exactly the failure a confidence score does not catch.)"
49-94-0053,ATTRIBUTE_VALUE 5,wheel_type,Cut Off,,extracted,no,,Cut Off,"dimensional: abstained (wheel_type is nominal, not a physical quantity) ; constraint: abstained (no constraint in abrasive.cutoff_disc mentions wheel_type) ; identity: abstained (wheel_type is not an identity claim) ; vocabulary: 0.00 ('Cut Off' is not a term wheel_type accepts. This category allows 'type 1 flat', 'type 27 depressed center', 'type 41 flat', 'type 42 depressed center'. A plausible-sounding value outside the vocabulary is exactly the failure a confidence score does not catch.)"
49-94-0053,ATTRIBUTE_LABEL 6,abrasive_grain,Abrasive,,derived,yes,,,
49-94-0053,ATTRIBUTE_LABEL 7,max_rpm,Maximum Speed,,derived,yes,,,
49-94-0053,ATTRIBUTE_LABEL 8,pack_quantity,Quantity,,derived,yes,,,"dimensional: 0.55 ('1' carries no unit; assuming dimensionless. Unlabelled numbers are how inch/millimetre errors enter a catalog.) ; constraint: 1.00 (all 1 constraint(s) on pack_quantity hold) ; identity: abstained (pack_quantity is not an identity claim) ; vocabulary: abstained (pack_quantity is quantity, not a controlled term)"
49-94-0053,ATTRIBUTE_VALUE 8,pack_quantity,1,,extracted,no,,1,"dimensional: 0.55 ('1' carries no unit; assuming dimensionless. Unlabelled numbers are how inch/millimetre errors enter a catalog.) ; constraint: 1.00 (all 1 constraint(s) on pack_quantity hold) ; identity: abstained (pack_quantity is not an identity claim) ; vocabulary: abstained (pack_quantity is quantity, not a controlled term)"
49-94-0053,UNSPSC,,23101500,,routed,yes,,"Cut | Off | Disc | Metal | Cut Off | 12""x1/8""x1""",
49-94-0053,Selling Qty,pack_quantity,1,,derived,yes,,1,"dimensional: 0.55 ('1' carries no unit; assuming dimensionless. Unlabelled numbers are how inch/millimetre errors enter a catalog.) ; constraint: 1.00 (all 1 constraint(s) on pack_quantity hold) ; identity: abstained (pack_quantity is not an identity claim) ; vocabulary: abstained (pack_quantity is quantity, not a controlled term)"
49-94-0053,Selling UOM,pack_quantity,EA,,derived,yes,,,"dimensional: 0.55 ('1' carries no unit; assuming dimensionless. Unlabelled numbers are how inch/millimetre errors enter a catalog.) ; constraint: 1.00 (all 1 constraint(s) on pack_quantity hold) ; identity: abstained (pack_quantity is not an identity claim) ; vocabulary: abstained (pack_quantity is quantity, not a controlled term)"
49-94-0058,Dept,,Tools & Equipment,,routed,yes,,Cut | Off | Disc | Metal | Cut Off,
49-94-0058,Class,,Power Tool Accessories,,routed,yes,,Cut | Off | Disc | Metal | Cut Off,
49-94-0058,Fine,,Cut-Off & Grinding Wheels,,routed,yes,,Cut | Off | Disc | Metal | Cut Off,
49-94-0058,Mfg_Part_Num,,49-94-0058,,passthrough,yes,,,
49-94-0058,Part_Desc,,"49-94-0058 Milw 12""x1/8""x20mm Metal Cut Off Disc",,passthrough,yes,,,
49-94-0058,E1_Brand,,-- Unbranded --,,passthrough,yes,,,
49-94-0058,Unilog_Brand,,-- No Unilog Brand --,,passthrough,yes,,,
49-94-0058,DIB_Brand,,-- No DIB Brand --,,passthrough,yes,,,
49-94-0058,Part_Manuf,,Milwaukee Accessory (4031),,passthrough,yes,,,
49-94-0058,MANUFACTURER_NAME,,Milwaukee Accessory,,passthrough,yes,,,
49-94-0058,MANUFACTURER_PART_NUMBER,,49-94-0058,,passthrough,yes,,,
49-94-0058,Classpath,,Tools & Equipment>Power Tool Accessories>Abrasive Wheels,,routed,yes,,Cut | Off | Disc | Metal | Cut Off,
49-94-0058,MOBILE_DESC,,"Milwaukee Accessory, Cut-Off Wheel, 49-94-0058, 12 in Diameter",,composed,yes,,12,
49-94-0058,INVOICE_DESC,,CUT-OFF WHEEL 12IN 0.125IN 20MM METAL 1,,composed,yes,,12 | 1/8 | 20mm | Metal | 1,
49-94-0058,SHORT_DESC,,"49-94-0058 Cut-Off Wheel, 12 in Diameter, 0.125 in Thickness, 20 mm Arbor Size, metal Application",,composed,yes,,12 | 1/8 | 20mm | Metal,
49-94-0058,LONG_DESC1,,"Cut-Off Wheel, 12 in Diameter, 0.125 in Thickness, 20 mm Arbor Size, metal Application, Cut Off Disc Wheel Type, 1 Quantity",,composed,yes,,12 | 1/8 | 20mm | Metal | Cut Off Disc | 1,
49-94-0058,RETAIL_DESC,,"Cut-Off Wheel, 12 in Diameter, 0.125 in Thickness, 20 mm Arbor Size, metal Application, Cut Off Disc Wheel Type",,composed,yes,,12 | 1/8 | 20mm | Metal | Cut Off Disc,
49-94-0058,ITEM_FEATURES_1,,12 in,,composed,yes,,12,
49-94-0058,ITEM_FEATURES_2,,0.125 in,,composed,yes,,1/8,
49-94-0058,ITEM_FEATURES_3,,20 mm,,composed,yes,,20mm,
49-94-0058,Application,material_application,metal,,derived,yes,,Metal,"dimensional: abstained (material_application is nominal, not a physical quantity) ; constraint: abstained (no constraint in abrasive.cutoff_disc mentions material_application) ; identity: abstained (material_application is not an identity claim) ; vocabulary: 1.00 ('metal' is a declared term for material_application)"
49-94-0058,ATTRIBUTE_LABEL 1,disc_diameter,Diameter,,derived,yes,,,"dimensional: 0.55 ('12' carries no unit; assuming millimeter. Unlabelled numbers are how inch/millimetre errors enter a catalog.) ; constraint: 0.00 (disc_diameter violates arbor_diameter < disc_diameter [arbor_diameter=20 mm, disc_diameter=12 mm]. Values that are individually plausible but jointly impossible cannot be published at any confidence level.) ; identity: abstained (disc_diameter is not an identity claim) ; vocabulary: abstained (disc_diameter is quantity, not a controlled term)"
49-94-0058,ATTRIBUTE_VALUE 1,disc_diameter,12,,extracted,no,,12,"dimensional: 0.55 ('12' carries no unit; assuming millimeter. Unlabelled numbers are how inch/millimetre errors enter a catalog.) ; constraint: 0.00 (disc_diameter violates arbor_diameter < disc_diameter [arbor_diameter=20 mm, disc_diameter=12 mm]. Values that are individually plausible but jointly impossible cannot be published at any confidence level.) ; identity: abstained (disc_diameter is not an identity claim) ; vocabulary: abstained (disc_diameter is quantity, not a controlled term)"
49-94-0058,ATTRIBUTE_UOM 1,disc_diameter,in,,derived,no,,,"dimensional: 0.55 ('12' carries no unit; assuming millimeter. Unlabelled numbers are how inch/millimetre errors enter a catalog.) ; constraint: 0.00 (disc_diameter violates arbor_diameter < disc_diameter [arbor_diameter=20 mm, disc_diameter=12 mm]. Values that are individually plausible but jointly impossible cannot be published at any confidence level.) ; identity: abstained (disc_diameter is not an identity claim) ; vocabulary: abstained (disc_diameter is quantity, not a controlled term)"
49-94-0058,ATTRIBUTE_LABEL 2,thickness,Thickness,,derived,yes,,,"dimensional: 0.55 ('0.125' carries no unit; assuming millimeter. Unlabelled numbers are how inch/millimetre errors enter a catalog.) ; constraint: 1.00 (all 2 constraint(s) on thickness hold) ; identity: abstained (thickness is not an identity claim) ; vocabulary: abstained (thickness is quantity, not a controlled term)"
49-94-0058,ATTRIBUTE_VALUE 2,thickness,0.125,,extracted,no,,1/8,"dimensional: 0.55 ('0.125' carries no unit; assuming millimeter. Unlabelled numbers are how inch/millimetre errors enter a catalog.) ; constraint: 1.00 (all 2 constraint(s) on thickness hold) ; identity: abstained (thickness is not an identity claim) ; vocabulary: abstained (thickness is quantity, not a controlled term)"
49-94-0058,ATTRIBUTE_UOM 2,thickness,in,,derived,no,,,"dimensional: 0.55 ('0.125' carries no unit; assuming millimeter. Unlabelled numbers are how inch/millimetre errors enter a catalog.) ; constraint: 1.00 (all 2 constraint(s) on thickness hold) ; identity: abstained (thickness is not an identity claim) ; vocabulary: abstained (thickness is quantity, not a controlled term)"
49-94-0058,ATTRIBUTE_LABEL 3,arbor_diameter,Arbor Size,,derived,yes,,,"dimensional: 1.00 (20 millimeter is dimensionally valid for arbor_diameter (length)) ; constraint: 0.00 (arbor_diameter violates arbor_diameter < disc_diameter [arbor_diameter=20 mm, disc_diameter=12 mm]. Values that are individually plausible but jointly impossible cannot be published at any confidence level.) ; identity: abstained (arbor_diameter is not an identity claim) ; vocabulary: abstained (arbor_diameter is quantity, not a controlled term)"
49-94-0058,ATTRIBUTE_VALUE 3,arbor_diameter,20,,extracted,no,,20mm,"dimensional: 1.00 (20 millimeter is dimensionally valid for arbor_diameter (length)) ; constraint: 0.00 (arbor_diameter violates arbor_diameter < disc_diameter [arbor_diameter=20 mm, disc_diameter=12 mm]. Values that are individually plausible but jointly impossible cannot be published at any confidence level.) ; identity: abstained (arbor_diameter is not an identity claim) ; vocabulary: abstained (arbor_diameter is quantity, not a controlled term)"
49-94-0058,ATTRIBUTE_UOM 3,arbor_diameter,mm,,derived,no,,,"dimensional: 1.00 (20 millimeter is dimensionally valid for arbor_diameter (length)) ; constraint: 0.00 (arbor_diameter violates arbor_diameter < disc_diameter [arbor_diameter=20 mm, disc_diameter=12 mm]. Values that are individually plausible but jointly impossible cannot be published at any confidence level.) ; identity: abstained (arbor_diameter is not an identity claim) ; vocabulary: abstained (arbor_diameter is quantity, not a controlled term)"
49-94-0058,ATTRIBUTE_LABEL 4,material_application,Application,,derived,yes,,,"dimensional: abstained (material_application is nominal, not a physical quantity) ; constraint: abstained (no constraint in abrasive.cutoff_disc mentions material_application) ; identity: abstained (material_application is not an identity claim) ; vocabulary: 1.00 ('metal' is a declared term for material_application)"
49-94-0058,ATTRIBUTE_VALUE 4,material_application,metal,,extracted,no,,Metal,"dimensional: abstained (material_application is nominal, not a physical quantity) ; constraint: abstained (no constraint in abrasive.cutoff_disc mentions material_application) ; identity: abstained (material_application is not an identity claim) ; vocabulary: 1.00 ('metal' is a declared term for material_application)"
49-94-0058,ATTRIBUTE_LABEL 5,wheel_type,Wheel Type,,derived,yes,,,"dimensional: abstained (wheel_type is nominal, not a physical quantity) ; constraint: abstained (no constraint in abrasive.cutoff_disc mentions wheel_type) ; identity: abstained (wheel_type is not an identity claim) ; vocabulary: 0.00 ('Cut Off Disc' is not a term wheel_type accepts. This category allows 'type 1 flat', 'type 27 depressed center', 'type 41 flat', 'type 42 depressed center'. A plausible-sounding value outside the vocabulary is exactly the failure a confidence score does not catch.)"
49-94-0058,ATTRIBUTE_VALUE 5,wheel_type,Cut Off Disc,,extracted,no,,Cut Off Disc,"dimensional: abstained (wheel_type is nominal, not a physical quantity) ; constraint: abstained (no constraint in abrasive.cutoff_disc mentions wheel_type) ; identity: abstained (wheel_type is not an identity claim) ; vocabulary: 0.00 ('Cut Off Disc' is not a term wheel_type accepts. This category allows 'type 1 flat', 'type 27 depressed center', 'type 41 flat', 'type 42 depressed center'. A plausible-sounding value outside the vocabulary is exactly the failure a confidence score does not catch.)"
49-94-0058,ATTRIBUTE_LABEL 6,abrasive_grain,Abrasive,,derived,yes,,,
49-94-0058,ATTRIBUTE_LABEL 7,max_rpm,Maximum Speed,,derived,yes,,,
49-94-0058,ATTRIBUTE_LABEL 8,pack_quantity,Quantity,,derived,yes,,,"dimensional: 0.55 ('1' carries no unit; assuming dimensionless. Unlabelled numbers are how inch/millimetre errors enter a catalog.) ; constraint: 1.00 (all 1 constraint(s) on pack_quantity hold) ; identity: abstained (pack_quantity is not an identity claim) ; vocabulary: abstained (pack_quantity is quantity, not a controlled term)"
49-94-0058,ATTRIBUTE_VALUE 8,pack_quantity,1,,extracted,no,,1,"dimensional: 0.55 ('1' carries no unit; assuming dimensionless. Unlabelled numbers are how inch/millimetre errors enter a catalog.) ; constraint: 1.00 (all 1 constraint(s) on pack_quantity hold) ; identity: abstained (pack_quantity is not an identity claim) ; vocabulary: abstained (pack_quantity is quantity, not a controlled term)"
49-94-0058,UNSPSC,,23101500,,routed,yes,,Cut | Off | Disc | Metal | Cut Off,
49-94-0058,Selling Qty,pack_quantity,1,,derived,yes,,1,"dimensional: 0.55 ('1' carries no unit; assuming dimensionless. Unlabelled numbers are how inch/millimetre errors enter a catalog.) ; constraint: 1.00 (all 1 constraint(s) on pack_quantity hold) ; identity: abstained (pack_quantity is not an identity claim) ; vocabulary: abstained (pack_quantity is quantity, not a controlled term)"
49-94-0058,Selling UOM,pack_quantity,EA,,derived,yes,,,"dimensional: 0.55 ('1' carries no unit; assuming dimensionless. Unlabelled numbers are how inch/millimetre errors enter a catalog.) ; constraint: 1.00 (all 1 constraint(s) on pack_quantity hold) ; identity: abstained (pack_quantity is not an identity claim) ; vocabulary: abstained (pack_quantity is quantity, not a controlled term)"
49-94-0063,Dept,,Tools & Equipment,,routed,yes,,"Cut | Off | Disc | Metal | Cut Off | 14""x7/64""x1""",
49-94-0063,Class,,Power Tool Accessories,,routed,yes,,"Cut | Off | Disc | Metal | Cut Off | 14""x7/64""x1""",
49-94-0063,Fine,,Cut-Off & Grinding Wheels,,routed,yes,,"Cut | Off | Disc | Metal | Cut Off | 14""x7/64""x1""",
49-94-0063,Mfg_Part_Num,,49-94-0063,,passthrough,yes,,,
49-94-0063,Part_Desc,,"49-94-0063 Milw 14""x7/64""x1"" Metal Cut Off Disc General Purpose",,passthrough,yes,,,
49-94-0063,E1_Brand,,-- Unbranded --,,passthrough,yes,,,
49-94-0063,Unilog_Brand,,-- No Unilog Brand --,,passthrough,yes,,,
49-94-0063,DIB_Brand,,-- No DIB Brand --,,passthrough,yes,,,
49-94-0063,Part_Manuf,,Milwaukee Accessory (4031),,passthrough,yes,,,
49-94-0063,MANUFACTURER_NAME,,Milwaukee Accessory,,passthrough,yes,,,
49-94-0063,MANUFACTURER_PART_NUMBER,,49-94-0063,,passthrough,yes,,,
49-94-0063,Classpath,,Tools & Equipment>Power Tool Accessories>Abrasive Wheels,,routed,yes,,"Cut | Off | Disc | Metal | Cut Off | 14""x7/64""x1""",
49-94-0063,MOBILE_DESC,,"Milwaukee Accessory, Cut-Off Wheel, 49-94-0063, 14 in Diameter",,composed,yes,,14,
49-94-0063,INVOICE_DESC,,CUT-OFF WHEEL 14IN 0.109375IN 1IN METAL,,composed,yes,,14 | 7/64 | 1 | Metal,
49-94-0063,SHORT_DESC,,"49-94-0063 Cut-Off Wheel, 14 in Diameter, 0.109375 in Thickness, 1 in Arbor Size, metal Application, Cut Off Wheel Type",,composed,yes,,14 | 7/64 | 1 | Metal | Cut Off,
49-94-0063,LONG_DESC1,,"Cut-Off Wheel, 14 in Diameter, 0.109375 in Thickness, 1 in Arbor Size, metal Application, Cut Off Wheel Type, General Purpose Quantity",,composed,yes,,14 | 7/64 | 1 | Metal | Cut Off | General Purpose,
49-94-0063,RETAIL_DESC,,"Cut-Off Wheel, 14 in Diameter, 0.109375 in Thickness, 1 in Arbor Size, metal Application, Cut Off Wheel Type",,composed,yes,,14 | 7/64 | 1 | Metal | Cut Off,
49-94-0063,ITEM_FEATURES_1,,14 in,,composed,yes,,14,
49-94-0063,ITEM_FEATURES_2,,0.109375 in,,composed,yes,,7/64,
49-94-0063,ITEM_FEATURES_3,,1 in,,composed,yes,,1,
49-94-0063,Application,material_application,metal,,derived,yes,,Metal,"dimensional: abstained (material_application is nominal, not a physical quantity) ; constraint: abstained (no constraint in abrasive.cutoff_disc mentions material_application) ; identity: abstained (material_application is not an identity claim) ; vocabulary: 1.00 ('metal' is a declared term for material_application)"
49-94-0063,ATTRIBUTE_LABEL 1,disc_diameter,Diameter,,derived,yes,,,"dimensional: 0.55 ('14' carries no unit; assuming millimeter. Unlabelled numbers are how inch/millimetre errors enter a catalog.) ; constraint: 1.00 (all 3 constraint(s) on disc_diameter hold) ; identity: abstained (disc_diameter is not an identity claim) ; vocabulary: abstained (disc_diameter is quantity, not a controlled term)"
49-94-0063,ATTRIBUTE_VALUE 1,disc_diameter,14,,extracted,no,,14,"dimensional: 0.55 ('14' carries no unit; assuming millimeter. Unlabelled numbers are how inch/millimetre errors enter a catalog.) ; constraint: 1.00 (all 3 constraint(s) on disc_diameter hold) ; identity: abstained (disc_diameter is not an identity claim) ; vocabulary: abstained (disc_diameter is quantity, not a controlled term)"
49-94-0063,ATTRIBUTE_UOM 1,disc_diameter,in,,derived,no,,,"dimensional: 0.55 ('14' carries no unit; assuming millimeter. Unlabelled numbers are how inch/millimetre errors enter a catalog.) ; constraint: 1.00 (all 3 constraint(s) on disc_diameter hold) ; identity: abstained (disc_diameter is not an identity claim) ; vocabulary: abstained (disc_diameter is quantity, not a controlled term)"
49-94-0063,ATTRIBUTE_LABEL 2,thickness,Thickness,,derived,yes,,,"dimensional: 0.55 ('0.109375' carries no unit; assuming millimeter. Unlabelled numbers are how inch/millimetre errors enter a catalog.) ; constraint: 1.00 (all 2 constraint(s) on thickness hold) ; identity: abstained (thickness is not an identity claim) ; vocabulary: abstained (thickness is quantity, not a controlled term)"
49-94-0063,ATTRIBUTE_VALUE 2,thickness,0.109375,,extracted,no,,7/64,"dimensional: 0.55 ('0.109375' carries no unit; assuming millimeter. Unlabelled numbers are how inch/millimetre errors enter a catalog.) ; constraint: 1.00 (all 2 constraint(s) on thickness hold) ; identity: abstained (thickness is not an identity claim) ; vocabulary: abstained (thickness is quantity, not a controlled term)"
49-94-0063,ATTRIBUTE_UOM 2,thickness,in,,derived,no,,,"dimensional: 0.55 ('0.109375' carries no unit; assuming millimeter. Unlabelled numbers are how inch/millimetre errors enter a catalog.) ; constraint: 1.00 (all 2 constraint(s) on thickness hold) ; identity: abstained (thickness is not an identity claim) ; vocabulary: abstained (thickness is quantity, not a controlled term)"
49-94-0063,ATTRIBUTE_LABEL 3,arbor_diameter,Arbor Size,,derived,yes,,,"dimensional: 0.55 ('1' carries no unit; assuming millimeter. Unlabelled numbers are how inch/millimetre errors enter a catalog.) ; constraint: 1.00 (all 2 constraint(s) on arbor_diameter hold) ; identity: abstained (arbor_diameter is not an identity claim) ; vocabulary: abstained (arbor_diameter is quantity, not a controlled term)"
49-94-0063,ATTRIBUTE_VALUE 3,arbor_diameter,1,,extracted,no,,1,"dimensional: 0.55 ('1' carries no unit; assuming millimeter. Unlabelled numbers are how inch/millimetre errors enter a catalog.) ; constraint: 1.00 (all 2 constraint(s) on arbor_diameter hold) ; identity: abstained (arbor_diameter is not an identity claim) ; vocabulary: abstained (arbor_diameter is quantity, not a controlled term)"
49-94-0063,ATTRIBUTE_UOM 3,arbor_diameter,in,,derived,no,,,"dimensional: 0.55 ('1' carries no unit; assuming millimeter. Unlabelled numbers are how inch/millimetre errors enter a catalog.) ; constraint: 1.00 (all 2 constraint(s) on arbor_diameter hold) ; identity: abstained (arbor_diameter is not an identity claim) ; vocabulary: abstained (arbor_diameter is quantity, not a controlled term)"
49-94-0063,ATTRIBUTE_LABEL 4,material_application,Application,,derived,yes,,,"dimensional: abstained (material_application is nominal, not a physical quantity) ; constraint: abstained (no constraint in abrasive.cutoff_disc mentions material_application) ; identity: abstained (material_application is not an identity claim) ; vocabulary: 1.00 ('metal' is a declared term for material_application)"
49-94-0063,ATTRIBUTE_VALUE 4,material_application,metal,,extracted,no,,Metal,"dimensional: abstained (material_application is nominal, not a physical quantity) ; constraint: abstained (no constraint in abrasive.cutoff_disc mentions material_application) ; identity: abstained (material_application is not an identity claim) ; vocabulary: 1.00 ('metal' is a declared term for material_application)"
49-94-0063,ATTRIBUTE_LABEL 5,wheel_type,Wheel Type,,derived,yes,,,"dimensional: abstained (wheel_type is nominal, not a physical quantity) ; constraint: abstained (no constraint in abrasive.cutoff_disc mentions wheel_type) ; identity: abstained (wheel_type is not an identity claim) ; vocabulary: 0.00 ('Cut Off' is not a term wheel_type accepts. This category allows 'type 1 flat', 'type 27 depressed center', 'type 41 flat', 'type 42 depressed center'. A plausible-sounding value outside the vocabulary is exactly the failure a confidence score does not catch.)"
49-94-0063,ATTRIBUTE_VALUE 5,wheel_type,Cut Off,,extracted,no,,Cut Off,"dimensional: abstained (wheel_type is nominal, not a physical quantity) ; constraint: abstained (no constraint in abrasive.cutoff_disc mentions wheel_type) ; identity: abstained (wheel_type is not an identity claim) ; vocabulary: 0.00 ('Cut Off' is not a term wheel_type accepts. This category allows 'type 1 flat', 'type 27 depressed center', 'type 41 flat', 'type 42 depressed center'. A plausible-sounding value outside the vocabulary is exactly the failure a confidence score does not catch.)"
49-94-0063,ATTRIBUTE_LABEL 6,abrasive_grain,Abrasive,,derived,yes,,,
49-94-0063,ATTRIBUTE_LABEL 7,max_rpm,Maximum Speed,,derived,yes,,,
49-94-0063,ATTRIBUTE_LABEL 8,pack_quantity,Quantity,,derived,yes,,,"dimensional: 0.00 (pack_quantity is declared as a quantity but the extracted text 'General Purpose' contains no readable number (no number found in 'General Purpose')) ; constraint: abstained (all 1 constraint(s) on pack_quantity need attributes that are missing from this record) ; identity: abstained (pack_quantity is not an identity claim) ; vocabulary: abstained (pack_quantity is quantity, not a controlled term)"
49-94-0063,ATTRIBUTE_VALUE 8,pack_quantity,General Purpose,,extracted,no,,General Purpose,"dimensional: 0.00 (pack_quantity is declared as a quantity but the extracted text 'General Purpose' contains no readable number (no number found in 'General Purpose')) ; constraint: abstained (all 1 constraint(s) on pack_quantity need attributes that are missing from this record) ; identity: abstained (pack_quantity is not an identity claim) ; vocabulary: abstained (pack_quantity is quantity, not a controlled term)"
49-94-0063,UNSPSC,,23101500,,routed,yes,,"Cut | Off | Disc | Metal | Cut Off | 14""x7/64""x1""",
49-94-0068,Dept,,Tools & Equipment,,routed,yes,,Cut | Off | Disc | Metal | Cut Off,
49-94-0068,Class,,Power Tool Accessories,,routed,yes,,Cut | Off | Disc | Metal | Cut Off,
49-94-0068,Fine,,Cut-Off & Grinding Wheels,,routed,yes,,Cut | Off | Disc | Metal | Cut Off,
49-94-0068,Mfg_Part_Num,,49-94-0068,,passthrough,yes,,,
49-94-0068,Part_Desc,,"49-94-0068 Milw 14""x1/8""x20mm Metal Cut Off Disc",,passthrough,yes,,,
49-94-0068,E1_Brand,,-- Unbranded --,,passthrough,yes,,,
49-94-0068,Unilog_Brand,,-- No Unilog Brand --,,passthrough,yes,,,
49-94-0068,DIB_Brand,,-- No DIB Brand --,,passthrough,yes,,,
49-94-0068,Part_Manuf,,Milwaukee Accessory (4031),,passthrough,yes,,,
49-94-0068,MANUFACTURER_NAME,,Milwaukee Accessory,,passthrough,yes,,,
49-94-0068,MANUFACTURER_PART_NUMBER,,49-94-0068,,passthrough,yes,,,
49-94-0068,Classpath,,Tools & Equipment>Power Tool Accessories>Abrasive Wheels,,routed,yes,,Cut | Off | Disc | Metal | Cut Off,
49-94-0068,MOBILE_DESC,,"Milwaukee Accessory, Cut-Off Wheel, 49-94-0068, 14 in Diameter",,composed,yes,,14,
49-94-0068,INVOICE_DESC,,CUT-OFF WHEEL 14IN 0.125IN 20MM METAL 1,,composed,yes,,14 | 1/8 | 20mm | Metal | 1,
49-94-0068,SHORT_DESC,,"49-94-0068 Cut-Off Wheel, 14 in Diameter, 0.125 in Thickness, 20 mm Arbor Size, metal Application",,composed,yes,,14 | 1/8 | 20mm | Metal,
49-94-0068,LONG_DESC1,,"Cut-Off Wheel, 14 in Diameter, 0.125 in Thickness, 20 mm Arbor Size, metal Application, Cut Off Disc Wheel Type, 1 Quantity",,composed,yes,,14 | 1/8 | 20mm | Metal | Cut Off Disc | 1,
49-94-0068,RETAIL_DESC,,"Cut-Off Wheel, 14 in Diameter, 0.125 in Thickness, 20 mm Arbor Size, metal Application, Cut Off Disc Wheel Type",,composed,yes,,14 | 1/8 | 20mm | Metal | Cut Off Disc,
49-94-0068,ITEM_FEATURES_1,,14 in,,composed,yes,,14,
49-94-0068,ITEM_FEATURES_2,,0.125 in,,composed,yes,,1/8,
49-94-0068,ITEM_FEATURES_3,,20 mm,,composed,yes,,20mm,
49-94-0068,Application,material_application,metal,,derived,yes,,Metal,"dimensional: abstained (material_application is nominal, not a physical quantity) ; constraint: abstained (no constraint in abrasive.cutoff_disc mentions material_application) ; identity: abstained (material_application is not an identity claim) ; vocabulary: 1.00 ('metal' is a declared term for material_application)"
49-94-0068,ATTRIBUTE_LABEL 1,disc_diameter,Diameter,,derived,yes,,,"dimensional: 0.55 ('14' carries no unit; assuming millimeter. Unlabelled numbers are how inch/millimetre errors enter a catalog.) ; constraint: 0.00 (disc_diameter violates arbor_diameter < disc_diameter [arbor_diameter=20 mm, disc_diameter=14 mm]. Values that are individually plausible but jointly impossible cannot be published at any confidence level.) ; identity: abstained (disc_diameter is not an identity claim) ; vocabulary: abstained (disc_diameter is quantity, not a controlled term)"
49-94-0068,ATTRIBUTE_VALUE 1,disc_diameter,14,,extracted,no,,14,"dimensional: 0.55 ('14' carries no unit; assuming millimeter. Unlabelled numbers are how inch/millimetre errors enter a catalog.) ; constraint: 0.00 (disc_diameter violates arbor_diameter < disc_diameter [arbor_diameter=20 mm, disc_diameter=14 mm]. Values that are individually plausible but jointly impossible cannot be published at any confidence level.) ; identity: abstained (disc_diameter is not an identity claim) ; vocabulary: abstained (disc_diameter is quantity, not a controlled term)"
49-94-0068,ATTRIBUTE_UOM 1,disc_diameter,in,,derived,no,,,"dimensional: 0.55 ('14' carries no unit; assuming millimeter. Unlabelled numbers are how inch/millimetre errors enter a catalog.) ; constraint: 0.00 (disc_diameter violates arbor_diameter < disc_diameter [arbor_diameter=20 mm, disc_diameter=14 mm]. Values that are individually plausible but jointly impossible cannot be published at any confidence level.) ; identity: abstained (disc_diameter is not an identity claim) ; vocabulary: abstained (disc_diameter is quantity, not a controlled term)"
49-94-0068,ATTRIBUTE_LABEL 2,thickness,Thickness,,derived,yes,,,"dimensional: 0.55 ('0.125' carries no unit; assuming millimeter. Unlabelled numbers are how inch/millimetre errors enter a catalog.) ; constraint: 1.00 (all 2 constraint(s) on thickness hold) ; identity: abstained (thickness is not an identity claim) ; vocabulary: abstained (thickness is quantity, not a controlled term)"
49-94-0068,ATTRIBUTE_VALUE 2,thickness,0.125,,extracted,no,,1/8,"dimensional: 0.55 ('0.125' carries no unit; assuming millimeter. Unlabelled numbers are how inch/millimetre errors enter a catalog.) ; constraint: 1.00 (all 2 constraint(s) on thickness hold) ; identity: abstained (thickness is not an identity claim) ; vocabulary: abstained (thickness is quantity, not a controlled term)"
49-94-0068,ATTRIBUTE_UOM 2,thickness,in,,derived,no,,,"dimensional: 0.55 ('0.125' carries no unit; assuming millimeter. Unlabelled numbers are how inch/millimetre errors enter a catalog.) ; constraint: 1.00 (all 2 constraint(s) on thickness hold) ; identity: abstained (thickness is not an identity claim) ; vocabulary: abstained (thickness is quantity, not a controlled term)"
49-94-0068,ATTRIBUTE_LABEL 3,arbor_diameter,Arbor Size,,derived,yes,,,"dimensional: 1.00 (20 millimeter is dimensionally valid for arbor_diameter (length)) ; constraint: 0.00 (arbor_diameter violates arbor_diameter < disc_diameter [arbor_diameter=20 mm, disc_diameter=14 mm]. Values that are individually plausible but jointly impossible cannot be published at any confidence level.) ; identity: abstained (arbor_diameter is not an identity claim) ; vocabulary: abstained (arbor_diameter is quantity, not a controlled term)"
49-94-0068,ATTRIBUTE_VALUE 3,arbor_diameter,20,,extracted,no,,20mm,"dimensional: 1.00 (20 millimeter is dimensionally valid for arbor_diameter (length)) ; constraint: 0.00 (arbor_diameter violates arbor_diameter < disc_diameter [arbor_diameter=20 mm, disc_diameter=14 mm]. Values that are individually plausible but jointly impossible cannot be published at any confidence level.) ; identity: abstained (arbor_diameter is not an identity claim) ; vocabulary: abstained (arbor_diameter is quantity, not a controlled term)"
49-94-0068,ATTRIBUTE_UOM 3,arbor_diameter,mm,,derived,no,,,"dimensional: 1.00 (20 millimeter is dimensionally valid for arbor_diameter (length)) ; constraint: 0.00 (arbor_diameter violates arbor_diameter < disc_diameter [arbor_diameter=20 mm, disc_diameter=14 mm]. Values that are individually plausible but jointly impossible cannot be published at any confidence level.) ; identity: abstained (arbor_diameter is not an identity claim) ; vocabulary: abstained (arbor_diameter is quantity, not a controlled term)"
49-94-0068,ATTRIBUTE_LABEL 4,material_application,Application,,derived,yes,,,"dimensional: abstained (material_application is nominal, not a physical quantity) ; constraint: abstained (no constraint in abrasive.cutoff_disc mentions material_application) ; identity: abstained (material_application is not an identity claim) ; vocabulary: 1.00 ('metal' is a declared term for material_application)"
49-94-0068,ATTRIBUTE_VALUE 4,material_application,metal,,extracted,no,,Metal,"dimensional: abstained (material_application is nominal, not a physical quantity) ; constraint: abstained (no constraint in abrasive.cutoff_disc mentions material_application) ; identity: abstained (material_application is not an identity claim) ; vocabulary: 1.00 ('metal' is a declared term for material_application)"
49-94-0068,ATTRIBUTE_LABEL 5,wheel_type,Wheel Type,,derived,yes,,,"dimensional: abstained (wheel_type is nominal, not a physical quantity) ; constraint: abstained (no constraint in abrasive.cutoff_disc mentions wheel_type) ; identity: abstained (wheel_type is not an identity claim) ; vocabulary: 0.00 ('Cut Off Disc' is not a term wheel_type accepts. This category allows 'type 1 flat', 'type 27 depressed center', 'type 41 flat', 'type 42 depressed center'. A plausible-sounding value outside the vocabulary is exactly the failure a confidence score does not catch.)"
49-94-0068,ATTRIBUTE_VALUE 5,wheel_type,Cut Off Disc,,extracted,no,,Cut Off Disc,"dimensional: abstained (wheel_type is nominal, not a physical quantity) ; constraint: abstained (no constraint in abrasive.cutoff_disc mentions wheel_type) ; identity: abstained (wheel_type is not an identity claim) ; vocabulary: 0.00 ('Cut Off Disc' is not a term wheel_type accepts. This category allows 'type 1 flat', 'type 27 depressed center', 'type 41 flat', 'type 42 depressed center'. A plausible-sounding value outside the vocabulary is exactly the failure a confidence score does not catch.)"
49-94-0068,ATTRIBUTE_LABEL 6,abrasive_grain,Abrasive,,derived,yes,,,
49-94-0068,ATTRIBUTE_LABEL 7,max_rpm,Maximum Speed,,derived,yes,,,
49-94-0068,ATTRIBUTE_LABEL 8,pack_quantity,Quantity,,derived,yes,,,"dimensional: 0.55 ('1' carries no unit; assuming dimensionless. Unlabelled numbers are how inch/millimetre errors enter a catalog.) ; constraint: 1.00 (all 1 constraint(s) on pack_quantity hold) ; identity: abstained (pack_quantity is not an identity claim) ; vocabulary: abstained (pack_quantity is quantity, not a controlled term)"
49-94-0068,ATTRIBUTE_VALUE 8,pack_quantity,1,,extracted,no,,1,"dimensional: 0.55 ('1' carries no unit; assuming dimensionless. Unlabelled numbers are how inch/millimetre errors enter a catalog.) ; constraint: 1.00 (all 1 constraint(s) on pack_quantity hold) ; identity: abstained (pack_quantity is not an identity claim) ; vocabulary: abstained (pack_quantity is quantity, not a controlled term)"
49-94-0068,UNSPSC,,23101500,,routed,yes,,Cut | Off | Disc | Metal | Cut Off,
49-94-0068,Selling Qty,pack_quantity,1,,derived,yes,,1,"dimensional: 0.55 ('1' carries no unit; assuming dimensionless. Unlabelled numbers are how inch/millimetre errors enter a catalog.) ; constraint: 1.00 (all 1 constraint(s) on pack_quantity hold) ; identity: abstained (pack_quantity is not an identity claim) ; vocabulary: abstained (pack_quantity is quantity, not a controlled term)"
49-94-0068,Selling UOM,pack_quantity,EA,,derived,yes,,,"dimensional: 0.55 ('1' carries no unit; assuming dimensionless. Unlabelled numbers are how inch/millimetre errors enter a catalog.) ; constraint: 1.00 (all 1 constraint(s) on pack_quantity hold) ; identity: abstained (pack_quantity is not an identity claim) ; vocabulary: abstained (pack_quantity is quantity, not a controlled term)"
49-94-0073,Dept,,Tools & Equipment,,routed,yes,,"Cut | Off | Disc | Metal | Cut Off | 14""x1/8""x1""",
49-94-0073,Class,,Power Tool Accessories,,routed,yes,,"Cut | Off | Disc | Metal | Cut Off | 14""x1/8""x1""",
49-94-0073,Fine,,Cut-Off & Grinding Wheels,,routed,yes,,"Cut | Off | Disc | Metal | Cut Off | 14""x1/8""x1""",
49-94-0073,Mfg_Part_Num,,49-94-0073,,passthrough,yes,,,
49-94-0073,Part_Desc,,"49-94-0073 Milw 14""x1/8""x1"" Metal Cut Off Disc",,passthrough,yes,,,
49-94-0073,E1_Brand,,-- Unbranded --,,passthrough,yes,,,
49-94-0073,Unilog_Brand,,-- No Unilog Brand --,,passthrough,yes,,,
49-94-0073,DIB_Brand,,-- No DIB Brand --,,passthrough,yes,,,
49-94-0073,Part_Manuf,,Milwaukee Accessory (4031),,passthrough,yes,,,
49-94-0073,MANUFACTURER_NAME,,Milwaukee Accessory,,passthrough,yes,,,
49-94-0073,MANUFACTURER_PART_NUMBER,,49-94-0073,,passthrough,yes,,,
49-94-0073,Classpath,,Tools & Equipment>Power Tool Accessories>Abrasive Wheels,,routed,yes,,"Cut | Off | Disc | Metal | Cut Off | 14""x1/8""x1""",
49-94-0073,MOBILE_DESC,,"Milwaukee Accessory, Cut-Off Wheel, 49-94-0073, 14 in Diameter",,composed,yes,,14,
49-94-0073,INVOICE_DESC,,CUT-OFF WHEEL 14IN 0.125IN 1IN METAL 1,,composed,yes,,14 | 1/8 | 1 | Metal,
49-94-0073,SHORT_DESC,,"49-94-0073 Cut-Off Wheel, 14 in Diameter, 0.125 in Thickness, 1 in Arbor Size, metal Application, Cut Off Wheel Type",,composed,yes,,14 | 1/8 | 1 | Metal | Cut Off,
49-94-0073,LONG_DESC1,,"Cut-Off Wheel, 14 in Diameter, 0.125 in Thickness, 1 in Arbor Size, metal Application, Cut Off Wheel Type, 1 Quantity",,composed,yes,,14 | 1/8 | 1 | Metal | Cut Off,
49-94-0073,RETAIL_DESC,,"Cut-Off Wheel, 14 in Diameter, 0.125 in Thickness, 1 in Arbor Size, metal Application, Cut Off Wheel Type, 1 Quantity",,composed,yes,,14 | 1/8 | 1 | Metal | Cut Off,
49-94-0073,ITEM_FEATURES_1,,14 in,,composed,yes,,14,
49-94-0073,ITEM_FEATURES_2,,0.125 in,,composed,yes,,1/8,
49-94-0073,ITEM_FEATURES_3,,1 in,,composed,yes,,1,
49-94-0073,Application,material_application,metal,,derived,yes,,Metal,"dimensional: abstained (material_application is nominal, not a physical quantity) ; constraint: abstained (no constraint in abrasive.cutoff_disc mentions material_application) ; identity: abstained (material_application is not an identity claim) ; vocabulary: 1.00 ('metal' is a declared term for material_application)"
49-94-0073,ATTRIBUTE_LABEL 1,disc_diameter,Diameter,,derived,yes,,,"dimensional: 0.55 ('14' carries no unit; assuming millimeter. Unlabelled numbers are how inch/millimetre errors enter a catalog.) ; constraint: 1.00 (all 3 constraint(s) on disc_diameter hold) ; identity: abstained (disc_diameter is not an identity claim) ; vocabulary: abstained (disc_diameter is quantity, not a controlled term)"
49-94-0073,ATTRIBUTE_VALUE 1,disc_diameter,14,,extracted,no,,14,"dimensional: 0.55 ('14' carries no unit; assuming millimeter. Unlabelled numbers are how inch/millimetre errors enter a catalog.) ; constraint: 1.00 (all 3 constraint(s) on disc_diameter hold) ; identity: abstained (disc_diameter is not an identity claim) ; vocabulary: abstained (disc_diameter is quantity, not a controlled term)"
49-94-0073,ATTRIBUTE_UOM 1,disc_diameter,in,,derived,no,,,"dimensional: 0.55 ('14' carries no unit; assuming millimeter. Unlabelled numbers are how inch/millimetre errors enter a catalog.) ; constraint: 1.00 (all 3 constraint(s) on disc_diameter hold) ; identity: abstained (disc_diameter is not an identity claim) ; vocabulary: abstained (disc_diameter is quantity, not a controlled term)"
49-94-0073,ATTRIBUTE_LABEL 2,thickness,Thickness,,derived,yes,,,"dimensional: 0.55 ('0.125' carries no unit; assuming millimeter. Unlabelled numbers are how inch/millimetre errors enter a catalog.) ; constraint: 1.00 (all 2 constraint(s) on thickness hold) ; identity: abstained (thickness is not an identity claim) ; vocabulary: abstained (thickness is quantity, not a controlled term)"
49-94-0073,ATTRIBUTE_VALUE 2,thickness,0.125,,extracted,no,,1/8,"dimensional: 0.55 ('0.125' carries no unit; assuming millimeter. Unlabelled numbers are how inch/millimetre errors enter a catalog.) ; constraint: 1.00 (all 2 constraint(s) on thickness hold) ; identity: abstained (thickness is not an identity claim) ; vocabulary: abstained (thickness is quantity, not a controlled term)"
49-94-0073,ATTRIBUTE_UOM 2,thickness,in,,derived,no,,,"dimensional: 0.55 ('0.125' carries no unit; assuming millimeter. Unlabelled numbers are how inch/millimetre errors enter a catalog.) ; constraint: 1.00 (all 2 constraint(s) on thickness hold) ; identity: abstained (thickness is not an identity claim) ; vocabulary: abstained (thickness is quantity, not a controlled term)"
49-94-0073,ATTRIBUTE_LABEL 3,arbor_diameter,Arbor Size,,derived,yes,,,"dimensional: 0.55 ('1' carries no unit; assuming millimeter. Unlabelled numbers are how inch/millimetre errors enter a catalog.) ; constraint: 1.00 (all 2 constraint(s) on arbor_diameter hold) ; identity: abstained (arbor_diameter is not an identity claim) ; vocabulary: abstained (arbor_diameter is quantity, not a controlled term)"
49-94-0073,ATTRIBUTE_VALUE 3,arbor_diameter,1,,extracted,no,,1,"dimensional: 0.55 ('1' carries no unit; assuming millimeter. Unlabelled numbers are how inch/millimetre errors enter a catalog.) ; constraint: 1.00 (all 2 constraint(s) on arbor_diameter hold) ; identity: abstained (arbor_diameter is not an identity claim) ; vocabulary: abstained (arbor_diameter is quantity, not a controlled term)"
49-94-0073,ATTRIBUTE_UOM 3,arbor_diameter,in,,derived,no,,,"dimensional: 0.55 ('1' carries no unit; assuming millimeter. Unlabelled numbers are how inch/millimetre errors enter a catalog.) ; constraint: 1.00 (all 2 constraint(s) on arbor_diameter hold) ; identity: abstained (arbor_diameter is not an identity claim) ; vocabulary: abstained (arbor_diameter is quantity, not a controlled term)"
49-94-0073,ATTRIBUTE_LABEL 4,material_application,Application,,derived,yes,,,"dimensional: abstained (material_application is nominal, not a physical quantity) ; constraint: abstained (no constraint in abrasive.cutoff_disc mentions material_application) ; identity: abstained (material_application is not an identity claim) ; vocabulary: 1.00 ('metal' is a declared term for material_application)"
49-94-0073,ATTRIBUTE_VALUE 4,material_application,metal,,extracted,no,,Metal,"dimensional: abstained (material_application is nominal, not a physical quantity) ; constraint: abstained (no constraint in abrasive.cutoff_disc mentions material_application) ; identity: abstained (material_application is not an identity claim) ; vocabulary: 1.00 ('metal' is a declared term for material_application)"
49-94-0073,ATTRIBUTE_LABEL 5,wheel_type,Wheel Type,,derived,yes,,,"dimensional: abstained (wheel_type is nominal, not a physical quantity) ; constraint: abstained (no constraint in abrasive.cutoff_disc mentions wheel_type) ; identity: abstained (wheel_type is not an identity claim) ; vocabulary: 0.00 ('Cut Off' is not a term wheel_type accepts. This category allows 'type 1 flat', 'type 27 depressed center', 'type 41 flat', 'type 42 depressed center'. A plausible-sounding value outside the vocabulary is exactly the failure a confidence score does not catch.)"
49-94-0073,ATTRIBUTE_VALUE 5,wheel_type,Cut Off,,extracted,no,,Cut Off,"dimensional: abstained (wheel_type is nominal, not a physical quantity) ; constraint: abstained (no constraint in abrasive.cutoff_disc mentions wheel_type) ; identity: abstained (wheel_type is not an identity claim) ; vocabulary: 0.00 ('Cut Off' is not a term wheel_type accepts. This category allows 'type 1 flat', 'type 27 depressed center', 'type 41 flat', 'type 42 depressed center'. A plausible-sounding value outside the vocabulary is exactly the failure a confidence score does not catch.)"
49-94-0073,ATTRIBUTE_LABEL 6,abrasive_grain,Abrasive,,derived,yes,,,
49-94-0073,ATTRIBUTE_LABEL 7,max_rpm,Maximum Speed,,derived,yes,,,
49-94-0073,ATTRIBUTE_LABEL 8,pack_quantity,Quantity,,derived,yes,,,"dimensional: 0.55 ('1' carries no unit; assuming dimensionless. Unlabelled numbers are how inch/millimetre errors enter a catalog.) ; constraint: 1.00 (all 1 constraint(s) on pack_quantity hold) ; identity: abstained (pack_quantity is not an identity claim) ; vocabulary: abstained (pack_quantity is quantity, not a controlled term)"
49-94-0073,ATTRIBUTE_VALUE 8,pack_quantity,1,,extracted,no,,1,"dimensional: 0.55 ('1' carries no unit; assuming dimensionless. Unlabelled numbers are how inch/millimetre errors enter a catalog.) ; constraint: 1.00 (all 1 constraint(s) on pack_quantity hold) ; identity: abstained (pack_quantity is not an identity claim) ; vocabulary: abstained (pack_quantity is quantity, not a controlled term)"
49-94-0073,UNSPSC,,23101500,,routed,yes,,"Cut | Off | Disc | Metal | Cut Off | 14""x1/8""x1""",
49-94-0073,Selling Qty,pack_quantity,1,,derived,yes,,1,"dimensional: 0.55 ('1' carries no unit; assuming dimensionless. Unlabelled numbers are how inch/millimetre errors enter a catalog.) ; constraint: 1.00 (all 1 constraint(s) on pack_quantity hold) ; identity: abstained (pack_quantity is not an identity claim) ; vocabulary: abstained (pack_quantity is quantity, not a controlled term)"
49-94-0073,Selling UOM,pack_quantity,EA,,derived,yes,,,"dimensional: 0.55 ('1' carries no unit; assuming dimensionless. Unlabelled numbers are how inch/millimetre errors enter a catalog.) ; constraint: 1.00 (all 1 constraint(s) on pack_quantity hold) ; identity: abstained (pack_quantity is not an identity claim) ; vocabulary: abstained (pack_quantity is quantity, not a controlled term)"
49-94-0101,Dept,,Tools & Equipment,,routed,yes,,"Cut | Off | Disc | Metal | Cut Off | 4-1/2""x.045""x7/8""",
49-94-0101,Class,,Power Tool Accessories,,routed,yes,,"Cut | Off | Disc | Metal | Cut Off | 4-1/2""x.045""x7/8""",
49-94-0101,Fine,,Cut-Off & Grinding Wheels,,routed,yes,,"Cut | Off | Disc | Metal | Cut Off | 4-1/2""x.045""x7/8""",
49-94-0101,Mfg_Part_Num,,49-94-0101,,passthrough,yes,,,
49-94-0101,Part_Desc,,"49-94-0101 Milw 4-1/2""x.045""x7/8"" Perform+ Metal Cut Off Disc 10pc",,passthrough,yes,,,
49-94-0101,E1_Brand,,-- Unbranded --,,passthrough,yes,,,
49-94-0101,Unilog_Brand,,-- No Unilog Brand --,,passthrough,yes,,,
49-94-0101,DIB_Brand,,-- No DIB Brand --,,passthrough,yes,,,
49-94-0101,Part_Manuf,,Milwaukee Accessory (4031),,passthrough,yes,,,
49-94-0101,MANUFACTURER_NAME,,Milwaukee Accessory,,passthrough,yes,,,
49-94-0101,MANUFACTURER_PART_NUMBER,,49-94-0101,,passthrough,yes,,,
49-94-0101,Classpath,,Tools & Equipment>Power Tool Accessories>Abrasive Wheels,,routed,yes,,"Cut | Off | Disc | Metal | Cut Off | 4-1/2""x.045""x7/8""",
49-94-0101,MOBILE_DESC,,"Milwaukee Accessory, Cut-Off Wheel, 49-94-0101, 4.5 in Diameter",,composed,yes,,4-1/2,
49-94-0101,INVOICE_DESC,,CUT-OFF WHEEL 4.5IN .045IN 0.875IN 10 PC,,composed,yes,,4-1/2 | .045 | 7/8 | 10pc,
49-94-0101,SHORT_DESC,,"49-94-0101 Cut-Off Wheel, 4.5 in Diameter, .045 in Thickness, 0.875 in Arbor Size, 10 pc Quantity",,composed,yes,,4-1/2 | .045 | 7/8 | 10pc,
49-94-0101,LONG_DESC1,,"Cut-Off Wheel, 4.5 in Diameter, .045 in Thickness, 0.875 in Arbor Size, 10 pc Quantity",,composed,yes,,4-1/2 | .045 | 7/8 | 10pc,
49-94-0101,RETAIL_DESC,,"Cut-Off Wheel, 4.5 in Diameter, .045 in Thickness, 0.875 in Arbor Size, 10 pc Quantity",,composed,yes,,4-1/2 | .045 | 7/8 | 10pc,
49-94-0101,ITEM_FEATURES_1,,4.5 in,,composed,yes,,4-1/2,
49-94-0101,ITEM_FEATURES_2,,.045 in,,composed,yes,,.045,
49-94-0101,ITEM_FEATURES_3,,0.875 in,,composed,yes,,7/8,
49-94-0101,ATTRIBUTE_LABEL 1,disc_diameter,Diameter,,derived,yes,,,"dimensional: 0.55 ('4.5' carries no unit; assuming millimeter. Unlabelled numbers are how inch/millimetre errors enter a catalog.) ; constraint: 1.00 (all 3 constraint(s) on disc_diameter hold) ; identity: abstained (disc_diameter is not an identity claim) ; vocabulary: abstained (disc_diameter is quantity, not a controlled term)"
49-94-0101,ATTRIBUTE_VALUE 1,disc_diameter,4.5,,extracted,no,,4-1/2,"dimensional: 0.55 ('4.5' carries no unit; assuming millimeter. Unlabelled numbers are how inch/millimetre errors enter a catalog.) ; constraint: 1.00 (all 3 constraint(s) on disc_diameter hold) ; identity: abstained (disc_diameter is not an identity claim) ; vocabulary: abstained (disc_diameter is quantity, not a controlled term)"
49-94-0101,ATTRIBUTE_UOM 1,disc_diameter,in,,derived,no,,,"dimensional: 0.55 ('4.5' carries no unit; assuming millimeter. Unlabelled numbers are how inch/millimetre errors enter a catalog.) ; constraint: 1.00 (all 3 constraint(s) on disc_diameter hold) ; identity: abstained (disc_diameter is not an identity claim) ; vocabulary: abstained (disc_diameter is quantity, not a controlled term)"
49-94-0101,ATTRIBUTE_LABEL 2,thickness,Thickness,,derived,yes,,,"dimensional: 0.55 ('.045' carries no unit; assuming millimeter. Unlabelled numbers are how inch/millimetre errors enter a catalog.) ; constraint: 1.00 (all 2 constraint(s) on thickness hold) ; identity: abstained (thickness is not an identity claim) ; vocabulary: abstained (thickness is quantity, not a controlled term)"
49-94-0101,ATTRIBUTE_VALUE 2,thickness,.045,,extracted,no,,.045,"dimensional: 0.55 ('.045' carries no unit; assuming millimeter. Unlabelled numbers are how inch/millimetre errors enter a catalog.) ; constraint: 1.00 (all 2 constraint(s) on thickness hold) ; identity: abstained (thickness is not an identity claim) ; vocabulary: abstained (thickness is quantity, not a controlled term)"
49-94-0101,ATTRIBUTE_UOM 2,thickness,in,,derived,no,,,"dimensional: 0.55 ('.045' carries no unit; assuming millimeter. Unlabelled numbers are how inch/millimetre errors enter a catalog.) ; constraint: 1.00 (all 2 constraint(s) on thickness hold) ; identity: abstained (thickness is not an identity claim) ; vocabulary: abstained (thickness is quantity, not a controlled term)"
49-94-0101,ATTRIBUTE_LABEL 3,arbor_diameter,Arbor Size,,derived,yes,,,"dimensional: 0.55 ('0.875' carries no unit; assuming millimeter. Unlabelled numbers are how inch/millimetre errors enter a catalog.) ; constraint: 1.00 (all 2 constraint(s) on arbor_diameter hold) ; identity: abstained (arbor_diameter is not an identity claim) ; vocabulary: abstained (arbor_diameter is quantity, not a controlled term)"
49-94-0101,ATTRIBUTE_VALUE 3,arbor_diameter,0.875,,extracted,no,,7/8,"dimensional: 0.55 ('0.875' carries no unit; assuming millimeter. Unlabelled numbers are how inch/millimetre errors enter a catalog.) ; constraint: 1.00 (all 2 constraint(s) on arbor_diameter hold) ; identity: abstained (arbor_diameter is not an identity claim) ; vocabulary: abstained (arbor_diameter is quantity, not a controlled term)"
49-94-0101,ATTRIBUTE_UOM 3,arbor_diameter,in,,derived,no,,,"dimensional: 0.55 ('0.875' carries no unit; assuming millimeter. Unlabelled numbers are how inch/millimetre errors enter a catalog.) ; constraint: 1.00 (all 2 constraint(s) on arbor_diameter hold) ; identity: abstained (arbor_diameter is not an identity claim) ; vocabulary: abstained (arbor_diameter is quantity, not a controlled term)"
49-94-0101,ATTRIBUTE_LABEL 4,material_application,Application,,derived,yes,,,
49-94-0101,ATTRIBUTE_LABEL 5,wheel_type,Wheel Type,,derived,yes,,,
49-94-0101,ATTRIBUTE_LABEL 6,abrasive_grain,Abrasive,,derived,yes,,,
49-94-0101,ATTRIBUTE_LABEL 7,max_rpm,Maximum Speed,,derived,yes,,,
49-94-0101,ATTRIBUTE_LABEL 8,pack_quantity,Quantity,,derived,yes,,,"dimensional: 0.55 ('10 pc' carries no unit; assuming dimensionless. Unlabelled numbers are how inch/millimetre errors enter a catalog.) ; constraint: 1.00 (all 1 constraint(s) on pack_quantity hold) ; identity: abstained (pack_quantity is not an identity claim) ; vocabulary: abstained (pack_quantity is quantity, not a controlled term)"
49-94-0101,ATTRIBUTE_VALUE 8,pack_quantity,10 pc,,extracted,no,,10pc,"dimensional: 0.55 ('10 pc' carries no unit; assuming dimensionless. Unlabelled numbers are how inch/millimetre errors enter a catalog.) ; constraint: 1.00 (all 1 constraint(s) on pack_quantity hold) ; identity: abstained (pack_quantity is not an identity claim) ; vocabulary: abstained (pack_quantity is quantity, not a controlled term)"
49-94-0101,UNSPSC,,23101500,,routed,yes,,"Cut | Off | Disc | Metal | Cut Off | 4-1/2""x.045""x7/8""",
49-94-0101,Selling Qty,pack_quantity,10,,derived,yes,,10pc,"dimensional: 0.55 ('10 pc' carries no unit; assuming dimensionless. Unlabelled numbers are how inch/millimetre errors enter a catalog.) ; constraint: 1.00 (all 1 constraint(s) on pack_quantity hold) ; identity: abstained (pack_quantity is not an identity claim) ; vocabulary: abstained (pack_quantity is quantity, not a controlled term)"
49-94-0101,Selling UOM,pack_quantity,PK,,derived,yes,,,"dimensional: 0.55 ('10 pc' carries no unit; assuming dimensionless. Unlabelled numbers are how inch/millimetre errors enter a catalog.) ; constraint: 1.00 (all 1 constraint(s) on pack_quantity hold) ; identity: abstained (pack_quantity is not an identity claim) ; vocabulary: abstained (pack_quantity is quantity, not a controlled term)"
49-94-0107,Dept,,Tools & Equipment,,routed,yes,,"Cut | Off | Disc | Metal | Cut Off | 4-1/2""x.045""x7/8""",
49-94-0107,Class,,Power Tool Accessories,,routed,yes,,"Cut | Off | Disc | Metal | Cut Off | 4-1/2""x.045""x7/8""",
49-94-0107,Fine,,Cut-Off & Grinding Wheels,,routed,yes,,"Cut | Off | Disc | Metal | Cut Off | 4-1/2""x.045""x7/8""",
49-94-0107,Mfg_Part_Num,,49-94-0107,,passthrough,yes,,,
49-94-0107,Part_Desc,,"49-94-0107 Milw 4-1/2""x.045""x7/8"" Performance+ Metal Cut Off Disc",,passthrough,yes,,,
49-94-0107,E1_Brand,,-- Unbranded --,,passthrough,yes,,,
49-94-0107,Unilog_Brand,,-- No Unilog Brand --,,passthrough,yes,,,
49-94-0107,DIB_Brand,,-- No DIB Brand --,,passthrough,yes,,,
49-94-0107,Part_Manuf,,Milwaukee Accessory (4031),,passthrough,yes,,,
49-94-0107,MANUFACTURER_NAME,,Milwaukee Accessory,,passthrough,yes,,,
49-94-0107,MANUFACTURER_PART_NUMBER,,49-94-0107,,passthrough,yes,,,
49-94-0107,Classpath,,Tools & Equipment>Power Tool Accessories>Abrasive Wheels,,routed,yes,,"Cut | Off | Disc | Metal | Cut Off | 4-1/2""x.045""x7/8""",
49-94-0107,MOBILE_DESC,,"Milwaukee Accessory, Cut-Off Wheel, 49-94-0107, 4.5 in Diameter",,composed,yes,,4-1/2,
49-94-0107,INVOICE_DESC,,CUT-OFF WHEEL 4.5IN .045IN 0.875IN METAL,,composed,yes,,4-1/2 | .045 | 7/8 | Metal,
49-94-0107,SHORT_DESC,,"49-94-0107 Cut-Off Wheel, 4.5 in Diameter, .045 in Thickness, 0.875 in Arbor Size, metal Application",,composed,yes,,4-1/2 | .045 | 7/8 | Metal,
49-94-0107,LONG_DESC1,,"Cut-Off Wheel, 4.5 in Diameter, .045 in Thickness, 0.875 in Arbor Size, metal Application",,composed,yes,,4-1/2 | .045 | 7/8 | Metal,
49-94-0107,RETAIL_DESC,,"Cut-Off Wheel, 4.5 in Diameter, .045 in Thickness, 0.875 in Arbor Size, metal Application",,composed,yes,,4-1/2 | .045 | 7/8 | Metal,
49-94-0107,ITEM_FEATURES_1,,4.5 in,,composed,yes,,4-1/2,
49-94-0107,ITEM_FEATURES_2,,.045 in,,composed,yes,,.045,
49-94-0107,ITEM_FEATURES_3,,0.875 in,,composed,yes,,7/8,
49-94-0107,Application,material_application,metal,,derived,yes,,Metal,"dimensional: abstained (material_application is nominal, not a physical quantity) ; constraint: abstained (no constraint in abrasive.cutoff_disc mentions material_application) ; identity: abstained (material_application is not an identity claim) ; vocabulary: 1.00 ('metal' is a declared term for material_application)"
49-94-0107,ATTRIBUTE_LABEL 1,disc_diameter,Diameter,,derived,yes,,,"dimensional: 0.55 ('4.5' carries no unit; assuming millimeter. Unlabelled numbers are how inch/millimetre errors enter a catalog.) ; constraint: 1.00 (all 3 constraint(s) on disc_diameter hold) ; identity: abstained (disc_diameter is not an identity claim) ; vocabulary: abstained (disc_diameter is quantity, not a controlled term)"
49-94-0107,ATTRIBUTE_VALUE 1,disc_diameter,4.5,,extracted,no,,4-1/2,"dimensional: 0.55 ('4.5' carries no unit; assuming millimeter. Unlabelled numbers are how inch/millimetre errors enter a catalog.) ; constraint: 1.00 (all 3 constraint(s) on disc_diameter hold) ; identity: abstained (disc_diameter is not an identity claim) ; vocabulary: abstained (disc_diameter is quantity, not a controlled term)"
49-94-0107,ATTRIBUTE_UOM 1,disc_diameter,in,,derived,no,,,"dimensional: 0.55 ('4.5' carries no unit; assuming millimeter. Unlabelled numbers are how inch/millimetre errors enter a catalog.) ; constraint: 1.00 (all 3 constraint(s) on disc_diameter hold) ; identity: abstained (disc_diameter is not an identity claim) ; vocabulary: abstained (disc_diameter is quantity, not a controlled term)"
49-94-0107,ATTRIBUTE_LABEL 2,thickness,Thickness,,derived,yes,,,"dimensional: 0.55 ('.045' carries no unit; assuming millimeter. Unlabelled numbers are how inch/millimetre errors enter a catalog.) ; constraint: 1.00 (all 2 constraint(s) on thickness hold) ; identity: abstained (thickness is not an identity claim) ; vocabulary: abstained (thickness is quantity, not a controlled term)"
49-94-0107,ATTRIBUTE_VALUE 2,thickness,.045,,extracted,no,,.045,"dimensional: 0.55 ('.045' carries no unit; assuming millimeter. Unlabelled numbers are how inch/millimetre errors enter a catalog.) ; constraint: 1.00 (all 2 constraint(s) on thickness hold) ; identity: abstained (thickness is not an identity claim) ; vocabulary: abstained (thickness is quantity, not a controlled term)"
49-94-0107,ATTRIBUTE_UOM 2,thickness,in,,derived,no,,,"dimensional: 0.55 ('.045' carries no unit; assuming millimeter. Unlabelled numbers are how inch/millimetre errors enter a catalog.) ; constraint: 1.00 (all 2 constraint(s) on thickness hold) ; identity: abstained (thickness is not an identity claim) ; vocabulary: abstained (thickness is quantity, not a controlled term)"
49-94-0107,ATTRIBUTE_LABEL 3,arbor_diameter,Arbor Size,,derived,yes,,,"dimensional: 0.55 ('0.875' carries no unit; assuming millimeter. Unlabelled numbers are how inch/millimetre errors enter a catalog.) ; constraint: 1.00 (all 2 constraint(s) on arbor_diameter hold) ; identity: abstained (arbor_diameter is not an identity claim) ; vocabulary: abstained (arbor_diameter is quantity, not a controlled term)"
49-94-0107,ATTRIBUTE_VALUE 3,arbor_diameter,0.875,,extracted,no,,7/8,"dimensional: 0.55 ('0.875' carries no unit; assuming millimeter. Unlabelled numbers are how inch/millimetre errors enter a catalog.) ; constraint: 1.00 (all 2 constraint(s) on arbor_diameter hold) ; identity: abstained (arbor_diameter is not an identity claim) ; vocabulary: abstained (arbor_diameter is quantity, not a controlled term)"
49-94-0107,ATTRIBUTE_UOM 3,arbor_diameter,in,,derived,no,,,"dimensional: 0.55 ('0.875' carries no unit; assuming millimeter. Unlabelled numbers are how inch/millimetre errors enter a catalog.) ; constraint: 1.00 (all 2 constraint(s) on arbor_diameter hold) ; identity: abstained (arbor_diameter is not an identity claim) ; vocabulary: abstained (arbor_diameter is quantity, not a controlled term)"
49-94-0107,ATTRIBUTE_LABEL 4,material_application,Application,,derived,yes,,,"dimensional: abstained (material_application is nominal, not a physical quantity) ; constraint: abstained (no constraint in abrasive.cutoff_disc mentions material_application) ; identity: abstained (material_application is not an identity claim) ; vocabulary: 1.00 ('metal' is a declared term for material_application)"
49-94-0107,ATTRIBUTE_VALUE 4,material_application,metal,,extracted,no,,Metal,"dimensional: abstained (material_application is nominal, not a physical quantity) ; constraint: abstained (no constraint in abrasive.cutoff_disc mentions material_application) ; identity: abstained (material_application is not an identity claim) ; vocabulary: 1.00 ('metal' is a declared term for material_application)"
49-94-0107,ATTRIBUTE_LABEL 5,wheel_type,Wheel Type,,derived,yes,,,
49-94-0107,ATTRIBUTE_LABEL 6,abrasive_grain,Abrasive,,derived,yes,,,
49-94-0107,ATTRIBUTE_LABEL 7,max_rpm,Maximum Speed,,derived,yes,,,
49-94-0107,ATTRIBUTE_LABEL 8,pack_quantity,Quantity,,derived,yes,,,
49-94-0107,UNSPSC,,23101500,,routed,yes,,"Cut | Off | Disc | Metal | Cut Off | 4-1/2""x.045""x7/8""",
49-94-0117,Dept,,Tools & Equipment,,routed,yes,,"Cut | Off | Disc | Metal | Cut Off | 5""x.045""x7/8""",
49-94-0117,Class,,Power Tool Accessories,,routed,yes,,"Cut | Off | Disc | Metal | Cut Off | 5""x.045""x7/8""",
49-94-0117,Fine,,Cut-Off & Grinding Wheels,,routed,yes,,"Cut | Off | Disc | Metal | Cut Off | 5""x.045""x7/8""",
49-94-0117,Mfg_Part_Num,,49-94-0117,,passthrough,yes,,,
49-94-0117,Part_Desc,,"49-94-0117 Milw 5""x.045""x7/8"" Performance+ Metal Cut Off Disc",,passthrough,yes,,,
49-94-0117,E1_Brand,,-- Unbranded --,,passthrough,yes,,,
49-94-0117,Unilog_Brand,,-- No Unilog Brand --,,passthrough,yes,,,
49-94-0117,DIB_Brand,,-- No DIB Brand --,,passthrough,yes,,,
49-94-0117,Part_Manuf,,Milwaukee Accessory (4031),,passthrough,yes,,,
49-94-0117,MANUFACTURER_NAME,,Milwaukee Accessory,,passthrough,yes,,,
49-94-0117,MANUFACTURER_PART_NUMBER,,49-94-0117,,passthrough,yes,,,
49-94-0117,Classpath,,Tools & Equipment>Power Tool Accessories>Abrasive Wheels,,routed,yes,,"Cut | Off | Disc | Metal | Cut Off | 5""x.045""x7/8""",
49-94-0117,MOBILE_DESC,,"Milwaukee Accessory, Cut-Off Wheel, 49-94-0117, 5 in Diameter",,composed,yes,,5,
49-94-0117,INVOICE_DESC,,CUT-OFF WHEEL 5IN .045IN 0.875IN METAL,,composed,yes,,5 | .045 | 7/8 | Metal,
49-94-0117,SHORT_DESC,,"49-94-0117 Cut-Off Wheel, 5 in Diameter, .045 in Thickness, 0.875 in Arbor Size, metal Application",,composed,yes,,5 | .045 | 7/8 | Metal,
49-94-0117,LONG_DESC1,,"Cut-Off Wheel, 5 in Diameter, .045 in Thickness, 0.875 in Arbor Size, metal Application, Performance+ Abrasive",,composed,yes,,5 | .045 | 7/8 | Metal | Performance+,
49-94-0117,RETAIL_DESC,,"Cut-Off Wheel, 5 in Diameter, .045 in Thickness, 0.875 in Arbor Size, metal Application, Performance+ Abrasive",,composed,yes,,5 | .045 | 7/8 | Metal | Performance+,
49-94-0117,ITEM_FEATURES_1,,5 in,,composed,yes,,5,
49-94-0117,ITEM_FEATURES_2,,.045 in,,composed,yes,,.045,
49-94-0117,ITEM_FEATURES_3,,0.875 in,,composed,yes,,7/8,
49-94-0117,Application,material_application,metal,,derived,yes,,Metal,"dimensional: abstained (material_application is nominal, not a physical quantity) ; constraint: abstained (no constraint in abrasive.cutoff_disc mentions material_application) ; identity: abstained (material_application is not an identity claim) ; vocabulary: 1.00 ('metal' is a declared term for material_application)"
49-94-0117,ATTRIBUTE_LABEL 1,disc_diameter,Diameter,,derived,yes,,,"dimensional: 0.55 ('5' carries no unit; assuming millimeter. Unlabelled numbers are how inch/millimetre errors enter a catalog.) ; constraint: 1.00 (all 3 constraint(s) on disc_diameter hold) ; identity: abstained (disc_diameter is not an identity claim) ; vocabulary: abstained (disc_diameter is quantity, not a controlled term)"
49-94-0117,ATTRIBUTE_VALUE 1,disc_diameter,5,,extracted,no,,5,"dimensional: 0.55 ('5' carries no unit; assuming millimeter. Unlabelled numbers are how inch/millimetre errors enter a catalog.) ; constraint: 1.00 (all 3 constraint(s) on disc_diameter hold) ; identity: abstained (disc_diameter is not an identity claim) ; vocabulary: abstained (disc_diameter is quantity, not a controlled term)"
49-94-0117,ATTRIBUTE_UOM 1,disc_diameter,in,,derived,no,,,"dimensional: 0.55 ('5' carries no unit; assuming millimeter. Unlabelled numbers are how inch/millimetre errors enter a catalog.) ; constraint: 1.00 (all 3 constraint(s) on disc_diameter hold) ; identity: abstained (disc_diameter is not an identity claim) ; vocabulary: abstained (disc_diameter is quantity, not a controlled term)"
49-94-0117,ATTRIBUTE_LABEL 2,thickness,Thickness,,derived,yes,,,"dimensional: 0.55 ('.045' carries no unit; assuming millimeter. Unlabelled numbers are how inch/millimetre errors enter a catalog.) ; constraint: 1.00 (all 2 constraint(s) on thickness hold) ; identity: abstained (thickness is not an identity claim) ; vocabulary: abstained (thickness is quantity, not a controlled term)"
49-94-0117,ATTRIBUTE_VALUE 2,thickness,.045,,extracted,no,,.045,"dimensional: 0.55 ('.045' carries no unit; assuming millimeter. Unlabelled numbers are how inch/millimetre errors enter a catalog.) ; constraint: 1.00 (all 2 constraint(s) on thickness hold) ; identity: abstained (thickness is not an identity claim) ; vocabulary: abstained (thickness is quantity, not a controlled term)"
49-94-0117,ATTRIBUTE_UOM 2,thickness,in,,derived,no,,,"dimensional: 0.55 ('.045' carries no unit; assuming millimeter. Unlabelled numbers are how inch/millimetre errors enter a catalog.) ; constraint: 1.00 (all 2 constraint(s) on thickness hold) ; identity: abstained (thickness is not an identity claim) ; vocabulary: abstained (thickness is quantity, not a controlled term)"
49-94-0117,ATTRIBUTE_LABEL 3,arbor_diameter,Arbor Size,,derived,yes,,,"dimensional: 0.55 ('0.875' carries no unit; assuming millimeter. Unlabelled numbers are how inch/millimetre errors enter a catalog.) ; constraint: 1.00 (all 2 constraint(s) on arbor_diameter hold) ; identity: abstained (arbor_diameter is not an identity claim) ; vocabulary: abstained (arbor_diameter is quantity, not a controlled term)"
49-94-0117,ATTRIBUTE_VALUE 3,arbor_diameter,0.875,,extracted,no,,7/8,"dimensional: 0.55 ('0.875' carries no unit; assuming millimeter. Unlabelled numbers are how inch/millimetre errors enter a catalog.) ; constraint: 1.00 (all 2 constraint(s) on arbor_diameter hold) ; identity: abstained (arbor_diameter is not an identity claim) ; vocabulary: abstained (arbor_diameter is quantity, not a controlled term)"
49-94-0117,ATTRIBUTE_UOM 3,arbor_diameter,in,,derived,no,,,"dimensional: 0.55 ('0.875' carries no unit; assuming millimeter. Unlabelled numbers are how inch/millimetre errors enter a catalog.) ; constraint: 1.00 (all 2 constraint(s) on arbor_diameter hold) ; identity: abstained (arbor_diameter is not an identity claim) ; vocabulary: abstained (arbor_diameter is quantity, not a controlled term)"
49-94-0117,ATTRIBUTE_LABEL 4,material_application,Application,,derived,yes,,,"dimensional: abstained (material_application is nominal, not a physical quantity) ; constraint: abstained (no constraint in abrasive.cutoff_disc mentions material_application) ; identity: abstained (material_application is not an identity claim) ; vocabulary: 1.00 ('metal' is a declared term for material_application)"
49-94-0117,ATTRIBUTE_VALUE 4,material_application,metal,,extracted,no,,Metal,"dimensional: abstained (material_application is nominal, not a physical quantity) ; constraint: abstained (no constraint in abrasive.cutoff_disc mentions material_application) ; identity: abstained (material_application is not an identity claim) ; vocabulary: 1.00 ('metal' is a declared term for material_application)"
49-94-0117,ATTRIBUTE_LABEL 5,wheel_type,Wheel Type,,derived,yes,,,
49-94-0117,ATTRIBUTE_LABEL 6,abrasive_grain,Abrasive,,derived,yes,,,"dimensional: abstained (abrasive_grain is nominal, not a physical quantity) ; constraint: abstained (no constraint in abrasive.cutoff_disc mentions abrasive_grain) ; identity: abstained (abrasive_grain is not an identity claim) ; vocabulary: 0.00 ('Performance+' is not a term abrasive_grain accepts. This category allows 'aluminum oxide', 'zirconia alumina', 'ceramic', 'silicon carbide', 'diamond'. A plausible-sounding value outside the vocabulary is exactly the failure a confidence score does not catch.)"
49-94-0117,ATTRIBUTE_VALUE 6,abrasive_grain,Performance+,,extracted,no,,Performance+,"dimensional: abstained (abrasive_grain is nominal, not a physical quantity) ; constraint: abstained (no constraint in abrasive.cutoff_disc mentions abrasive_grain) ; identity: abstained (abrasive_grain is not an identity claim) ; vocabulary: 0.00 ('Performance+' is not a term abrasive_grain accepts. This category allows 'aluminum oxide', 'zirconia alumina', 'ceramic', 'silicon carbide', 'diamond'. A plausible-sounding value outside the vocabulary is exactly the failure a confidence score does not catch.)"
49-94-0117,ATTRIBUTE_LABEL 7,max_rpm,Maximum Speed,,derived,yes,,,
49-94-0117,ATTRIBUTE_LABEL 8,pack_quantity,Quantity,,derived,yes,,,
49-94-0117,UNSPSC,,23101500,,routed,yes,,"Cut | Off | Disc | Metal | Cut Off | 5""x.045""x7/8""",
49-94-0123,Dept,,Tools & Equipment,,routed,yes,,"Cut | Off | Disc | Metal | Cut Off | 6""x.045""x7/8""",
49-94-0123,Class,,Power Tool Accessories,,routed,yes,,"Cut | Off | Disc | Metal | Cut Off | 6""x.045""x7/8""",
49-94-0123,Fine,,Cut-Off & Grinding Wheels,,routed,yes,,"Cut | Off | Disc | Metal | Cut Off | 6""x.045""x7/8""",
49-94-0123,Mfg_Part_Num,,49-94-0123,,passthrough,yes,,,
49-94-0123,Part_Desc,,"49-94-0123 Milw 6""x.045""x7/8"" Performance+ Metal Cut Off Disc",,passthrough,yes,,,
49-94-0123,E1_Brand,,-- Unbranded --,,passthrough,yes,,,
49-94-0123,Unilog_Brand,,-- No Unilog Brand --,,passthrough,yes,,,
49-94-0123,DIB_Brand,,-- No DIB Brand --,,passthrough,yes,,,
49-94-0123,Part_Manuf,,Milwaukee Accessory (4031),,passthrough,yes,,,
49-94-0123,MANUFACTURER_NAME,,Milwaukee Accessory,,passthrough,yes,,,
49-94-0123,MANUFACTURER_PART_NUMBER,,49-94-0123,,passthrough,yes,,,
49-94-0123,Classpath,,Tools & Equipment>Power Tool Accessories>Abrasive Wheels,,routed,yes,,"Cut | Off | Disc | Metal | Cut Off | 6""x.045""x7/8""",
49-94-0123,MOBILE_DESC,,"Milwaukee Accessory, Cut-Off Wheel, 49-94-0123, 6 in Diameter",,composed,yes,,6,
49-94-0123,INVOICE_DESC,,CUT-OFF WHEEL 6IN .045IN 0.875IN METAL,,composed,yes,,6 | .045 | 7/8 | Metal,
49-94-0123,SHORT_DESC,,"49-94-0123 Cut-Off Wheel, 6 in Diameter, .045 in Thickness, 0.875 in Arbor Size, metal Application",,composed,yes,,6 | .045 | 7/8 | Metal,
49-94-0123,LONG_DESC1,,"Cut-Off Wheel, 6 in Diameter, .045 in Thickness, 0.875 in Arbor Size, metal Application",,composed,yes,,6 | .045 | 7/8 | Metal,
49-94-0123,RETAIL_DESC,,"Cut-Off Wheel, 6 in Diameter, .045 in Thickness, 0.875 in Arbor Size, metal Application",,composed,yes,,6 | .045 | 7/8 | Metal,
49-94-0123,ITEM_FEATURES_1,,6 in,,composed,yes,,6,
49-94-0123,ITEM_FEATURES_2,,.045 in,,composed,yes,,.045,
49-94-0123,ITEM_FEATURES_3,,0.875 in,,composed,yes,,7/8,
49-94-0123,Application,material_application,metal,,derived,yes,,Metal,"dimensional: abstained (material_application is nominal, not a physical quantity) ; constraint: abstained (no constraint in abrasive.cutoff_disc mentions material_application) ; identity: abstained (material_application is not an identity claim) ; vocabulary: 1.00 ('metal' is a declared term for material_application)"
49-94-0123,ATTRIBUTE_LABEL 1,disc_diameter,Diameter,,derived,yes,,,"dimensional: 0.55 ('6' carries no unit; assuming millimeter. Unlabelled numbers are how inch/millimetre errors enter a catalog.) ; constraint: 1.00 (all 3 constraint(s) on disc_diameter hold) ; identity: abstained (disc_diameter is not an identity claim) ; vocabulary: abstained (disc_diameter is quantity, not a controlled term)"
49-94-0123,ATTRIBUTE_VALUE 1,disc_diameter,6,,extracted,no,,6,"dimensional: 0.55 ('6' carries no unit; assuming millimeter. Unlabelled numbers are how inch/millimetre errors enter a catalog.) ; constraint: 1.00 (all 3 constraint(s) on disc_diameter hold) ; identity: abstained (disc_diameter is not an identity claim) ; vocabulary: abstained (disc_diameter is quantity, not a controlled term)"
49-94-0123,ATTRIBUTE_UOM 1,disc_diameter,in,,derived,no,,,"dimensional: 0.55 ('6' carries no unit; assuming millimeter. Unlabelled numbers are how inch/millimetre errors enter a catalog.) ; constraint: 1.00 (all 3 constraint(s) on disc_diameter hold) ; identity: abstained (disc_diameter is not an identity claim) ; vocabulary: abstained (disc_diameter is quantity, not a controlled term)"
49-94-0123,ATTRIBUTE_LABEL 2,thickness,Thickness,,derived,yes,,,"dimensional: 0.55 ('.045' carries no unit; assuming millimeter. Unlabelled numbers are how inch/millimetre errors enter a catalog.) ; constraint: 1.00 (all 2 constraint(s) on thickness hold) ; identity: abstained (thickness is not an identity claim) ; vocabulary: abstained (thickness is quantity, not a controlled term)"
49-94-0123,ATTRIBUTE_VALUE 2,thickness,.045,,extracted,no,,.045,"dimensional: 0.55 ('.045' carries no unit; assuming millimeter. Unlabelled numbers are how inch/millimetre errors enter a catalog.) ; constraint: 1.00 (all 2 constraint(s) on thickness hold) ; identity: abstained (thickness is not an identity claim) ; vocabulary: abstained (thickness is quantity, not a controlled term)"
49-94-0123,ATTRIBUTE_UOM 2,thickness,in,,derived,no,,,"dimensional: 0.55 ('.045' carries no unit; assuming millimeter. Unlabelled numbers are how inch/millimetre errors enter a catalog.) ; constraint: 1.00 (all 2 constraint(s) on thickness hold) ; identity: abstained (thickness is not an identity claim) ; vocabulary: abstained (thickness is quantity, not a controlled term)"
49-94-0123,ATTRIBUTE_LABEL 3,arbor_diameter,Arbor Size,,derived,yes,,,"dimensional: 0.55 ('0.875' carries no unit; assuming millimeter. Unlabelled numbers are how inch/millimetre errors enter a catalog.) ; constraint: 1.00 (all 2 constraint(s) on arbor_diameter hold) ; identity: abstained (arbor_diameter is not an identity claim) ; vocabulary: abstained (arbor_diameter is quantity, not a controlled term)"
49-94-0123,ATTRIBUTE_VALUE 3,arbor_diameter,0.875,,extracted,no,,7/8,"dimensional: 0.55 ('0.875' carries no unit; assuming millimeter. Unlabelled numbers are how inch/millimetre errors enter a catalog.) ; constraint: 1.00 (all 2 constraint(s) on arbor_diameter hold) ; identity: abstained (arbor_diameter is not an identity claim) ; vocabulary: abstained (arbor_diameter is quantity, not a controlled term)"
49-94-0123,ATTRIBUTE_UOM 3,arbor_diameter,in,,derived,no,,,"dimensional: 0.55 ('0.875' carries no unit; assuming millimeter. Unlabelled numbers are how inch/millimetre errors enter a catalog.) ; constraint: 1.00 (all 2 constraint(s) on arbor_diameter hold) ; identity: abstained (arbor_diameter is not an identity claim) ; vocabulary: abstained (arbor_diameter is quantity, not a controlled term)"
49-94-0123,ATTRIBUTE_LABEL 4,material_application,Application,,derived,yes,,,"dimensional: abstained (material_application is nominal, not a physical quantity) ; constraint: abstained (no constraint in abrasive.cutoff_disc mentions material_application) ; identity: abstained (material_application is not an identity claim) ; vocabulary: 1.00 ('metal' is a declared term for material_application)"
49-94-0123,ATTRIBUTE_VALUE 4,material_application,metal,,extracted,no,,Metal,"dimensional: abstained (material_application is nominal, not a physical quantity) ; constraint: abstained (no constraint in abrasive.cutoff_disc mentions material_application) ; identity: abstained (material_application is not an identity claim) ; vocabulary: 1.00 ('metal' is a declared term for material_application)"
49-94-0123,ATTRIBUTE_LABEL 5,wheel_type,Wheel Type,,derived,yes,,,
49-94-0123,ATTRIBUTE_LABEL 6,abrasive_grain,Abrasive,,derived,yes,,,
49-94-0123,ATTRIBUTE_LABEL 7,max_rpm,Maximum Speed,,derived,yes,,,
49-94-0123,ATTRIBUTE_LABEL 8,pack_quantity,Quantity,,derived,yes,,,
49-94-0123,UNSPSC,,23101500,,routed,yes,,"Cut | Off | Disc | Metal | Cut Off | 6""x.045""x7/8""",
49-94-0023,Dept,,Tools & Equipment,,routed,yes,,"Cut | Off | Disc | Metal | Cut Off | 6""x.045""x7/8""",
49-94-0023,Class,,Power Tool Accessories,,routed,yes,,"Cut | Off | Disc | Metal | Cut Off | 6""x.045""x7/8""",
49-94-0023,Fine,,Cut-Off & Grinding Wheels,,routed,yes,,"Cut | Off | Disc | Metal | Cut Off | 6""x.045""x7/8""",
49-94-0023,Mfg_Part_Num,,49-94-0023,,passthrough,yes,,,
49-94-0023,Part_Desc,,"49-94-0023 Milw 6""x.045""x7/8"" Metal Cut Off Disc",,passthrough,yes,,,
49-94-0023,E1_Brand,,-- Unbranded --,,passthrough,yes,,,
49-94-0023,Unilog_Brand,,-- No Unilog Brand --,,passthrough,yes,,,
49-94-0023,DIB_Brand,,-- No DIB Brand --,,passthrough,yes,,,
49-94-0023,Part_Manuf,,Milwaukee Accessory (4031),,passthrough,yes,,,
49-94-0023,MANUFACTURER_NAME,,Milwaukee Accessory,,passthrough,yes,,,
49-94-0023,MANUFACTURER_PART_NUMBER,,49-94-0023,,passthrough,yes,,,
49-94-0023,Classpath,,Tools & Equipment>Power Tool Accessories>Abrasive Wheels,,routed,yes,,"Cut | Off | Disc | Metal | Cut Off | 6""x.045""x7/8""",
49-94-0023,MOBILE_DESC,,"Milwaukee Accessory, Cut-Off Wheel, 49-94-0023, 6 in Diameter",,composed,yes,,6,
49-94-0023,INVOICE_DESC,,CUT-OFF WHEEL 6IN .045IN 0.875IN METAL,,composed,yes,,6 | .045 | 7/8 | Metal,
49-94-0023,SHORT_DESC,,"49-94-0023 Cut-Off Wheel, 6 in Diameter, .045 in Thickness, 0.875 in Arbor Size, metal Application, Cut Off Wheel Type",,composed,yes,,6 | .045 | 7/8 | Metal | Cut Off,
49-94-0023,LONG_DESC1,,"Cut-Off Wheel, 6 in Diameter, .045 in Thickness, 0.875 in Arbor Size, metal Application, Cut Off Wheel Type",,composed,yes,,6 | .045 | 7/8 | Metal | Cut Off,
49-94-0023,RETAIL_DESC,,"Cut-Off Wheel, 6 in Diameter, .045 in Thickness, 0.875 in Arbor Size, metal Application, Cut Off Wheel Type",,composed,yes,,6 | .045 | 7/8 | Metal | Cut Off,
49-94-0023,ITEM_FEATURES_1,,6 in,,composed,yes,,6,
49-94-0023,ITEM_FEATURES_2,,.045 in,,composed,yes,,.045,
49-94-0023,ITEM_FEATURES_3,,0.875 in,,composed,yes,,7/8,
49-94-0023,Application,material_application,metal,,derived,yes,,Metal,"dimensional: abstained (material_application is nominal, not a physical quantity) ; constraint: abstained (no constraint in abrasive.cutoff_disc mentions material_application) ; identity: abstained (material_application is not an identity claim) ; vocabulary: 1.00 ('metal' is a declared term for material_application)"
49-94-0023,ATTRIBUTE_LABEL 1,disc_diameter,Diameter,,derived,yes,,,"dimensional: 0.55 ('6' carries no unit; assuming millimeter. Unlabelled numbers are how inch/millimetre errors enter a catalog.) ; constraint: 1.00 (all 3 constraint(s) on disc_diameter hold) ; identity: abstained (disc_diameter is not an identity claim) ; vocabulary: abstained (disc_diameter is quantity, not a controlled term)"
49-94-0023,ATTRIBUTE_VALUE 1,disc_diameter,6,,extracted,no,,6,"dimensional: 0.55 ('6' carries no unit; assuming millimeter. Unlabelled numbers are how inch/millimetre errors enter a catalog.) ; constraint: 1.00 (all 3 constraint(s) on disc_diameter hold) ; identity: abstained (disc_diameter is not an identity claim) ; vocabulary: abstained (disc_diameter is quantity, not a controlled term)"
49-94-0023,ATTRIBUTE_UOM 1,disc_diameter,in,,derived,no,,,"dimensional: 0.55 ('6' carries no unit; assuming millimeter. Unlabelled numbers are how inch/millimetre errors enter a catalog.) ; constraint: 1.00 (all 3 constraint(s) on disc_diameter hold) ; identity: abstained (disc_diameter is not an identity claim) ; vocabulary: abstained (disc_diameter is quantity, not a controlled term)"
49-94-0023,ATTRIBUTE_LABEL 2,thickness,Thickness,,derived,yes,,,"dimensional: 0.55 ('.045' carries no unit; assuming millimeter. Unlabelled numbers are how inch/millimetre errors enter a catalog.) ; constraint: 1.00 (all 2 constraint(s) on thickness hold) ; identity: abstained (thickness is not an identity claim) ; vocabulary: abstained (thickness is quantity, not a controlled term)"
49-94-0023,ATTRIBUTE_VALUE 2,thickness,.045,,extracted,no,,.045,"dimensional: 0.55 ('.045' carries no unit; assuming millimeter. Unlabelled numbers are how inch/millimetre errors enter a catalog.) ; constraint: 1.00 (all 2 constraint(s) on thickness hold) ; identity: abstained (thickness is not an identity claim) ; vocabulary: abstained (thickness is quantity, not a controlled term)"
49-94-0023,ATTRIBUTE_UOM 2,thickness,in,,derived,no,,,"dimensional: 0.55 ('.045' carries no unit; assuming millimeter. Unlabelled numbers are how inch/millimetre errors enter a catalog.) ; constraint: 1.00 (all 2 constraint(s) on thickness hold) ; identity: abstained (thickness is not an identity claim) ; vocabulary: abstained (thickness is quantity, not a controlled term)"
49-94-0023,ATTRIBUTE_LABEL 3,arbor_diameter,Arbor Size,,derived,yes,,,"dimensional: 0.55 ('0.875' carries no unit; assuming millimeter. Unlabelled numbers are how inch/millimetre errors enter a catalog.) ; constraint: 1.00 (all 2 constraint(s) on arbor_diameter hold) ; identity: abstained (arbor_diameter is not an identity claim) ; vocabulary: abstained (arbor_diameter is quantity, not a controlled term)"
49-94-0023,ATTRIBUTE_VALUE 3,arbor_diameter,0.875,,extracted,no,,7/8,"dimensional: 0.55 ('0.875' carries no unit; assuming millimeter. Unlabelled numbers are how inch/millimetre errors enter a catalog.) ; constraint: 1.00 (all 2 constraint(s) on arbor_diameter hold) ; identity: abstained (arbor_diameter is not an identity claim) ; vocabulary: abstained (arbor_diameter is quantity, not a controlled term)"
49-94-0023,ATTRIBUTE_UOM 3,arbor_diameter,in,,derived,no,,,"dimensional: 0.55 ('0.875' carries no unit; assuming millimeter. Unlabelled numbers are how inch/millimetre errors enter a catalog.) ; constraint: 1.00 (all 2 constraint(s) on arbor_diameter hold) ; identity: abstained (arbor_diameter is not an identity claim) ; vocabulary: abstained (arbor_diameter is quantity, not a controlled term)"
49-94-0023,ATTRIBUTE_LABEL 4,material_application,Application,,derived,yes,,,"dimensional: abstained (material_application is nominal, not a physical quantity) ; constraint: abstained (no constraint in abrasive.cutoff_disc mentions material_application) ; identity: abstained (material_application is not an identity claim) ; vocabulary: 1.00 ('metal' is a declared term for material_application)"
49-94-0023,ATTRIBUTE_VALUE 4,material_application,metal,,extracted,no,,Metal,"dimensional: abstained (material_application is nominal, not a physical quantity) ; constraint: abstained (no constraint in abrasive.cutoff_disc mentions material_application) ; identity: abstained (material_application is not an identity claim) ; vocabulary: 1.00 ('metal' is a declared term for material_application)"
49-94-0023,ATTRIBUTE_LABEL 5,wheel_type,Wheel Type,,derived,yes,,,"dimensional: abstained (wheel_type is nominal, not a physical quantity) ; constraint: abstained (no constraint in abrasive.cutoff_disc mentions wheel_type) ; identity: abstained (wheel_type is not an identity claim) ; vocabulary: 0.00 ('Cut Off' is not a term wheel_type accepts. This category allows 'type 1 flat', 'type 27 depressed center', 'type 41 flat', 'type 42 depressed center'. A plausible-sounding value outside the vocabulary is exactly the failure a confidence score does not catch.)"
49-94-0023,ATTRIBUTE_VALUE 5,wheel_type,Cut Off,,extracted,no,,Cut Off,"dimensional: abstained (wheel_type is nominal, not a physical quantity) ; constraint: abstained (no constraint in abrasive.cutoff_disc mentions wheel_type) ; identity: abstained (wheel_type is not an identity claim) ; vocabulary: 0.00 ('Cut Off' is not a term wheel_type accepts. This category allows 'type 1 flat', 'type 27 depressed center', 'type 41 flat', 'type 42 depressed center'. A plausible-sounding value outside the vocabulary is exactly the failure a confidence score does not catch.)"
49-94-0023,ATTRIBUTE_LABEL 6,abrasive_grain,Abrasive,,derived,yes,,,
49-94-0023,ATTRIBUTE_LABEL 7,max_rpm,Maximum Speed,,derived,yes,,,
49-94-0023,ATTRIBUTE_LABEL 8,pack_quantity,Quantity,,derived,yes,,,
49-94-0023,UNSPSC,,23101500,,routed,yes,,"Cut | Off | Disc | Metal | Cut Off | 6""x.045""x7/8""",
49-94-0121,Dept,,Tools & Equipment,,routed,yes,,"Cut | Off | Disc | Metal | Cut Off | 6""x.045""x7/8""",
49-94-0121,Class,,Power Tool Accessories,,routed,yes,,"Cut | Off | Disc | Metal | Cut Off | 6""x.045""x7/8""",
49-94-0121,Fine,,Cut-Off & Grinding Wheels,,routed,yes,,"Cut | Off | Disc | Metal | Cut Off | 6""x.045""x7/8""",
49-94-0121,Mfg_Part_Num,,49-94-0121,,passthrough,yes,,,
49-94-0121,Part_Desc,,"49-94-0121 Milw 6""x.045""x7/8"" Performance+ Metal Cut Off Disc 10pc",,passthrough,yes,,,
49-94-0121,E1_Brand,,-- Unbranded --,,passthrough,yes,,,
49-94-0121,Unilog_Brand,,-- No Unilog Brand --,,passthrough,yes,,,
49-94-0121,DIB_Brand,,-- No DIB Brand --,,passthrough,yes,,,
49-94-0121,Part_Manuf,,Milwaukee Accessory (4031),,passthrough,yes,,,
49-94-0121,MANUFACTURER_NAME,,Milwaukee Accessory,,passthrough,yes,,,
49-94-0121,MANUFACTURER_PART_NUMBER,,49-94-0121,,passthrough,yes,,,
49-94-0121,Classpath,,Tools & Equipment>Power Tool Accessories>Abrasive Wheels,,routed,yes,,"Cut | Off | Disc | Metal | Cut Off | 6""x.045""x7/8""",
49-94-0121,MOBILE_DESC,,"Milwaukee Accessory, Cut-Off Wheel, 49-94-0121, 6 in Diameter",,composed,yes,,6,
49-94-0121,INVOICE_DESC,,CUT-OFF WHEEL 6IN .045IN 0.875IN 10 PC,,composed,yes,,6 | .045 | 7/8 | 10pc,
49-94-0121,SHORT_DESC,,"49-94-0121 Cut-Off Wheel, 6 in Diameter, .045 in Thickness, 0.875 in Arbor Size, 10 pc Quantity",,composed,yes,,6 | .045 | 7/8 | 10pc,
49-94-0121,LONG_DESC1,,"Cut-Off Wheel, 6 in Diameter, .045 in Thickness, 0.875 in Arbor Size, 10 pc Quantity",,composed,yes,,6 | .045 | 7/8 | 10pc,
49-94-0121,RETAIL_DESC,,"Cut-Off Wheel, 6 in Diameter, .045 in Thickness, 0.875 in Arbor Size, 10 pc Quantity",,composed,yes,,6 | .045 | 7/8 | 10pc,
49-94-0121,ITEM_FEATURES_1,,6 in,,composed,yes,,6,
49-94-0121,ITEM_FEATURES_2,,.045 in,,composed,yes,,.045,
49-94-0121,ITEM_FEATURES_3,,0.875 in,,composed,yes,,7/8,
49-94-0121,ATTRIBUTE_LABEL 1,disc_diameter,Diameter,,derived,yes,,,"dimensional: 0.55 ('6' carries no unit; assuming millimeter. Unlabelled numbers are how inch/millimetre errors enter a catalog.) ; constraint: 1.00 (all 3 constraint(s) on disc_diameter hold) ; identity: abstained (disc_diameter is not an identity claim) ; vocabulary: abstained (disc_diameter is quantity, not a controlled term)"
49-94-0121,ATTRIBUTE_VALUE 1,disc_diameter,6,,extracted,no,,6,"dimensional: 0.55 ('6' carries no unit; assuming millimeter. Unlabelled numbers are how inch/millimetre errors enter a catalog.) ; constraint: 1.00 (all 3 constraint(s) on disc_diameter hold) ; identity: abstained (disc_diameter is not an identity claim) ; vocabulary: abstained (disc_diameter is quantity, not a controlled term)"
49-94-0121,ATTRIBUTE_UOM 1,disc_diameter,in,,derived,no,,,"dimensional: 0.55 ('6' carries no unit; assuming millimeter. Unlabelled numbers are how inch/millimetre errors enter a catalog.) ; constraint: 1.00 (all 3 constraint(s) on disc_diameter hold) ; identity: abstained (disc_diameter is not an identity claim) ; vocabulary: abstained (disc_diameter is quantity, not a controlled term)"
49-94-0121,ATTRIBUTE_LABEL 2,thickness,Thickness,,derived,yes,,,"dimensional: 0.55 ('.045' carries no unit; assuming millimeter. Unlabelled numbers are how inch/millimetre errors enter a catalog.) ; constraint: 1.00 (all 2 constraint(s) on thickness hold) ; identity: abstained (thickness is not an identity claim) ; vocabulary: abstained (thickness is quantity, not a controlled term)"
49-94-0121,ATTRIBUTE_VALUE 2,thickness,.045,,extracted,no,,.045,"dimensional: 0.55 ('.045' carries no unit; assuming millimeter. Unlabelled numbers are how inch/millimetre errors enter a catalog.) ; constraint: 1.00 (all 2 constraint(s) on thickness hold) ; identity: abstained (thickness is not an identity claim) ; vocabulary: abstained (thickness is quantity, not a controlled term)"
49-94-0121,ATTRIBUTE_UOM 2,thickness,in,,derived,no,,,"dimensional: 0.55 ('.045' carries no unit; assuming millimeter. Unlabelled numbers are how inch/millimetre errors enter a catalog.) ; constraint: 1.00 (all 2 constraint(s) on thickness hold) ; identity: abstained (thickness is not an identity claim) ; vocabulary: abstained (thickness is quantity, not a controlled term)"
49-94-0121,ATTRIBUTE_LABEL 3,arbor_diameter,Arbor Size,,derived,yes,,,"dimensional: 0.55 ('0.875' carries no unit; assuming millimeter. Unlabelled numbers are how inch/millimetre errors enter a catalog.) ; constraint: 1.00 (all 2 constraint(s) on arbor_diameter hold) ; identity: abstained (arbor_diameter is not an identity claim) ; vocabulary: abstained (arbor_diameter is quantity, not a controlled term)"
49-94-0121,ATTRIBUTE_VALUE 3,arbor_diameter,0.875,,extracted,no,,7/8,"dimensional: 0.55 ('0.875' carries no unit; assuming millimeter. Unlabelled numbers are how inch/millimetre errors enter a catalog.) ; constraint: 1.00 (all 2 constraint(s) on arbor_diameter hold) ; identity: abstained (arbor_diameter is not an identity claim) ; vocabulary: abstained (arbor_diameter is quantity, not a controlled term)"
49-94-0121,ATTRIBUTE_UOM 3,arbor_diameter,in,,derived,no,,,"dimensional: 0.55 ('0.875' carries no unit; assuming millimeter. Unlabelled numbers are how inch/millimetre errors enter a catalog.) ; constraint: 1.00 (all 2 constraint(s) on arbor_diameter hold) ; identity: abstained (arbor_diameter is not an identity claim) ; vocabulary: abstained (arbor_diameter is quantity, not a controlled term)"
49-94-0121,ATTRIBUTE_LABEL 4,material_application,Application,,derived,yes,,,
49-94-0121,ATTRIBUTE_LABEL 5,wheel_type,Wheel Type,,derived,yes,,,
49-94-0121,ATTRIBUTE_LABEL 6,abrasive_grain,Abrasive,,derived,yes,,,
49-94-0121,ATTRIBUTE_LABEL 7,max_rpm,Maximum Speed,,derived,yes,,,
49-94-0121,ATTRIBUTE_LABEL 8,pack_quantity,Quantity,,derived,yes,,,"dimensional: 0.55 ('10 pc' carries no unit; assuming dimensionless. Unlabelled numbers are how inch/millimetre errors enter a catalog.) ; constraint: 1.00 (all 1 constraint(s) on pack_quantity hold) ; identity: abstained (pack_quantity is not an identity claim) ; vocabulary: abstained (pack_quantity is quantity, not a controlled term)"
49-94-0121,ATTRIBUTE_VALUE 8,pack_quantity,10 pc,,extracted,no,,10pc,"dimensional: 0.55 ('10 pc' carries no unit; assuming dimensionless. Unlabelled numbers are how inch/millimetre errors enter a catalog.) ; constraint: 1.00 (all 1 constraint(s) on pack_quantity hold) ; identity: abstained (pack_quantity is not an identity claim) ; vocabulary: abstained (pack_quantity is quantity, not a controlled term)"
49-94-0121,UNSPSC,,23101500,,routed,yes,,"Cut | Off | Disc | Metal | Cut Off | 6""x.045""x7/8""",
49-94-0121,Selling Qty,pack_quantity,10,,derived,yes,,10pc,"dimensional: 0.55 ('10 pc' carries no unit; assuming dimensionless. Unlabelled numbers are how inch/millimetre errors enter a catalog.) ; constraint: 1.00 (all 1 constraint(s) on pack_quantity hold) ; identity: abstained (pack_quantity is not an identity claim) ; vocabulary: abstained (pack_quantity is quantity, not a controlled term)"
49-94-0121,Selling UOM,pack_quantity,PK,,derived,yes,,,"dimensional: 0.55 ('10 pc' carries no unit; assuming dimensionless. Unlabelled numbers are how inch/millimetre errors enter a catalog.) ; constraint: 1.00 (all 1 constraint(s) on pack_quantity hold) ; identity: abstained (pack_quantity is not an identity claim) ; vocabulary: abstained (pack_quantity is quantity, not a controlled term)"
49-94-0127,Dept,,Tools & Equipment,,routed,yes,,"Cut | Off | Disc | Metal | Cut Off | 6""x.045""x7/8""",
49-94-0127,Class,,Power Tool Accessories,,routed,yes,,"Cut | Off | Disc | Metal | Cut Off | 6""x.045""x7/8""",
49-94-0127,Fine,,Cut-Off & Grinding Wheels,,routed,yes,,"Cut | Off | Disc | Metal | Cut Off | 6""x.045""x7/8""",
49-94-0127,Mfg_Part_Num,,49-94-0127,,passthrough,yes,,,
49-94-0127,Part_Desc,,"49-94-0127 Milw 6""x.045""x7/8"" Performance+Metal Cut Off Disc",,passthrough,yes,,,
49-94-0127,E1_Brand,,-- Unbranded --,,passthrough,yes,,,
49-94-0127,Unilog_Brand,,-- No Unilog Brand --,,passthrough,yes,,,
49-94-0127,DIB_Brand,,-- No DIB Brand --,,passthrough,yes,,,
49-94-0127,Part_Manuf,,Milwaukee Accessory (4031),,passthrough,yes,,,
49-94-0127,MANUFACTURER_NAME,,Milwaukee Accessory,,passthrough,yes,,,
49-94-0127,MANUFACTURER_PART_NUMBER,,49-94-0127,,passthrough,yes,,,
49-94-0127,Classpath,,Tools & Equipment>Power Tool Accessories>Abrasive Wheels,,routed,yes,,"Cut | Off | Disc | Metal | Cut Off | 6""x.045""x7/8""",
49-94-0127,MOBILE_DESC,,"Milwaukee Accessory, Cut-Off Wheel, 49-94-0127, 6 in Diameter",,composed,yes,,6,
49-94-0127,INVOICE_DESC,,CUT-OFF WHEEL 6IN .045IN 0.875IN METAL 1,,composed,yes,,6 | .045 | 7/8 | Metal | 1,
49-94-0127,SHORT_DESC,,"49-94-0127 Cut-Off Wheel, 6 in Diameter, .045 in Thickness, 0.875 in Arbor Size, metal Application, Cut Off Wheel Type",,composed,yes,,6 | .045 | 7/8 | Metal | Cut Off,
49-94-0127,LONG_DESC1,,"Cut-Off Wheel, 6 in Diameter, .045 in Thickness, 0.875 in Arbor Size, metal Application, Cut Off Wheel Type, 1 Quantity",,composed,yes,,6 | .045 | 7/8 | Metal | Cut Off | 1,
49-94-0127,RETAIL_DESC,,"Cut-Off Wheel, 6 in Diameter, .045 in Thickness, 0.875 in Arbor Size, metal Application, Cut Off Wheel Type, 1 Quantity",,composed,yes,,6 | .045 | 7/8 | Metal | Cut Off | 1,
49-94-0127,ITEM_FEATURES_1,,6 in,,composed,yes,,6,
49-94-0127,ITEM_FEATURES_2,,.045 in,,composed,yes,,.045,
49-94-0127,ITEM_FEATURES_3,,0.875 in,,composed,yes,,7/8,
49-94-0127,Application,material_application,metal,,derived,yes,,Metal,"dimensional: abstained (material_application is nominal, not a physical quantity) ; constraint: abstained (no constraint in abrasive.cutoff_disc mentions material_application) ; identity: abstained (material_application is not an identity claim) ; vocabulary: 1.00 ('metal' is a declared term for material_application)"
49-94-0127,ATTRIBUTE_LABEL 1,disc_diameter,Diameter,,derived,yes,,,"dimensional: 0.55 ('6' carries no unit; assuming millimeter. Unlabelled numbers are how inch/millimetre errors enter a catalog.) ; constraint: 1.00 (all 3 constraint(s) on disc_diameter hold) ; identity: abstained (disc_diameter is not an identity claim) ; vocabulary: abstained (disc_diameter is quantity, not a controlled term)"
49-94-0127,ATTRIBUTE_VALUE 1,disc_diameter,6,,extracted,no,,6,"dimensional: 0.55 ('6' carries no unit; assuming millimeter. Unlabelled numbers are how inch/millimetre errors enter a catalog.) ; constraint: 1.00 (all 3 constraint(s) on disc_diameter hold) ; identity: abstained (disc_diameter is not an identity claim) ; vocabulary: abstained (disc_diameter is quantity, not a controlled term)"
49-94-0127,ATTRIBUTE_UOM 1,disc_diameter,in,,derived,no,,,"dimensional: 0.55 ('6' carries no unit; assuming millimeter. Unlabelled numbers are how inch/millimetre errors enter a catalog.) ; constraint: 1.00 (all 3 constraint(s) on disc_diameter hold) ; identity: abstained (disc_diameter is not an identity claim) ; vocabulary: abstained (disc_diameter is quantity, not a controlled term)"
49-94-0127,ATTRIBUTE_LABEL 2,thickness,Thickness,,derived,yes,,,"dimensional: 0.55 ('.045' carries no unit; assuming millimeter. Unlabelled numbers are how inch/millimetre errors enter a catalog.) ; constraint: 1.00 (all 2 constraint(s) on thickness hold) ; identity: abstained (thickness is not an identity claim) ; vocabulary: abstained (thickness is quantity, not a controlled term)"
49-94-0127,ATTRIBUTE_VALUE 2,thickness,.045,,extracted,no,,.045,"dimensional: 0.55 ('.045' carries no unit; assuming millimeter. Unlabelled numbers are how inch/millimetre errors enter a catalog.) ; constraint: 1.00 (all 2 constraint(s) on thickness hold) ; identity: abstained (thickness is not an identity claim) ; vocabulary: abstained (thickness is quantity, not a controlled term)"
49-94-0127,ATTRIBUTE_UOM 2,thickness,in,,derived,no,,,"dimensional: 0.55 ('.045' carries no unit; assuming millimeter. Unlabelled numbers are how inch/millimetre errors enter a catalog.) ; constraint: 1.00 (all 2 constraint(s) on thickness hold) ; identity: abstained (thickness is not an identity claim) ; vocabulary: abstained (thickness is quantity, not a controlled term)"
49-94-0127,ATTRIBUTE_LABEL 3,arbor_diameter,Arbor Size,,derived,yes,,,"dimensional: 0.55 ('0.875' carries no unit; assuming millimeter. Unlabelled numbers are how inch/millimetre errors enter a catalog.) ; constraint: 1.00 (all 2 constraint(s) on arbor_diameter hold) ; identity: abstained (arbor_diameter is not an identity claim) ; vocabulary: abstained (arbor_diameter is quantity, not a controlled term)"
49-94-0127,ATTRIBUTE_VALUE 3,arbor_diameter,0.875,,extracted,no,,7/8,"dimensional: 0.55 ('0.875' carries no unit; assuming millimeter. Unlabelled numbers are how inch/millimetre errors enter a catalog.) ; constraint: 1.00 (all 2 constraint(s) on arbor_diameter hold) ; identity: abstained (arbor_diameter is not an identity claim) ; vocabulary: abstained (arbor_diameter is quantity, not a controlled term)"
49-94-0127,ATTRIBUTE_UOM 3,arbor_diameter,in,,derived,no,,,"dimensional: 0.55 ('0.875' carries no unit; assuming millimeter. Unlabelled numbers are how inch/millimetre errors enter a catalog.) ; constraint: 1.00 (all 2 constraint(s) on arbor_diameter hold) ; identity: abstained (arbor_diameter is not an identity claim) ; vocabulary: abstained (arbor_diameter is quantity, not a controlled term)"
49-94-0127,ATTRIBUTE_LABEL 4,material_application,Application,,derived,yes,,,"dimensional: abstained (material_application is nominal, not a physical quantity) ; constraint: abstained (no constraint in abrasive.cutoff_disc mentions material_application) ; identity: abstained (material_application is not an identity claim) ; vocabulary: 1.00 ('metal' is a declared term for material_application)"
49-94-0127,ATTRIBUTE_VALUE 4,material_application,metal,,extracted,no,,Metal,"dimensional: abstained (material_application is nominal, not a physical quantity) ; constraint: abstained (no constraint in abrasive.cutoff_disc mentions material_application) ; identity: abstained (material_application is not an identity claim) ; vocabulary: 1.00 ('metal' is a declared term for material_application)"
49-94-0127,ATTRIBUTE_LABEL 5,wheel_type,Wheel Type,,derived,yes,,,"dimensional: abstained (wheel_type is nominal, not a physical quantity) ; constraint: abstained (no constraint in abrasive.cutoff_disc mentions wheel_type) ; identity: abstained (wheel_type is not an identity claim) ; vocabulary: 0.00 ('Cut Off' is not a term wheel_type accepts. This category allows 'type 1 flat', 'type 27 depressed center', 'type 41 flat', 'type 42 depressed center'. A plausible-sounding value outside the vocabulary is exactly the failure a confidence score does not catch.)"
49-94-0127,ATTRIBUTE_VALUE 5,wheel_type,Cut Off,,extracted,no,,Cut Off,"dimensional: abstained (wheel_type is nominal, not a physical quantity) ; constraint: abstained (no constraint in abrasive.cutoff_disc mentions wheel_type) ; identity: abstained (wheel_type is not an identity claim) ; vocabulary: 0.00 ('Cut Off' is not a term wheel_type accepts. This category allows 'type 1 flat', 'type 27 depressed center', 'type 41 flat', 'type 42 depressed center'. A plausible-sounding value outside the vocabulary is exactly the failure a confidence score does not catch.)"
49-94-0127,ATTRIBUTE_LABEL 6,abrasive_grain,Abrasive,,derived,yes,,,
49-94-0127,ATTRIBUTE_LABEL 7,max_rpm,Maximum Speed,,derived,yes,,,
49-94-0127,ATTRIBUTE_LABEL 8,pack_quantity,Quantity,,derived,yes,,,"dimensional: 0.55 ('1' carries no unit; assuming dimensionless. Unlabelled numbers are how inch/millimetre errors enter a catalog.) ; constraint: 1.00 (all 1 constraint(s) on pack_quantity hold) ; identity: abstained (pack_quantity is not an identity claim) ; vocabulary: abstained (pack_quantity is quantity, not a controlled term)"
49-94-0127,ATTRIBUTE_VALUE 8,pack_quantity,1,,extracted,no,,1,"dimensional: 0.55 ('1' carries no unit; assuming dimensionless. Unlabelled numbers are how inch/millimetre errors enter a catalog.) ; constraint: 1.00 (all 1 constraint(s) on pack_quantity hold) ; identity: abstained (pack_quantity is not an identity claim) ; vocabulary: abstained (pack_quantity is quantity, not a controlled term)"
49-94-0127,UNSPSC,,23101500,,routed,yes,,"Cut | Off | Disc | Metal | Cut Off | 6""x.045""x7/8""",
49-94-0127,Selling Qty,pack_quantity,1,,derived,yes,,1,"dimensional: 0.55 ('1' carries no unit; assuming dimensionless. Unlabelled numbers are how inch/millimetre errors enter a catalog.) ; constraint: 1.00 (all 1 constraint(s) on pack_quantity hold) ; identity: abstained (pack_quantity is not an identity claim) ; vocabulary: abstained (pack_quantity is quantity, not a controlled term)"
49-94-0127,Selling UOM,pack_quantity,EA,,derived,yes,,,"dimensional: 0.55 ('1' carries no unit; assuming dimensionless. Unlabelled numbers are how inch/millimetre errors enter a catalog.) ; constraint: 1.00 (all 1 constraint(s) on pack_quantity hold) ; identity: abstained (pack_quantity is not an identity claim) ; vocabulary: abstained (pack_quantity is quantity, not a controlled term)"
49-94-0137,Dept,,Tools & Equipment,,routed,yes,,"Cut | Off | Disc | Metal | Cut Off | 7""x3/32""x7/8""",
49-94-0137,Class,,Power Tool Accessories,,routed,yes,,"Cut | Off | Disc | Metal | Cut Off | 7""x3/32""x7/8""",
49-94-0137,Fine,,Cut-Off & Grinding Wheels,,routed,yes,,"Cut | Off | Disc | Metal | Cut Off | 7""x3/32""x7/8""",
49-94-0137,Mfg_Part_Num,,49-94-0137,,passthrough,yes,,,
49-94-0137,Part_Desc,,"49-94-0137 Milw 7""x3/32""x7/8"" Performance+ Metal Cut Off Disc",,passthrough,yes,,,
49-94-0137,E1_Brand,,-- Unbranded --,,passthrough,yes,,,
49-94-0137,Unilog_Brand,,-- No Unilog Brand --,,passthrough,yes,,,
49-94-0137,DIB_Brand,,-- No DIB Brand --,,passthrough,yes,,,
49-94-0137,Part_Manuf,,Milwaukee Accessory (4031),,passthrough,yes,,,
49-94-0137,MANUFACTURER_NAME,,Milwaukee Accessory,,passthrough,yes,,,
49-94-0137,MANUFACTURER_PART_NUMBER,,49-94-0137,,passthrough,yes,,,
49-94-0137,Classpath,,Tools & Equipment>Power Tool Accessories>Abrasive Wheels,,routed,yes,,"Cut | Off | Disc | Metal | Cut Off | 7""x3/32""x7/8""",
49-94-0137,MOBILE_DESC,,"Milwaukee Accessory, Cut-Off Wheel, 49-94-0137, 7 in Diameter",,composed,yes,,7,
49-94-0137,INVOICE_DESC,,CUT-OFF WHEEL 7IN 0.09375IN 0.875IN 7RPM,,composed,yes,,7 | 3/32 | 7/8,
49-94-0137,SHORT_DESC,,"49-94-0137 Cut-Off Wheel, 7 in Diameter, 0.09375 in Thickness, 0.875 in Arbor Size, metal Application",,composed,yes,,7 | 3/32 | 7/8 | Metal,
49-94-0137,LONG_DESC1,,"Cut-Off Wheel, 7 in Diameter, 0.09375 in Thickness, 0.875 in Arbor Size, metal Application, 7 RPM Maximum Speed, 1 Quantity",,composed,yes,,7 | 3/32 | 7/8 | Metal | 1,
49-94-0137,RETAIL_DESC,,"Cut-Off Wheel, 7 in Diameter, 0.09375 in Thickness, 0.875 in Arbor Size, metal Application, 7 RPM Maximum Speed",,composed,yes,,7 | 3/32 | 7/8 | Metal,
49-94-0137,ITEM_FEATURES_1,,7 in,,composed,yes,,7,
49-94-0137,ITEM_FEATURES_2,,0.09375 in,,composed,yes,,3/32,
49-94-0137,ITEM_FEATURES_3,,0.875 in,,composed,yes,,7/8,
49-94-0137,ITEM_FEATURES_4,,7 RPM,,composed,yes,,7,
49-94-0137,Application,material_application,metal,,derived,yes,,Metal,"dimensional: abstained (material_application is nominal, not a physical quantity) ; constraint: abstained (no constraint in abrasive.cutoff_disc mentions material_application) ; identity: abstained (material_application is not an identity claim) ; vocabulary: 1.00 ('metal' is a declared term for material_application)"
49-94-0137,ATTRIBUTE_LABEL 1,disc_diameter,Diameter,,derived,yes,,,"dimensional: 0.55 ('7' carries no unit; assuming millimeter. Unlabelled numbers are how inch/millimetre errors enter a catalog.) ; constraint: 1.00 (all 3 constraint(s) on disc_diameter hold) ; identity: abstained (disc_diameter is not an identity claim) ; vocabulary: abstained (disc_diameter is quantity, not a controlled term)"
49-94-0137,ATTRIBUTE_VALUE 1,disc_diameter,7,,extracted,no,,7,"dimensional: 0.55 ('7' carries no unit; assuming millimeter. Unlabelled numbers are how inch/millimetre errors enter a catalog.) ; constraint: 1.00 (all 3 constraint(s) on disc_diameter hold) ; identity: abstained (disc_diameter is not an identity claim) ; vocabulary: abstained (disc_diameter is quantity, not a controlled term)"
49-94-0137,ATTRIBUTE_UOM 1,disc_diameter,in,,derived,no,,,"dimensional: 0.55 ('7' carries no unit; assuming millimeter. Unlabelled numbers are how inch/millimetre errors enter a catalog.) ; constraint: 1.00 (all 3 constraint(s) on disc_diameter hold) ; identity: abstained (disc_diameter is not an identity claim) ; vocabulary: abstained (disc_diameter is quantity, not a controlled term)"
49-94-0137,ATTRIBUTE_LABEL 2,thickness,Thickness,,derived,yes,,,"dimensional: 0.55 ('0.09375' carries no unit; assuming millimeter. Unlabelled numbers are how inch/millimetre errors enter a catalog.) ; constraint: 1.00 (all 2 constraint(s) on thickness hold) ; identity: abstained (thickness is not an identity claim) ; vocabulary: abstained (thickness is quantity, not a controlled term)"
49-94-0137,ATTRIBUTE_VALUE 2,thickness,0.09375,,extracted,no,,3/32,"dimensional: 0.55 ('0.09375' carries no unit; assuming millimeter. Unlabelled numbers are how inch/millimetre errors enter a catalog.) ; constraint: 1.00 (all 2 constraint(s) on thickness hold) ; identity: abstained (thickness is not an identity claim) ; vocabulary: abstained (thickness is quantity, not a controlled term)"
49-94-0137,ATTRIBUTE_UOM 2,thickness,in,,derived,no,,,"dimensional: 0.55 ('0.09375' carries no unit; assuming millimeter. Unlabelled numbers are how inch/millimetre errors enter a catalog.) ; constraint: 1.00 (all 2 constraint(s) on thickness hold) ; identity: abstained (thickness is not an identity claim) ; vocabulary: abstained (thickness is quantity, not a controlled term)"
49-94-0137,ATTRIBUTE_LABEL 3,arbor_diameter,Arbor Size,,derived,yes,,,"dimensional: 0.55 ('0.875' carries no unit; assuming millimeter. Unlabelled numbers are how inch/millimetre errors enter a catalog.) ; constraint: 1.00 (all 2 constraint(s) on arbor_diameter hold) ; identity: abstained (arbor_diameter is not an identity claim) ; vocabulary: abstained (arbor_diameter is quantity, not a controlled term)"
49-94-0137,ATTRIBUTE_VALUE 3,arbor_diameter,0.875,,extracted,no,,7/8,"dimensional: 0.55 ('0.875' carries no unit; assuming millimeter. Unlabelled numbers are how inch/millimetre errors enter a catalog.) ; constraint: 1.00 (all 2 constraint(s) on arbor_diameter hold) ; identity: abstained (arbor_diameter is not an identity claim) ; vocabulary: abstained (arbor_diameter is quantity, not a controlled term)"
49-94-0137,ATTRIBUTE_UOM 3,arbor_diameter,in,,derived,no,,,"dimensional: 0.55 ('0.875' carries no unit; assuming millimeter. Unlabelled numbers are how inch/millimetre errors enter a catalog.) ; constraint: 1.00 (all 2 constraint(s) on arbor_diameter hold) ; identity: abstained (arbor_diameter is not an identity claim) ; vocabulary: abstained (arbor_diameter is quantity, not a controlled term)"
49-94-0137,ATTRIBUTE_LABEL 4,material_application,Application,,derived,yes,,,"dimensional: abstained (material_application is nominal, not a physical quantity) ; constraint: abstained (no constraint in abrasive.cutoff_disc mentions material_application) ; identity: abstained (material_application is not an identity claim) ; vocabulary: 1.00 ('metal' is a declared term for material_application)"
49-94-0137,ATTRIBUTE_VALUE 4,material_application,metal,,extracted,no,,Metal,"dimensional: abstained (material_application is nominal, not a physical quantity) ; constraint: abstained (no constraint in abrasive.cutoff_disc mentions material_application) ; identity: abstained (material_application is not an identity claim) ; vocabulary: 1.00 ('metal' is a declared term for material_application)"
49-94-0137,ATTRIBUTE_LABEL 5,wheel_type,Wheel Type,,derived,yes,,,
49-94-0137,ATTRIBUTE_LABEL 6,abrasive_grain,Abrasive,,derived,yes,,,
49-94-0137,ATTRIBUTE_LABEL 7,max_rpm,Maximum Speed,,derived,yes,,,"dimensional: 0.55 ('7' carries no unit; assuming 1 / minute. Unlabelled numbers are how inch/millimetre errors enter a catalog.) ; constraint: 1.00 (all 1 constraint(s) on max_rpm hold) ; identity: abstained (max_rpm is not an identity claim) ; vocabulary: abstained (max_rpm is quantity, not a controlled term)"
49-94-0137,ATTRIBUTE_VALUE 7,max_rpm,7,,extracted,no,,7,"dimensional: 0.55 ('7' carries no unit; assuming 1 / minute. Unlabelled numbers are how inch/millimetre errors enter a catalog.) ; constraint: 1.00 (all 1 constraint(s) on max_rpm hold) ; identity: abstained (max_rpm is not an identity claim) ; vocabulary: abstained (max_rpm is quantity, not a controlled term)"
49-94-0137,ATTRIBUTE_UOM 7,max_rpm,RPM,,derived,no,,,"dimensional: 0.55 ('7' carries no unit; assuming 1 / minute. Unlabelled numbers are how inch/millimetre errors enter a catalog.) ; constraint: 1.00 (all 1 constraint(s) on max_rpm hold) ; identity: abstained (max_rpm is not an identity claim) ; vocabulary: abstained (max_rpm is quantity, not a controlled term)"
49-94-0137,ATTRIBUTE_LABEL 8,pack_quantity,Quantity,,derived,yes,,,"dimensional: 0.55 ('1' carries no unit; assuming dimensionless. Unlabelled numbers are how inch/millimetre errors enter a catalog.) ; constraint: 1.00 (all 1 constraint(s) on pack_quantity hold) ; identity: abstained (pack_quantity is not an identity claim) ; vocabulary: abstained (pack_quantity is quantity, not a controlled term)"
49-94-0137,ATTRIBUTE_VALUE 8,pack_quantity,1,,extracted,no,,1,"dimensional: 0.55 ('1' carries no unit; assuming dimensionless. Unlabelled numbers are how inch/millimetre errors enter a catalog.) ; constraint: 1.00 (all 1 constraint(s) on pack_quantity hold) ; identity: abstained (pack_quantity is not an identity claim) ; vocabulary: abstained (pack_quantity is quantity, not a controlled term)"
49-94-0137,UNSPSC,,23101500,,routed,yes,,"Cut | Off | Disc | Metal | Cut Off | 7""x3/32""x7/8""",
49-94-0137,Selling Qty,pack_quantity,1,,derived,yes,,1,"dimensional: 0.55 ('1' carries no unit; assuming dimensionless. Unlabelled numbers are how inch/millimetre errors enter a catalog.) ; constraint: 1.00 (all 1 constraint(s) on pack_quantity hold) ; identity: abstained (pack_quantity is not an identity claim) ; vocabulary: abstained (pack_quantity is quantity, not a controlled term)"
49-94-0137,Selling UOM,pack_quantity,EA,,derived,yes,,,"dimensional: 0.55 ('1' carries no unit; assuming dimensionless. Unlabelled numbers are how inch/millimetre errors enter a catalog.) ; constraint: 1.00 (all 1 constraint(s) on pack_quantity hold) ; identity: abstained (pack_quantity is not an identity claim) ; vocabulary: abstained (pack_quantity is quantity, not a controlled term)"
49-94-0160,Dept,,Tools & Equipment,,routed,yes,,"Cut | Off | Disc | Metal | Cut Off | 14""x7/64""x1""",
49-94-0160,Class,,Power Tool Accessories,,routed,yes,,"Cut | Off | Disc | Metal | Cut Off | 14""x7/64""x1""",
49-94-0160,Fine,,Cut-Off & Grinding Wheels,,routed,yes,,"Cut | Off | Disc | Metal | Cut Off | 14""x7/64""x1""",
49-94-0160,Mfg_Part_Num,,49-94-0160,,passthrough,yes,,,
49-94-0160,Part_Desc,,"49-94-0160 Milw 14""x7/64""x1"" Performance+ Metal Cut Off Disc",,passthrough,yes,,,
49-94-0160,E1_Brand,,-- Unbranded --,,passthrough,yes,,,
49-94-0160,Unilog_Brand,,-- No Unilog Brand --,,passthrough,yes,,,
49-94-0160,DIB_Brand,,-- No DIB Brand --,,passthrough,yes,,,
49-94-0160,Part_Manuf,,Milwaukee Accessory (4031),,passthrough,yes,,,
49-94-0160,MANUFACTURER_NAME,,Milwaukee Accessory,,passthrough,yes,,,
49-94-0160,MANUFACTURER_PART_NUMBER,,49-94-0160,,passthrough,yes,,,
49-94-0160,Classpath,,Tools & Equipment>Power Tool Accessories>Abrasive Wheels,,routed,yes,,"Cut | Off | Disc | Metal | Cut Off | 14""x7/64""x1""",
49-94-0160,MOBILE_DESC,,"Milwaukee Accessory, Cut-Off Wheel, 49-94-0160, 14 in Diameter",,composed,yes,,14,
49-94-0160,INVOICE_DESC,,CUT-OFF WHEEL 14IN 0.109375IN 1IN METAL,,composed,yes,,14 | 7/64 | 1 | Metal,
49-94-0160,SHORT_DESC,,"49-94-0160 Cut-Off Wheel, 14 in Diameter, 0.109375 in Thickness, 1 in Arbor Size, metal Application",,composed,yes,,14 | 7/64 | 1 | Metal,
49-94-0160,LONG_DESC1,,"Cut-Off Wheel, 14 in Diameter, 0.109375 in Thickness, 1 in Arbor Size, metal Application, 14 RPM Maximum Speed, 1 Quantity",,composed,yes,,14 | 7/64 | 1 | Metal,
49-94-0160,RETAIL_DESC,,"Cut-Off Wheel, 14 in Diameter, 0.109375 in Thickness, 1 in Arbor Size, metal Application, 14 RPM Maximum Speed",,composed,yes,,14 | 7/64 | 1 | Metal,
49-94-0160,ITEM_FEATURES_1,,14 in,,composed,yes,,14,
49-94-0160,ITEM_FEATURES_2,,0.109375 in,,composed,yes,,7/64,
49-94-0160,ITEM_FEATURES_3,,1 in,,composed,yes,,1,
49-94-0160,ITEM_FEATURES_4,,14 RPM,,composed,yes,,14,
49-94-0160,Application,material_application,metal,,derived,yes,,Metal,"dimensional: abstained (material_application is nominal, not a physical quantity) ; constraint: abstained (no constraint in abrasive.cutoff_disc mentions material_application) ; identity: abstained (material_application is not an identity claim) ; vocabulary: 1.00 ('metal' is a declared term for material_application)"
49-94-0160,ATTRIBUTE_LABEL 1,disc_diameter,Diameter,,derived,yes,,,"dimensional: 0.55 ('14' carries no unit; assuming millimeter. Unlabelled numbers are how inch/millimetre errors enter a catalog.) ; constraint: 1.00 (all 3 constraint(s) on disc_diameter hold) ; identity: abstained (disc_diameter is not an identity claim) ; vocabulary: abstained (disc_diameter is quantity, not a controlled term)"
49-94-0160,ATTRIBUTE_VALUE 1,disc_diameter,14,,extracted,no,,14,"dimensional: 0.55 ('14' carries no unit; assuming millimeter. Unlabelled numbers are how inch/millimetre errors enter a catalog.) ; constraint: 1.00 (all 3 constraint(s) on disc_diameter hold) ; identity: abstained (disc_diameter is not an identity claim) ; vocabulary: abstained (disc_diameter is quantity, not a controlled term)"
49-94-0160,ATTRIBUTE_UOM 1,disc_diameter,in,,derived,no,,,"dimensional: 0.55 ('14' carries no unit; assuming millimeter. Unlabelled numbers are how inch/millimetre errors enter a catalog.) ; constraint: 1.00 (all 3 constraint(s) on disc_diameter hold) ; identity: abstained (disc_diameter is not an identity claim) ; vocabulary: abstained (disc_diameter is quantity, not a controlled term)"
49-94-0160,ATTRIBUTE_LABEL 2,thickness,Thickness,,derived,yes,,,"dimensional: 0.55 ('0.109375' carries no unit; assuming millimeter. Unlabelled numbers are how inch/millimetre errors enter a catalog.) ; constraint: 1.00 (all 2 constraint(s) on thickness hold) ; identity: abstained (thickness is not an identity claim) ; vocabulary: abstained (thickness is quantity, not a controlled term)"
49-94-0160,ATTRIBUTE_VALUE 2,thickness,0.109375,,extracted,no,,7/64,"dimensional: 0.55 ('0.109375' carries no unit; assuming millimeter. Unlabelled numbers are how inch/millimetre errors enter a catalog.) ; constraint: 1.00 (all 2 constraint(s) on thickness hold) ; identity: abstained (thickness is not an identity claim) ; vocabulary: abstained (thickness is quantity, not a controlled term)"
49-94-0160,ATTRIBUTE_UOM 2,thickness,in,,derived,no,,,"dimensional: 0.55 ('0.109375' carries no unit; assuming millimeter. Unlabelled numbers are how inch/millimetre errors enter a catalog.) ; constraint: 1.00 (all 2 constraint(s) on thickness hold) ; identity: abstained (thickness is not an identity claim) ; vocabulary: abstained (thickness is quantity, not a controlled term)"
49-94-0160,ATTRIBUTE_LABEL 3,arbor_diameter,Arbor Size,,derived,yes,,,"dimensional: 0.55 ('1' carries no unit; assuming millimeter. Unlabelled numbers are how inch/millimetre errors enter a catalog.) ; constraint: 1.00 (all 2 constraint(s) on arbor_diameter hold) ; identity: abstained (arbor_diameter is not an identity claim) ; vocabulary: abstained (arbor_diameter is quantity, not a controlled term)"
49-94-0160,ATTRIBUTE_VALUE 3,arbor_diameter,1,,extracted,no,,1,"dimensional: 0.55 ('1' carries no unit; assuming millimeter. Unlabelled numbers are how inch/millimetre errors enter a catalog.) ; constraint: 1.00 (all 2 constraint(s) on arbor_diameter hold) ; identity: abstained (arbor_diameter is not an identity claim) ; vocabulary: abstained (arbor_diameter is quantity, not a controlled term)"
49-94-0160,ATTRIBUTE_UOM 3,arbor_diameter,in,,derived,no,,,"dimensional: 0.55 ('1' carries no unit; assuming millimeter. Unlabelled numbers are how inch/millimetre errors enter a catalog.) ; constraint: 1.00 (all 2 constraint(s) on arbor_diameter hold) ; identity: abstained (arbor_diameter is not an identity claim) ; vocabulary: abstained (arbor_diameter is quantity, not a controlled term)"
49-94-0160,ATTRIBUTE_LABEL 4,material_application,Application,,derived,yes,,,"dimensional: abstained (material_application is nominal, not a physical quantity) ; constraint: abstained (no constraint in abrasive.cutoff_disc mentions material_application) ; identity: abstained (material_application is not an identity claim) ; vocabulary: 1.00 ('metal' is a declared term for material_application)"
49-94-0160,ATTRIBUTE_VALUE 4,material_application,metal,,extracted,no,,Metal,"dimensional: abstained (material_application is nominal, not a physical quantity) ; constraint: abstained (no constraint in abrasive.cutoff_disc mentions material_application) ; identity: abstained (material_application is not an identity claim) ; vocabulary: 1.00 ('metal' is a declared term for material_application)"
49-94-0160,ATTRIBUTE_LABEL 5,wheel_type,Wheel Type,,derived,yes,,,
49-94-0160,ATTRIBUTE_LABEL 6,abrasive_grain,Abrasive,,derived,yes,,,
49-94-0160,ATTRIBUTE_LABEL 7,max_rpm,Maximum Speed,,derived,yes,,,"dimensional: 0.55 ('14' carries no unit; assuming 1 / minute. Unlabelled numbers are how inch/millimetre errors enter a catalog.) ; constraint: 1.00 (all 1 constraint(s) on max_rpm hold) ; identity: abstained (max_rpm is not an identity claim) ; vocabulary: abstained (max_rpm is quantity, not a controlled term)"
49-94-0160,ATTRIBUTE_VALUE 7,max_rpm,14,,extracted,no,,14,"dimensional: 0.55 ('14' carries no unit; assuming 1 / minute. Unlabelled numbers are how inch/millimetre errors enter a catalog.) ; constraint: 1.00 (all 1 constraint(s) on max_rpm hold) ; identity: abstained (max_rpm is not an identity claim) ; vocabulary: abstained (max_rpm is quantity, not a controlled term)"
49-94-0160,ATTRIBUTE_UOM 7,max_rpm,RPM,,derived,no,,,"dimensional: 0.55 ('14' carries no unit; assuming 1 / minute. Unlabelled numbers are how inch/millimetre errors enter a catalog.) ; constraint: 1.00 (all 1 constraint(s) on max_rpm hold) ; identity: abstained (max_rpm is not an identity claim) ; vocabulary: abstained (max_rpm is quantity, not a controlled term)"
49-94-0160,ATTRIBUTE_LABEL 8,pack_quantity,Quantity,,derived,yes,,,"dimensional: 0.55 ('1' carries no unit; assuming dimensionless. Unlabelled numbers are how inch/millimetre errors enter a catalog.) ; constraint: 1.00 (all 1 constraint(s) on pack_quantity hold) ; identity: abstained (pack_quantity is not an identity claim) ; vocabulary: abstained (pack_quantity is quantity, not a controlled term)"
49-94-0160,ATTRIBUTE_VALUE 8,pack_quantity,1,,extracted,no,,1,"dimensional: 0.55 ('1' carries no unit; assuming dimensionless. Unlabelled numbers are how inch/millimetre errors enter a catalog.) ; constraint: 1.00 (all 1 constraint(s) on pack_quantity hold) ; identity: abstained (pack_quantity is not an identity claim) ; vocabulary: abstained (pack_quantity is quantity, not a controlled term)"
49-94-0160,UNSPSC,,23101500,,routed,yes,,"Cut | Off | Disc | Metal | Cut Off | 14""x7/64""x1""",
49-94-0160,Selling Qty,pack_quantity,1,,derived,yes,,1,"dimensional: 0.55 ('1' carries no unit; assuming dimensionless. Unlabelled numbers are how inch/millimetre errors enter a catalog.) ; constraint: 1.00 (all 1 constraint(s) on pack_quantity hold) ; identity: abstained (pack_quantity is not an identity claim) ; vocabulary: abstained (pack_quantity is quantity, not a controlled term)"
49-94-0160,Selling UOM,pack_quantity,EA,,derived,yes,,,"dimensional: 0.55 ('1' carries no unit; assuming dimensionless. Unlabelled numbers are how inch/millimetre errors enter a catalog.) ; constraint: 1.00 (all 1 constraint(s) on pack_quantity hold) ; identity: abstained (pack_quantity is not an identity claim) ; vocabulary: abstained (pack_quantity is quantity, not a controlled term)"
49-94-0223,Dept,,Tools & Equipment,,routed,yes,,"Cut | Off | Disc | Metal | Cut Off | 6""x.045""x7/8""",
49-94-0223,Class,,Power Tool Accessories,,routed,yes,,"Cut | Off | Disc | Metal | Cut Off | 6""x.045""x7/8""",
49-94-0223,Fine,,Cut-Off & Grinding Wheels,,routed,yes,,"Cut | Off | Disc | Metal | Cut Off | 6""x.045""x7/8""",
49-94-0223,Mfg_Part_Num,,49-94-0223,,passthrough,yes,,,
49-94-0223,Part_Desc,,"49-94-0223 Milw 6""x.045""x7/8"" Ceramic+ Metal Cut Off Disc",,passthrough,yes,,,
49-94-0223,E1_Brand,,-- Unbranded --,,passthrough,yes,,,
49-94-0223,Unilog_Brand,,-- No Unilog Brand --,,passthrough,yes,,,
49-94-0223,DIB_Brand,,-- No DIB Brand --,,passthrough,yes,,,
49-94-0223,Part_Manuf,,Milwaukee Accessory (4031),,passthrough,yes,,,
49-94-0223,MANUFACTURER_NAME,,Milwaukee Accessory,,passthrough,yes,,,
49-94-0223,MANUFACTURER_PART_NUMBER,,49-94-0223,,passthrough,yes,,,
49-94-0223,Classpath,,Tools & Equipment>Power Tool Accessories>Abrasive Wheels,,routed,yes,,"Cut | Off | Disc | Metal | Cut Off | 6""x.045""x7/8""",
49-94-0223,MOBILE_DESC,,"Milwaukee Accessory, Cut-Off Wheel, 49-94-0223, 6 in Diameter",,composed,yes,,6,
49-94-0223,INVOICE_DESC,,CUT-OFF WHEEL 6IN .045IN 0.875IN METAL,,composed,yes,,6 | .045 | 7/8 | Metal,
49-94-0223,SHORT_DESC,,"49-94-0223 Cut-Off Wheel, 6 in Diameter, .045 in Thickness, 0.875 in Arbor Size, metal Application, Ceramic+ Wheel Type",,composed,yes,,6 | .045 | 7/8 | Metal | Ceramic+,
49-94-0223,LONG_DESC1,,"Cut-Off Wheel, 6 in Diameter, .045 in Thickness, 0.875 in Arbor Size, metal Application, Ceramic+ Wheel Type",,composed,yes,,6 | .045 | 7/8 | Metal | Ceramic+,
49-94-0223,RETAIL_DESC,,"Cut-Off Wheel, 6 in Diameter, .045 in Thickness, 0.875 in Arbor Size, metal Application, Ceramic+ Wheel Type",,composed,yes,,6 | .045 | 7/8 | Metal | Ceramic+,
49-94-0223,ITEM_FEATURES_1,,6 in,,composed,yes,,6,
49-94-0223,ITEM_FEATURES_2,,.045 in,,composed,yes,,.045,
49-94-0223,ITEM_FEATURES_3,,0.875 in,,composed,yes,,7/8,
49-94-0223,Application,material_application,metal,,derived,yes,,Metal,"dimensional: abstained (material_application is nominal, not a physical quantity) ; constraint: abstained (no constraint in abrasive.cutoff_disc mentions material_application) ; identity: abstained (material_application is not an identity claim) ; vocabulary: 1.00 ('metal' is a declared term for material_application)"
49-94-0223,ATTRIBUTE_LABEL 1,disc_diameter,Diameter,,derived,yes,,,"dimensional: 0.55 ('6' carries no unit; assuming millimeter. Unlabelled numbers are how inch/millimetre errors enter a catalog.) ; constraint: 1.00 (all 3 constraint(s) on disc_diameter hold) ; identity: abstained (disc_diameter is not an identity claim) ; vocabulary: abstained (disc_diameter is quantity, not a controlled term)"
49-94-0223,ATTRIBUTE_VALUE 1,disc_diameter,6,,extracted,no,,6,"dimensional: 0.55 ('6' carries no unit; assuming millimeter. Unlabelled numbers are how inch/millimetre errors enter a catalog.) ; constraint: 1.00 (all 3 constraint(s) on disc_diameter hold) ; identity: abstained (disc_diameter is not an identity claim) ; vocabulary: abstained (disc_diameter is quantity, not a controlled term)"
49-94-0223,ATTRIBUTE_UOM 1,disc_diameter,in,,derived,no,,,"dimensional: 0.55 ('6' carries no unit; assuming millimeter. Unlabelled numbers are how inch/millimetre errors enter a catalog.) ; constraint: 1.00 (all 3 constraint(s) on disc_diameter hold) ; identity: abstained (disc_diameter is not an identity claim) ; vocabulary: abstained (disc_diameter is quantity, not a controlled term)"
49-94-0223,ATTRIBUTE_LABEL 2,thickness,Thickness,,derived,yes,,,"dimensional: 0.55 ('.045' carries no unit; assuming millimeter. Unlabelled numbers are how inch/millimetre errors enter a catalog.) ; constraint: 1.00 (all 2 constraint(s) on thickness hold) ; identity: abstained (thickness is not an identity claim) ; vocabulary: abstained (thickness is quantity, not a controlled term)"
49-94-0223,ATTRIBUTE_VALUE 2,thickness,.045,,extracted,no,,.045,"dimensional: 0.55 ('.045' carries no unit; assuming millimeter. Unlabelled numbers are how inch/millimetre errors enter a catalog.) ; constraint: 1.00 (all 2 constraint(s) on thickness hold) ; identity: abstained (thickness is not an identity claim) ; vocabulary: abstained (thickness is quantity, not a controlled term)"
49-94-0223,ATTRIBUTE_UOM 2,thickness,in,,derived,no,,,"dimensional: 0.55 ('.045' carries no unit; assuming millimeter. Unlabelled numbers are how inch/millimetre errors enter a catalog.) ; constraint: 1.00 (all 2 constraint(s) on thickness hold) ; identity: abstained (thickness is not an identity claim) ; vocabulary: abstained (thickness is quantity, not a controlled term)"
49-94-0223,ATTRIBUTE_LABEL 3,arbor_diameter,Arbor Size,,derived,yes,,,"dimensional: 0.55 ('0.875' carries no unit; assuming millimeter. Unlabelled numbers are how inch/millimetre errors enter a catalog.) ; constraint: 1.00 (all 2 constraint(s) on arbor_diameter hold) ; identity: abstained (arbor_diameter is not an identity claim) ; vocabulary: abstained (arbor_diameter is quantity, not a controlled term)"
49-94-0223,ATTRIBUTE_VALUE 3,arbor_diameter,0.875,,extracted,no,,7/8,"dimensional: 0.55 ('0.875' carries no unit; assuming millimeter. Unlabelled numbers are how inch/millimetre errors enter a catalog.) ; constraint: 1.00 (all 2 constraint(s) on arbor_diameter hold) ; identity: abstained (arbor_diameter is not an identity claim) ; vocabulary: abstained (arbor_diameter is quantity, not a controlled term)"
49-94-0223,ATTRIBUTE_UOM 3,arbor_diameter,in,,derived,no,,,"dimensional: 0.55 ('0.875' carries no unit; assuming millimeter. Unlabelled numbers are how inch/millimetre errors enter a catalog.) ; constraint: 1.00 (all 2 constraint(s) on arbor_diameter hold) ; identity: abstained (arbor_diameter is not an identity claim) ; vocabulary: abstained (arbor_diameter is quantity, not a controlled term)"
49-94-0223,ATTRIBUTE_LABEL 4,material_application,Application,,derived,yes,,,"dimensional: abstained (material_application is nominal, not a physical quantity) ; constraint: abstained (no constraint in abrasive.cutoff_disc mentions material_application) ; identity: abstained (material_application is not an identity claim) ; vocabulary: 1.00 ('metal' is a declared term for material_application)"
49-94-0223,ATTRIBUTE_VALUE 4,material_application,metal,,extracted,no,,Metal,"dimensional: abstained (material_application is nominal, not a physical quantity) ; constraint: abstained (no constraint in abrasive.cutoff_disc mentions material_application) ; identity: abstained (material_application is not an identity claim) ; vocabulary: 1.00 ('metal' is a declared term for material_application)"
49-94-0223,ATTRIBUTE_LABEL 5,wheel_type,Wheel Type,,derived,yes,,,"dimensional: abstained (wheel_type is nominal, not a physical quantity) ; constraint: abstained (no constraint in abrasive.cutoff_disc mentions wheel_type) ; identity: abstained (wheel_type is not an identity claim) ; vocabulary: 0.00 ('Ceramic+' is not a term wheel_type accepts. This category allows 'type 1 flat', 'type 27 depressed center', 'type 41 flat', 'type 42 depressed center'. A plausible-sounding value outside the vocabulary is exactly the failure a confidence score does not catch.)"
49-94-0223,ATTRIBUTE_VALUE 5,wheel_type,Ceramic+,,extracted,no,,Ceramic+,"dimensional: abstained (wheel_type is nominal, not a physical quantity) ; constraint: abstained (no constraint in abrasive.cutoff_disc mentions wheel_type) ; identity: abstained (wheel_type is not an identity claim) ; vocabulary: 0.00 ('Ceramic+' is not a term wheel_type accepts. This category allows 'type 1 flat', 'type 27 depressed center', 'type 41 flat', 'type 42 depressed center'. A plausible-sounding value outside the vocabulary is exactly the failure a confidence score does not catch.)"
49-94-0223,ATTRIBUTE_LABEL 6,abrasive_grain,Abrasive,,derived,yes,,,
49-94-0223,ATTRIBUTE_LABEL 7,max_rpm,Maximum Speed,,derived,yes,,,
49-94-0223,ATTRIBUTE_LABEL 8,pack_quantity,Quantity,,derived,yes,,,
49-94-0223,UNSPSC,,23101500,,routed,yes,,"Cut | Off | Disc | Metal | Cut Off | 6""x.045""x7/8""",
49-94-0445,Dept,,Tools & Equipment,,routed,yes,,"Cut | Off | Disc | Metal | Cut Off | 10""x3/32""x5/8""",
49-94-0445,Class,,Power Tool Accessories,,routed,yes,,"Cut | Off | Disc | Metal | Cut Off | 10""x3/32""x5/8""",
49-94-0445,Fine,,Cut-Off & Grinding Wheels,,routed,yes,,"Cut | Off | Disc | Metal | Cut Off | 10""x3/32""x5/8""",
49-94-0445,Mfg_Part_Num,,49-94-0445,,passthrough,yes,,,
49-94-0445,Part_Desc,,"49-94-0445 Milw 10""x3/32""x5/8"" Performance+ Metal Cut Off Disc",,passthrough,yes,,,
49-94-0445,E1_Brand,,-- Unbranded --,,passthrough,yes,,,
49-94-0445,Unilog_Brand,,-- No Unilog Brand --,,passthrough,yes,,,
49-94-0445,DIB_Brand,,-- No DIB Brand --,,passthrough,yes,,,
49-94-0445,Part_Manuf,,Milwaukee Accessory (4031),,passthrough,yes,,,
49-94-0445,MANUFACTURER_NAME,,Milwaukee Accessory,,passthrough,yes,,,
49-94-0445,MANUFACTURER_PART_NUMBER,,49-94-0445,,passthrough,yes,,,
49-94-0445,Classpath,,Tools & Equipment>Power Tool Accessories>Abrasive Wheels,,routed,yes,,"Cut | Off | Disc | Metal | Cut Off | 10""x3/32""x5/8""",
49-94-0445,MOBILE_DESC,,"Milwaukee Accessory, Cut-Off Wheel, 49-94-0445, 10 in Diameter",,composed,yes,,10,
49-94-0445,INVOICE_DESC,,CUT-OFF WHEEL 10IN 0.09375IN 0.625IN,,composed,yes,,10 | 3/32 | 5/8,
49-94-0445,SHORT_DESC,,"49-94-0445 Cut-Off Wheel, 10 in Diameter, 0.09375 in Thickness, 0.625 in Arbor Size, metal Application",,composed,yes,,10 | 3/32 | 5/8 | Metal,
49-94-0445,LONG_DESC1,,"Cut-Off Wheel, 10 in Diameter, 0.09375 in Thickness, 0.625 in Arbor Size, metal Application",,composed,yes,,10 | 3/32 | 5/8 | Metal,
49-94-0445,RETAIL_DESC,,"Cut-Off Wheel, 10 in Diameter, 0.09375 in Thickness, 0.625 in Arbor Size, metal Application",,composed,yes,,10 | 3/32 | 5/8 | Metal,
49-94-0445,ITEM_FEATURES_1,,10 in,,composed,yes,,10,
49-94-0445,ITEM_FEATURES_2,,0.09375 in,,composed,yes,,3/32,
49-94-0445,ITEM_FEATURES_3,,0.625 in,,composed,yes,,5/8,
49-94-0445,Application,material_application,metal,,derived,yes,,Metal,"dimensional: abstained (material_application is nominal, not a physical quantity) ; constraint: abstained (no constraint in abrasive.cutoff_disc mentions material_application) ; identity: abstained (material_application is not an identity claim) ; vocabulary: 1.00 ('metal' is a declared term for material_application)"
49-94-0445,ATTRIBUTE_LABEL 1,disc_diameter,Diameter,,derived,yes,,,"dimensional: 0.55 ('10' carries no unit; assuming millimeter. Unlabelled numbers are how inch/millimetre errors enter a catalog.) ; constraint: 1.00 (all 3 constraint(s) on disc_diameter hold) ; identity: abstained (disc_diameter is not an identity claim) ; vocabulary: abstained (disc_diameter is quantity, not a controlled term)"
49-94-0445,ATTRIBUTE_VALUE 1,disc_diameter,10,,extracted,no,,10,"dimensional: 0.55 ('10' carries no unit; assuming millimeter. Unlabelled numbers are how inch/millimetre errors enter a catalog.) ; constraint: 1.00 (all 3 constraint(s) on disc_diameter hold) ; identity: abstained (disc_diameter is not an identity claim) ; vocabulary: abstained (disc_diameter is quantity, not a controlled term)"
49-94-0445,ATTRIBUTE_UOM 1,disc_diameter,in,,derived,no,,,"dimensional: 0.55 ('10' carries no unit; assuming millimeter. Unlabelled numbers are how inch/millimetre errors enter a catalog.) ; constraint: 1.00 (all 3 constraint(s) on disc_diameter hold) ; identity: abstained (disc_diameter is not an identity claim) ; vocabulary: abstained (disc_diameter is quantity, not a controlled term)"
49-94-0445,ATTRIBUTE_LABEL 2,thickness,Thickness,,derived,yes,,,"dimensional: 0.55 ('0.09375' carries no unit; assuming millimeter. Unlabelled numbers are how inch/millimetre errors enter a catalog.) ; constraint: 1.00 (all 2 constraint(s) on thickness hold) ; identity: abstained (thickness is not an identity claim) ; vocabulary: abstained (thickness is quantity, not a controlled term)"
49-94-0445,ATTRIBUTE_VALUE 2,thickness,0.09375,,extracted,no,,3/32,"dimensional: 0.55 ('0.09375' carries no unit; assuming millimeter. Unlabelled numbers are how inch/millimetre errors enter a catalog.) ; constraint: 1.00 (all 2 constraint(s) on thickness hold) ; identity: abstained (thickness is not an identity claim) ; vocabulary: abstained (thickness is quantity, not a controlled term)"
49-94-0445,ATTRIBUTE_UOM 2,thickness,in,,derived,no,,,"dimensional: 0.55 ('0.09375' carries no unit; assuming millimeter. Unlabelled numbers are how inch/millimetre errors enter a catalog.) ; constraint: 1.00 (all 2 constraint(s) on thickness hold) ; identity: abstained (thickness is not an identity claim) ; vocabulary: abstained (thickness is quantity, not a controlled term)"
49-94-0445,ATTRIBUTE_LABEL 3,arbor_diameter,Arbor Size,,derived,yes,,,"dimensional: 0.55 ('0.625' carries no unit; assuming millimeter. Unlabelled numbers are how inch/millimetre errors enter a catalog.) ; constraint: 1.00 (all 2 constraint(s) on arbor_diameter hold) ; identity: abstained (arbor_diameter is not an identity claim) ; vocabulary: abstained (arbor_diameter is quantity, not a controlled term)"
49-94-0445,ATTRIBUTE_VALUE 3,arbor_diameter,0.625,,extracted,no,,5/8,"dimensional: 0.55 ('0.625' carries no unit; assuming millimeter. Unlabelled numbers are how inch/millimetre errors enter a catalog.) ; constraint: 1.00 (all 2 constraint(s) on arbor_diameter hold) ; identity: abstained (arbor_diameter is not an identity claim) ; vocabulary: abstained (arbor_diameter is quantity, not a controlled term)"
49-94-0445,ATTRIBUTE_UOM 3,arbor_diameter,in,,derived,no,,,"dimensional: 0.55 ('0.625' carries no unit; assuming millimeter. Unlabelled numbers are how inch/millimetre errors enter a catalog.) ; constraint: 1.00 (all 2 constraint(s) on arbor_diameter hold) ; identity: abstained (arbor_diameter is not an identity claim) ; vocabulary: abstained (arbor_diameter is quantity, not a controlled term)"
49-94-0445,ATTRIBUTE_LABEL 4,material_application,Application,,derived,yes,,,"dimensional: abstained (material_application is nominal, not a physical quantity) ; constraint: abstained (no constraint in abrasive.cutoff_disc mentions material_application) ; identity: abstained (material_application is not an identity claim) ; vocabulary: 1.00 ('metal' is a declared term for material_application)"
49-94-0445,ATTRIBUTE_VALUE 4,material_application,metal,,extracted,no,,Metal,"dimensional: abstained (material_application is nominal, not a physical quantity) ; constraint: abstained (no constraint in abrasive.cutoff_disc mentions material_application) ; identity: abstained (material_application is not an identity claim) ; vocabulary: 1.00 ('metal' is a declared term for material_application)"
49-94-0445,ATTRIBUTE_LABEL 5,wheel_type,Wheel Type,,derived,yes,,,
49-94-0445,ATTRIBUTE_LABEL 6,abrasive_grain,Abrasive,,derived,yes,,,
49-94-0445,ATTRIBUTE_LABEL 7,max_rpm,Maximum Speed,,derived,yes,,,
49-94-0445,ATTRIBUTE_LABEL 8,pack_quantity,Quantity,,derived,yes,,,
49-94-0445,UNSPSC,,23101500,,routed,yes,,"Cut | Off | Disc | Metal | Cut Off | 10""x3/32""x5/8""",
49-94-0803,Dept,,Tools & Equipment,,routed,yes,,"Cut | Disc | Metal | 4-1/2""x1/8""x7/8""",
49-94-0803,Class,,Power Tool Accessories,,routed,yes,,"Cut | Disc | Metal | 4-1/2""x1/8""x7/8""",
49-94-0803,Fine,,Cut-Off & Grinding Wheels,,routed,yes,,"Cut | Disc | Metal | 4-1/2""x1/8""x7/8""",
49-94-0803,Mfg_Part_Num,,49-94-0803,,passthrough,yes,,,
49-94-0803,Part_Desc,,"49-94-0803 Milw 4-1/2""x1/8""x7/8"" Dual Metal Cut and Grind Disc",,passthrough,yes,,,
49-94-0803,E1_Brand,,-- Unbranded --,,passthrough,yes,,,
49-94-0803,Unilog_Brand,,-- No Unilog Brand --,,passthrough,yes,,,
49-94-0803,DIB_Brand,,-- No DIB Brand --,,passthrough,yes,,,
49-94-0803,Part_Manuf,,Milwaukee Accessory (4031),,passthrough,yes,,,
49-94-0803,MANUFACTURER_NAME,,Milwaukee Accessory,,passthrough,yes,,,
49-94-0803,MANUFACTURER_PART_NUMBER,,49-94-0803,,passthrough,yes,,,
49-94-0803,Classpath,,Tools & Equipment>Power Tool Accessories>Abrasive Wheels,,routed,yes,,"Cut | Disc | Metal | 4-1/2""x1/8""x7/8""",
49-94-0803,MOBILE_DESC,,"Milwaukee Accessory, Cut-Off Wheel, 49-94-0803, 4.5 in Diameter",,composed,yes,,4-1/2,
49-94-0803,INVOICE_DESC,,CUT-OFF WHEEL 4.5IN 0.125IN 0.875IN 1,,composed,yes,,4-1/2 | 1/8 | 7/8 | 1,
49-94-0803,SHORT_DESC,,"49-94-0803 Cut-Off Wheel, 4.5 in Diameter, 0.125 in Thickness, 0.875 in Arbor Size, Cut and Grind Application",,composed,yes,,4-1/2 | 1/8 | 7/8 | Cut and Grind,
49-94-0803,LONG_DESC1,,"Cut-Off Wheel, 4.5 in Diameter, 0.125 in Thickness, 0.875 in Arbor Size, Cut and Grind Application, Dual Metal Wheel Type, 1 Quantity",,composed,yes,,4-1/2 | 1/8 | 7/8 | Cut and Grind | Dual Metal | 1,
49-94-0803,RETAIL_DESC,,"Cut-Off Wheel, 4.5 in Diameter, 0.125 in Thickness, 0.875 in Arbor Size, Cut and Grind Application",,composed,yes,,4-1/2 | 1/8 | 7/8 | Cut and Grind,
49-94-0803,ITEM_FEATURES_1,,4.5 in,,composed,yes,,4-1/2,
49-94-0803,ITEM_FEATURES_2,,0.125 in,,composed,yes,,1/8,
49-94-0803,ITEM_FEATURES_3,,0.875 in,,composed,yes,,7/8,
49-94-0803,Application,material_application,Cut and Grind,,derived,yes,,Cut and Grind,"dimensional: abstained (material_application is nominal, not a physical quantity) ; constraint: abstained (no constraint in abrasive.cutoff_disc mentions material_application) ; identity: abstained (material_application is not an identity claim) ; vocabulary: 0.00 ('Cut and Grind' is not a term material_application accepts. This category allows 'metal', 'stainless steel', 'aluminum', 'masonry', 'concrete', 'tile' (+1 more). A plausible-sounding value outside the vocabulary is exactly the failure a confidence score does not catch.)"
49-94-0803,ATTRIBUTE_LABEL 1,disc_diameter,Diameter,,derived,yes,,,"dimensional: 0.55 ('4.5' carries no unit; assuming millimeter. Unlabelled numbers are how inch/millimetre errors enter a catalog.) ; constraint: 1.00 (all 3 constraint(s) on disc_diameter hold) ; identity: abstained (disc_diameter is not an identity claim) ; vocabulary: abstained (disc_diameter is quantity, not a controlled term)"
49-94-0803,ATTRIBUTE_VALUE 1,disc_diameter,4.5,,extracted,no,,4-1/2,"dimensional: 0.55 ('4.5' carries no unit; assuming millimeter. Unlabelled numbers are how inch/millimetre errors enter a catalog.) ; constraint: 1.00 (all 3 constraint(s) on disc_diameter hold) ; identity: abstained (disc_diameter is not an identity claim) ; vocabulary: abstained (disc_diameter is quantity, not a controlled term)"
49-94-0803,ATTRIBUTE_UOM 1,disc_diameter,in,,derived,no,,,"dimensional: 0.55 ('4.5' carries no unit; assuming millimeter. Unlabelled numbers are how inch/millimetre errors enter a catalog.) ; constraint: 1.00 (all 3 constraint(s) on disc_diameter hold) ; identity: abstained (disc_diameter is not an identity claim) ; vocabulary: abstained (disc_diameter is quantity, not a controlled term)"
49-94-0803,ATTRIBUTE_LABEL 2,thickness,Thickness,,derived,yes,,,"dimensional: 0.55 ('0.125' carries no unit; assuming millimeter. Unlabelled numbers are how inch/millimetre errors enter a catalog.) ; constraint: 1.00 (all 2 constraint(s) on thickness hold) ; identity: abstained (thickness is not an identity claim) ; vocabulary: abstained (thickness is quantity, not a controlled term)"
49-94-0803,ATTRIBUTE_VALUE 2,thickness,0.125,,extracted,no,,1/8,"dimensional: 0.55 ('0.125' carries no unit; assuming millimeter. Unlabelled numbers are how inch/millimetre errors enter a catalog.) ; constraint: 1.00 (all 2 constraint(s) on thickness hold) ; identity: abstained (thickness is not an identity claim) ; vocabulary: abstained (thickness is quantity, not a controlled term)"
49-94-0803,ATTRIBUTE_UOM 2,thickness,in,,derived,no,,,"dimensional: 0.55 ('0.125' carries no unit; assuming millimeter. Unlabelled numbers are how inch/millimetre errors enter a catalog.) ; constraint: 1.00 (all 2 constraint(s) on thickness hold) ; identity: abstained (thickness is not an identity claim) ; vocabulary: abstained (thickness is quantity, not a controlled term)"
49-94-0803,ATTRIBUTE_LABEL 3,arbor_diameter,Arbor Size,,derived,yes,,,"dimensional: 0.55 ('0.875' carries no unit; assuming millimeter. Unlabelled numbers are how inch/millimetre errors enter a catalog.) ; constraint: 1.00 (all 2 constraint(s) on arbor_diameter hold) ; identity: abstained (arbor_diameter is not an identity claim) ; vocabulary: abstained (arbor_diameter is quantity, not a controlled term)"
49-94-0803,ATTRIBUTE_VALUE 3,arbor_diameter,0.875,,extracted,no,,7/8,"dimensional: 0.55 ('0.875' carries no unit; assuming millimeter. Unlabelled numbers are how inch/millimetre errors enter a catalog.) ; constraint: 1.00 (all 2 constraint(s) on arbor_diameter hold) ; identity: abstained (arbor_diameter is not an identity claim) ; vocabulary: abstained (arbor_diameter is quantity, not a controlled term)"
49-94-0803,ATTRIBUTE_UOM 3,arbor_diameter,in,,derived,no,,,"dimensional: 0.55 ('0.875' carries no unit; assuming millimeter. Unlabelled numbers are how inch/millimetre errors enter a catalog.) ; constraint: 1.00 (all 2 constraint(s) on arbor_diameter hold) ; identity: abstained (arbor_diameter is not an identity claim) ; vocabulary: abstained (arbor_diameter is quantity, not a controlled term)"
49-94-0803,ATTRIBUTE_LABEL 4,material_application,Application,,derived,yes,,,"dimensional: abstained (material_application is nominal, not a physical quantity) ; constraint: abstained (no constraint in abrasive.cutoff_disc mentions material_application) ; identity: abstained (material_application is not an identity claim) ; vocabulary: 0.00 ('Cut and Grind' is not a term material_application accepts. This category allows 'metal', 'stainless steel', 'aluminum', 'masonry', 'concrete', 'tile' (+1 more). A plausible-sounding value outside the vocabulary is exactly the failure a confidence score does not catch.)"
49-94-0803,ATTRIBUTE_VALUE 4,material_application,Cut and Grind,,extracted,no,,Cut and Grind,"dimensional: abstained (material_application is nominal, not a physical quantity) ; constraint: abstained (no constraint in abrasive.cutoff_disc mentions material_application) ; identity: abstained (material_application is not an identity claim) ; vocabulary: 0.00 ('Cut and Grind' is not a term material_application accepts. This category allows 'metal', 'stainless steel', 'aluminum', 'masonry', 'concrete', 'tile' (+1 more). A plausible-sounding value outside the vocabulary is exactly the failure a confidence score does not catch.)"
49-94-0803,ATTRIBUTE_LABEL 5,wheel_type,Wheel Type,,derived,yes,,,"dimensional: abstained (wheel_type is nominal, not a physical quantity) ; constraint: abstained (no constraint in abrasive.cutoff_disc mentions wheel_type) ; identity: abstained (wheel_type is not an identity claim) ; vocabulary: 0.00 ('Dual Metal' is not a term wheel_type accepts. This category allows 'type 1 flat', 'type 27 depressed center', 'type 41 flat', 'type 42 depressed center'. A plausible-sounding value outside the vocabulary is exactly the failure a confidence score does not catch.)"
49-94-0803,ATTRIBUTE_VALUE 5,wheel_type,Dual Metal,,extracted,no,,Dual Metal,"dimensional: abstained (wheel_type is nominal, not a physical quantity) ; constraint: abstained (no constraint in abrasive.cutoff_disc mentions wheel_type) ; identity: abstained (wheel_type is not an identity claim) ; vocabulary: 0.00 ('Dual Metal' is not a term wheel_type accepts. This category allows 'type 1 flat', 'type 27 depressed center', 'type 41 flat', 'type 42 depressed center'. A plausible-sounding value outside the vocabulary is exactly the failure a confidence score does not catch.)"
49-94-0803,ATTRIBUTE_LABEL 6,abrasive_grain,Abrasive,,derived,yes,,,
49-94-0803,ATTRIBUTE_LABEL 7,max_rpm,Maximum Speed,,derived,yes,,,
49-94-0803,ATTRIBUTE_LABEL 8,pack_quantity,Quantity,,derived,yes,,,"dimensional: 0.55 ('1' carries no unit; assuming dimensionless. Unlabelled numbers are how inch/millimetre errors enter a catalog.) ; constraint: 1.00 (all 1 constraint(s) on pack_quantity hold) ; identity: abstained (pack_quantity is not an identity claim) ; vocabulary: abstained (pack_quantity is quantity, not a controlled term)"
49-94-0803,ATTRIBUTE_VALUE 8,pack_quantity,1,,extracted,no,,1,"dimensional: 0.55 ('1' carries no unit; assuming dimensionless. Unlabelled numbers are how inch/millimetre errors enter a catalog.) ; constraint: 1.00 (all 1 constraint(s) on pack_quantity hold) ; identity: abstained (pack_quantity is not an identity claim) ; vocabulary: abstained (pack_quantity is quantity, not a controlled term)"
49-94-0803,UNSPSC,,23101500,,routed,yes,,"Cut | Disc | Metal | 4-1/2""x1/8""x7/8""",
49-94-0803,Selling Qty,pack_quantity,1,,derived,yes,,1,"dimensional: 0.55 ('1' carries no unit; assuming dimensionless. Unlabelled numbers are how inch/millimetre errors enter a catalog.) ; constraint: 1.00 (all 1 constraint(s) on pack_quantity hold) ; identity: abstained (pack_quantity is not an identity claim) ; vocabulary: abstained (pack_quantity is quantity, not a controlled term)"
49-94-0803,Selling UOM,pack_quantity,EA,,derived,yes,,,"dimensional: 0.55 ('1' carries no unit; assuming dimensionless. Unlabelled numbers are how inch/millimetre errors enter a catalog.) ; constraint: 1.00 (all 1 constraint(s) on pack_quantity hold) ; identity: abstained (pack_quantity is not an identity claim) ; vocabulary: abstained (pack_quantity is quantity, not a controlled term)"
49-94-0903,Dept,,Tools & Equipment,,routed,yes,,"Cut | Disc | Metal | 4-1/2""x1/8""x7/8""",
49-94-0903,Class,,Power Tool Accessories,,routed,yes,,"Cut | Disc | Metal | 4-1/2""x1/8""x7/8""",
49-94-0903,Fine,,Cut-Off & Grinding Wheels,,routed,yes,,"Cut | Disc | Metal | 4-1/2""x1/8""x7/8""",
49-94-0903,Mfg_Part_Num,,49-94-0903,,passthrough,yes,,,
49-94-0903,Part_Desc,,"49-94-0903 Milw 4-1/2""x1/8""x7/8""Perform+Dual Metal Cut and Grind Disc",,passthrough,yes,,,
49-94-0903,E1_Brand,,-- Unbranded --,,passthrough,yes,,,
49-94-0903,Unilog_Brand,,-- No Unilog Brand --,,passthrough,yes,,,
49-94-0903,DIB_Brand,,-- No DIB Brand --,,passthrough,yes,,,
49-94-0903,Part_Manuf,,Milwaukee Accessory (4031),,passthrough,yes,,,
49-94-0903,MANUFACTURER_NAME,,Milwaukee Accessory,,passthrough,yes,,,
49-94-0903,MANUFACTURER_PART_NUMBER,,49-94-0903,,passthrough,yes,,,
49-94-0903,Classpath,,Tools & Equipment>Power Tool Accessories>Abrasive Wheels,,routed,yes,,"Cut | Disc | Metal | 4-1/2""x1/8""x7/8""",
49-94-0903,MOBILE_DESC,,"Milwaukee Accessory, Cut-Off Wheel, 49-94-0903, 4.5 in Diameter",,composed,yes,,4-1/2,
49-94-0903,INVOICE_DESC,,CUT-OFF WHEEL 4.5IN 0.125IN 0.875IN 1,,composed,yes,,4-1/2 | 1/8 | 7/8 | 1,
49-94-0903,SHORT_DESC,,"49-94-0903 Cut-Off Wheel, 4.5 in Diameter, 0.125 in Thickness, 0.875 in Arbor Size, Cut and Grind Application",,composed,yes,,4-1/2 | 1/8 | 7/8 | Cut and Grind,
49-94-0903,LONG_DESC1,,"Cut-Off Wheel, 4.5 in Diameter, 0.125 in Thickness, 0.875 in Arbor Size, Cut and Grind Application, Dual Metal Wheel Type, 1 Quantity",,composed,yes,,4-1/2 | 1/8 | 7/8 | Cut and Grind | Dual Metal | 1,
49-94-0903,RETAIL_DESC,,"Cut-Off Wheel, 4.5 in Diameter, 0.125 in Thickness, 0.875 in Arbor Size, Cut and Grind Application",,composed,yes,,4-1/2 | 1/8 | 7/8 | Cut and Grind,
49-94-0903,ITEM_FEATURES_1,,4.5 in,,composed,yes,,4-1/2,
49-94-0903,ITEM_FEATURES_2,,0.125 in,,composed,yes,,1/8,
49-94-0903,ITEM_FEATURES_3,,0.875 in,,composed,yes,,7/8,
49-94-0903,Application,material_application,Cut and Grind,,derived,yes,,Cut and Grind,"dimensional: abstained (material_application is nominal, not a physical quantity) ; constraint: abstained (no constraint in abrasive.cutoff_disc mentions material_application) ; identity: abstained (material_application is not an identity claim) ; vocabulary: 0.00 ('Cut and Grind' is not a term material_application accepts. This category allows 'metal', 'stainless steel', 'aluminum', 'masonry', 'concrete', 'tile' (+1 more). A plausible-sounding value outside the vocabulary is exactly the failure a confidence score does not catch.)"
49-94-0903,ATTRIBUTE_LABEL 1,disc_diameter,Diameter,,derived,yes,,,"dimensional: 0.55 ('4.5' carries no unit; assuming millimeter. Unlabelled numbers are how inch/millimetre errors enter a catalog.) ; constraint: 1.00 (all 3 constraint(s) on disc_diameter hold) ; identity: abstained (disc_diameter is not an identity claim) ; vocabulary: abstained (disc_diameter is quantity, not a controlled term)"
49-94-0903,ATTRIBUTE_VALUE 1,disc_diameter,4.5,,extracted,no,,4-1/2,"dimensional: 0.55 ('4.5' carries no unit; assuming millimeter. Unlabelled numbers are how inch/millimetre errors enter a catalog.) ; constraint: 1.00 (all 3 constraint(s) on disc_diameter hold) ; identity: abstained (disc_diameter is not an identity claim) ; vocabulary: abstained (disc_diameter is quantity, not a controlled term)"
49-94-0903,ATTRIBUTE_UOM 1,disc_diameter,in,,derived,no,,,"dimensional: 0.55 ('4.5' carries no unit; assuming millimeter. Unlabelled numbers are how inch/millimetre errors enter a catalog.) ; constraint: 1.00 (all 3 constraint(s) on disc_diameter hold) ; identity: abstained (disc_diameter is not an identity claim) ; vocabulary: abstained (disc_diameter is quantity, not a controlled term)"
49-94-0903,ATTRIBUTE_LABEL 2,thickness,Thickness,,derived,yes,,,"dimensional: 0.55 ('0.125' carries no unit; assuming millimeter. Unlabelled numbers are how inch/millimetre errors enter a catalog.) ; constraint: 1.00 (all 2 constraint(s) on thickness hold) ; identity: abstained (thickness is not an identity claim) ; vocabulary: abstained (thickness is quantity, not a controlled term)"
49-94-0903,ATTRIBUTE_VALUE 2,thickness,0.125,,extracted,no,,1/8,"dimensional: 0.55 ('0.125' carries no unit; assuming millimeter. Unlabelled numbers are how inch/millimetre errors enter a catalog.) ; constraint: 1.00 (all 2 constraint(s) on thickness hold) ; identity: abstained (thickness is not an identity claim) ; vocabulary: abstained (thickness is quantity, not a controlled term)"
49-94-0903,ATTRIBUTE_UOM 2,thickness,in,,derived,no,,,"dimensional: 0.55 ('0.125' carries no unit; assuming millimeter. Unlabelled numbers are how inch/millimetre errors enter a catalog.) ; constraint: 1.00 (all 2 constraint(s) on thickness hold) ; identity: abstained (thickness is not an identity claim) ; vocabulary: abstained (thickness is quantity, not a controlled term)"
49-94-0903,ATTRIBUTE_LABEL 3,arbor_diameter,Arbor Size,,derived,yes,,,"dimensional: 0.55 ('0.875' carries no unit; assuming millimeter. Unlabelled numbers are how inch/millimetre errors enter a catalog.) ; constraint: 1.00 (all 2 constraint(s) on arbor_diameter hold) ; identity: abstained (arbor_diameter is not an identity claim) ; vocabulary: abstained (arbor_diameter is quantity, not a controlled term)"
49-94-0903,ATTRIBUTE_VALUE 3,arbor_diameter,0.875,,extracted,no,,7/8,"dimensional: 0.55 ('0.875' carries no unit; assuming millimeter. Unlabelled numbers are how inch/millimetre errors enter a catalog.) ; constraint: 1.00 (all 2 constraint(s) on arbor_diameter hold) ; identity: abstained (arbor_diameter is not an identity claim) ; vocabulary: abstained (arbor_diameter is quantity, not a controlled term)"
49-94-0903,ATTRIBUTE_UOM 3,arbor_diameter,in,,derived,no,,,"dimensional: 0.55 ('0.875' carries no unit; assuming millimeter. Unlabelled numbers are how inch/millimetre errors enter a catalog.) ; constraint: 1.00 (all 2 constraint(s) on arbor_diameter hold) ; identity: abstained (arbor_diameter is not an identity claim) ; vocabulary: abstained (arbor_diameter is quantity, not a controlled term)"
49-94-0903,ATTRIBUTE_LABEL 4,material_application,Application,,derived,yes,,,"dimensional: abstained (material_application is nominal, not a physical quantity) ; constraint: abstained (no constraint in abrasive.cutoff_disc mentions material_application) ; identity: abstained (material_application is not an identity claim) ; vocabulary: 0.00 ('Cut and Grind' is not a term material_application accepts. This category allows 'metal', 'stainless steel', 'aluminum', 'masonry', 'concrete', 'tile' (+1 more). A plausible-sounding value outside the vocabulary is exactly the failure a confidence score does not catch.)"
49-94-0903,ATTRIBUTE_VALUE 4,material_application,Cut and Grind,,extracted,no,,Cut and Grind,"dimensional: abstained (material_application is nominal, not a physical quantity) ; constraint: abstained (no constraint in abrasive.cutoff_disc mentions material_application) ; identity: abstained (material_application is not an identity claim) ; vocabulary: 0.00 ('Cut and Grind' is not a term material_application accepts. This category allows 'metal', 'stainless steel', 'aluminum', 'masonry', 'concrete', 'tile' (+1 more). A plausible-sounding value outside the vocabulary is exactly the failure a confidence score does not catch.)"
49-94-0903,ATTRIBUTE_LABEL 5,wheel_type,Wheel Type,,derived,yes,,,"dimensional: abstained (wheel_type is nominal, not a physical quantity) ; constraint: abstained (no constraint in abrasive.cutoff_disc mentions wheel_type) ; identity: abstained (wheel_type is not an identity claim) ; vocabulary: 0.00 ('Dual Metal' is not a term wheel_type accepts. This category allows 'type 1 flat', 'type 27 depressed center', 'type 41 flat', 'type 42 depressed center'. A plausible-sounding value outside the vocabulary is exactly the failure a confidence score does not catch.)"
49-94-0903,ATTRIBUTE_VALUE 5,wheel_type,Dual Metal,,extracted,no,,Dual Metal,"dimensional: abstained (wheel_type is nominal, not a physical quantity) ; constraint: abstained (no constraint in abrasive.cutoff_disc mentions wheel_type) ; identity: abstained (wheel_type is not an identity claim) ; vocabulary: 0.00 ('Dual Metal' is not a term wheel_type accepts. This category allows 'type 1 flat', 'type 27 depressed center', 'type 41 flat', 'type 42 depressed center'. A plausible-sounding value outside the vocabulary is exactly the failure a confidence score does not catch.)"
49-94-0903,ATTRIBUTE_LABEL 6,abrasive_grain,Abrasive,,derived,yes,,,
49-94-0903,ATTRIBUTE_LABEL 7,max_rpm,Maximum Speed,,derived,yes,,,
49-94-0903,ATTRIBUTE_LABEL 8,pack_quantity,Quantity,,derived,yes,,,"dimensional: 0.55 ('1' carries no unit; assuming dimensionless. Unlabelled numbers are how inch/millimetre errors enter a catalog.) ; constraint: 1.00 (all 1 constraint(s) on pack_quantity hold) ; identity: abstained (pack_quantity is not an identity claim) ; vocabulary: abstained (pack_quantity is quantity, not a controlled term)"
49-94-0903,ATTRIBUTE_VALUE 8,pack_quantity,1,,extracted,no,,1,"dimensional: 0.55 ('1' carries no unit; assuming dimensionless. Unlabelled numbers are how inch/millimetre errors enter a catalog.) ; constraint: 1.00 (all 1 constraint(s) on pack_quantity hold) ; identity: abstained (pack_quantity is not an identity claim) ; vocabulary: abstained (pack_quantity is quantity, not a controlled term)"
49-94-0903,UNSPSC,,23101500,,routed,yes,,"Cut | Disc | Metal | 4-1/2""x1/8""x7/8""",
49-94-0903,Selling Qty,pack_quantity,1,,derived,yes,,1,"dimensional: 0.55 ('1' carries no unit; assuming dimensionless. Unlabelled numbers are how inch/millimetre errors enter a catalog.) ; constraint: 1.00 (all 1 constraint(s) on pack_quantity hold) ; identity: abstained (pack_quantity is not an identity claim) ; vocabulary: abstained (pack_quantity is quantity, not a controlled term)"
49-94-0903,Selling UOM,pack_quantity,EA,,derived,yes,,,"dimensional: 0.55 ('1' carries no unit; assuming dimensionless. Unlabelled numbers are how inch/millimetre errors enter a catalog.) ; constraint: 1.00 (all 1 constraint(s) on pack_quantity hold) ; identity: abstained (pack_quantity is not an identity claim) ; vocabulary: abstained (pack_quantity is quantity, not a controlled term)"
49-94-0907,Dept,,Tools & Equipment,,routed,yes,,Cut | Disc | Metal,
49-94-0907,Class,,Power Tool Accessories,,routed,yes,,Cut | Disc | Metal,
49-94-0907,Fine,,Cut-Off & Grinding Wheels,,routed,yes,,Cut | Disc | Metal,
49-94-0907,Mfg_Part_Num,,49-94-0907,,passthrough,yes,,,
49-94-0907,Part_Desc,,"49-94-0907 Milw 4-1/2""x1/8""x5/8-11""Perform+Dual Metal Cut n Grind Disc",,passthrough,yes,,,
49-94-0907,E1_Brand,,-- Unbranded --,,passthrough,yes,,,
49-94-0907,Unilog_Brand,,-- No Unilog Brand --,,passthrough,yes,,,
49-94-0907,DIB_Brand,,-- No DIB Brand --,,passthrough,yes,,,
49-94-0907,Part_Manuf,,Milwaukee Accessory (4031),,passthrough,yes,,,
49-94-0907,MANUFACTURER_NAME,,Milwaukee Accessory,,passthrough,yes,,,
49-94-0907,MANUFACTURER_PART_NUMBER,,49-94-0907,,passthrough,yes,,,
49-94-0907,Classpath,,Tools & Equipment>Power Tool Accessories>Abrasive Wheels,,routed,yes,,Cut | Disc | Metal,
49-94-0907,MOBILE_DESC,,"Milwaukee Accessory, Cut-Off Wheel, 49-94-0907, 4.5 in Diameter",,composed,yes,,4-1/2,
49-94-0907,INVOICE_DESC,,CUT-OFF WHEEL 4.5IN 0.125IN 0.625 -11IN,,composed,yes,,4-1/2 | 1/8 | 5/8-11,
49-94-0907,SHORT_DESC,,"49-94-0907 Cut-Off Wheel, 4.5 in Diameter, 0.125 in Thickness, 0.625 -11 in Arbor Size, Cut n Grind Application",,composed,yes,,4-1/2 | 1/8 | 5/8-11 | Cut n Grind,
49-94-0907,LONG_DESC1,,"Cut-Off Wheel, 4.5 in Diameter, 0.125 in Thickness, 0.625 -11 in Arbor Size, Cut n Grind Application, Dual Metal Wheel Type, 1 Quantity",,composed,yes,,4-1/2 | 1/8 | 5/8-11 | Cut n Grind | Dual Metal | 1,
49-94-0907,RETAIL_DESC,,"Cut-Off Wheel, 4.5 in Diameter, 0.125 in Thickness, 0.625 -11 in Arbor Size, Cut n Grind Application",,composed,yes,,4-1/2 | 1/8 | 5/8-11 | Cut n Grind,
49-94-0907,ITEM_FEATURES_1,,4.5 in,,composed,yes,,4-1/2,
49-94-0907,ITEM_FEATURES_2,,0.125 in,,composed,yes,,1/8,
49-94-0907,ITEM_FEATURES_3,,0.625 -11 in,,composed,yes,,5/8-11,
49-94-0907,Application,material_application,Cut n Grind,,derived,yes,,Cut n Grind,"dimensional: abstained (material_application is nominal, not a physical quantity) ; constraint: abstained (no constraint in abrasive.cutoff_disc mentions material_application) ; identity: abstained (material_application is not an identity claim) ; vocabulary: 0.00 ('Cut n Grind' is not a term material_application accepts. This category allows 'metal', 'stainless steel', 'aluminum', 'masonry', 'concrete', 'tile' (+1 more). A plausible-sounding value outside the vocabulary is exactly the failure a confidence score does not catch.)"
49-94-0907,ATTRIBUTE_LABEL 1,disc_diameter,Diameter,,derived,yes,,,"dimensional: 0.55 ('4.5' carries no unit; assuming millimeter. Unlabelled numbers are how inch/millimetre errors enter a catalog.) ; constraint: 1.00 (all 3 constraint(s) on disc_diameter hold) ; identity: abstained (disc_diameter is not an identity claim) ; vocabulary: abstained (disc_diameter is quantity, not a controlled term)"
49-94-0907,ATTRIBUTE_VALUE 1,disc_diameter,4.5,,extracted,no,,4-1/2,"dimensional: 0.55 ('4.5' carries no unit; assuming millimeter. Unlabelled numbers are how inch/millimetre errors enter a catalog.) ; constraint: 1.00 (all 3 constraint(s) on disc_diameter hold) ; identity: abstained (disc_diameter is not an identity claim) ; vocabulary: abstained (disc_diameter is quantity, not a controlled term)"
49-94-0907,ATTRIBUTE_UOM 1,disc_diameter,in,,derived,no,,,"dimensional: 0.55 ('4.5' carries no unit; assuming millimeter. Unlabelled numbers are how inch/millimetre errors enter a catalog.) ; constraint: 1.00 (all 3 constraint(s) on disc_diameter hold) ; identity: abstained (disc_diameter is not an identity claim) ; vocabulary: abstained (disc_diameter is quantity, not a controlled term)"
49-94-0907,ATTRIBUTE_LABEL 2,thickness,Thickness,,derived,yes,,,"dimensional: 0.55 ('0.125' carries no unit; assuming millimeter. Unlabelled numbers are how inch/millimetre errors enter a catalog.) ; constraint: 1.00 (all 2 constraint(s) on thickness hold) ; identity: abstained (thickness is not an identity claim) ; vocabulary: abstained (thickness is quantity, not a controlled term)"
49-94-0907,ATTRIBUTE_VALUE 2,thickness,0.125,,extracted,no,,1/8,"dimensional: 0.55 ('0.125' carries no unit; assuming millimeter. Unlabelled numbers are how inch/millimetre errors enter a catalog.) ; constraint: 1.00 (all 2 constraint(s) on thickness hold) ; identity: abstained (thickness is not an identity claim) ; vocabulary: abstained (thickness is quantity, not a controlled term)"
49-94-0907,ATTRIBUTE_UOM 2,thickness,in,,derived,no,,,"dimensional: 0.55 ('0.125' carries no unit; assuming millimeter. Unlabelled numbers are how inch/millimetre errors enter a catalog.) ; constraint: 1.00 (all 2 constraint(s) on thickness hold) ; identity: abstained (thickness is not an identity claim) ; vocabulary: abstained (thickness is quantity, not a controlled term)"
49-94-0907,ATTRIBUTE_LABEL 3,arbor_diameter,Arbor Size,,derived,yes,,,"dimensional: 0.55 ('0.625 -11' carries no unit; assuming millimeter. Unlabelled numbers are how inch/millimetre errors enter a catalog.) ; constraint: 1.00 (all 2 constraint(s) on arbor_diameter hold) ; identity: abstained (arbor_diameter is not an identity claim) ; vocabulary: abstained (arbor_diameter is quantity, not a controlled term)"
49-94-0907,ATTRIBUTE_VALUE 3,arbor_diameter,0.625 -11,,extracted,no,,5/8-11,"dimensional: 0.55 ('0.625 -11' carries no unit; assuming millimeter. Unlabelled numbers are how inch/millimetre errors enter a catalog.) ; constraint: 1.00 (all 2 constraint(s) on arbor_diameter hold) ; identity: abstained (arbor_diameter is not an identity claim) ; vocabulary: abstained (arbor_diameter is quantity, not a controlled term)"
49-94-0907,ATTRIBUTE_UOM 3,arbor_diameter,in,,derived,no,,,"dimensional: 0.55 ('0.625 -11' carries no unit; assuming millimeter. Unlabelled numbers are how inch/millimetre errors enter a catalog.) ; constraint: 1.00 (all 2 constraint(s) on arbor_diameter hold) ; identity: abstained (arbor_diameter is not an identity claim) ; vocabulary: abstained (arbor_diameter is quantity, not a controlled term)"
49-94-0907,ATTRIBUTE_LABEL 4,material_application,Application,,derived,yes,,,"dimensional: abstained (material_application is nominal, not a physical quantity) ; constraint: abstained (no constraint in abrasive.cutoff_disc mentions material_application) ; identity: abstained (material_application is not an identity claim) ; vocabulary: 0.00 ('Cut n Grind' is not a term material_application accepts. This category allows 'metal', 'stainless steel', 'aluminum', 'masonry', 'concrete', 'tile' (+1 more). A plausible-sounding value outside the vocabulary is exactly the failure a confidence score does not catch.)"
49-94-0907,ATTRIBUTE_VALUE 4,material_application,Cut n Grind,,extracted,no,,Cut n Grind,"dimensional: abstained (material_application is nominal, not a physical quantity) ; constraint: abstained (no constraint in abrasive.cutoff_disc mentions material_application) ; identity: abstained (material_application is not an identity claim) ; vocabulary: 0.00 ('Cut n Grind' is not a term material_application accepts. This category allows 'metal', 'stainless steel', 'aluminum', 'masonry', 'concrete', 'tile' (+1 more). A plausible-sounding value outside the vocabulary is exactly the failure a confidence score does not catch.)"
49-94-0907,ATTRIBUTE_LABEL 5,wheel_type,Wheel Type,,derived,yes,,,"dimensional: abstained (wheel_type is nominal, not a physical quantity) ; constraint: abstained (no constraint in abrasive.cutoff_disc mentions wheel_type) ; identity: abstained (wheel_type is not an identity claim) ; vocabulary: 0.00 ('Dual Metal' is not a term wheel_type accepts. This category allows 'type 1 flat', 'type 27 depressed center', 'type 41 flat', 'type 42 depressed center'. A plausible-sounding value outside the vocabulary is exactly the failure a confidence score does not catch.)"
49-94-0907,ATTRIBUTE_VALUE 5,wheel_type,Dual Metal,,extracted,no,,Dual Metal,"dimensional: abstained (wheel_type is nominal, not a physical quantity) ; constraint: abstained (no constraint in abrasive.cutoff_disc mentions wheel_type) ; identity: abstained (wheel_type is not an identity claim) ; vocabulary: 0.00 ('Dual Metal' is not a term wheel_type accepts. This category allows 'type 1 flat', 'type 27 depressed center', 'type 41 flat', 'type 42 depressed center'. A plausible-sounding value outside the vocabulary is exactly the failure a confidence score does not catch.)"
49-94-0907,ATTRIBUTE_LABEL 6,abrasive_grain,Abrasive,,derived,yes,,,
49-94-0907,ATTRIBUTE_LABEL 7,max_rpm,Maximum Speed,,derived,yes,,,
49-94-0907,ATTRIBUTE_LABEL 8,pack_quantity,Quantity,,derived,yes,,,"dimensional: 0.55 ('1' carries no unit; assuming dimensionless. Unlabelled numbers are how inch/millimetre errors enter a catalog.) ; constraint: 1.00 (all 1 constraint(s) on pack_quantity hold) ; identity: abstained (pack_quantity is not an identity claim) ; vocabulary: abstained (pack_quantity is quantity, not a controlled term)"
49-94-0907,ATTRIBUTE_VALUE 8,pack_quantity,1,,extracted,no,,1,"dimensional: 0.55 ('1' carries no unit; assuming dimensionless. Unlabelled numbers are how inch/millimetre errors enter a catalog.) ; constraint: 1.00 (all 1 constraint(s) on pack_quantity hold) ; identity: abstained (pack_quantity is not an identity claim) ; vocabulary: abstained (pack_quantity is quantity, not a controlled term)"
49-94-0907,UNSPSC,,23101500,,routed,yes,,Cut | Disc | Metal,
49-94-0907,Selling Qty,pack_quantity,1,,derived,yes,,1,"dimensional: 0.55 ('1' carries no unit; assuming dimensionless. Unlabelled numbers are how inch/millimetre errors enter a catalog.) ; constraint: 1.00 (all 1 constraint(s) on pack_quantity hold) ; identity: abstained (pack_quantity is not an identity claim) ; vocabulary: abstained (pack_quantity is quantity, not a controlled term)"
49-94-0907,Selling UOM,pack_quantity,EA,,derived,yes,,,"dimensional: 0.55 ('1' carries no unit; assuming dimensionless. Unlabelled numbers are how inch/millimetre errors enter a catalog.) ; constraint: 1.00 (all 1 constraint(s) on pack_quantity hold) ; identity: abstained (pack_quantity is not an identity claim) ; vocabulary: abstained (pack_quantity is quantity, not a controlled term)"
49-94-0923,Dept,,Tools & Equipment,,routed,yes,,"Cut | Disc | Metal | 6""x1/8""x7/8""",
49-94-0923,Class,,Power Tool Accessories,,routed,yes,,"Cut | Disc | Metal | 6""x1/8""x7/8""",
49-94-0923,Fine,,Cut-Off & Grinding Wheels,,routed,yes,,"Cut | Disc | Metal | 6""x1/8""x7/8""",
49-94-0923,Mfg_Part_Num,,49-94-0923,,passthrough,yes,,,
49-94-0923,Part_Desc,,"49-94-0923 Milw 6""x1/8""x7/8"" Perform+Dual Metal Cut and Grind Disc",,passthrough,yes,,,
49-94-0923,E1_Brand,,-- Unbranded --,,passthrough,yes,,,
49-94-0923,Unilog_Brand,,-- No Unilog Brand --,,passthrough,yes,,,
49-94-0923,DIB_Brand,,-- No DIB Brand --,,passthrough,yes,,,
49-94-0923,Part_Manuf,,Milwaukee Accessory (4031),,passthrough,yes,,,
49-94-0923,MANUFACTURER_NAME,,Milwaukee Accessory,,passthrough,yes,,,
49-94-0923,MANUFACTURER_PART_NUMBER,,49-94-0923,,passthrough,yes,,,
49-94-0923,Classpath,,Tools & Equipment>Power Tool Accessories>Abrasive Wheels,,routed,yes,,"Cut | Disc | Metal | 6""x1/8""x7/8""",
49-94-0923,MOBILE_DESC,,"Milwaukee Accessory, Cut-Off Wheel, 49-94-0923, 6 in Diameter",,composed,yes,,6,
49-94-0923,INVOICE_DESC,,CUT-OFF WHEEL 6IN 0.125IN 0.875IN 1,,composed,yes,,6 | 1/8 | 7/8 | 1,
49-94-0923,SHORT_DESC,,"49-94-0923 Cut-Off Wheel, 6 in Diameter, 0.125 in Thickness, 0.875 in Arbor Size, Cut and Grind Application",,composed,yes,,6 | 1/8 | 7/8 | Cut and Grind,
49-94-0923,LONG_DESC1,,"Cut-Off Wheel, 6 in Diameter, 0.125 in Thickness, 0.875 in Arbor Size, Cut and Grind Application, Perform+Dual Metal Wheel Type, 1 Quantity",,composed,yes,,6 | 1/8 | 7/8 | Cut and Grind | Perform+Dual Metal | 1,
49-94-0923,RETAIL_DESC,,"Cut-Off Wheel, 6 in Diameter, 0.125 in Thickness, 0.875 in Arbor Size, Cut and Grind Application",,composed,yes,,6 | 1/8 | 7/8 | Cut and Grind,
49-94-0923,ITEM_FEATURES_1,,6 in,,composed,yes,,6,
49-94-0923,ITEM_FEATURES_2,,0.125 in,,composed,yes,,1/8,
49-94-0923,ITEM_FEATURES_3,,0.875 in,,composed,yes,,7/8,
49-94-0923,Application,material_application,Cut and Grind,,derived,yes,,Cut and Grind,"dimensional: abstained (material_application is nominal, not a physical quantity) ; constraint: abstained (no constraint in abrasive.cutoff_disc mentions material_application) ; identity: abstained (material_application is not an identity claim) ; vocabulary: 0.00 ('Cut and Grind' is not a term material_application accepts. This category allows 'metal', 'stainless steel', 'aluminum', 'masonry', 'concrete', 'tile' (+1 more). A plausible-sounding value outside the vocabulary is exactly the failure a confidence score does not catch.)"
49-94-0923,ATTRIBUTE_LABEL 1,disc_diameter,Diameter,,derived,yes,,,"dimensional: 0.55 ('6' carries no unit; assuming millimeter. Unlabelled numbers are how inch/millimetre errors enter a catalog.) ; constraint: 1.00 (all 3 constraint(s) on disc_diameter hold) ; identity: abstained (disc_diameter is not an identity claim) ; vocabulary: abstained (disc_diameter is quantity, not a controlled term)"
49-94-0923,ATTRIBUTE_VALUE 1,disc_diameter,6,,extracted,no,,6,"dimensional: 0.55 ('6' carries no unit; assuming millimeter. Unlabelled numbers are how inch/millimetre errors enter a catalog.) ; constraint: 1.00 (all 3 constraint(s) on disc_diameter hold) ; identity: abstained (disc_diameter is not an identity claim) ; vocabulary: abstained (disc_diameter is quantity, not a controlled term)"
49-94-0923,ATTRIBUTE_UOM 1,disc_diameter,in,,derived,no,,,"dimensional: 0.55 ('6' carries no unit; assuming millimeter. Unlabelled numbers are how inch/millimetre errors enter a catalog.) ; constraint: 1.00 (all 3 constraint(s) on disc_diameter hold) ; identity: abstained (disc_diameter is not an identity claim) ; vocabulary: abstained (disc_diameter is quantity, not a controlled term)"
49-94-0923,ATTRIBUTE_LABEL 2,thickness,Thickness,,derived,yes,,,"dimensional: 0.55 ('0.125' carries no unit; assuming millimeter. Unlabelled numbers are how inch/millimetre errors enter a catalog.) ; constraint: 1.00 (all 2 constraint(s) on thickness hold) ; identity: abstained (thickness is not an identity claim) ; vocabulary: abstained (thickness is quantity, not a controlled term)"
49-94-0923,ATTRIBUTE_VALUE 2,thickness,0.125,,extracted,no,,1/8,"dimensional: 0.55 ('0.125' carries no unit; assuming millimeter. Unlabelled numbers are how inch/millimetre errors enter a catalog.) ; constraint: 1.00 (all 2 constraint(s) on thickness hold) ; identity: abstained (thickness is not an identity claim) ; vocabulary: abstained (thickness is quantity, not a controlled term)"
49-94-0923,ATTRIBUTE_UOM 2,thickness,in,,derived,no,,,"dimensional: 0.55 ('0.125' carries no unit; assuming millimeter. Unlabelled numbers are how inch/millimetre errors enter a catalog.) ; constraint: 1.00 (all 2 constraint(s) on thickness hold) ; identity: abstained (thickness is not an identity claim) ; vocabulary: abstained (thickness is quantity, not a controlled term)"
49-94-0923,ATTRIBUTE_LABEL 3,arbor_diameter,Arbor Size,,derived,yes,,,"dimensional: 0.55 ('0.875' carries no unit; assuming millimeter. Unlabelled numbers are how inch/millimetre errors enter a catalog.) ; constraint: 1.00 (all 2 constraint(s) on arbor_diameter hold) ; identity: abstained (arbor_diameter is not an identity claim) ; vocabulary: abstained (arbor_diameter is quantity, not a controlled term)"
49-94-0923,ATTRIBUTE_VALUE 3,arbor_diameter,0.875,,extracted,no,,7/8,"dimensional: 0.55 ('0.875' carries no unit; assuming millimeter. Unlabelled numbers are how inch/millimetre errors enter a catalog.) ; constraint: 1.00 (all 2 constraint(s) on arbor_diameter hold) ; identity: abstained (arbor_diameter is not an identity claim) ; vocabulary: abstained (arbor_diameter is quantity, not a controlled term)"
49-94-0923,ATTRIBUTE_UOM 3,arbor_diameter,in,,derived,no,,,"dimensional: 0.55 ('0.875' carries no unit; assuming millimeter. Unlabelled numbers are how inch/millimetre errors enter a catalog.) ; constraint: 1.00 (all 2 constraint(s) on arbor_diameter hold) ; identity: abstained (arbor_diameter is not an identity claim) ; vocabulary: abstained (arbor_diameter is quantity, not a controlled term)"
49-94-0923,ATTRIBUTE_LABEL 4,material_application,Application,,derived,yes,,,"dimensional: abstained (material_application is nominal, not a physical quantity) ; constraint: abstained (no constraint in abrasive.cutoff_disc mentions material_application) ; identity: abstained (material_application is not an identity claim) ; vocabulary: 0.00 ('Cut and Grind' is not a term material_application accepts. This category allows 'metal', 'stainless steel', 'aluminum', 'masonry', 'concrete', 'tile' (+1 more). A plausible-sounding value outside the vocabulary is exactly the failure a confidence score does not catch.)"
49-94-0923,ATTRIBUTE_VALUE 4,material_application,Cut and Grind,,extracted,no,,Cut and Grind,"dimensional: abstained (material_application is nominal, not a physical quantity) ; constraint: abstained (no constraint in abrasive.cutoff_disc mentions material_application) ; identity: abstained (material_application is not an identity claim) ; vocabulary: 0.00 ('Cut and Grind' is not a term material_application accepts. This category allows 'metal', 'stainless steel', 'aluminum', 'masonry', 'concrete', 'tile' (+1 more). A plausible-sounding value outside the vocabulary is exactly the failure a confidence score does not catch.)"
49-94-0923,ATTRIBUTE_LABEL 5,wheel_type,Wheel Type,,derived,yes,,,"dimensional: abstained (wheel_type is nominal, not a physical quantity) ; constraint: abstained (no constraint in abrasive.cutoff_disc mentions wheel_type) ; identity: abstained (wheel_type is not an identity claim) ; vocabulary: 0.00 ('Perform+Dual Metal' is not a term wheel_type accepts. This category allows 'type 1 flat', 'type 27 depressed center', 'type 41 flat', 'type 42 depressed center'. A plausible-sounding value outside the vocabulary is exactly the failure a confidence score does not catch.)"
49-94-0923,ATTRIBUTE_VALUE 5,wheel_type,Perform+Dual Metal,,extracted,no,,Perform+Dual Metal,"dimensional: abstained (wheel_type is nominal, not a physical quantity) ; constraint: abstained (no constraint in abrasive.cutoff_disc mentions wheel_type) ; identity: abstained (wheel_type is not an identity claim) ; vocabulary: 0.00 ('Perform+Dual Metal' is not a term wheel_type accepts. This category allows 'type 1 flat', 'type 27 depressed center', 'type 41 flat', 'type 42 depressed center'. A plausible-sounding value outside the vocabulary is exactly the failure a confidence score does not catch.)"
49-94-0923,ATTRIBUTE_LABEL 6,abrasive_grain,Abrasive,,derived,yes,,,
49-94-0923,ATTRIBUTE_LABEL 7,max_rpm,Maximum Speed,,derived,yes,,,
49-94-0923,ATTRIBUTE_LABEL 8,pack_quantity,Quantity,,derived,yes,,,"dimensional: 0.55 ('1' carries no unit; assuming dimensionless. Unlabelled numbers are how inch/millimetre errors enter a catalog.) ; constraint: 1.00 (all 1 constraint(s) on pack_quantity hold) ; identity: abstained (pack_quantity is not an identity claim) ; vocabulary: abstained (pack_quantity is quantity, not a controlled term)"
49-94-0923,ATTRIBUTE_VALUE 8,pack_quantity,1,,extracted,no,,1,"dimensional: 0.55 ('1' carries no unit; assuming dimensionless. Unlabelled numbers are how inch/millimetre errors enter a catalog.) ; constraint: 1.00 (all 1 constraint(s) on pack_quantity hold) ; identity: abstained (pack_quantity is not an identity claim) ; vocabulary: abstained (pack_quantity is quantity, not a controlled term)"
49-94-0923,UNSPSC,,23101500,,routed,yes,,"Cut | Disc | Metal | 6""x1/8""x7/8""",
49-94-0923,Selling Qty,pack_quantity,1,,derived,yes,,1,"dimensional: 0.55 ('1' carries no unit; assuming dimensionless. Unlabelled numbers are how inch/millimetre errors enter a catalog.) ; constraint: 1.00 (all 1 constraint(s) on pack_quantity hold) ; identity: abstained (pack_quantity is not an identity claim) ; vocabulary: abstained (pack_quantity is quantity, not a controlled term)"
49-94-0923,Selling UOM,pack_quantity,EA,,derived,yes,,,"dimensional: 0.55 ('1' carries no unit; assuming dimensionless. Unlabelled numbers are how inch/millimetre errors enter a catalog.) ; constraint: 1.00 (all 1 constraint(s) on pack_quantity hold) ; identity: abstained (pack_quantity is not an identity claim) ; vocabulary: abstained (pack_quantity is quantity, not a controlled term)"
49-94-1900,Dept,,Tools & Equipment,,routed,yes,,"Cut | Off | Disc | Cut Off | 4""x1/8""x5/8""",
49-94-1900,Class,,Power Tool Accessories,,routed,yes,,"Cut | Off | Disc | Cut Off | 4""x1/8""x5/8""",
49-94-1900,Fine,,Cut-Off & Grinding Wheels,,routed,yes,,"Cut | Off | Disc | Cut Off | 4""x1/8""x5/8""",
49-94-1900,Mfg_Part_Num,,49-94-1900,,passthrough,yes,,,
49-94-1900,Part_Desc,,"49-94-1900 Milw 4""x1/8""x5/8"" Masonry Cut Off Disc",,passthrough,yes,,,
49-94-1900,E1_Brand,,-- Unbranded --,,passthrough,yes,,,
49-94-1900,Unilog_Brand,,-- No Unilog Brand --,,passthrough,yes,,,
49-94-1900,DIB_Brand,,-- No DIB Brand --,,passthrough,yes,,,
49-94-1900,Part_Manuf,,Milwaukee Accessory (4031),,passthrough,yes,,,
49-94-1900,MANUFACTURER_NAME,,Milwaukee Accessory,,passthrough,yes,,,
49-94-1900,MANUFACTURER_PART_NUMBER,,49-94-1900,,passthrough,yes,,,
49-94-1900,Classpath,,Tools & Equipment>Power Tool Accessories>Abrasive Wheels,,routed,yes,,"Cut | Off | Disc | Cut Off | 4""x1/8""x5/8""",
49-94-1900,MOBILE_DESC,,"Milwaukee Accessory, Cut-Off Wheel, 49-94-1900, 4 in Diameter",,composed,yes,,4,
49-94-1900,INVOICE_DESC,,CUT-OFF WHEEL 4IN 0.125IN 0.625IN 1,,composed,yes,,4 | 1/8 | 5/8 | 1,
49-94-1900,SHORT_DESC,,"49-94-1900 Cut-Off Wheel, 4 in Diameter, 0.125 in Thickness, 0.625 in Arbor Size, masonry Application",,composed,yes,,4 | 1/8 | 5/8 | Masonry,
49-94-1900,LONG_DESC1,,"Cut-Off Wheel, 4 in Diameter, 0.125 in Thickness, 0.625 in Arbor Size, masonry Application, Cut Off Wheel Type, 1 Quantity",,composed,yes,,4 | 1/8 | 5/8 | Masonry | Cut Off | 1,
49-94-1900,RETAIL_DESC,,"Cut-Off Wheel, 4 in Diameter, 0.125 in Thickness, 0.625 in Arbor Size, masonry Application, Cut Off Wheel Type",,composed,yes,,4 | 1/8 | 5/8 | Masonry | Cut Off,
49-94-1900,ITEM_FEATURES_1,,4 in,,composed,yes,,4,
49-94-1900,ITEM_FEATURES_2,,0.125 in,,composed,yes,,1/8,
49-94-1900,ITEM_FEATURES_3,,0.625 in,,composed,yes,,5/8,
49-94-1900,Application,material_application,masonry,,derived,yes,,Masonry,"dimensional: abstained (material_application is nominal, not a physical quantity) ; constraint: abstained (no constraint in abrasive.cutoff_disc mentions material_application) ; identity: abstained (material_application is not an identity claim) ; vocabulary: 1.00 ('masonry' is a declared term for material_application)"
49-94-1900,ATTRIBUTE_LABEL 1,disc_diameter,Diameter,,derived,yes,,,"dimensional: 0.55 ('4' carries no unit; assuming millimeter. Unlabelled numbers are how inch/millimetre errors enter a catalog.) ; constraint: 1.00 (all 3 constraint(s) on disc_diameter hold) ; identity: abstained (disc_diameter is not an identity claim) ; vocabulary: abstained (disc_diameter is quantity, not a controlled term)"
49-94-1900,ATTRIBUTE_VALUE 1,disc_diameter,4,,extracted,no,,4,"dimensional: 0.55 ('4' carries no unit; assuming millimeter. Unlabelled numbers are how inch/millimetre errors enter a catalog.) ; constraint: 1.00 (all 3 constraint(s) on disc_diameter hold) ; identity: abstained (disc_diameter is not an identity claim) ; vocabulary: abstained (disc_diameter is quantity, not a controlled term)"
49-94-1900,ATTRIBUTE_UOM 1,disc_diameter,in,,derived,no,,,"dimensional: 0.55 ('4' carries no unit; assuming millimeter. Unlabelled numbers are how inch/millimetre errors enter a catalog.) ; constraint: 1.00 (all 3 constraint(s) on disc_diameter hold) ; identity: abstained (disc_diameter is not an identity claim) ; vocabulary: abstained (disc_diameter is quantity, not a controlled term)"
49-94-1900,ATTRIBUTE_LABEL 2,thickness,Thickness,,derived,yes,,,"dimensional: 0.55 ('0.125' carries no unit; assuming millimeter. Unlabelled numbers are how inch/millimetre errors enter a catalog.) ; constraint: 1.00 (all 2 constraint(s) on thickness hold) ; identity: abstained (thickness is not an identity claim) ; vocabulary: abstained (thickness is quantity, not a controlled term)"
49-94-1900,ATTRIBUTE_VALUE 2,thickness,0.125,,extracted,no,,1/8,"dimensional: 0.55 ('0.125' carries no unit; assuming millimeter. Unlabelled numbers are how inch/millimetre errors enter a catalog.) ; constraint: 1.00 (all 2 constraint(s) on thickness hold) ; identity: abstained (thickness is not an identity claim) ; vocabulary: abstained (thickness is quantity, not a controlled term)"
49-94-1900,ATTRIBUTE_UOM 2,thickness,in,,derived,no,,,"dimensional: 0.55 ('0.125' carries no unit; assuming millimeter. Unlabelled numbers are how inch/millimetre errors enter a catalog.) ; constraint: 1.00 (all 2 constraint(s) on thickness hold) ; identity: abstained (thickness is not an identity claim) ; vocabulary: abstained (thickness is quantity, not a controlled term)"
49-94-1900,ATTRIBUTE_LABEL 3,arbor_diameter,Arbor Size,,derived,yes,,,"dimensional: 0.55 ('0.625' carries no unit; assuming millimeter. Unlabelled numbers are how inch/millimetre errors enter a catalog.) ; constraint: 1.00 (all 2 constraint(s) on arbor_diameter hold) ; identity: abstained (arbor_diameter is not an identity claim) ; vocabulary: abstained (arbor_diameter is quantity, not a controlled term)"
49-94-1900,ATTRIBUTE_VALUE 3,arbor_diameter,0.625,,extracted,no,,5/8,"dimensional: 0.55 ('0.625' carries no unit; assuming millimeter. Unlabelled numbers are how inch/millimetre errors enter a catalog.) ; constraint: 1.00 (all 2 constraint(s) on arbor_diameter hold) ; identity: abstained (arbor_diameter is not an identity claim) ; vocabulary: abstained (arbor_diameter is quantity, not a controlled term)"
49-94-1900,ATTRIBUTE_UOM 3,arbor_diameter,in,,derived,no,,,"dimensional: 0.55 ('0.625' carries no unit; assuming millimeter. Unlabelled numbers are how inch/millimetre errors enter a catalog.) ; constraint: 1.00 (all 2 constraint(s) on arbor_diameter hold) ; identity: abstained (arbor_diameter is not an identity claim) ; vocabulary: abstained (arbor_diameter is quantity, not a controlled term)"
49-94-1900,ATTRIBUTE_LABEL 4,material_application,Application,,derived,yes,,,"dimensional: abstained (material_application is nominal, not a physical quantity) ; constraint: abstained (no constraint in abrasive.cutoff_disc mentions material_application) ; identity: abstained (material_application is not an identity claim) ; vocabulary: 1.00 ('masonry' is a declared term for material_application)"
49-94-1900,ATTRIBUTE_VALUE 4,material_application,masonry,,extracted,no,,Masonry,"dimensional: abstained (material_application is nominal, not a physical quantity) ; constraint: abstained (no constraint in abrasive.cutoff_disc mentions material_application) ; identity: abstained (material_application is not an identity claim) ; vocabulary: 1.00 ('masonry' is a declared term for material_application)"
49-94-1900,ATTRIBUTE_LABEL 5,wheel_type,Wheel Type,,derived,yes,,,"dimensional: abstained (wheel_type is nominal, not a physical quantity) ; constraint: abstained (no constraint in abrasive.cutoff_disc mentions wheel_type) ; identity: abstained (wheel_type is not an identity claim) ; vocabulary: 0.00 ('Cut Off' is not a term wheel_type accepts. This category allows 'type 1 flat', 'type 27 depressed center', 'type 41 flat', 'type 42 depressed center'. A plausible-sounding value outside the vocabulary is exactly the failure a confidence score does not catch.)"
49-94-1900,ATTRIBUTE_VALUE 5,wheel_type,Cut Off,,extracted,no,,Cut Off,"dimensional: abstained (wheel_type is nominal, not a physical quantity) ; constraint: abstained (no constraint in abrasive.cutoff_disc mentions wheel_type) ; identity: abstained (wheel_type is not an identity claim) ; vocabulary: 0.00 ('Cut Off' is not a term wheel_type accepts. This category allows 'type 1 flat', 'type 27 depressed center', 'type 41 flat', 'type 42 depressed center'. A plausible-sounding value outside the vocabulary is exactly the failure a confidence score does not catch.)"
49-94-1900,ATTRIBUTE_LABEL 6,abrasive_grain,Abrasive,,derived,yes,,,
49-94-1900,ATTRIBUTE_LABEL 7,max_rpm,Maximum Speed,,derived,yes,,,
49-94-1900,ATTRIBUTE_LABEL 8,pack_quantity,Quantity,,derived,yes,,,"dimensional: 0.55 ('1' carries no unit; assuming dimensionless. Unlabelled numbers are how inch/millimetre errors enter a catalog.) ; constraint: 1.00 (all 1 constraint(s) on pack_quantity hold) ; identity: abstained (pack_quantity is not an identity claim) ; vocabulary: abstained (pack_quantity is quantity, not a controlled term)"
49-94-1900,ATTRIBUTE_VALUE 8,pack_quantity,1,,extracted,no,,1,"dimensional: 0.55 ('1' carries no unit; assuming dimensionless. Unlabelled numbers are how inch/millimetre errors enter a catalog.) ; constraint: 1.00 (all 1 constraint(s) on pack_quantity hold) ; identity: abstained (pack_quantity is not an identity claim) ; vocabulary: abstained (pack_quantity is quantity, not a controlled term)"
49-94-1900,UNSPSC,,23101500,,routed,yes,,"Cut | Off | Disc | Cut Off | 4""x1/8""x5/8""",
49-94-1900,Selling Qty,pack_quantity,1,,derived,yes,,1,"dimensional: 0.55 ('1' carries no unit; assuming dimensionless. Unlabelled numbers are how inch/millimetre errors enter a catalog.) ; constraint: 1.00 (all 1 constraint(s) on pack_quantity hold) ; identity: abstained (pack_quantity is not an identity claim) ; vocabulary: abstained (pack_quantity is quantity, not a controlled term)"
49-94-1900,Selling UOM,pack_quantity,EA,,derived,yes,,,"dimensional: 0.55 ('1' carries no unit; assuming dimensionless. Unlabelled numbers are how inch/millimetre errors enter a catalog.) ; constraint: 1.00 (all 1 constraint(s) on pack_quantity hold) ; identity: abstained (pack_quantity is not an identity claim) ; vocabulary: abstained (pack_quantity is quantity, not a controlled term)"
49-94-1905,Dept,,Tools & Equipment,,routed,yes,,"Cut | Off | Disc | Cut Off | 4-1/2""x1/8""x7/8""",
49-94-1905,Class,,Power Tool Accessories,,routed,yes,,"Cut | Off | Disc | Cut Off | 4-1/2""x1/8""x7/8""",
49-94-1905,Fine,,Cut-Off & Grinding Wheels,,routed,yes,,"Cut | Off | Disc | Cut Off | 4-1/2""x1/8""x7/8""",
49-94-1905,Mfg_Part_Num,,49-94-1905,,passthrough,yes,,,
49-94-1905,Part_Desc,,"49-94-1905 Milw 4-1/2""x1/8""x7/8"" Masonry Cut Off Disc",,passthrough,yes,,,
49-94-1905,E1_Brand,,-- Unbranded --,,passthrough,yes,,,
49-94-1905,Unilog_Brand,,-- No Unilog Brand --,,passthrough,yes,,,
49-94-1905,DIB_Brand,,-- No DIB Brand --,,passthrough,yes,,,
49-94-1905,Part_Manuf,,Milwaukee Accessory (4031),,passthrough,yes,,,
49-94-1905,MANUFACTURER_NAME,,Milwaukee Accessory,,passthrough,yes,,,
49-94-1905,MANUFACTURER_PART_NUMBER,,49-94-1905,,passthrough,yes,,,
49-94-1905,Classpath,,Tools & Equipment>Power Tool Accessories>Abrasive Wheels,,routed,yes,,"Cut | Off | Disc | Cut Off | 4-1/2""x1/8""x7/8""",
49-94-1905,MOBILE_DESC,,"Milwaukee Accessory, Cut-Off Wheel, 49-94-1905, 4.5 in Diameter",,composed,yes,,4-1/2,
49-94-1905,INVOICE_DESC,,CUT-OFF WHEEL 4.5IN 0.125IN 0.875IN 1,,composed,yes,,4-1/2 | 1/8 | 7/8 | 1,
49-94-1905,SHORT_DESC,,"49-94-1905 Cut-Off Wheel, 4.5 in Diameter, 0.125 in Thickness, 0.875 in Arbor Size, masonry Application",,composed,yes,,4-1/2 | 1/8 | 7/8 | Masonry,
49-94-1905,LONG_DESC1,,"Cut-Off Wheel, 4.5 in Diameter, 0.125 in Thickness, 0.875 in Arbor Size, masonry Application, Cut Off Wheel Type, 1 Quantity",,composed,yes,,4-1/2 | 1/8 | 7/8 | Masonry | Cut Off | 1,
49-94-1905,RETAIL_DESC,,"Cut-Off Wheel, 4.5 in Diameter, 0.125 in Thickness, 0.875 in Arbor Size, masonry Application, Cut Off Wheel Type",,composed,yes,,4-1/2 | 1/8 | 7/8 | Masonry | Cut Off,
49-94-1905,ITEM_FEATURES_1,,4.5 in,,composed,yes,,4-1/2,
49-94-1905,ITEM_FEATURES_2,,0.125 in,,composed,yes,,1/8,
49-94-1905,ITEM_FEATURES_3,,0.875 in,,composed,yes,,7/8,
49-94-1905,Application,material_application,masonry,,derived,yes,,Masonry,"dimensional: abstained (material_application is nominal, not a physical quantity) ; constraint: abstained (no constraint in abrasive.cutoff_disc mentions material_application) ; identity: abstained (material_application is not an identity claim) ; vocabulary: 1.00 ('masonry' is a declared term for material_application)"
49-94-1905,ATTRIBUTE_LABEL 1,disc_diameter,Diameter,,derived,yes,,,"dimensional: 0.55 ('4.5' carries no unit; assuming millimeter. Unlabelled numbers are how inch/millimetre errors enter a catalog.) ; constraint: 1.00 (all 3 constraint(s) on disc_diameter hold) ; identity: abstained (disc_diameter is not an identity claim) ; vocabulary: abstained (disc_diameter is quantity, not a controlled term)"
49-94-1905,ATTRIBUTE_VALUE 1,disc_diameter,4.5,,extracted,no,,4-1/2,"dimensional: 0.55 ('4.5' carries no unit; assuming millimeter. Unlabelled numbers are how inch/millimetre errors enter a catalog.) ; constraint: 1.00 (all 3 constraint(s) on disc_diameter hold) ; identity: abstained (disc_diameter is not an identity claim) ; vocabulary: abstained (disc_diameter is quantity, not a controlled term)"
49-94-1905,ATTRIBUTE_UOM 1,disc_diameter,in,,derived,no,,,"dimensional: 0.55 ('4.5' carries no unit; assuming millimeter. Unlabelled numbers are how inch/millimetre errors enter a catalog.) ; constraint: 1.00 (all 3 constraint(s) on disc_diameter hold) ; identity: abstained (disc_diameter is not an identity claim) ; vocabulary: abstained (disc_diameter is quantity, not a controlled term)"
49-94-1905,ATTRIBUTE_LABEL 2,thickness,Thickness,,derived,yes,,,"dimensional: 0.55 ('0.125' carries no unit; assuming millimeter. Unlabelled numbers are how inch/millimetre errors enter a catalog.) ; constraint: 1.00 (all 2 constraint(s) on thickness hold) ; identity: abstained (thickness is not an identity claim) ; vocabulary: abstained (thickness is quantity, not a controlled term)"
49-94-1905,ATTRIBUTE_VALUE 2,thickness,0.125,,extracted,no,,1/8,"dimensional: 0.55 ('0.125' carries no unit; assuming millimeter. Unlabelled numbers are how inch/millimetre errors enter a catalog.) ; constraint: 1.00 (all 2 constraint(s) on thickness hold) ; identity: abstained (thickness is not an identity claim) ; vocabulary: abstained (thickness is quantity, not a controlled term)"
49-94-1905,ATTRIBUTE_UOM 2,thickness,in,,derived,no,,,"dimensional: 0.55 ('0.125' carries no unit; assuming millimeter. Unlabelled numbers are how inch/millimetre errors enter a catalog.) ; constraint: 1.00 (all 2 constraint(s) on thickness hold) ; identity: abstained (thickness is not an identity claim) ; vocabulary: abstained (thickness is quantity, not a controlled term)"
49-94-1905,ATTRIBUTE_LABEL 3,arbor_diameter,Arbor Size,,derived,yes,,,"dimensional: 0.55 ('0.875' carries no unit; assuming millimeter. Unlabelled numbers are how inch/millimetre errors enter a catalog.) ; constraint: 1.00 (all 2 constraint(s) on arbor_diameter hold) ; identity: abstained (arbor_diameter is not an identity claim) ; vocabulary: abstained (arbor_diameter is quantity, not a controlled term)"
49-94-1905,ATTRIBUTE_VALUE 3,arbor_diameter,0.875,,extracted,no,,7/8,"dimensional: 0.55 ('0.875' carries no unit; assuming millimeter. Unlabelled numbers are how inch/millimetre errors enter a catalog.) ; constraint: 1.00 (all 2 constraint(s) on arbor_diameter hold) ; identity: abstained (arbor_diameter is not an identity claim) ; vocabulary: abstained (arbor_diameter is quantity, not a controlled term)"
49-94-1905,ATTRIBUTE_UOM 3,arbor_diameter,in,,derived,no,,,"dimensional: 0.55 ('0.875' carries no unit; assuming millimeter. Unlabelled numbers are how inch/millimetre errors enter a catalog.) ; constraint: 1.00 (all 2 constraint(s) on arbor_diameter hold) ; identity: abstained (arbor_diameter is not an identity claim) ; vocabulary: abstained (arbor_diameter is quantity, not a controlled term)"
49-94-1905,ATTRIBUTE_LABEL 4,material_application,Application,,derived,yes,,,"dimensional: abstained (material_application is nominal, not a physical quantity) ; constraint: abstained (no constraint in abrasive.cutoff_disc mentions material_application) ; identity: abstained (material_application is not an identity claim) ; vocabulary: 1.00 ('masonry' is a declared term for material_application)"
49-94-1905,ATTRIBUTE_VALUE 4,material_application,masonry,,extracted,no,,Masonry,"dimensional: abstained (material_application is nominal, not a physical quantity) ; constraint: abstained (no constraint in abrasive.cutoff_disc mentions material_application) ; identity: abstained (material_application is not an identity claim) ; vocabulary: 1.00 ('masonry' is a declared term for material_application)"
49-94-1905,ATTRIBUTE_LABEL 5,wheel_type,Wheel Type,,derived,yes,,,"dimensional: abstained (wheel_type is nominal, not a physical quantity) ; constraint: abstained (no constraint in abrasive.cutoff_disc mentions wheel_type) ; identity: abstained (wheel_type is not an identity claim) ; vocabulary: 0.00 ('Cut Off' is not a term wheel_type accepts. This category allows 'type 1 flat', 'type 27 depressed center', 'type 41 flat', 'type 42 depressed center'. A plausible-sounding value outside the vocabulary is exactly the failure a confidence score does not catch.)"
49-94-1905,ATTRIBUTE_VALUE 5,wheel_type,Cut Off,,extracted,no,,Cut Off,"dimensional: abstained (wheel_type is nominal, not a physical quantity) ; constraint: abstained (no constraint in abrasive.cutoff_disc mentions wheel_type) ; identity: abstained (wheel_type is not an identity claim) ; vocabulary: 0.00 ('Cut Off' is not a term wheel_type accepts. This category allows 'type 1 flat', 'type 27 depressed center', 'type 41 flat', 'type 42 depressed center'. A plausible-sounding value outside the vocabulary is exactly the failure a confidence score does not catch.)"
49-94-1905,ATTRIBUTE_LABEL 6,abrasive_grain,Abrasive,,derived,yes,,,
49-94-1905,ATTRIBUTE_LABEL 7,max_rpm,Maximum Speed,,derived,yes,,,
49-94-1905,ATTRIBUTE_LABEL 8,pack_quantity,Quantity,,derived,yes,,,"dimensional: 0.55 ('1' carries no unit; assuming dimensionless. Unlabelled numbers are how inch/millimetre errors enter a catalog.) ; constraint: 1.00 (all 1 constraint(s) on pack_quantity hold) ; identity: abstained (pack_quantity is not an identity claim) ; vocabulary: abstained (pack_quantity is quantity, not a controlled term)"
49-94-1905,ATTRIBUTE_VALUE 8,pack_quantity,1,,extracted,no,,1,"dimensional: 0.55 ('1' carries no unit; assuming dimensionless. Unlabelled numbers are how inch/millimetre errors enter a catalog.) ; constraint: 1.00 (all 1 constraint(s) on pack_quantity hold) ; identity: abstained (pack_quantity is not an identity claim) ; vocabulary: abstained (pack_quantity is quantity, not a controlled term)"
49-94-1905,UNSPSC,,23101500,,routed,yes,,"Cut | Off | Disc | Cut Off | 4-1/2""x1/8""x7/8""",
49-94-1905,Selling Qty,pack_quantity,1,,derived,yes,,1,"dimensional: 0.55 ('1' carries no unit; assuming dimensionless. Unlabelled numbers are how inch/millimetre errors enter a catalog.) ; constraint: 1.00 (all 1 constraint(s) on pack_quantity hold) ; identity: abstained (pack_quantity is not an identity claim) ; vocabulary: abstained (pack_quantity is quantity, not a controlled term)"
49-94-1905,Selling UOM,pack_quantity,EA,,derived,yes,,,"dimensional: 0.55 ('1' carries no unit; assuming dimensionless. Unlabelled numbers are how inch/millimetre errors enter a catalog.) ; constraint: 1.00 (all 1 constraint(s) on pack_quantity hold) ; identity: abstained (pack_quantity is not an identity claim) ; vocabulary: abstained (pack_quantity is quantity, not a controlled term)"
49-94-1915,Dept,,Tools & Equipment,,routed,yes,,"Cut | Off | Disc | DKO | Cut Off | 6-1/2""x1/8""x5/8""",
49-94-1915,Class,,Power Tool Accessories,,routed,yes,,"Cut | Off | Disc | DKO | Cut Off | 6-1/2""x1/8""x5/8""",
49-94-1915,Fine,,Cut-Off & Grinding Wheels,,routed,yes,,"Cut | Off | Disc | DKO | Cut Off | 6-1/2""x1/8""x5/8""",
49-94-1915,Mfg_Part_Num,,49-94-1915,,passthrough,yes,,,
49-94-1915,Part_Desc,,"49-94-1915 Milw 6-1/2""x1/8""x5/8"" DKO Masonry Cut Off Disc",,passthrough,yes,,,
49-94-1915,E1_Brand,,-- Unbranded --,,passthrough,yes,,,
49-94-1915,Unilog_Brand,,-- No Unilog Brand --,,passthrough,yes,,,
49-94-1915,DIB_Brand,,-- No DIB Brand --,,passthrough,yes,,,
49-94-1915,Part_Manuf,,Milwaukee Accessory (4031),,passthrough,yes,,,
49-94-1915,MANUFACTURER_NAME,,Milwaukee Accessory,,passthrough,yes,,,
49-94-1915,MANUFACTURER_PART_NUMBER,,49-94-1915,,passthrough,yes,,,
49-94-1915,Classpath,,Tools & Equipment>Power Tool Accessories>Abrasive Wheels,,routed,yes,,"Cut | Off | Disc | DKO | Cut Off | 6-1/2""x1/8""x5/8""",
49-94-1915,MOBILE_DESC,,"Milwaukee Accessory, Cut-Off Wheel, 49-94-1915, 6.5 in Diameter",,composed,yes,,6-1/2,
49-94-1915,INVOICE_DESC,,CUT-OFF WHEEL 6.5IN 0.125IN 0.625IN 1,,composed,yes,,6-1/2 | 1/8 | 5/8 | 1,
49-94-1915,SHORT_DESC,,"49-94-1915 Cut-Off Wheel, 6.5 in Diameter, 0.125 in Thickness, 0.625 in Arbor Size, masonry Application",,composed,yes,,6-1/2 | 1/8 | 5/8 | Masonry,
49-94-1915,LONG_DESC1,,"Cut-Off Wheel, 6.5 in Diameter, 0.125 in Thickness, 0.625 in Arbor Size, masonry Application, Cut Off Wheel Type, 1 Quantity",,composed,yes,,6-1/2 | 1/8 | 5/8 | Masonry | Cut Off | 1,
49-94-1915,RETAIL_DESC,,"Cut-Off Wheel, 6.5 in Diameter, 0.125 in Thickness, 0.625 in Arbor Size, masonry Application, Cut Off Wheel Type",,composed,yes,,6-1/2 | 1/8 | 5/8 | Masonry | Cut Off,
49-94-1915,ITEM_FEATURES_1,,6.5 in,,composed,yes,,6-1/2,
49-94-1915,ITEM_FEATURES_2,,0.125 in,,composed,yes,,1/8,
49-94-1915,ITEM_FEATURES_3,,0.625 in,,composed,yes,,5/8,
49-94-1915,Application,material_application,masonry,,derived,yes,,Masonry,"dimensional: abstained (material_application is nominal, not a physical quantity) ; constraint: abstained (no constraint in abrasive.cutoff_disc mentions material_application) ; identity: abstained (material_application is not an identity claim) ; vocabulary: 1.00 ('masonry' is a declared term for material_application)"
49-94-1915,ATTRIBUTE_LABEL 1,disc_diameter,Diameter,,derived,yes,,,"dimensional: 0.55 ('6.5' carries no unit; assuming millimeter. Unlabelled numbers are how inch/millimetre errors enter a catalog.) ; constraint: 1.00 (all 3 constraint(s) on disc_diameter hold) ; identity: abstained (disc_diameter is not an identity claim) ; vocabulary: abstained (disc_diameter is quantity, not a controlled term)"
49-94-1915,ATTRIBUTE_VALUE 1,disc_diameter,6.5,,extracted,no,,6-1/2,"dimensional: 0.55 ('6.5' carries no unit; assuming millimeter. Unlabelled numbers are how inch/millimetre errors enter a catalog.) ; constraint: 1.00 (all 3 constraint(s) on disc_diameter hold) ; identity: abstained (disc_diameter is not an identity claim) ; vocabulary: abstained (disc_diameter is quantity, not a controlled term)"
49-94-1915,ATTRIBUTE_UOM 1,disc_diameter,in,,derived,no,,,"dimensional: 0.55 ('6.5' carries no unit; assuming millimeter. Unlabelled numbers are how inch/millimetre errors enter a catalog.) ; constraint: 1.00 (all 3 constraint(s) on disc_diameter hold) ; identity: abstained (disc_diameter is not an identity claim) ; vocabulary: abstained (disc_diameter is quantity, not a controlled term)"
49-94-1915,ATTRIBUTE_LABEL 2,thickness,Thickness,,derived,yes,,,"dimensional: 0.55 ('0.125' carries no unit; assuming millimeter. Unlabelled numbers are how inch/millimetre errors enter a catalog.) ; constraint: 1.00 (all 2 constraint(s) on thickness hold) ; identity: abstained (thickness is not an identity claim) ; vocabulary: abstained (thickness is quantity, not a controlled term)"
49-94-1915,ATTRIBUTE_VALUE 2,thickness,0.125,,extracted,no,,1/8,"dimensional: 0.55 ('0.125' carries no unit; assuming millimeter. Unlabelled numbers are how inch/millimetre errors enter a catalog.) ; constraint: 1.00 (all 2 constraint(s) on thickness hold) ; identity: abstained (thickness is not an identity claim) ; vocabulary: abstained (thickness is quantity, not a controlled term)"
49-94-1915,ATTRIBUTE_UOM 2,thickness,in,,derived,no,,,"dimensional: 0.55 ('0.125' carries no unit; assuming millimeter. Unlabelled numbers are how inch/millimetre errors enter a catalog.) ; constraint: 1.00 (all 2 constraint(s) on thickness hold) ; identity: abstained (thickness is not an identity claim) ; vocabulary: abstained (thickness is quantity, not a controlled term)"
49-94-1915,ATTRIBUTE_LABEL 3,arbor_diameter,Arbor Size,,derived,yes,,,"dimensional: 0.55 ('0.625' carries no unit; assuming millimeter. Unlabelled numbers are how inch/millimetre errors enter a catalog.) ; constraint: 1.00 (all 2 constraint(s) on arbor_diameter hold) ; identity: abstained (arbor_diameter is not an identity claim) ; vocabulary: abstained (arbor_diameter is quantity, not a controlled term)"
49-94-1915,ATTRIBUTE_VALUE 3,arbor_diameter,0.625,,extracted,no,,5/8,"dimensional: 0.55 ('0.625' carries no unit; assuming millimeter. Unlabelled numbers are how inch/millimetre errors enter a catalog.) ; constraint: 1.00 (all 2 constraint(s) on arbor_diameter hold) ; identity: abstained (arbor_diameter is not an identity claim) ; vocabulary: abstained (arbor_diameter is quantity, not a controlled term)"
49-94-1915,ATTRIBUTE_UOM 3,arbor_diameter,in,,derived,no,,,"dimensional: 0.55 ('0.625' carries no unit; assuming millimeter. Unlabelled numbers are how inch/millimetre errors enter a catalog.) ; constraint: 1.00 (all 2 constraint(s) on arbor_diameter hold) ; identity: abstained (arbor_diameter is not an identity claim) ; vocabulary: abstained (arbor_diameter is quantity, not a controlled term)"
49-94-1915,ATTRIBUTE_LABEL 4,material_application,Application,,derived,yes,,,"dimensional: abstained (material_application is nominal, not a physical quantity) ; constraint: abstained (no constraint in abrasive.cutoff_disc mentions material_application) ; identity: abstained (material_application is not an identity claim) ; vocabulary: 1.00 ('masonry' is a declared term for material_application)"
49-94-1915,ATTRIBUTE_VALUE 4,material_application,masonry,,extracted,no,,Masonry,"dimensional: abstained (material_application is nominal, not a physical quantity) ; constraint: abstained (no constraint in abrasive.cutoff_disc mentions material_application) ; identity: abstained (material_application is not an identity claim) ; vocabulary: 1.00 ('masonry' is a declared term for material_application)"
49-94-1915,ATTRIBUTE_LABEL 5,wheel_type,Wheel Type,,derived,yes,,,"dimensional: abstained (wheel_type is nominal, not a physical quantity) ; constraint: abstained (no constraint in abrasive.cutoff_disc mentions wheel_type) ; identity: abstained (wheel_type is not an identity claim) ; vocabulary: 0.00 ('Cut Off' is not a term wheel_type accepts. This category allows 'type 1 flat', 'type 27 depressed center', 'type 41 flat', 'type 42 depressed center'. A plausible-sounding value outside the vocabulary is exactly the failure a confidence score does not catch.)"
49-94-1915,ATTRIBUTE_VALUE 5,wheel_type,Cut Off,,extracted,no,,Cut Off,"dimensional: abstained (wheel_type is nominal, not a physical quantity) ; constraint: abstained (no constraint in abrasive.cutoff_disc mentions wheel_type) ; identity: abstained (wheel_type is not an identity claim) ; vocabulary: 0.00 ('Cut Off' is not a term wheel_type accepts. This category allows 'type 1 flat', 'type 27 depressed center', 'type 41 flat', 'type 42 depressed center'. A plausible-sounding value outside the vocabulary is exactly the failure a confidence score does not catch.)"
49-94-1915,ATTRIBUTE_LABEL 6,abrasive_grain,Abrasive,,derived,yes,,,
49-94-1915,ATTRIBUTE_LABEL 7,max_rpm,Maximum Speed,,derived,yes,,,
49-94-1915,ATTRIBUTE_LABEL 8,pack_quantity,Quantity,,derived,yes,,,"dimensional: 0.55 ('1' carries no unit; assuming dimensionless. Unlabelled numbers are how inch/millimetre errors enter a catalog.) ; constraint: 1.00 (all 1 constraint(s) on pack_quantity hold) ; identity: abstained (pack_quantity is not an identity claim) ; vocabulary: abstained (pack_quantity is quantity, not a controlled term)"
49-94-1915,ATTRIBUTE_VALUE 8,pack_quantity,1,,extracted,no,,1,"dimensional: 0.55 ('1' carries no unit; assuming dimensionless. Unlabelled numbers are how inch/millimetre errors enter a catalog.) ; constraint: 1.00 (all 1 constraint(s) on pack_quantity hold) ; identity: abstained (pack_quantity is not an identity claim) ; vocabulary: abstained (pack_quantity is quantity, not a controlled term)"
49-94-1915,UNSPSC,,23101500,,routed,yes,,"Cut | Off | Disc | DKO | Cut Off | 6-1/2""x1/8""x5/8""",
49-94-1915,Selling Qty,pack_quantity,1,,derived,yes,,1,"dimensional: 0.55 ('1' carries no unit; assuming dimensionless. Unlabelled numbers are how inch/millimetre errors enter a catalog.) ; constraint: 1.00 (all 1 constraint(s) on pack_quantity hold) ; identity: abstained (pack_quantity is not an identity claim) ; vocabulary: abstained (pack_quantity is quantity, not a controlled term)"
49-94-1915,Selling UOM,pack_quantity,EA,,derived,yes,,,"dimensional: 0.55 ('1' carries no unit; assuming dimensionless. Unlabelled numbers are how inch/millimetre errors enter a catalog.) ; constraint: 1.00 (all 1 constraint(s) on pack_quantity hold) ; identity: abstained (pack_quantity is not an identity claim) ; vocabulary: abstained (pack_quantity is quantity, not a controlled term)"
49-94-1920,Dept,,Tools & Equipment,,routed,yes,,"Cut | Off | Disc | DKO | Cut Off | 7""x1/8""x5/8""",
49-94-1920,Class,,Power Tool Accessories,,routed,yes,,"Cut | Off | Disc | DKO | Cut Off | 7""x1/8""x5/8""",
49-94-1920,Fine,,Cut-Off & Grinding Wheels,,routed,yes,,"Cut | Off | Disc | DKO | Cut Off | 7""x1/8""x5/8""",
49-94-1920,Mfg_Part_Num,,49-94-1920,,passthrough,yes,,,
49-94-1920,Part_Desc,,"49-94-1920 Milw 7""x1/8""x5/8"" DKO Masonry Cut Off Disc",,passthrough,yes,,,
49-94-1920,E1_Brand,,-- Unbranded --,,passthrough,yes,,,
49-94-1920,Unilog_Brand,,-- No Unilog Brand --,,passthrough,yes,,,
49-94-1920,DIB_Brand,,-- No DIB Brand --,,passthrough,yes,,,
49-94-1920,Part_Manuf,,Milwaukee Accessory (4031),,passthrough,yes,,,
49-94-1920,MANUFACTURER_NAME,,Milwaukee Accessory,,passthrough,yes,,,
49-94-1920,MANUFACTURER_PART_NUMBER,,49-94-1920,,passthrough,yes,,,
49-94-1920,Classpath,,Tools & Equipment>Power Tool Accessories>Abrasive Wheels,,routed,yes,,"Cut | Off | Disc | DKO | Cut Off | 7""x1/8""x5/8""",
49-94-1920,MOBILE_DESC,,"Milwaukee Accessory, Cut-Off Wheel, 49-94-1920, 7 in Diameter",,composed,yes,,7,
49-94-1920,INVOICE_DESC,,CUT-OFF WHEEL 7IN 0.125IN 0.625IN 1,,composed,yes,,7 | 1/8 | 5/8 | 1,
49-94-1920,SHORT_DESC,,"49-94-1920 Cut-Off Wheel, 7 in Diameter, 0.125 in Thickness, 0.625 in Arbor Size, masonry Application",,composed,yes,,7 | 1/8 | 5/8 | Masonry,
49-94-1920,LONG_DESC1,,"Cut-Off Wheel, 7 in Diameter, 0.125 in Thickness, 0.625 in Arbor Size, masonry Application, Cut Off Wheel Type, 1 Quantity",,composed,yes,,7 | 1/8 | 5/8 | Masonry | Cut Off | 1,
49-94-1920,RETAIL_DESC,,"Cut-Off Wheel, 7 in Diameter, 0.125 in Thickness, 0.625 in Arbor Size, masonry Application, Cut Off Wheel Type",,composed,yes,,7 | 1/8 | 5/8 | Masonry | Cut Off,
49-94-1920,ITEM_FEATURES_1,,7 in,,composed,yes,,7,
49-94-1920,ITEM_FEATURES_2,,0.125 in,,composed,yes,,1/8,
49-94-1920,ITEM_FEATURES_3,,0.625 in,,composed,yes,,5/8,
49-94-1920,Application,material_application,masonry,,derived,yes,,Masonry,"dimensional: abstained (material_application is nominal, not a physical quantity) ; constraint: abstained (no constraint in abrasive.cutoff_disc mentions material_application) ; identity: abstained (material_application is not an identity claim) ; vocabulary: 1.00 ('masonry' is a declared term for material_application)"
49-94-1920,ATTRIBUTE_LABEL 1,disc_diameter,Diameter,,derived,yes,,,"dimensional: 0.55 ('7' carries no unit; assuming millimeter. Unlabelled numbers are how inch/millimetre errors enter a catalog.) ; constraint: 1.00 (all 3 constraint(s) on disc_diameter hold) ; identity: abstained (disc_diameter is not an identity claim) ; vocabulary: abstained (disc_diameter is quantity, not a controlled term)"
49-94-1920,ATTRIBUTE_VALUE 1,disc_diameter,7,,extracted,no,,7,"dimensional: 0.55 ('7' carries no unit; assuming millimeter. Unlabelled numbers are how inch/millimetre errors enter a catalog.) ; constraint: 1.00 (all 3 constraint(s) on disc_diameter hold) ; identity: abstained (disc_diameter is not an identity claim) ; vocabulary: abstained (disc_diameter is quantity, not a controlled term)"
49-94-1920,ATTRIBUTE_UOM 1,disc_diameter,in,,derived,no,,,"dimensional: 0.55 ('7' carries no unit; assuming millimeter. Unlabelled numbers are how inch/millimetre errors enter a catalog.) ; constraint: 1.00 (all 3 constraint(s) on disc_diameter hold) ; identity: abstained (disc_diameter is not an identity claim) ; vocabulary: abstained (disc_diameter is quantity, not a controlled term)"
49-94-1920,ATTRIBUTE_LABEL 2,thickness,Thickness,,derived,yes,,,"dimensional: 0.55 ('0.125' carries no unit; assuming millimeter. Unlabelled numbers are how inch/millimetre errors enter a catalog.) ; constraint: 1.00 (all 2 constraint(s) on thickness hold) ; identity: abstained (thickness is not an identity claim) ; vocabulary: abstained (thickness is quantity, not a controlled term)"
49-94-1920,ATTRIBUTE_VALUE 2,thickness,0.125,,extracted,no,,1/8,"dimensional: 0.55 ('0.125' carries no unit; assuming millimeter. Unlabelled numbers are how inch/millimetre errors enter a catalog.) ; constraint: 1.00 (all 2 constraint(s) on thickness hold) ; identity: abstained (thickness is not an identity claim) ; vocabulary: abstained (thickness is quantity, not a controlled term)"
49-94-1920,ATTRIBUTE_UOM 2,thickness,in,,derived,no,,,"dimensional: 0.55 ('0.125' carries no unit; assuming millimeter. Unlabelled numbers are how inch/millimetre errors enter a catalog.) ; constraint: 1.00 (all 2 constraint(s) on thickness hold) ; identity: abstained (thickness is not an identity claim) ; vocabulary: abstained (thickness is quantity, not a controlled term)"
49-94-1920,ATTRIBUTE_LABEL 3,arbor_diameter,Arbor Size,,derived,yes,,,"dimensional: 0.55 ('0.625' carries no unit; assuming millimeter. Unlabelled numbers are how inch/millimetre errors enter a catalog.) ; constraint: 1.00 (all 2 constraint(s) on arbor_diameter hold) ; identity: abstained (arbor_diameter is not an identity claim) ; vocabulary: abstained (arbor_diameter is quantity, not a controlled term)"
49-94-1920,ATTRIBUTE_VALUE 3,arbor_diameter,0.625,,extracted,no,,5/8,"dimensional: 0.55 ('0.625' carries no unit; assuming millimeter. Unlabelled numbers are how inch/millimetre errors enter a catalog.) ; constraint: 1.00 (all 2 constraint(s) on arbor_diameter hold) ; identity: abstained (arbor_diameter is not an identity claim) ; vocabulary: abstained (arbor_diameter is quantity, not a controlled term)"
49-94-1920,ATTRIBUTE_UOM 3,arbor_diameter,in,,derived,no,,,"dimensional: 0.55 ('0.625' carries no unit; assuming millimeter. Unlabelled numbers are how inch/millimetre errors enter a catalog.) ; constraint: 1.00 (all 2 constraint(s) on arbor_diameter hold) ; identity: abstained (arbor_diameter is not an identity claim) ; vocabulary: abstained (arbor_diameter is quantity, not a controlled term)"
49-94-1920,ATTRIBUTE_LABEL 4,material_application,Application,,derived,yes,,,"dimensional: abstained (material_application is nominal, not a physical quantity) ; constraint: abstained (no constraint in abrasive.cutoff_disc mentions material_application) ; identity: abstained (material_application is not an identity claim) ; vocabulary: 1.00 ('masonry' is a declared term for material_application)"
49-94-1920,ATTRIBUTE_VALUE 4,material_application,masonry,,extracted,no,,Masonry,"dimensional: abstained (material_application is nominal, not a physical quantity) ; constraint: abstained (no constraint in abrasive.cutoff_disc mentions material_application) ; identity: abstained (material_application is not an identity claim) ; vocabulary: 1.00 ('masonry' is a declared term for material_application)"
49-94-1920,ATTRIBUTE_LABEL 5,wheel_type,Wheel Type,,derived,yes,,,"dimensional: abstained (wheel_type is nominal, not a physical quantity) ; constraint: abstained (no constraint in abrasive.cutoff_disc mentions wheel_type) ; identity: abstained (wheel_type is not an identity claim) ; vocabulary: 0.00 ('Cut Off' is not a term wheel_type accepts. This category allows 'type 1 flat', 'type 27 depressed center', 'type 41 flat', 'type 42 depressed center'. A plausible-sounding value outside the vocabulary is exactly the failure a confidence score does not catch.)"
49-94-1920,ATTRIBUTE_VALUE 5,wheel_type,Cut Off,,extracted,no,,Cut Off,"dimensional: abstained (wheel_type is nominal, not a physical quantity) ; constraint: abstained (no constraint in abrasive.cutoff_disc mentions wheel_type) ; identity: abstained (wheel_type is not an identity claim) ; vocabulary: 0.00 ('Cut Off' is not a term wheel_type accepts. This category allows 'type 1 flat', 'type 27 depressed center', 'type 41 flat', 'type 42 depressed center'. A plausible-sounding value outside the vocabulary is exactly the failure a confidence score does not catch.)"
49-94-1920,ATTRIBUTE_LABEL 6,abrasive_grain,Abrasive,,derived,yes,,,
49-94-1920,ATTRIBUTE_LABEL 7,max_rpm,Maximum Speed,,derived,yes,,,
49-94-1920,ATTRIBUTE_LABEL 8,pack_quantity,Quantity,,derived,yes,,,"dimensional: 0.55 ('1' carries no unit; assuming dimensionless. Unlabelled numbers are how inch/millimetre errors enter a catalog.) ; constraint: 1.00 (all 1 constraint(s) on pack_quantity hold) ; identity: abstained (pack_quantity is not an identity claim) ; vocabulary: abstained (pack_quantity is quantity, not a controlled term)"
49-94-1920,ATTRIBUTE_VALUE 8,pack_quantity,1,,extracted,no,,1,"dimensional: 0.55 ('1' carries no unit; assuming dimensionless. Unlabelled numbers are how inch/millimetre errors enter a catalog.) ; constraint: 1.00 (all 1 constraint(s) on pack_quantity hold) ; identity: abstained (pack_quantity is not an identity claim) ; vocabulary: abstained (pack_quantity is quantity, not a controlled term)"
49-94-1920,UNSPSC,,23101500,,routed,yes,,"Cut | Off | Disc | DKO | Cut Off | 7""x1/8""x5/8""",
49-94-1920,Selling Qty,pack_quantity,1,,derived,yes,,1,"dimensional: 0.55 ('1' carries no unit; assuming dimensionless. Unlabelled numbers are how inch/millimetre errors enter a catalog.) ; constraint: 1.00 (all 1 constraint(s) on pack_quantity hold) ; identity: abstained (pack_quantity is not an identity claim) ; vocabulary: abstained (pack_quantity is quantity, not a controlled term)"
49-94-1920,Selling UOM,pack_quantity,EA,,derived,yes,,,"dimensional: 0.55 ('1' carries no unit; assuming dimensionless. Unlabelled numbers are how inch/millimetre errors enter a catalog.) ; constraint: 1.00 (all 1 constraint(s) on pack_quantity hold) ; identity: abstained (pack_quantity is not an identity claim) ; vocabulary: abstained (pack_quantity is quantity, not a controlled term)"
49-94-1925,Dept,,Tools & Equipment,,routed,yes,,"Cut | Off | Disc | Cut Off | 10""x1/8""x5/8""",
49-94-1925,Class,,Power Tool Accessories,,routed,yes,,"Cut | Off | Disc | Cut Off | 10""x1/8""x5/8""",
49-94-1925,Fine,,Cut-Off & Grinding Wheels,,routed,yes,,"Cut | Off | Disc | Cut Off | 10""x1/8""x5/8""",
49-94-1925,Mfg_Part_Num,,49-94-1925,,passthrough,yes,,,
49-94-1925,Part_Desc,,"49-94-1925 Milw 10""x1/8""x5/8"" Masonry Cut Off Disc",,passthrough,yes,,,
49-94-1925,E1_Brand,,-- Unbranded --,,passthrough,yes,,,
49-94-1925,Unilog_Brand,,-- No Unilog Brand --,,passthrough,yes,,,
49-94-1925,DIB_Brand,,-- No DIB Brand --,,passthrough,yes,,,
49-94-1925,Part_Manuf,,Milwaukee Accessory (4031),,passthrough,yes,,,
49-94-1925,MANUFACTURER_NAME,,Milwaukee Accessory,,passthrough,yes,,,
49-94-1925,MANUFACTURER_PART_NUMBER,,49-94-1925,,passthrough,yes,,,
49-94-1925,Classpath,,Tools & Equipment>Power Tool Accessories>Abrasive Wheels,,routed,yes,,"Cut | Off | Disc | Cut Off | 10""x1/8""x5/8""",
49-94-1925,MOBILE_DESC,,"Milwaukee Accessory, Cut-Off Wheel, 49-94-1925, 10 in Diameter",,composed,yes,,10,
49-94-1925,INVOICE_DESC,,CUT-OFF WHEEL 10IN 0.125IN 0.625IN 1,,composed,yes,,10 | 1/8 | 5/8 | 1,
49-94-1925,SHORT_DESC,,"49-94-1925 Cut-Off Wheel, 10 in Diameter, 0.125 in Thickness, 0.625 in Arbor Size, masonry Application",,composed,yes,,10 | 1/8 | 5/8 | Masonry,
49-94-1925,LONG_DESC1,,"Cut-Off Wheel, 10 in Diameter, 0.125 in Thickness, 0.625 in Arbor Size, masonry Application, Cut Off Wheel Type, 1 Quantity",,composed,yes,,10 | 1/8 | 5/8 | Masonry | Cut Off | 1,
49-94-1925,RETAIL_DESC,,"Cut-Off Wheel, 10 in Diameter, 0.125 in Thickness, 0.625 in Arbor Size, masonry Application, Cut Off Wheel Type",,composed,yes,,10 | 1/8 | 5/8 | Masonry | Cut Off,
49-94-1925,ITEM_FEATURES_1,,10 in,,composed,yes,,10,
49-94-1925,ITEM_FEATURES_2,,0.125 in,,composed,yes,,1/8,
49-94-1925,ITEM_FEATURES_3,,0.625 in,,composed,yes,,5/8,
49-94-1925,Application,material_application,masonry,,derived,yes,,Masonry,"dimensional: abstained (material_application is nominal, not a physical quantity) ; constraint: abstained (no constraint in abrasive.cutoff_disc mentions material_application) ; identity: abstained (material_application is not an identity claim) ; vocabulary: 1.00 ('masonry' is a declared term for material_application)"
49-94-1925,ATTRIBUTE_LABEL 1,disc_diameter,Diameter,,derived,yes,,,"dimensional: 0.55 ('10' carries no unit; assuming millimeter. Unlabelled numbers are how inch/millimetre errors enter a catalog.) ; constraint: 1.00 (all 3 constraint(s) on disc_diameter hold) ; identity: abstained (disc_diameter is not an identity claim) ; vocabulary: abstained (disc_diameter is quantity, not a controlled term)"
49-94-1925,ATTRIBUTE_VALUE 1,disc_diameter,10,,extracted,no,,10,"dimensional: 0.55 ('10' carries no unit; assuming millimeter. Unlabelled numbers are how inch/millimetre errors enter a catalog.) ; constraint: 1.00 (all 3 constraint(s) on disc_diameter hold) ; identity: abstained (disc_diameter is not an identity claim) ; vocabulary: abstained (disc_diameter is quantity, not a controlled term)"
49-94-1925,ATTRIBUTE_UOM 1,disc_diameter,in,,derived,no,,,"dimensional: 0.55 ('10' carries no unit; assuming millimeter. Unlabelled numbers are how inch/millimetre errors enter a catalog.) ; constraint: 1.00 (all 3 constraint(s) on disc_diameter hold) ; identity: abstained (disc_diameter is not an identity claim) ; vocabulary: abstained (disc_diameter is quantity, not a controlled term)"
49-94-1925,ATTRIBUTE_LABEL 2,thickness,Thickness,,derived,yes,,,"dimensional: 0.55 ('0.125' carries no unit; assuming millimeter. Unlabelled numbers are how inch/millimetre errors enter a catalog.) ; constraint: 1.00 (all 2 constraint(s) on thickness hold) ; identity: abstained (thickness is not an identity claim) ; vocabulary: abstained (thickness is quantity, not a controlled term)"
49-94-1925,ATTRIBUTE_VALUE 2,thickness,0.125,,extracted,no,,1/8,"dimensional: 0.55 ('0.125' carries no unit; assuming millimeter. Unlabelled numbers are how inch/millimetre errors enter a catalog.) ; constraint: 1.00 (all 2 constraint(s) on thickness hold) ; identity: abstained (thickness is not an identity claim) ; vocabulary: abstained (thickness is quantity, not a controlled term)"
49-94-1925,ATTRIBUTE_UOM 2,thickness,in,,derived,no,,,"dimensional: 0.55 ('0.125' carries no unit; assuming millimeter. Unlabelled numbers are how inch/millimetre errors enter a catalog.) ; constraint: 1.00 (all 2 constraint(s) on thickness hold) ; identity: abstained (thickness is not an identity claim) ; vocabulary: abstained (thickness is quantity, not a controlled term)"
49-94-1925,ATTRIBUTE_LABEL 3,arbor_diameter,Arbor Size,,derived,yes,,,"dimensional: 0.55 ('0.625' carries no unit; assuming millimeter. Unlabelled numbers are how inch/millimetre errors enter a catalog.) ; constraint: 1.00 (all 2 constraint(s) on arbor_diameter hold) ; identity: abstained (arbor_diameter is not an identity claim) ; vocabulary: abstained (arbor_diameter is quantity, not a controlled term)"
49-94-1925,ATTRIBUTE_VALUE 3,arbor_diameter,0.625,,extracted,no,,5/8,"dimensional: 0.55 ('0.625' carries no unit; assuming millimeter. Unlabelled numbers are how inch/millimetre errors enter a catalog.) ; constraint: 1.00 (all 2 constraint(s) on arbor_diameter hold) ; identity: abstained (arbor_diameter is not an identity claim) ; vocabulary: abstained (arbor_diameter is quantity, not a controlled term)"
49-94-1925,ATTRIBUTE_UOM 3,arbor_diameter,in,,derived,no,,,"dimensional: 0.55 ('0.625' carries no unit; assuming millimeter. Unlabelled numbers are how inch/millimetre errors enter a catalog.) ; constraint: 1.00 (all 2 constraint(s) on arbor_diameter hold) ; identity: abstained (arbor_diameter is not an identity claim) ; vocabulary: abstained (arbor_diameter is quantity, not a controlled term)"
49-94-1925,ATTRIBUTE_LABEL 4,material_application,Application,,derived,yes,,,"dimensional: abstained (material_application is nominal, not a physical quantity) ; constraint: abstained (no constraint in abrasive.cutoff_disc mentions material_application) ; identity: abstained (material_application is not an identity claim) ; vocabulary: 1.00 ('masonry' is a declared term for material_application)"
49-94-1925,ATTRIBUTE_VALUE 4,material_application,masonry,,extracted,no,,Masonry,"dimensional: abstained (material_application is nominal, not a physical quantity) ; constraint: abstained (no constraint in abrasive.cutoff_disc mentions material_application) ; identity: abstained (material_application is not an identity claim) ; vocabulary: 1.00 ('masonry' is a declared term for material_application)"
49-94-1925,ATTRIBUTE_LABEL 5,wheel_type,Wheel Type,,derived,yes,,,"dimensional: abstained (wheel_type is nominal, not a physical quantity) ; constraint: abstained (no constraint in abrasive.cutoff_disc mentions wheel_type) ; identity: abstained (wheel_type is not an identity claim) ; vocabulary: 0.00 ('Cut Off' is not a term wheel_type accepts. This category allows 'type 1 flat', 'type 27 depressed center', 'type 41 flat', 'type 42 depressed center'. A plausible-sounding value outside the vocabulary is exactly the failure a confidence score does not catch.)"
49-94-1925,ATTRIBUTE_VALUE 5,wheel_type,Cut Off,,extracted,no,,Cut Off,"dimensional: abstained (wheel_type is nominal, not a physical quantity) ; constraint: abstained (no constraint in abrasive.cutoff_disc mentions wheel_type) ; identity: abstained (wheel_type is not an identity claim) ; vocabulary: 0.00 ('Cut Off' is not a term wheel_type accepts. This category allows 'type 1 flat', 'type 27 depressed center', 'type 41 flat', 'type 42 depressed center'. A plausible-sounding value outside the vocabulary is exactly the failure a confidence score does not catch.)"
49-94-1925,ATTRIBUTE_LABEL 6,abrasive_grain,Abrasive,,derived,yes,,,
49-94-1925,ATTRIBUTE_LABEL 7,max_rpm,Maximum Speed,,derived,yes,,,
49-94-1925,ATTRIBUTE_LABEL 8,pack_quantity,Quantity,,derived,yes,,,"dimensional: 0.55 ('1' carries no unit; assuming dimensionless. Unlabelled numbers are how inch/millimetre errors enter a catalog.) ; constraint: 1.00 (all 1 constraint(s) on pack_quantity hold) ; identity: abstained (pack_quantity is not an identity claim) ; vocabulary: abstained (pack_quantity is quantity, not a controlled term)"
49-94-1925,ATTRIBUTE_VALUE 8,pack_quantity,1,,extracted,no,,1,"dimensional: 0.55 ('1' carries no unit; assuming dimensionless. Unlabelled numbers are how inch/millimetre errors enter a catalog.) ; constraint: 1.00 (all 1 constraint(s) on pack_quantity hold) ; identity: abstained (pack_quantity is not an identity claim) ; vocabulary: abstained (pack_quantity is quantity, not a controlled term)"
49-94-1925,UNSPSC,,23101500,,routed,yes,,"Cut | Off | Disc | Cut Off | 10""x1/8""x5/8""",
49-94-1925,Selling Qty,pack_quantity,1,,derived,yes,,1,"dimensional: 0.55 ('1' carries no unit; assuming dimensionless. Unlabelled numbers are how inch/millimetre errors enter a catalog.) ; constraint: 1.00 (all 1 constraint(s) on pack_quantity hold) ; identity: abstained (pack_quantity is not an identity claim) ; vocabulary: abstained (pack_quantity is quantity, not a controlled term)"
49-94-1925,Selling UOM,pack_quantity,EA,,derived,yes,,,"dimensional: 0.55 ('1' carries no unit; assuming dimensionless. Unlabelled numbers are how inch/millimetre errors enter a catalog.) ; constraint: 1.00 (all 1 constraint(s) on pack_quantity hold) ; identity: abstained (pack_quantity is not an identity claim) ; vocabulary: abstained (pack_quantity is quantity, not a controlled term)"
49-94-1935,Dept,,Tools & Equipment,,routed,yes,,"Cut | Off | Disc | Cut Off | 12""x1/8""x1""",
49-94-1935,Class,,Power Tool Accessories,,routed,yes,,"Cut | Off | Disc | Cut Off | 12""x1/8""x1""",
49-94-1935,Fine,,Cut-Off & Grinding Wheels,,routed,yes,,"Cut | Off | Disc | Cut Off | 12""x1/8""x1""",
49-94-1935,Mfg_Part_Num,,49-94-1935,,passthrough,yes,,,
49-94-1935,Part_Desc,,"49-94-1935 Milw 12""x1/8""x1"" Masonry Cut Off Disc",,passthrough,yes,,,
49-94-1935,E1_Brand,,-- Unbranded --,,passthrough,yes,,,
49-94-1935,Unilog_Brand,,-- No Unilog Brand --,,passthrough,yes,,,
49-94-1935,DIB_Brand,,-- No DIB Brand --,,passthrough,yes,,,
49-94-1935,Part_Manuf,,Milwaukee Accessory (4031),,passthrough,yes,,,
49-94-1935,MANUFACTURER_NAME,,Milwaukee Accessory,,passthrough,yes,,,
49-94-1935,MANUFACTURER_PART_NUMBER,,49-94-1935,,passthrough,yes,,,
49-94-1935,Classpath,,Tools & Equipment>Power Tool Accessories>Abrasive Wheels,,routed,yes,,"Cut | Off | Disc | Cut Off | 12""x1/8""x1""",
49-94-1935,MOBILE_DESC,,"Milwaukee Accessory, Cut-Off Wheel, 49-94-1935, 12 in Diameter",,composed,yes,,12,
49-94-1935,INVOICE_DESC,,CUT-OFF WHEEL 12IN 0.125IN 1IN MASONRY 1,,composed,yes,,12 | 1/8 | 1 | Masonry,
49-94-1935,SHORT_DESC,,"49-94-1935 Cut-Off Wheel, 12 in Diameter, 0.125 in Thickness, 1 in Arbor Size, masonry Application, Cut Off Wheel Type",,composed,yes,,12 | 1/8 | 1 | Masonry | Cut Off,
49-94-1935,LONG_DESC1,,"Cut-Off Wheel, 12 in Diameter, 0.125 in Thickness, 1 in Arbor Size, masonry Application, Cut Off Wheel Type, 1 Quantity",,composed,yes,,12 | 1/8 | 1 | Masonry | Cut Off,
49-94-1935,RETAIL_DESC,,"Cut-Off Wheel, 12 in Diameter, 0.125 in Thickness, 1 in Arbor Size, masonry Application, Cut Off Wheel Type, 1 Quantity",,composed,yes,,12 | 1/8 | 1 | Masonry | Cut Off,
49-94-1935,ITEM_FEATURES_1,,12 in,,composed,yes,,12,
49-94-1935,ITEM_FEATURES_2,,0.125 in,,composed,yes,,1/8,
49-94-1935,ITEM_FEATURES_3,,1 in,,composed,yes,,1,
49-94-1935,Application,material_application,masonry,,derived,yes,,Masonry,"dimensional: abstained (material_application is nominal, not a physical quantity) ; constraint: abstained (no constraint in abrasive.cutoff_disc mentions material_application) ; identity: abstained (material_application is not an identity claim) ; vocabulary: 1.00 ('masonry' is a declared term for material_application)"
49-94-1935,ATTRIBUTE_LABEL 1,disc_diameter,Diameter,,derived,yes,,,"dimensional: 0.55 ('12' carries no unit; assuming millimeter. Unlabelled numbers are how inch/millimetre errors enter a catalog.) ; constraint: 1.00 (all 3 constraint(s) on disc_diameter hold) ; identity: abstained (disc_diameter is not an identity claim) ; vocabulary: abstained (disc_diameter is quantity, not a controlled term)"
49-94-1935,ATTRIBUTE_VALUE 1,disc_diameter,12,,extracted,no,,12,"dimensional: 0.55 ('12' carries no unit; assuming millimeter. Unlabelled numbers are how inch/millimetre errors enter a catalog.) ; constraint: 1.00 (all 3 constraint(s) on disc_diameter hold) ; identity: abstained (disc_diameter is not an identity claim) ; vocabulary: abstained (disc_diameter is quantity, not a controlled term)"
49-94-1935,ATTRIBUTE_UOM 1,disc_diameter,in,,derived,no,,,"dimensional: 0.55 ('12' carries no unit; assuming millimeter. Unlabelled numbers are how inch/millimetre errors enter a catalog.) ; constraint: 1.00 (all 3 constraint(s) on disc_diameter hold) ; identity: abstained (disc_diameter is not an identity claim) ; vocabulary: abstained (disc_diameter is quantity, not a controlled term)"
49-94-1935,ATTRIBUTE_LABEL 2,thickness,Thickness,,derived,yes,,,"dimensional: 0.55 ('0.125' carries no unit; assuming millimeter. Unlabelled numbers are how inch/millimetre errors enter a catalog.) ; constraint: 1.00 (all 2 constraint(s) on thickness hold) ; identity: abstained (thickness is not an identity claim) ; vocabulary: abstained (thickness is quantity, not a controlled term)"
49-94-1935,ATTRIBUTE_VALUE 2,thickness,0.125,,extracted,no,,1/8,"dimensional: 0.55 ('0.125' carries no unit; assuming millimeter. Unlabelled numbers are how inch/millimetre errors enter a catalog.) ; constraint: 1.00 (all 2 constraint(s) on thickness hold) ; identity: abstained (thickness is not an identity claim) ; vocabulary: abstained (thickness is quantity, not a controlled term)"
49-94-1935,ATTRIBUTE_UOM 2,thickness,in,,derived,no,,,"dimensional: 0.55 ('0.125' carries no unit; assuming millimeter. Unlabelled numbers are how inch/millimetre errors enter a catalog.) ; constraint: 1.00 (all 2 constraint(s) on thickness hold) ; identity: abstained (thickness is not an identity claim) ; vocabulary: abstained (thickness is quantity, not a controlled term)"
49-94-1935,ATTRIBUTE_LABEL 3,arbor_diameter,Arbor Size,,derived,yes,,,"dimensional: 0.55 ('1' carries no unit; assuming millimeter. Unlabelled numbers are how inch/millimetre errors enter a catalog.) ; constraint: 1.00 (all 2 constraint(s) on arbor_diameter hold) ; identity: abstained (arbor_diameter is not an identity claim) ; vocabulary: abstained (arbor_diameter is quantity, not a controlled term)"
49-94-1935,ATTRIBUTE_VALUE 3,arbor_diameter,1,,extracted,no,,1,"dimensional: 0.55 ('1' carries no unit; assuming millimeter. Unlabelled numbers are how inch/millimetre errors enter a catalog.) ; constraint: 1.00 (all 2 constraint(s) on arbor_diameter hold) ; identity: abstained (arbor_diameter is not an identity claim) ; vocabulary: abstained (arbor_diameter is quantity, not a controlled term)"
49-94-1935,ATTRIBUTE_UOM 3,arbor_diameter,in,,derived,no,,,"dimensional: 0.55 ('1' carries no unit; assuming millimeter. Unlabelled numbers are how inch/millimetre errors enter a catalog.) ; constraint: 1.00 (all 2 constraint(s) on arbor_diameter hold) ; identity: abstained (arbor_diameter is not an identity claim) ; vocabulary: abstained (arbor_diameter is quantity, not a controlled term)"
49-94-1935,ATTRIBUTE_LABEL 4,material_application,Application,,derived,yes,,,"dimensional: abstained (material_application is nominal, not a physical quantity) ; constraint: abstained (no constraint in abrasive.cutoff_disc mentions material_application) ; identity: abstained (material_application is not an identity claim) ; vocabulary: 1.00 ('masonry' is a declared term for material_application)"
49-94-1935,ATTRIBUTE_VALUE 4,material_application,masonry,,extracted,no,,Masonry,"dimensional: abstained (material_application is nominal, not a physical quantity) ; constraint: abstained (no constraint in abrasive.cutoff_disc mentions material_application) ; identity: abstained (material_application is not an identity claim) ; vocabulary: 1.00 ('masonry' is a declared term for material_application)"
49-94-1935,ATTRIBUTE_LABEL 5,wheel_type,Wheel Type,,derived,yes,,,"dimensional: abstained (wheel_type is nominal, not a physical quantity) ; constraint: abstained (no constraint in abrasive.cutoff_disc mentions wheel_type) ; identity: abstained (wheel_type is not an identity claim) ; vocabulary: 0.00 ('Cut Off' is not a term wheel_type accepts. This category allows 'type 1 flat', 'type 27 depressed center', 'type 41 flat', 'type 42 depressed center'. A plausible-sounding value outside the vocabulary is exactly the failure a confidence score does not catch.)"
49-94-1935,ATTRIBUTE_VALUE 5,wheel_type,Cut Off,,extracted,no,,Cut Off,"dimensional: abstained (wheel_type is nominal, not a physical quantity) ; constraint: abstained (no constraint in abrasive.cutoff_disc mentions wheel_type) ; identity: abstained (wheel_type is not an identity claim) ; vocabulary: 0.00 ('Cut Off' is not a term wheel_type accepts. This category allows 'type 1 flat', 'type 27 depressed center', 'type 41 flat', 'type 42 depressed center'. A plausible-sounding value outside the vocabulary is exactly the failure a confidence score does not catch.)"
49-94-1935,ATTRIBUTE_LABEL 6,abrasive_grain,Abrasive,,derived,yes,,,
49-94-1935,ATTRIBUTE_LABEL 7,max_rpm,Maximum Speed,,derived,yes,,,
49-94-1935,ATTRIBUTE_LABEL 8,pack_quantity,Quantity,,derived,yes,,,"dimensional: 0.55 ('1' carries no unit; assuming dimensionless. Unlabelled numbers are how inch/millimetre errors enter a catalog.) ; constraint: 1.00 (all 1 constraint(s) on pack_quantity hold) ; identity: abstained (pack_quantity is not an identity claim) ; vocabulary: abstained (pack_quantity is quantity, not a controlled term)"
49-94-1935,ATTRIBUTE_VALUE 8,pack_quantity,1,,extracted,no,,1,"dimensional: 0.55 ('1' carries no unit; assuming dimensionless. Unlabelled numbers are how inch/millimetre errors enter a catalog.) ; constraint: 1.00 (all 1 constraint(s) on pack_quantity hold) ; identity: abstained (pack_quantity is not an identity claim) ; vocabulary: abstained (pack_quantity is quantity, not a controlled term)"
49-94-1935,UNSPSC,,23101500,,routed,yes,,"Cut | Off | Disc | Cut Off | 12""x1/8""x1""",
49-94-1935,Selling Qty,pack_quantity,1,,derived,yes,,1,"dimensional: 0.55 ('1' carries no unit; assuming dimensionless. Unlabelled numbers are how inch/millimetre errors enter a catalog.) ; constraint: 1.00 (all 1 constraint(s) on pack_quantity hold) ; identity: abstained (pack_quantity is not an identity claim) ; vocabulary: abstained (pack_quantity is quantity, not a controlled term)"
49-94-1935,Selling UOM,pack_quantity,EA,,derived,yes,,,"dimensional: 0.55 ('1' carries no unit; assuming dimensionless. Unlabelled numbers are how inch/millimetre errors enter a catalog.) ; constraint: 1.00 (all 1 constraint(s) on pack_quantity hold) ; identity: abstained (pack_quantity is not an identity claim) ; vocabulary: abstained (pack_quantity is quantity, not a controlled term)"
49-94-1940,Dept,,Tools & Equipment,,routed,yes,,"Cut | Off | Disc | Cut Off | 14""x1/8""x1""",
49-94-1940,Class,,Power Tool Accessories,,routed,yes,,"Cut | Off | Disc | Cut Off | 14""x1/8""x1""",
49-94-1940,Fine,,Cut-Off & Grinding Wheels,,routed,yes,,"Cut | Off | Disc | Cut Off | 14""x1/8""x1""",
49-94-1940,Mfg_Part_Num,,49-94-1940,,passthrough,yes,,,
49-94-1940,Part_Desc,,"49-94-1940 Milw 14""x1/8""x1"" Masonry Cut Off Disc",,passthrough,yes,,,
49-94-1940,E1_Brand,,-- Unbranded --,,passthrough,yes,,,
49-94-1940,Unilog_Brand,,-- No Unilog Brand --,,passthrough,yes,,,
49-94-1940,DIB_Brand,,-- No DIB Brand --,,passthrough,yes,,,
49-94-1940,Part_Manuf,,Milwaukee Accessory (4031),,passthrough,yes,,,
49-94-1940,MANUFACTURER_NAME,,Milwaukee Accessory,,passthrough,yes,,,
49-94-1940,MANUFACTURER_PART_NUMBER,,49-94-1940,,passthrough,yes,,,
49-94-1940,Classpath,,Tools & Equipment>Power Tool Accessories>Abrasive Wheels,,routed,yes,,"Cut | Off | Disc | Cut Off | 14""x1/8""x1""",
49-94-1940,MOBILE_DESC,,"Milwaukee Accessory, Cut-Off Wheel, 49-94-1940, 14 in Diameter",,composed,yes,,14,
49-94-1940,INVOICE_DESC,,CUT-OFF WHEEL 14IN 0.125IN 1IN MASONRY 1,,composed,yes,,14 | 1/8 | 1 | Masonry,
49-94-1940,SHORT_DESC,,"49-94-1940 Cut-Off Wheel, 14 in Diameter, 0.125 in Thickness, 1 in Arbor Size, masonry Application, Cut Off Wheel Type",,composed,yes,,14 | 1/8 | 1 | Masonry | Cut Off,
49-94-1940,LONG_DESC1,,"Cut-Off Wheel, 14 in Diameter, 0.125 in Thickness, 1 in Arbor Size, masonry Application, Cut Off Wheel Type, 1 Quantity",,composed,yes,,14 | 1/8 | 1 | Masonry | Cut Off,
49-94-1940,RETAIL_DESC,,"Cut-Off Wheel, 14 in Diameter, 0.125 in Thickness, 1 in Arbor Size, masonry Application, Cut Off Wheel Type, 1 Quantity",,composed,yes,,14 | 1/8 | 1 | Masonry | Cut Off,
49-94-1940,ITEM_FEATURES_1,,14 in,,composed,yes,,14,
49-94-1940,ITEM_FEATURES_2,,0.125 in,,composed,yes,,1/8,
49-94-1940,ITEM_FEATURES_3,,1 in,,composed,yes,,1,
49-94-1940,Application,material_application,masonry,,derived,yes,,Masonry,"dimensional: abstained (material_application is nominal, not a physical quantity) ; constraint: abstained (no constraint in abrasive.cutoff_disc mentions material_application) ; identity: abstained (material_application is not an identity claim) ; vocabulary: 1.00 ('masonry' is a declared term for material_application)"
49-94-1940,ATTRIBUTE_LABEL 1,disc_diameter,Diameter,,derived,yes,,,"dimensional: 0.55 ('14' carries no unit; assuming millimeter. Unlabelled numbers are how inch/millimetre errors enter a catalog.) ; constraint: 1.00 (all 3 constraint(s) on disc_diameter hold) ; identity: abstained (disc_diameter is not an identity claim) ; vocabulary: abstained (disc_diameter is quantity, not a controlled term)"
49-94-1940,ATTRIBUTE_VALUE 1,disc_diameter,14,,extracted,no,,14,"dimensional: 0.55 ('14' carries no unit; assuming millimeter. Unlabelled numbers are how inch/millimetre errors enter a catalog.) ; constraint: 1.00 (all 3 constraint(s) on disc_diameter hold) ; identity: abstained (disc_diameter is not an identity claim) ; vocabulary: abstained (disc_diameter is quantity, not a controlled term)"
49-94-1940,ATTRIBUTE_UOM 1,disc_diameter,in,,derived,no,,,"dimensional: 0.55 ('14' carries no unit; assuming millimeter. Unlabelled numbers are how inch/millimetre errors enter a catalog.) ; constraint: 1.00 (all 3 constraint(s) on disc_diameter hold) ; identity: abstained (disc_diameter is not an identity claim) ; vocabulary: abstained (disc_diameter is quantity, not a controlled term)"
49-94-1940,ATTRIBUTE_LABEL 2,thickness,Thickness,,derived,yes,,,"dimensional: 0.55 ('0.125' carries no unit; assuming millimeter. Unlabelled numbers are how inch/millimetre errors enter a catalog.) ; constraint: 1.00 (all 2 constraint(s) on thickness hold) ; identity: abstained (thickness is not an identity claim) ; vocabulary: abstained (thickness is quantity, not a controlled term)"
49-94-1940,ATTRIBUTE_VALUE 2,thickness,0.125,,extracted,no,,1/8,"dimensional: 0.55 ('0.125' carries no unit; assuming millimeter. Unlabelled numbers are how inch/millimetre errors enter a catalog.) ; constraint: 1.00 (all 2 constraint(s) on thickness hold) ; identity: abstained (thickness is not an identity claim) ; vocabulary: abstained (thickness is quantity, not a controlled term)"
49-94-1940,ATTRIBUTE_UOM 2,thickness,in,,derived,no,,,"dimensional: 0.55 ('0.125' carries no unit; assuming millimeter. Unlabelled numbers are how inch/millimetre errors enter a catalog.) ; constraint: 1.00 (all 2 constraint(s) on thickness hold) ; identity: abstained (thickness is not an identity claim) ; vocabulary: abstained (thickness is quantity, not a controlled term)"
49-94-1940,ATTRIBUTE_LABEL 3,arbor_diameter,Arbor Size,,derived,yes,,,"dimensional: 0.55 ('1' carries no unit; assuming millimeter. Unlabelled numbers are how inch/millimetre errors enter a catalog.) ; constraint: 1.00 (all 2 constraint(s) on arbor_diameter hold) ; identity: abstained (arbor_diameter is not an identity claim) ; vocabulary: abstained (arbor_diameter is quantity, not a controlled term)"
49-94-1940,ATTRIBUTE_VALUE 3,arbor_diameter,1,,extracted,no,,1,"dimensional: 0.55 ('1' carries no unit; assuming millimeter. Unlabelled numbers are how inch/millimetre errors enter a catalog.) ; constraint: 1.00 (all 2 constraint(s) on arbor_diameter hold) ; identity: abstained (arbor_diameter is not an identity claim) ; vocabulary: abstained (arbor_diameter is quantity, not a controlled term)"
49-94-1940,ATTRIBUTE_UOM 3,arbor_diameter,in,,derived,no,,,"dimensional: 0.55 ('1' carries no unit; assuming millimeter. Unlabelled numbers are how inch/millimetre errors enter a catalog.) ; constraint: 1.00 (all 2 constraint(s) on arbor_diameter hold) ; identity: abstained (arbor_diameter is not an identity claim) ; vocabulary: abstained (arbor_diameter is quantity, not a controlled term)"
49-94-1940,ATTRIBUTE_LABEL 4,material_application,Application,,derived,yes,,,"dimensional: abstained (material_application is nominal, not a physical quantity) ; constraint: abstained (no constraint in abrasive.cutoff_disc mentions material_application) ; identity: abstained (material_application is not an identity claim) ; vocabulary: 1.00 ('masonry' is a declared term for material_application)"
49-94-1940,ATTRIBUTE_VALUE 4,material_application,masonry,,extracted,no,,Masonry,"dimensional: abstained (material_application is nominal, not a physical quantity) ; constraint: abstained (no constraint in abrasive.cutoff_disc mentions material_application) ; identity: abstained (material_application is not an identity claim) ; vocabulary: 1.00 ('masonry' is a declared term for material_application)"
49-94-1940,ATTRIBUTE_LABEL 5,wheel_type,Wheel Type,,derived,yes,,,"dimensional: abstained (wheel_type is nominal, not a physical quantity) ; constraint: abstained (no constraint in abrasive.cutoff_disc mentions wheel_type) ; identity: abstained (wheel_type is not an identity claim) ; vocabulary: 0.00 ('Cut Off' is not a term wheel_type accepts. This category allows 'type 1 flat', 'type 27 depressed center', 'type 41 flat', 'type 42 depressed center'. A plausible-sounding value outside the vocabulary is exactly the failure a confidence score does not catch.)"
49-94-1940,ATTRIBUTE_VALUE 5,wheel_type,Cut Off,,extracted,no,,Cut Off,"dimensional: abstained (wheel_type is nominal, not a physical quantity) ; constraint: abstained (no constraint in abrasive.cutoff_disc mentions wheel_type) ; identity: abstained (wheel_type is not an identity claim) ; vocabulary: 0.00 ('Cut Off' is not a term wheel_type accepts. This category allows 'type 1 flat', 'type 27 depressed center', 'type 41 flat', 'type 42 depressed center'. A plausible-sounding value outside the vocabulary is exactly the failure a confidence score does not catch.)"
49-94-1940,ATTRIBUTE_LABEL 6,abrasive_grain,Abrasive,,derived,yes,,,
49-94-1940,ATTRIBUTE_LABEL 7,max_rpm,Maximum Speed,,derived,yes,,,
49-94-1940,ATTRIBUTE_LABEL 8,pack_quantity,Quantity,,derived,yes,,,"dimensional: 0.55 ('1' carries no unit; assuming dimensionless. Unlabelled numbers are how inch/millimetre errors enter a catalog.) ; constraint: 1.00 (all 1 constraint(s) on pack_quantity hold) ; identity: abstained (pack_quantity is not an identity claim) ; vocabulary: abstained (pack_quantity is quantity, not a controlled term)"
49-94-1940,ATTRIBUTE_VALUE 8,pack_quantity,1,,extracted,no,,1,"dimensional: 0.55 ('1' carries no unit; assuming dimensionless. Unlabelled numbers are how inch/millimetre errors enter a catalog.) ; constraint: 1.00 (all 1 constraint(s) on pack_quantity hold) ; identity: abstained (pack_quantity is not an identity claim) ; vocabulary: abstained (pack_quantity is quantity, not a controlled term)"
49-94-1940,UNSPSC,,23101500,,routed,yes,,"Cut | Off | Disc | Cut Off | 14""x1/8""x1""",
49-94-1940,Selling Qty,pack_quantity,1,,derived,yes,,1,"dimensional: 0.55 ('1' carries no unit; assuming dimensionless. Unlabelled numbers are how inch/millimetre errors enter a catalog.) ; constraint: 1.00 (all 1 constraint(s) on pack_quantity hold) ; identity: abstained (pack_quantity is not an identity claim) ; vocabulary: abstained (pack_quantity is quantity, not a controlled term)"
49-94-1940,Selling UOM,pack_quantity,EA,,derived,yes,,,"dimensional: 0.55 ('1' carries no unit; assuming dimensionless. Unlabelled numbers are how inch/millimetre errors enter a catalog.) ; constraint: 1.00 (all 1 constraint(s) on pack_quantity hold) ; identity: abstained (pack_quantity is not an identity claim) ; vocabulary: abstained (pack_quantity is quantity, not a controlled term)"
49-94-0501,Dept,,Tools & Equipment,,routed,yes,,"Wheel | Grinding | Metal | 4""x1/4""x5/8""",
49-94-0501,Class,,Power Tool Accessories,,routed,yes,,"Wheel | Grinding | Metal | 4""x1/4""x5/8""",
49-94-0501,Fine,,Cut-Off & Grinding Wheels,,routed,yes,,"Wheel | Grinding | Metal | 4""x1/4""x5/8""",
49-94-0501,Mfg_Part_Num,,49-94-0501,,passthrough,yes,,,
49-94-0501,Part_Desc,,"49-94-0501 Milw 4""x1/4""x5/8"" Metal Grinding Wheel",,passthrough,yes,,,
49-94-0501,E1_Brand,,-- Unbranded --,,passthrough,yes,,,
49-94-0501,Unilog_Brand,,-- No Unilog Brand --,,passthrough,yes,,,
49-94-0501,DIB_Brand,,-- No DIB Brand --,,passthrough,yes,,,
49-94-0501,Part_Manuf,,Milwaukee Accessory (4031),,passthrough,yes,,,
49-94-0501,MANUFACTURER_NAME,,Milwaukee Accessory,,passthrough,yes,,,
49-94-0501,MANUFACTURER_PART_NUMBER,,49-94-0501,,passthrough,yes,,,
49-94-0501,Classpath,,Tools & Equipment>Power Tool Accessories>Abrasive Wheels,,routed,yes,,"Wheel | Grinding | Metal | 4""x1/4""x5/8""",
49-94-0501,MOBILE_DESC,,"Milwaukee Accessory, Cut-Off Wheel, 49-94-0501, 4 in Diameter",,composed,yes,,4,
49-94-0501,INVOICE_DESC,,CUT-OFF WHEEL 4IN 0.25IN 0.625IN METAL 1,,composed,yes,,4 | 1/4 | 5/8 | Metal | 1,
49-94-0501,SHORT_DESC,,"49-94-0501 Cut-Off Wheel, 4 in Diameter, 0.25 in Thickness, 0.625 in Arbor Size, metal Application, Grinding Wheel Type",,composed,yes,,4 | 1/4 | 5/8 | Metal | Grinding,
49-94-0501,LONG_DESC1,,"Cut-Off Wheel, 4 in Diameter, 0.25 in Thickness, 0.625 in Arbor Size, metal Application, Grinding Wheel Type, 1 Quantity",,composed,yes,,4 | 1/4 | 5/8 | Metal | Grinding | 1,
49-94-0501,RETAIL_DESC,,"Cut-Off Wheel, 4 in Diameter, 0.25 in Thickness, 0.625 in Arbor Size, metal Application, Grinding Wheel Type, 1 Quantity",,composed,yes,,4 | 1/4 | 5/8 | Metal | Grinding | 1,
49-94-0501,ITEM_FEATURES_1,,4 in,,composed,yes,,4,
49-94-0501,ITEM_FEATURES_2,,0.25 in,,composed,yes,,1/4,
49-94-0501,ITEM_FEATURES_3,,0.625 in,,composed,yes,,5/8,
49-94-0501,Application,material_application,metal,,derived,yes,,Metal,"dimensional: abstained (material_application is nominal, not a physical quantity) ; constraint: abstained (no constraint in abrasive.cutoff_disc mentions material_application) ; identity: abstained (material_application is not an identity claim) ; vocabulary: 1.00 ('metal' is a declared term for material_application)"
49-94-0501,ATTRIBUTE_LABEL 1,disc_diameter,Diameter,,derived,yes,,,"dimensional: 0.55 ('4' carries no unit; assuming millimeter. Unlabelled numbers are how inch/millimetre errors enter a catalog.) ; constraint: 1.00 (all 3 constraint(s) on disc_diameter hold) ; identity: abstained (disc_diameter is not an identity claim) ; vocabulary: abstained (disc_diameter is quantity, not a controlled term)"
49-94-0501,ATTRIBUTE_VALUE 1,disc_diameter,4,,extracted,no,,4,"dimensional: 0.55 ('4' carries no unit; assuming millimeter. Unlabelled numbers are how inch/millimetre errors enter a catalog.) ; constraint: 1.00 (all 3 constraint(s) on disc_diameter hold) ; identity: abstained (disc_diameter is not an identity claim) ; vocabulary: abstained (disc_diameter is quantity, not a controlled term)"
49-94-0501,ATTRIBUTE_UOM 1,disc_diameter,in,,derived,no,,,"dimensional: 0.55 ('4' carries no unit; assuming millimeter. Unlabelled numbers are how inch/millimetre errors enter a catalog.) ; constraint: 1.00 (all 3 constraint(s) on disc_diameter hold) ; identity: abstained (disc_diameter is not an identity claim) ; vocabulary: abstained (disc_diameter is quantity, not a controlled term)"
49-94-0501,ATTRIBUTE_LABEL 2,thickness,Thickness,,derived,yes,,,"dimensional: 0.55 ('0.25' carries no unit; assuming millimeter. Unlabelled numbers are how inch/millimetre errors enter a catalog.) ; constraint: 1.00 (all 2 constraint(s) on thickness hold) ; identity: abstained (thickness is not an identity claim) ; vocabulary: abstained (thickness is quantity, not a controlled term)"
49-94-0501,ATTRIBUTE_VALUE 2,thickness,0.25,,extracted,no,,1/4,"dimensional: 0.55 ('0.25' carries no unit; assuming millimeter. Unlabelled numbers are how inch/millimetre errors enter a catalog.) ; constraint: 1.00 (all 2 constraint(s) on thickness hold) ; identity: abstained (thickness is not an identity claim) ; vocabulary: abstained (thickness is quantity, not a controlled term)"
49-94-0501,ATTRIBUTE_UOM 2,thickness,in,,derived,no,,,"dimensional: 0.55 ('0.25' carries no unit; assuming millimeter. Unlabelled numbers are how inch/millimetre errors enter a catalog.) ; constraint: 1.00 (all 2 constraint(s) on thickness hold) ; identity: abstained (thickness is not an identity claim) ; vocabulary: abstained (thickness is quantity, not a controlled term)"
49-94-0501,ATTRIBUTE_LABEL 3,arbor_diameter,Arbor Size,,derived,yes,,,"dimensional: 0.55 ('0.625' carries no unit; assuming millimeter. Unlabelled numbers are how inch/millimetre errors enter a catalog.) ; constraint: 1.00 (all 2 constraint(s) on arbor_diameter hold) ; identity: abstained (arbor_diameter is not an identity claim) ; vocabulary: abstained (arbor_diameter is quantity, not a controlled term)"
49-94-0501,ATTRIBUTE_VALUE 3,arbor_diameter,0.625,,extracted,no,,5/8,"dimensional: 0.55 ('0.625' carries no unit; assuming millimeter. Unlabelled numbers are how inch/millimetre errors enter a catalog.) ; constraint: 1.00 (all 2 constraint(s) on arbor_diameter hold) ; identity: abstained (arbor_diameter is not an identity claim) ; vocabulary: abstained (arbor_diameter is quantity, not a controlled term)"
49-94-0501,ATTRIBUTE_UOM 3,arbor_diameter,in,,derived,no,,,"dimensional: 0.55 ('0.625' carries no unit; assuming millimeter. Unlabelled numbers are how inch/millimetre errors enter a catalog.) ; constraint: 1.00 (all 2 constraint(s) on arbor_diameter hold) ; identity: abstained (arbor_diameter is not an identity claim) ; vocabulary: abstained (arbor_diameter is quantity, not a controlled term)"
49-94-0501,ATTRIBUTE_LABEL 4,material_application,Application,,derived,yes,,,"dimensional: abstained (material_application is nominal, not a physical quantity) ; constraint: abstained (no constraint in abrasive.cutoff_disc mentions material_application) ; identity: abstained (material_application is not an identity claim) ; vocabulary: 1.00 ('metal' is a declared term for material_application)"
49-94-0501,ATTRIBUTE_VALUE 4,material_application,metal,,extracted,no,,Metal,"dimensional: abstained (material_application is nominal, not a physical quantity) ; constraint: abstained (no constraint in abrasive.cutoff_disc mentions material_application) ; identity: abstained (material_application is not an identity claim) ; vocabulary: 1.00 ('metal' is a declared term for material_application)"
49-94-0501,ATTRIBUTE_LABEL 5,wheel_type,Wheel Type,,derived,yes,,,"dimensional: abstained (wheel_type is nominal, not a physical quantity) ; constraint: abstained (no constraint in abrasive.cutoff_disc mentions wheel_type) ; identity: abstained (wheel_type is not an identity claim) ; vocabulary: 0.00 ('Grinding' is not a term wheel_type accepts. This category allows 'type 1 flat', 'type 27 depressed center', 'type 41 flat', 'type 42 depressed center'. A plausible-sounding value outside the vocabulary is exactly the failure a confidence score does not catch.)"
49-94-0501,ATTRIBUTE_VALUE 5,wheel_type,Grinding,,extracted,no,,Grinding,"dimensional: abstained (wheel_type is nominal, not a physical quantity) ; constraint: abstained (no constraint in abrasive.cutoff_disc mentions wheel_type) ; identity: abstained (wheel_type is not an identity claim) ; vocabulary: 0.00 ('Grinding' is not a term wheel_type accepts. This category allows 'type 1 flat', 'type 27 depressed center', 'type 41 flat', 'type 42 depressed center'. A plausible-sounding value outside the vocabulary is exactly the failure a confidence score does not catch.)"
49-94-0501,ATTRIBUTE_LABEL 6,abrasive_grain,Abrasive,,derived,yes,,,
49-94-0501,ATTRIBUTE_LABEL 7,max_rpm,Maximum Speed,,derived,yes,,,
49-94-0501,ATTRIBUTE_LABEL 8,pack_quantity,Quantity,,derived,yes,,,"dimensional: 0.55 ('1' carries no unit; assuming dimensionless. Unlabelled numbers are how inch/millimetre errors enter a catalog.) ; constraint: 1.00 (all 1 constraint(s) on pack_quantity hold) ; identity: abstained (pack_quantity is not an identity claim) ; vocabulary: abstained (pack_quantity is quantity, not a controlled term)"
49-94-0501,ATTRIBUTE_VALUE 8,pack_quantity,1,,extracted,no,,1,"dimensional: 0.55 ('1' carries no unit; assuming dimensionless. Unlabelled numbers are how inch/millimetre errors enter a catalog.) ; constraint: 1.00 (all 1 constraint(s) on pack_quantity hold) ; identity: abstained (pack_quantity is not an identity claim) ; vocabulary: abstained (pack_quantity is quantity, not a controlled term)"
49-94-0501,UNSPSC,,23101500,,routed,yes,,"Wheel | Grinding | Metal | 4""x1/4""x5/8""",
49-94-0501,Selling Qty,pack_quantity,1,,derived,yes,,1,"dimensional: 0.55 ('1' carries no unit; assuming dimensionless. Unlabelled numbers are how inch/millimetre errors enter a catalog.) ; constraint: 1.00 (all 1 constraint(s) on pack_quantity hold) ; identity: abstained (pack_quantity is not an identity claim) ; vocabulary: abstained (pack_quantity is quantity, not a controlled term)"
49-94-0501,Selling UOM,pack_quantity,EA,,derived,yes,,,"dimensional: 0.55 ('1' carries no unit; assuming dimensionless. Unlabelled numbers are how inch/millimetre errors enter a catalog.) ; constraint: 1.00 (all 1 constraint(s) on pack_quantity hold) ; identity: abstained (pack_quantity is not an identity claim) ; vocabulary: abstained (pack_quantity is quantity, not a controlled term)"
49-94-0503,Dept,,Tools & Equipment,,routed,yes,,"Wheel | Grinding | Metal | 4-1/2""x1/4""x7/8""",
49-94-0503,Class,,Power Tool Accessories,,routed,yes,,"Wheel | Grinding | Metal | 4-1/2""x1/4""x7/8""",
49-94-0503,Fine,,Cut-Off & Grinding Wheels,,routed,yes,,"Wheel | Grinding | Metal | 4-1/2""x1/4""x7/8""",
49-94-0503,Mfg_Part_Num,,49-94-0503,,passthrough,yes,,,
49-94-0503,Part_Desc,,"49-94-0503 Milw 4-1/2""x1/4""x7/8"" Metal Grinding Wheel",,passthrough,yes,,,
49-94-0503,E1_Brand,,-- Unbranded --,,passthrough,yes,,,
49-94-0503,Unilog_Brand,,-- No Unilog Brand --,,passthrough,yes,,,
49-94-0503,DIB_Brand,,-- No DIB Brand --,,passthrough,yes,,,
49-94-0503,Part_Manuf,,Milwaukee Accessory (4031),,passthrough,yes,,,
49-94-0503,MANUFACTURER_NAME,,Milwaukee Accessory,,passthrough,yes,,,
49-94-0503,MANUFACTURER_PART_NUMBER,,49-94-0503,,passthrough,yes,,,
49-94-0503,Classpath,,Tools & Equipment>Power Tool Accessories>Abrasive Wheels,,routed,yes,,"Wheel | Grinding | Metal | 4-1/2""x1/4""x7/8""",
49-94-0503,MOBILE_DESC,,"Milwaukee Accessory, Cut-Off Wheel, 49-94-0503, 4.5 in Diameter",,composed,yes,,4-1/2,
49-94-0503,INVOICE_DESC,,CUT-OFF WHEEL 4.5IN 0.25IN 0.875IN METAL,,composed,yes,,4-1/2 | 1/4 | 7/8 | Metal,
49-94-0503,SHORT_DESC,,"49-94-0503 Cut-Off Wheel, 4.5 in Diameter, 0.25 in Thickness, 0.875 in Arbor Size, metal Application",,composed,yes,,4-1/2 | 1/4 | 7/8 | Metal,
49-94-0503,LONG_DESC1,,"Cut-Off Wheel, 4.5 in Diameter, 0.25 in Thickness, 0.875 in Arbor Size, metal Application, Grinding Wheel Wheel Type, 1 Quantity",,composed,yes,,4-1/2 | 1/4 | 7/8 | Metal | Grinding Wheel | 1,
49-94-0503,RETAIL_DESC,,"Cut-Off Wheel, 4.5 in Diameter, 0.25 in Thickness, 0.875 in Arbor Size, metal Application, Grinding Wheel Wheel Type",,composed,yes,,4-1/2 | 1/4 | 7/8 | Metal | Grinding Wheel,
49-94-0503,ITEM_FEATURES_1,,4.5 in,,composed,yes,,4-1/2,
49-94-0503,ITEM_FEATURES_2,,0.25 in,,composed,yes,,1/4,
49-94-0503,ITEM_FEATURES_3,,0.875 in,,composed,yes,,7/8,
49-94-0503,Application,material_application,metal,,derived,yes,,Metal,"dimensional: abstained (material_application is nominal, not a physical quantity) ; constraint: abstained (no constraint in abrasive.cutoff_disc mentions material_application) ; identity: abstained (material_application is not an identity claim) ; vocabulary: 1.00 ('metal' is a declared term for material_application)"
49-94-0503,ATTRIBUTE_LABEL 1,disc_diameter,Diameter,,derived,yes,,,"dimensional: 0.55 ('4.5' carries no unit; assuming millimeter. Unlabelled numbers are how inch/millimetre errors enter a catalog.) ; constraint: 1.00 (all 3 constraint(s) on disc_diameter hold) ; identity: abstained (disc_diameter is not an identity claim) ; vocabulary: abstained (disc_diameter is quantity, not a controlled term)"
49-94-0503,ATTRIBUTE_VALUE 1,disc_diameter,4.5,,extracted,no,,4-1/2,"dimensional: 0.55 ('4.5' carries no unit; assuming millimeter. Unlabelled numbers are how inch/millimetre errors enter a catalog.) ; constraint: 1.00 (all 3 constraint(s) on disc_diameter hold) ; identity: abstained (disc_diameter is not an identity claim) ; vocabulary: abstained (disc_diameter is quantity, not a controlled term)"
49-94-0503,ATTRIBUTE_UOM 1,disc_diameter,in,,derived,no,,,"dimensional: 0.55 ('4.5' carries no unit; assuming millimeter. Unlabelled numbers are how inch/millimetre errors enter a catalog.) ; constraint: 1.00 (all 3 constraint(s) on disc_diameter hold) ; identity: abstained (disc_diameter is not an identity claim) ; vocabulary: abstained (disc_diameter is quantity, not a controlled term)"
49-94-0503,ATTRIBUTE_LABEL 2,thickness,Thickness,,derived,yes,,,"dimensional: 0.55 ('0.25' carries no unit; assuming millimeter. Unlabelled numbers are how inch/millimetre errors enter a catalog.) ; constraint: 1.00 (all 2 constraint(s) on thickness hold) ; identity: abstained (thickness is not an identity claim) ; vocabulary: abstained (thickness is quantity, not a controlled term)"
49-94-0503,ATTRIBUTE_VALUE 2,thickness,0.25,,extracted,no,,1/4,"dimensional: 0.55 ('0.25' carries no unit; assuming millimeter. Unlabelled numbers are how inch/millimetre errors enter a catalog.) ; constraint: 1.00 (all 2 constraint(s) on thickness hold) ; identity: abstained (thickness is not an identity claim) ; vocabulary: abstained (thickness is quantity, not a controlled term)"
49-94-0503,ATTRIBUTE_UOM 2,thickness,in,,derived,no,,,"dimensional: 0.55 ('0.25' carries no unit; assuming millimeter. Unlabelled numbers are how inch/millimetre errors enter a catalog.) ; constraint: 1.00 (all 2 constraint(s) on thickness hold) ; identity: abstained (thickness is not an identity claim) ; vocabulary: abstained (thickness is quantity, not a controlled term)"
49-94-0503,ATTRIBUTE_LABEL 3,arbor_diameter,Arbor Size,,derived,yes,,,"dimensional: 0.55 ('0.875' carries no unit; assuming millimeter. Unlabelled numbers are how inch/millimetre errors enter a catalog.) ; constraint: 1.00 (all 2 constraint(s) on arbor_diameter hold) ; identity: abstained (arbor_diameter is not an identity claim) ; vocabulary: abstained (arbor_diameter is quantity, not a controlled term)"
49-94-0503,ATTRIBUTE_VALUE 3,arbor_diameter,0.875,,extracted,no,,7/8,"dimensional: 0.55 ('0.875' carries no unit; assuming millimeter. Unlabelled numbers are how inch/millimetre errors enter a catalog.) ; constraint: 1.00 (all 2 constraint(s) on arbor_diameter hold) ; identity: abstained (arbor_diameter is not an identity claim) ; vocabulary: abstained (arbor_diameter is quantity, not a controlled term)"
49-94-0503,ATTRIBUTE_UOM 3,arbor_diameter,in,,derived,no,,,"dimensional: 0.55 ('0.875' carries no unit; assuming millimeter. Unlabelled numbers are how inch/millimetre errors enter a catalog.) ; constraint: 1.00 (all 2 constraint(s) on arbor_diameter hold) ; identity: abstained (arbor_diameter is not an identity claim) ; vocabulary: abstained (arbor_diameter is quantity, not a controlled term)"
49-94-0503,ATTRIBUTE_LABEL 4,material_application,Application,,derived,yes,,,"dimensional: abstained (material_application is nominal, not a physical quantity) ; constraint: abstained (no constraint in abrasive.cutoff_disc mentions material_application) ; identity: abstained (material_application is not an identity claim) ; vocabulary: 1.00 ('metal' is a declared term for material_application)"
49-94-0503,ATTRIBUTE_VALUE 4,material_application,metal,,extracted,no,,Metal,"dimensional: abstained (material_application is nominal, not a physical quantity) ; constraint: abstained (no constraint in abrasive.cutoff_disc mentions material_application) ; identity: abstained (material_application is not an identity claim) ; vocabulary: 1.00 ('metal' is a declared term for material_application)"
49-94-0503,ATTRIBUTE_LABEL 5,wheel_type,Wheel Type,,derived,yes,,,"dimensional: abstained (wheel_type is nominal, not a physical quantity) ; constraint: abstained (no constraint in abrasive.cutoff_disc mentions wheel_type) ; identity: abstained (wheel_type is not an identity claim) ; vocabulary: 0.00 ('Grinding Wheel' is not a term wheel_type accepts. This category allows 'type 1 flat', 'type 27 depressed center', 'type 41 flat', 'type 42 depressed center'. A plausible-sounding value outside the vocabulary is exactly the failure a confidence score does not catch.)"
49-94-0503,ATTRIBUTE_VALUE 5,wheel_type,Grinding Wheel,,extracted,no,,Grinding Wheel,"dimensional: abstained (wheel_type is nominal, not a physical quantity) ; constraint: abstained (no constraint in abrasive.cutoff_disc mentions wheel_type) ; identity: abstained (wheel_type is not an identity claim) ; vocabulary: 0.00 ('Grinding Wheel' is not a term wheel_type accepts. This category allows 'type 1 flat', 'type 27 depressed center', 'type 41 flat', 'type 42 depressed center'. A plausible-sounding value outside the vocabulary is exactly the failure a confidence score does not catch.)"
49-94-0503,ATTRIBUTE_LABEL 6,abrasive_grain,Abrasive,,derived,yes,,,
49-94-0503,ATTRIBUTE_LABEL 7,max_rpm,Maximum Speed,,derived,yes,,,
49-94-0503,ATTRIBUTE_LABEL 8,pack_quantity,Quantity,,derived,yes,,,"dimensional: 0.55 ('1' carries no unit; assuming dimensionless. Unlabelled numbers are how inch/millimetre errors enter a catalog.) ; constraint: 1.00 (all 1 constraint(s) on pack_quantity hold) ; identity: abstained (pack_quantity is not an identity claim) ; vocabulary: abstained (pack_quantity is quantity, not a controlled term)"
49-94-0503,ATTRIBUTE_VALUE 8,pack_quantity,1,,extracted,no,,1,"dimensional: 0.55 ('1' carries no unit; assuming dimensionless. Unlabelled numbers are how inch/millimetre errors enter a catalog.) ; constraint: 1.00 (all 1 constraint(s) on pack_quantity hold) ; identity: abstained (pack_quantity is not an identity claim) ; vocabulary: abstained (pack_quantity is quantity, not a controlled term)"
49-94-0503,UNSPSC,,23101500,,routed,yes,,"Wheel | Grinding | Metal | 4-1/2""x1/4""x7/8""",
49-94-0503,Selling Qty,pack_quantity,1,,derived,yes,,1,"dimensional: 0.55 ('1' carries no unit; assuming dimensionless. Unlabelled numbers are how inch/millimetre errors enter a catalog.) ; constraint: 1.00 (all 1 constraint(s) on pack_quantity hold) ; identity: abstained (pack_quantity is not an identity claim) ; vocabulary: abstained (pack_quantity is quantity, not a controlled term)"
49-94-0503,Selling UOM,pack_quantity,EA,,derived,yes,,,"dimensional: 0.55 ('1' carries no unit; assuming dimensionless. Unlabelled numbers are how inch/millimetre errors enter a catalog.) ; constraint: 1.00 (all 1 constraint(s) on pack_quantity hold) ; identity: abstained (pack_quantity is not an identity claim) ; vocabulary: abstained (pack_quantity is quantity, not a controlled term)"
49-94-0523,Dept,,Tools & Equipment,,routed,yes,,"Wheel | Grinding | Metal | 6""x1/4""x7/8""",
49-94-0523,Class,,Power Tool Accessories,,routed,yes,,"Wheel | Grinding | Metal | 6""x1/4""x7/8""",
49-94-0523,Fine,,Cut-Off & Grinding Wheels,,routed,yes,,"Wheel | Grinding | Metal | 6""x1/4""x7/8""",
49-94-0523,Mfg_Part_Num,,49-94-0523,,passthrough,yes,,,
49-94-0523,Part_Desc,,"49-94-0523 Milw 6""x1/4""x7/8"" Metal Grinding Wheel",,passthrough,yes,,,
49-94-0523,E1_Brand,,-- Unbranded --,,passthrough,yes,,,
49-94-0523,Unilog_Brand,,-- No Unilog Brand --,,passthrough,yes,,,
49-94-0523,DIB_Brand,,-- No DIB Brand --,,passthrough,yes,,,
49-94-0523,Part_Manuf,,Milwaukee Accessory (4031),,passthrough,yes,,,
49-94-0523,MANUFACTURER_NAME,,Milwaukee Accessory,,passthrough,yes,,,
49-94-0523,MANUFACTURER_PART_NUMBER,,49-94-0523,,passthrough,yes,,,
49-94-0523,Classpath,,Tools & Equipment>Power Tool Accessories>Abrasive Wheels,,routed,yes,,"Wheel | Grinding | Metal | 6""x1/4""x7/8""",
49-94-0523,MOBILE_DESC,,"Milwaukee Accessory, Cut-Off Wheel, 49-94-0523, 6 in Diameter",,composed,yes,,6,
49-94-0523,INVOICE_DESC,,CUT-OFF WHEEL 6IN 0.25IN 0.875IN METAL 1,,composed,yes,,6 | 1/4 | 7/8 | Metal | 1,
49-94-0523,SHORT_DESC,,"49-94-0523 Cut-Off Wheel, 6 in Diameter, 0.25 in Thickness, 0.875 in Arbor Size, metal Application, Grinding Wheel Type",,composed,yes,,6 | 1/4 | 7/8 | Metal | Grinding,
49-94-0523,LONG_DESC1,,"Cut-Off Wheel, 6 in Diameter, 0.25 in Thickness, 0.875 in Arbor Size, metal Application, Grinding Wheel Type, 1 Quantity",,composed,yes,,6 | 1/4 | 7/8 | Metal | Grinding | 1,
49-94-0523,RETAIL_DESC,,"Cut-Off Wheel, 6 in Diameter, 0.25 in Thickness, 0.875 in Arbor Size, metal Application, Grinding Wheel Type, 1 Quantity",,composed,yes,,6 | 1/4 | 7/8 | Metal | Grinding | 1,
49-94-0523,ITEM_FEATURES_1,,6 in,,composed,yes,,6,
49-94-0523,ITEM_FEATURES_2,,0.25 in,,composed,yes,,1/4,
49-94-0523,ITEM_FEATURES_3,,0.875 in,,composed,yes,,7/8,
49-94-0523,Application,material_application,metal,,derived,yes,,Metal,"dimensional: abstained (material_application is nominal, not a physical quantity) ; constraint: abstained (no constraint in abrasive.cutoff_disc mentions material_application) ; identity: abstained (material_application is not an identity claim) ; vocabulary: 1.00 ('metal' is a declared term for material_application)"
49-94-0523,ATTRIBUTE_LABEL 1,disc_diameter,Diameter,,derived,yes,,,"dimensional: 0.55 ('6' carries no unit; assuming millimeter. Unlabelled numbers are how inch/millimetre errors enter a catalog.) ; constraint: 1.00 (all 3 constraint(s) on disc_diameter hold) ; identity: abstained (disc_diameter is not an identity claim) ; vocabulary: abstained (disc_diameter is quantity, not a controlled term)"
49-94-0523,ATTRIBUTE_VALUE 1,disc_diameter,6,,extracted,no,,6,"dimensional: 0.55 ('6' carries no unit; assuming millimeter. Unlabelled numbers are how inch/millimetre errors enter a catalog.) ; constraint: 1.00 (all 3 constraint(s) on disc_diameter hold) ; identity: abstained (disc_diameter is not an identity claim) ; vocabulary: abstained (disc_diameter is quantity, not a controlled term)"
49-94-0523,ATTRIBUTE_UOM 1,disc_diameter,in,,derived,no,,,"dimensional: 0.55 ('6' carries no unit; assuming millimeter. Unlabelled numbers are how inch/millimetre errors enter a catalog.) ; constraint: 1.00 (all 3 constraint(s) on disc_diameter hold) ; identity: abstained (disc_diameter is not an identity claim) ; vocabulary: abstained (disc_diameter is quantity, not a controlled term)"
49-94-0523,ATTRIBUTE_LABEL 2,thickness,Thickness,,derived,yes,,,"dimensional: 0.55 ('0.25' carries no unit; assuming millimeter. Unlabelled numbers are how inch/millimetre errors enter a catalog.) ; constraint: 1.00 (all 2 constraint(s) on thickness hold) ; identity: abstained (thickness is not an identity claim) ; vocabulary: abstained (thickness is quantity, not a controlled term)"
49-94-0523,ATTRIBUTE_VALUE 2,thickness,0.25,,extracted,no,,1/4,"dimensional: 0.55 ('0.25' carries no unit; assuming millimeter. Unlabelled numbers are how inch/millimetre errors enter a catalog.) ; constraint: 1.00 (all 2 constraint(s) on thickness hold) ; identity: abstained (thickness is not an identity claim) ; vocabulary: abstained (thickness is quantity, not a controlled term)"
49-94-0523,ATTRIBUTE_UOM 2,thickness,in,,derived,no,,,"dimensional: 0.55 ('0.25' carries no unit; assuming millimeter. Unlabelled numbers are how inch/millimetre errors enter a catalog.) ; constraint: 1.00 (all 2 constraint(s) on thickness hold) ; identity: abstained (thickness is not an identity claim) ; vocabulary: abstained (thickness is quantity, not a controlled term)"
49-94-0523,ATTRIBUTE_LABEL 3,arbor_diameter,Arbor Size,,derived,yes,,,"dimensional: 0.55 ('0.875' carries no unit; assuming millimeter. Unlabelled numbers are how inch/millimetre errors enter a catalog.) ; constraint: 1.00 (all 2 constraint(s) on arbor_diameter hold) ; identity: abstained (arbor_diameter is not an identity claim) ; vocabulary: abstained (arbor_diameter is quantity, not a controlled term)"
49-94-0523,ATTRIBUTE_VALUE 3,arbor_diameter,0.875,,extracted,no,,7/8,"dimensional: 0.55 ('0.875' carries no unit; assuming millimeter. Unlabelled numbers are how inch/millimetre errors enter a catalog.) ; constraint: 1.00 (all 2 constraint(s) on arbor_diameter hold) ; identity: abstained (arbor_diameter is not an identity claim) ; vocabulary: abstained (arbor_diameter is quantity, not a controlled term)"
49-94-0523,ATTRIBUTE_UOM 3,arbor_diameter,in,,derived,no,,,"dimensional: 0.55 ('0.875' carries no unit; assuming millimeter. Unlabelled numbers are how inch/millimetre errors enter a catalog.) ; constraint: 1.00 (all 2 constraint(s) on arbor_diameter hold) ; identity: abstained (arbor_diameter is not an identity claim) ; vocabulary: abstained (arbor_diameter is quantity, not a controlled term)"
49-94-0523,ATTRIBUTE_LABEL 4,material_application,Application,,derived,yes,,,"dimensional: abstained (material_application is nominal, not a physical quantity) ; constraint: abstained (no constraint in abrasive.cutoff_disc mentions material_application) ; identity: abstained (material_application is not an identity claim) ; vocabulary: 1.00 ('metal' is a declared term for material_application)"
49-94-0523,ATTRIBUTE_VALUE 4,material_application,metal,,extracted,no,,Metal,"dimensional: abstained (material_application is nominal, not a physical quantity) ; constraint: abstained (no constraint in abrasive.cutoff_disc mentions material_application) ; identity: abstained (material_application is not an identity claim) ; vocabulary: 1.00 ('metal' is a declared term for material_application)"
49-94-0523,ATTRIBUTE_LABEL 5,wheel_type,Wheel Type,,derived,yes,,,"dimensional: abstained (wheel_type is nominal, not a physical quantity) ; constraint: abstained (no constraint in abrasive.cutoff_disc mentions wheel_type) ; identity: abstained (wheel_type is not an identity claim) ; vocabulary: 0.00 ('Grinding' is not a term wheel_type accepts. This category allows 'type 1 flat', 'type 27 depressed center', 'type 41 flat', 'type 42 depressed center'. A plausible-sounding value outside the vocabulary is exactly the failure a confidence score does not catch.)"
49-94-0523,ATTRIBUTE_VALUE 5,wheel_type,Grinding,,extracted,no,,Grinding,"dimensional: abstained (wheel_type is nominal, not a physical quantity) ; constraint: abstained (no constraint in abrasive.cutoff_disc mentions wheel_type) ; identity: abstained (wheel_type is not an identity claim) ; vocabulary: 0.00 ('Grinding' is not a term wheel_type accepts. This category allows 'type 1 flat', 'type 27 depressed center', 'type 41 flat', 'type 42 depressed center'. A plausible-sounding value outside the vocabulary is exactly the failure a confidence score does not catch.)"
49-94-0523,ATTRIBUTE_LABEL 6,abrasive_grain,Abrasive,,derived,yes,,,
49-94-0523,ATTRIBUTE_LABEL 7,max_rpm,Maximum Speed,,derived,yes,,,
49-94-0523,ATTRIBUTE_LABEL 8,pack_quantity,Quantity,,derived,yes,,,"dimensional: 0.55 ('1' carries no unit; assuming dimensionless. Unlabelled numbers are how inch/millimetre errors enter a catalog.) ; constraint: 1.00 (all 1 constraint(s) on pack_quantity hold) ; identity: abstained (pack_quantity is not an identity claim) ; vocabulary: abstained (pack_quantity is quantity, not a controlled term)"
49-94-0523,ATTRIBUTE_VALUE 8,pack_quantity,1,,extracted,no,,1,"dimensional: 0.55 ('1' carries no unit; assuming dimensionless. Unlabelled numbers are how inch/millimetre errors enter a catalog.) ; constraint: 1.00 (all 1 constraint(s) on pack_quantity hold) ; identity: abstained (pack_quantity is not an identity claim) ; vocabulary: abstained (pack_quantity is quantity, not a controlled term)"
49-94-0523,UNSPSC,,23101500,,routed,yes,,"Wheel | Grinding | Metal | 6""x1/4""x7/8""",
49-94-0523,Selling Qty,pack_quantity,1,,derived,yes,,1,"dimensional: 0.55 ('1' carries no unit; assuming dimensionless. Unlabelled numbers are how inch/millimetre errors enter a catalog.) ; constraint: 1.00 (all 1 constraint(s) on pack_quantity hold) ; identity: abstained (pack_quantity is not an identity claim) ; vocabulary: abstained (pack_quantity is quantity, not a controlled term)"
49-94-0523,Selling UOM,pack_quantity,EA,,derived,yes,,,"dimensional: 0.55 ('1' carries no unit; assuming dimensionless. Unlabelled numbers are how inch/millimetre errors enter a catalog.) ; constraint: 1.00 (all 1 constraint(s) on pack_quantity hold) ; identity: abstained (pack_quantity is not an identity claim) ; vocabulary: abstained (pack_quantity is quantity, not a controlled term)"
49-94-1955,Dept,,Tools & Equipment,,routed,yes,,"Wheel | Grinding | 4-1/2""x1/4""x7/8""",
49-94-1955,Class,,Power Tool Accessories,,routed,yes,,"Wheel | Grinding | 4-1/2""x1/4""x7/8""",
49-94-1955,Fine,,Cut-Off & Grinding Wheels,,routed,yes,,"Wheel | Grinding | 4-1/2""x1/4""x7/8""",
49-94-1955,Mfg_Part_Num,,49-94-1955,,passthrough,yes,,,
49-94-1955,Part_Desc,,"49-94-1955 Milw 4-1/2""x1/4""x7/8"" Masonry Grinding Wheel",,passthrough,yes,,,
49-94-1955,E1_Brand,,-- Unbranded --,,passthrough,yes,,,
49-94-1955,Unilog_Brand,,-- No Unilog Brand --,,passthrough,yes,,,
49-94-1955,DIB_Brand,,-- No DIB Brand --,,passthrough,yes,,,
49-94-1955,Part_Manuf,,Milwaukee Accessory (4031),,passthrough,yes,,,
49-94-1955,MANUFACTURER_NAME,,Milwaukee Accessory,,passthrough,yes,,,
49-94-1955,MANUFACTURER_PART_NUMBER,,49-94-1955,,passthrough,yes,,,
49-94-1955,Classpath,,Tools & Equipment>Power Tool Accessories>Abrasive Wheels,,routed,yes,,"Wheel | Grinding | 4-1/2""x1/4""x7/8""",
49-94-1955,MOBILE_DESC,,"Milwaukee Accessory, Cut-Off Wheel, 49-94-1955, 4.5 in Diameter",,composed,yes,,4-1/2,
49-94-1955,INVOICE_DESC,,CUT-OFF WHEEL 4.5IN 0.25IN 0.875IN 1,,composed,yes,,4-1/2 | 1/4 | 7/8 | 1,
49-94-1955,SHORT_DESC,,"49-94-1955 Cut-Off Wheel, 4.5 in Diameter, 0.25 in Thickness, 0.875 in Arbor Size, masonry Application",,composed,yes,,4-1/2 | 1/4 | 7/8 | Masonry,
49-94-1955,LONG_DESC1,,"Cut-Off Wheel, 4.5 in Diameter, 0.25 in Thickness, 0.875 in Arbor Size, masonry Application, Grinding Wheel Type, 1 Quantity",,composed,yes,,4-1/2 | 1/4 | 7/8 | Masonry | Grinding | 1,
49-94-1955,RETAIL_DESC,,"Cut-Off Wheel, 4.5 in Diameter, 0.25 in Thickness, 0.875 in Arbor Size, masonry Application, Grinding Wheel Type",,composed,yes,,4-1/2 | 1/4 | 7/8 | Masonry | Grinding,
49-94-1955,ITEM_FEATURES_1,,4.5 in,,composed,yes,,4-1/2,
49-94-1955,ITEM_FEATURES_2,,0.25 in,,composed,yes,,1/4,
49-94-1955,ITEM_FEATURES_3,,0.875 in,,composed,yes,,7/8,
49-94-1955,Application,material_application,masonry,,derived,yes,,Masonry,"dimensional: abstained (material_application is nominal, not a physical quantity) ; constraint: abstained (no constraint in abrasive.cutoff_disc mentions material_application) ; identity: abstained (material_application is not an identity claim) ; vocabulary: 1.00 ('masonry' is a declared term for material_application)"
49-94-1955,ATTRIBUTE_LABEL 1,disc_diameter,Diameter,,derived,yes,,,"dimensional: 0.55 ('4.5' carries no unit; assuming millimeter. Unlabelled numbers are how inch/millimetre errors enter a catalog.) ; constraint: 1.00 (all 3 constraint(s) on disc_diameter hold) ; identity: abstained (disc_diameter is not an identity claim) ; vocabulary: abstained (disc_diameter is quantity, not a controlled term)"
49-94-1955,ATTRIBUTE_VALUE 1,disc_diameter,4.5,,extracted,no,,4-1/2,"dimensional: 0.55 ('4.5' carries no unit; assuming millimeter. Unlabelled numbers are how inch/millimetre errors enter a catalog.) ; constraint: 1.00 (all 3 constraint(s) on disc_diameter hold) ; identity: abstained (disc_diameter is not an identity claim) ; vocabulary: abstained (disc_diameter is quantity, not a controlled term)"
49-94-1955,ATTRIBUTE_UOM 1,disc_diameter,in,,derived,no,,,"dimensional: 0.55 ('4.5' carries no unit; assuming millimeter. Unlabelled numbers are how inch/millimetre errors enter a catalog.) ; constraint: 1.00 (all 3 constraint(s) on disc_diameter hold) ; identity: abstained (disc_diameter is not an identity claim) ; vocabulary: abstained (disc_diameter is quantity, not a controlled term)"
49-94-1955,ATTRIBUTE_LABEL 2,thickness,Thickness,,derived,yes,,,"dimensional: 0.55 ('0.25' carries no unit; assuming millimeter. Unlabelled numbers are how inch/millimetre errors enter a catalog.) ; constraint: 1.00 (all 2 constraint(s) on thickness hold) ; identity: abstained (thickness is not an identity claim) ; vocabulary: abstained (thickness is quantity, not a controlled term)"
49-94-1955,ATTRIBUTE_VALUE 2,thickness,0.25,,extracted,no,,1/4,"dimensional: 0.55 ('0.25' carries no unit; assuming millimeter. Unlabelled numbers are how inch/millimetre errors enter a catalog.) ; constraint: 1.00 (all 2 constraint(s) on thickness hold) ; identity: abstained (thickness is not an identity claim) ; vocabulary: abstained (thickness is quantity, not a controlled term)"
49-94-1955,ATTRIBUTE_UOM 2,thickness,in,,derived,no,,,"dimensional: 0.55 ('0.25' carries no unit; assuming millimeter. Unlabelled numbers are how inch/millimetre errors enter a catalog.) ; constraint: 1.00 (all 2 constraint(s) on thickness hold) ; identity: abstained (thickness is not an identity claim) ; vocabulary: abstained (thickness is quantity, not a controlled term)"
49-94-1955,ATTRIBUTE_LABEL 3,arbor_diameter,Arbor Size,,derived,yes,,,"dimensional: 0.55 ('0.875' carries no unit; assuming millimeter. Unlabelled numbers are how inch/millimetre errors enter a catalog.) ; constraint: 1.00 (all 2 constraint(s) on arbor_diameter hold) ; identity: abstained (arbor_diameter is not an identity claim) ; vocabulary: abstained (arbor_diameter is quantity, not a controlled term)"
49-94-1955,ATTRIBUTE_VALUE 3,arbor_diameter,0.875,,extracted,no,,7/8,"dimensional: 0.55 ('0.875' carries no unit; assuming millimeter. Unlabelled numbers are how inch/millimetre errors enter a catalog.) ; constraint: 1.00 (all 2 constraint(s) on arbor_diameter hold) ; identity: abstained (arbor_diameter is not an identity claim) ; vocabulary: abstained (arbor_diameter is quantity, not a controlled term)"
49-94-1955,ATTRIBUTE_UOM 3,arbor_diameter,in,,derived,no,,,"dimensional: 0.55 ('0.875' carries no unit; assuming millimeter. Unlabelled numbers are how inch/millimetre errors enter a catalog.) ; constraint: 1.00 (all 2 constraint(s) on arbor_diameter hold) ; identity: abstained (arbor_diameter is not an identity claim) ; vocabulary: abstained (arbor_diameter is quantity, not a controlled term)"
49-94-1955,ATTRIBUTE_LABEL 4,material_application,Application,,derived,yes,,,"dimensional: abstained (material_application is nominal, not a physical quantity) ; constraint: abstained (no constraint in abrasive.cutoff_disc mentions material_application) ; identity: abstained (material_application is not an identity claim) ; vocabulary: 1.00 ('masonry' is a declared term for material_application)"
49-94-1955,ATTRIBUTE_VALUE 4,material_application,masonry,,extracted,no,,Masonry,"dimensional: abstained (material_application is nominal, not a physical quantity) ; constraint: abstained (no constraint in abrasive.cutoff_disc mentions material_application) ; identity: abstained (material_application is not an identity claim) ; vocabulary: 1.00 ('masonry' is a declared term for material_application)"
49-94-1955,ATTRIBUTE_LABEL 5,wheel_type,Wheel Type,,derived,yes,,,"dimensional: abstained (wheel_type is nominal, not a physical quantity) ; constraint: abstained (no constraint in abrasive.cutoff_disc mentions wheel_type) ; identity: abstained (wheel_type is not an identity claim) ; vocabulary: 0.00 ('Grinding' is not a term wheel_type accepts. This category allows 'type 1 flat', 'type 27 depressed center', 'type 41 flat', 'type 42 depressed center'. A plausible-sounding value outside the vocabulary is exactly the failure a confidence score does not catch.)"
49-94-1955,ATTRIBUTE_VALUE 5,wheel_type,Grinding,,extracted,no,,Grinding,"dimensional: abstained (wheel_type is nominal, not a physical quantity) ; constraint: abstained (no constraint in abrasive.cutoff_disc mentions wheel_type) ; identity: abstained (wheel_type is not an identity claim) ; vocabulary: 0.00 ('Grinding' is not a term wheel_type accepts. This category allows 'type 1 flat', 'type 27 depressed center', 'type 41 flat', 'type 42 depressed center'. A plausible-sounding value outside the vocabulary is exactly the failure a confidence score does not catch.)"
49-94-1955,ATTRIBUTE_LABEL 6,abrasive_grain,Abrasive,,derived,yes,,,
49-94-1955,ATTRIBUTE_LABEL 7,max_rpm,Maximum Speed,,derived,yes,,,
49-94-1955,ATTRIBUTE_LABEL 8,pack_quantity,Quantity,,derived,yes,,,"dimensional: 0.55 ('1' carries no unit; assuming dimensionless. Unlabelled numbers are how inch/millimetre errors enter a catalog.) ; constraint: 1.00 (all 1 constraint(s) on pack_quantity hold) ; identity: abstained (pack_quantity is not an identity claim) ; vocabulary: abstained (pack_quantity is quantity, not a controlled term)"
49-94-1955,ATTRIBUTE_VALUE 8,pack_quantity,1,,extracted,no,,1,"dimensional: 0.55 ('1' carries no unit; assuming dimensionless. Unlabelled numbers are how inch/millimetre errors enter a catalog.) ; constraint: 1.00 (all 1 constraint(s) on pack_quantity hold) ; identity: abstained (pack_quantity is not an identity claim) ; vocabulary: abstained (pack_quantity is quantity, not a controlled term)"
49-94-1955,UNSPSC,,23101500,,routed,yes,,"Wheel | Grinding | 4-1/2""x1/4""x7/8""",
49-94-1955,Selling Qty,pack_quantity,1,,derived,yes,,1,"dimensional: 0.55 ('1' carries no unit; assuming dimensionless. Unlabelled numbers are how inch/millimetre errors enter a catalog.) ; constraint: 1.00 (all 1 constraint(s) on pack_quantity hold) ; identity: abstained (pack_quantity is not an identity claim) ; vocabulary: abstained (pack_quantity is quantity, not a controlled term)"
49-94-1955,Selling UOM,pack_quantity,EA,,derived,yes,,,"dimensional: 0.55 ('1' carries no unit; assuming dimensionless. Unlabelled numbers are how inch/millimetre errors enter a catalog.) ; constraint: 1.00 (all 1 constraint(s) on pack_quantity hold) ; identity: abstained (pack_quantity is not an identity claim) ; vocabulary: abstained (pack_quantity is quantity, not a controlled term)"
49-94-1965,Dept,,Tools & Equipment,,routed,yes,,"Wheel | Grinding | 7""x1/4""x7/8""",
49-94-1965,Class,,Power Tool Accessories,,routed,yes,,"Wheel | Grinding | 7""x1/4""x7/8""",
49-94-1965,Fine,,Cut-Off & Grinding Wheels,,routed,yes,,"Wheel | Grinding | 7""x1/4""x7/8""",
49-94-1965,Mfg_Part_Num,,49-94-1965,,passthrough,yes,,,
49-94-1965,Part_Desc,,"49-94-1965 Milw 7""x1/4""x7/8"" Masonry Grinding Wheel",,passthrough,yes,,,
49-94-1965,E1_Brand,,-- Unbranded --,,passthrough,yes,,,
49-94-1965,Unilog_Brand,,-- No Unilog Brand --,,passthrough,yes,,,
49-94-1965,DIB_Brand,,-- No DIB Brand --,,passthrough,yes,,,
49-94-1965,Part_Manuf,,Milwaukee Accessory (4031),,passthrough,yes,,,
49-94-1965,MANUFACTURER_NAME,,Milwaukee Accessory,,passthrough,yes,,,
49-94-1965,MANUFACTURER_PART_NUMBER,,49-94-1965,,passthrough,yes,,,
49-94-1965,Classpath,,Tools & Equipment>Power Tool Accessories>Abrasive Wheels,,routed,yes,,"Wheel | Grinding | 7""x1/4""x7/8""",
49-94-1965,MOBILE_DESC,,"Milwaukee Accessory, Cut-Off Wheel, 49-94-1965, 7 in Diameter",,composed,yes,,7,
49-94-1965,INVOICE_DESC,,CUT-OFF WHEEL 7IN 0.25IN 0.875IN MASONRY,,composed,yes,,7 | 1/4 | 7/8 | Masonry,
49-94-1965,SHORT_DESC,,"49-94-1965 Cut-Off Wheel, 7 in Diameter, 0.25 in Thickness, 0.875 in Arbor Size, masonry Application",,composed,yes,,7 | 1/4 | 7/8 | Masonry,
49-94-1965,LONG_DESC1,,"Cut-Off Wheel, 7 in Diameter, 0.25 in Thickness, 0.875 in Arbor Size, masonry Application, Grinding Wheel Type, 1 Quantity",,composed,yes,,7 | 1/4 | 7/8 | Masonry | Grinding | 1,
49-94-1965,RETAIL_DESC,,"Cut-Off Wheel, 7 in Diameter, 0.25 in Thickness, 0.875 in Arbor Size, masonry Application, Grinding Wheel Type",,composed,yes,,7 | 1/4 | 7/8 | Masonry | Grinding,
49-94-1965,ITEM_FEATURES_1,,7 in,,composed,yes,,7,
49-94-1965,ITEM_FEATURES_2,,0.25 in,,composed,yes,,1/4,
49-94-1965,ITEM_FEATURES_3,,0.875 in,,composed,yes,,7/8,
49-94-1965,Application,material_application,masonry,,derived,yes,,Masonry,"dimensional: abstained (material_application is nominal, not a physical quantity) ; constraint: abstained (no constraint in abrasive.cutoff_disc mentions material_application) ; identity: abstained (material_application is not an identity claim) ; vocabulary: 1.00 ('masonry' is a declared term for material_application)"
49-94-1965,ATTRIBUTE_LABEL 1,disc_diameter,Diameter,,derived,yes,,,"dimensional: 0.55 ('7' carries no unit; assuming millimeter. Unlabelled numbers are how inch/millimetre errors enter a catalog.) ; constraint: 1.00 (all 3 constraint(s) on disc_diameter hold) ; identity: abstained (disc_diameter is not an identity claim) ; vocabulary: abstained (disc_diameter is quantity, not a controlled term)"
49-94-1965,ATTRIBUTE_VALUE 1,disc_diameter,7,,extracted,no,,7,"dimensional: 0.55 ('7' carries no unit; assuming millimeter. Unlabelled numbers are how inch/millimetre errors enter a catalog.) ; constraint: 1.00 (all 3 constraint(s) on disc_diameter hold) ; identity: abstained (disc_diameter is not an identity claim) ; vocabulary: abstained (disc_diameter is quantity, not a controlled term)"
49-94-1965,ATTRIBUTE_UOM 1,disc_diameter,in,,derived,no,,,"dimensional: 0.55 ('7' carries no unit; assuming millimeter. Unlabelled numbers are how inch/millimetre errors enter a catalog.) ; constraint: 1.00 (all 3 constraint(s) on disc_diameter hold) ; identity: abstained (disc_diameter is not an identity claim) ; vocabulary: abstained (disc_diameter is quantity, not a controlled term)"
49-94-1965,ATTRIBUTE_LABEL 2,thickness,Thickness,,derived,yes,,,"dimensional: 0.55 ('0.25' carries no unit; assuming millimeter. Unlabelled numbers are how inch/millimetre errors enter a catalog.) ; constraint: 1.00 (all 2 constraint(s) on thickness hold) ; identity: abstained (thickness is not an identity claim) ; vocabulary: abstained (thickness is quantity, not a controlled term)"
49-94-1965,ATTRIBUTE_VALUE 2,thickness,0.25,,extracted,no,,1/4,"dimensional: 0.55 ('0.25' carries no unit; assuming millimeter. Unlabelled numbers are how inch/millimetre errors enter a catalog.) ; constraint: 1.00 (all 2 constraint(s) on thickness hold) ; identity: abstained (thickness is not an identity claim) ; vocabulary: abstained (thickness is quantity, not a controlled term)"
49-94-1965,ATTRIBUTE_UOM 2,thickness,in,,derived,no,,,"dimensional: 0.55 ('0.25' carries no unit; assuming millimeter. Unlabelled numbers are how inch/millimetre errors enter a catalog.) ; constraint: 1.00 (all 2 constraint(s) on thickness hold) ; identity: abstained (thickness is not an identity claim) ; vocabulary: abstained (thickness is quantity, not a controlled term)"
49-94-1965,ATTRIBUTE_LABEL 3,arbor_diameter,Arbor Size,,derived,yes,,,"dimensional: 0.55 ('0.875' carries no unit; assuming millimeter. Unlabelled numbers are how inch/millimetre errors enter a catalog.) ; constraint: 1.00 (all 2 constraint(s) on arbor_diameter hold) ; identity: abstained (arbor_diameter is not an identity claim) ; vocabulary: abstained (arbor_diameter is quantity, not a controlled term)"
49-94-1965,ATTRIBUTE_VALUE 3,arbor_diameter,0.875,,extracted,no,,7/8,"dimensional: 0.55 ('0.875' carries no unit; assuming millimeter. Unlabelled numbers are how inch/millimetre errors enter a catalog.) ; constraint: 1.00 (all 2 constraint(s) on arbor_diameter hold) ; identity: abstained (arbor_diameter is not an identity claim) ; vocabulary: abstained (arbor_diameter is quantity, not a controlled term)"
49-94-1965,ATTRIBUTE_UOM 3,arbor_diameter,in,,derived,no,,,"dimensional: 0.55 ('0.875' carries no unit; assuming millimeter. Unlabelled numbers are how inch/millimetre errors enter a catalog.) ; constraint: 1.00 (all 2 constraint(s) on arbor_diameter hold) ; identity: abstained (arbor_diameter is not an identity claim) ; vocabulary: abstained (arbor_diameter is quantity, not a controlled term)"
49-94-1965,ATTRIBUTE_LABEL 4,material_application,Application,,derived,yes,,,"dimensional: abstained (material_application is nominal, not a physical quantity) ; constraint: abstained (no constraint in abrasive.cutoff_disc mentions material_application) ; identity: abstained (material_application is not an identity claim) ; vocabulary: 1.00 ('masonry' is a declared term for material_application)"
49-94-1965,ATTRIBUTE_VALUE 4,material_application,masonry,,extracted,no,,Masonry,"dimensional: abstained (material_application is nominal, not a physical quantity) ; constraint: abstained (no constraint in abrasive.cutoff_disc mentions material_application) ; identity: abstained (material_application is not an identity claim) ; vocabulary: 1.00 ('masonry' is a declared term for material_application)"
49-94-1965,ATTRIBUTE_LABEL 5,wheel_type,Wheel Type,,derived,yes,,,"dimensional: abstained (wheel_type is nominal, not a physical quantity) ; constraint: abstained (no constraint in abrasive.cutoff_disc mentions wheel_type) ; identity: abstained (wheel_type is not an identity claim) ; vocabulary: 0.00 ('Grinding' is not a term wheel_type accepts. This category allows 'type 1 flat', 'type 27 depressed center', 'type 41 flat', 'type 42 depressed center'. A plausible-sounding value outside the vocabulary is exactly the failure a confidence score does not catch.)"
49-94-1965,ATTRIBUTE_VALUE 5,wheel_type,Grinding,,extracted,no,,Grinding,"dimensional: abstained (wheel_type is nominal, not a physical quantity) ; constraint: abstained (no constraint in abrasive.cutoff_disc mentions wheel_type) ; identity: abstained (wheel_type is not an identity claim) ; vocabulary: 0.00 ('Grinding' is not a term wheel_type accepts. This category allows 'type 1 flat', 'type 27 depressed center', 'type 41 flat', 'type 42 depressed center'. A plausible-sounding value outside the vocabulary is exactly the failure a confidence score does not catch.)"
49-94-1965,ATTRIBUTE_LABEL 6,abrasive_grain,Abrasive,,derived,yes,,,
49-94-1965,ATTRIBUTE_LABEL 7,max_rpm,Maximum Speed,,derived,yes,,,
49-94-1965,ATTRIBUTE_LABEL 8,pack_quantity,Quantity,,derived,yes,,,"dimensional: 0.55 ('1' carries no unit; assuming dimensionless. Unlabelled numbers are how inch/millimetre errors enter a catalog.) ; constraint: 1.00 (all 1 constraint(s) on pack_quantity hold) ; identity: abstained (pack_quantity is not an identity claim) ; vocabulary: abstained (pack_quantity is quantity, not a controlled term)"
49-94-1965,ATTRIBUTE_VALUE 8,pack_quantity,1,,extracted,no,,1,"dimensional: 0.55 ('1' carries no unit; assuming dimensionless. Unlabelled numbers are how inch/millimetre errors enter a catalog.) ; constraint: 1.00 (all 1 constraint(s) on pack_quantity hold) ; identity: abstained (pack_quantity is not an identity claim) ; vocabulary: abstained (pack_quantity is quantity, not a controlled term)"
49-94-1965,UNSPSC,,23101500,,routed,yes,,"Wheel | Grinding | 7""x1/4""x7/8""",
49-94-1965,Selling Qty,pack_quantity,1,,derived,yes,,1,"dimensional: 0.55 ('1' carries no unit; assuming dimensionless. Unlabelled numbers are how inch/millimetre errors enter a catalog.) ; constraint: 1.00 (all 1 constraint(s) on pack_quantity hold) ; identity: abstained (pack_quantity is not an identity claim) ; vocabulary: abstained (pack_quantity is quantity, not a controlled term)"
49-94-1965,Selling UOM,pack_quantity,EA,,derived,yes,,,"dimensional: 0.55 ('1' carries no unit; assuming dimensionless. Unlabelled numbers are how inch/millimetre errors enter a catalog.) ; constraint: 1.00 (all 1 constraint(s) on pack_quantity hold) ; identity: abstained (pack_quantity is not an identity claim) ; vocabulary: abstained (pack_quantity is quantity, not a controlled term)"
49-94-0513,Dept,,Tools & Equipment,,routed,yes,,"Wheel | Grinding | Metal | 5""x1/4""x7/8""",
49-94-0513,Class,,Power Tool Accessories,,routed,yes,,"Wheel | Grinding | Metal | 5""x1/4""x7/8""",
49-94-0513,Fine,,Cut-Off & Grinding Wheels,,routed,yes,,"Wheel | Grinding | Metal | 5""x1/4""x7/8""",
49-94-0513,Mfg_Part_Num,,49-94-0513,,passthrough,yes,,,
49-94-0513,Part_Desc,,"49-94-0513 Milw 5""x1/4""x7/8"" Metal Grinding Wheel",,passthrough,yes,,,
49-94-0513,E1_Brand,,-- Unbranded --,,passthrough,yes,,,
49-94-0513,Unilog_Brand,,-- No Unilog Brand --,,passthrough,yes,,,
49-94-0513,DIB_Brand,,-- No DIB Brand --,,passthrough,yes,,,
49-94-0513,Part_Manuf,,Milwaukee Accessory (4031),,passthrough,yes,,,
49-94-0513,MANUFACTURER_NAME,,Milwaukee Accessory,,passthrough,yes,,,
49-94-0513,MANUFACTURER_PART_NUMBER,,49-94-0513,,passthrough,yes,,,
49-94-0513,Classpath,,Tools & Equipment>Power Tool Accessories>Abrasive Wheels,,routed,yes,,"Wheel | Grinding | Metal | 5""x1/4""x7/8""",
49-94-0513,MOBILE_DESC,,"Milwaukee Accessory, Cut-Off Wheel, 49-94-0513, 5 in Diameter",,composed,yes,,5,
49-94-0513,INVOICE_DESC,,CUT-OFF WHEEL 5IN 0.25IN 0.875IN METAL 1,,composed,yes,,5 | 1/4 | 7/8 | Metal | 1,
49-94-0513,SHORT_DESC,,"49-94-0513 Cut-Off Wheel, 5 in Diameter, 0.25 in Thickness, 0.875 in Arbor Size, metal Application, Grinding Wheel Type",,composed,yes,,5 | 1/4 | 7/8 | Metal | Grinding,
49-94-0513,LONG_DESC1,,"Cut-Off Wheel, 5 in Diameter, 0.25 in Thickness, 0.875 in Arbor Size, metal Application, Grinding Wheel Type, 1 Quantity",,composed,yes,,5 | 1/4 | 7/8 | Metal | Grinding | 1,
49-94-0513,RETAIL_DESC,,"Cut-Off Wheel, 5 in Diameter, 0.25 in Thickness, 0.875 in Arbor Size, metal Application, Grinding Wheel Type, 1 Quantity",,composed,yes,,5 | 1/4 | 7/8 | Metal | Grinding | 1,
49-94-0513,ITEM_FEATURES_1,,5 in,,composed,yes,,5,
49-94-0513,ITEM_FEATURES_2,,0.25 in,,composed,yes,,1/4,
49-94-0513,ITEM_FEATURES_3,,0.875 in,,composed,yes,,7/8,
49-94-0513,Application,material_application,metal,,derived,yes,,Metal,"dimensional: abstained (material_application is nominal, not a physical quantity) ; constraint: abstained (no constraint in abrasive.cutoff_disc mentions material_application) ; identity: abstained (material_application is not an identity claim) ; vocabulary: 1.00 ('metal' is a declared term for material_application)"
49-94-0513,ATTRIBUTE_LABEL 1,disc_diameter,Diameter,,derived,yes,,,"dimensional: 0.55 ('5' carries no unit; assuming millimeter. Unlabelled numbers are how inch/millimetre errors enter a catalog.) ; constraint: 1.00 (all 3 constraint(s) on disc_diameter hold) ; identity: abstained (disc_diameter is not an identity claim) ; vocabulary: abstained (disc_diameter is quantity, not a controlled term)"
49-94-0513,ATTRIBUTE_VALUE 1,disc_diameter,5,,extracted,no,,5,"dimensional: 0.55 ('5' carries no unit; assuming millimeter. Unlabelled numbers are how inch/millimetre errors enter a catalog.) ; constraint: 1.00 (all 3 constraint(s) on disc_diameter hold) ; identity: abstained (disc_diameter is not an identity claim) ; vocabulary: abstained (disc_diameter is quantity, not a controlled term)"
49-94-0513,ATTRIBUTE_UOM 1,disc_diameter,in,,derived,no,,,"dimensional: 0.55 ('5' carries no unit; assuming millimeter. Unlabelled numbers are how inch/millimetre errors enter a catalog.) ; constraint: 1.00 (all 3 constraint(s) on disc_diameter hold) ; identity: abstained (disc_diameter is not an identity claim) ; vocabulary: abstained (disc_diameter is quantity, not a controlled term)"
49-94-0513,ATTRIBUTE_LABEL 2,thickness,Thickness,,derived,yes,,,"dimensional: 0.55 ('0.25' carries no unit; assuming millimeter. Unlabelled numbers are how inch/millimetre errors enter a catalog.) ; constraint: 1.00 (all 2 constraint(s) on thickness hold) ; identity: abstained (thickness is not an identity claim) ; vocabulary: abstained (thickness is quantity, not a controlled term)"
49-94-0513,ATTRIBUTE_VALUE 2,thickness,0.25,,extracted,no,,1/4,"dimensional: 0.55 ('0.25' carries no unit; assuming millimeter. Unlabelled numbers are how inch/millimetre errors enter a catalog.) ; constraint: 1.00 (all 2 constraint(s) on thickness hold) ; identity: abstained (thickness is not an identity claim) ; vocabulary: abstained (thickness is quantity, not a controlled term)"
49-94-0513,ATTRIBUTE_UOM 2,thickness,in,,derived,no,,,"dimensional: 0.55 ('0.25' carries no unit; assuming millimeter. Unlabelled numbers are how inch/millimetre errors enter a catalog.) ; constraint: 1.00 (all 2 constraint(s) on thickness hold) ; identity: abstained (thickness is not an identity claim) ; vocabulary: abstained (thickness is quantity, not a controlled term)"
49-94-0513,ATTRIBUTE_LABEL 3,arbor_diameter,Arbor Size,,derived,yes,,,"dimensional: 0.55 ('0.875' carries no unit; assuming millimeter. Unlabelled numbers are how inch/millimetre errors enter a catalog.) ; constraint: 1.00 (all 2 constraint(s) on arbor_diameter hold) ; identity: abstained (arbor_diameter is not an identity claim) ; vocabulary: abstained (arbor_diameter is quantity, not a controlled term)"
49-94-0513,ATTRIBUTE_VALUE 3,arbor_diameter,0.875,,extracted,no,,7/8,"dimensional: 0.55 ('0.875' carries no unit; assuming millimeter. Unlabelled numbers are how inch/millimetre errors enter a catalog.) ; constraint: 1.00 (all 2 constraint(s) on arbor_diameter hold) ; identity: abstained (arbor_diameter is not an identity claim) ; vocabulary: abstained (arbor_diameter is quantity, not a controlled term)"
49-94-0513,ATTRIBUTE_UOM 3,arbor_diameter,in,,derived,no,,,"dimensional: 0.55 ('0.875' carries no unit; assuming millimeter. Unlabelled numbers are how inch/millimetre errors enter a catalog.) ; constraint: 1.00 (all 2 constraint(s) on arbor_diameter hold) ; identity: abstained (arbor_diameter is not an identity claim) ; vocabulary: abstained (arbor_diameter is quantity, not a controlled term)"
49-94-0513,ATTRIBUTE_LABEL 4,material_application,Application,,derived,yes,,,"dimensional: abstained (material_application is nominal, not a physical quantity) ; constraint: abstained (no constraint in abrasive.cutoff_disc mentions material_application) ; identity: abstained (material_application is not an identity claim) ; vocabulary: 1.00 ('metal' is a declared term for material_application)"
49-94-0513,ATTRIBUTE_VALUE 4,material_application,metal,,extracted,no,,Metal,"dimensional: abstained (material_application is nominal, not a physical quantity) ; constraint: abstained (no constraint in abrasive.cutoff_disc mentions material_application) ; identity: abstained (material_application is not an identity claim) ; vocabulary: 1.00 ('metal' is a declared term for material_application)"
49-94-0513,ATTRIBUTE_LABEL 5,wheel_type,Wheel Type,,derived,yes,,,"dimensional: abstained (wheel_type is nominal, not a physical quantity) ; constraint: abstained (no constraint in abrasive.cutoff_disc mentions wheel_type) ; identity: abstained (wheel_type is not an identity claim) ; vocabulary: 0.00 ('Grinding' is not a term wheel_type accepts. This category allows 'type 1 flat', 'type 27 depressed center', 'type 41 flat', 'type 42 depressed center'. A plausible-sounding value outside the vocabulary is exactly the failure a confidence score does not catch.)"
49-94-0513,ATTRIBUTE_VALUE 5,wheel_type,Grinding,,extracted,no,,Grinding,"dimensional: abstained (wheel_type is nominal, not a physical quantity) ; constraint: abstained (no constraint in abrasive.cutoff_disc mentions wheel_type) ; identity: abstained (wheel_type is not an identity claim) ; vocabulary: 0.00 ('Grinding' is not a term wheel_type accepts. This category allows 'type 1 flat', 'type 27 depressed center', 'type 41 flat', 'type 42 depressed center'. A plausible-sounding value outside the vocabulary is exactly the failure a confidence score does not catch.)"
49-94-0513,ATTRIBUTE_LABEL 6,abrasive_grain,Abrasive,,derived,yes,,,
49-94-0513,ATTRIBUTE_LABEL 7,max_rpm,Maximum Speed,,derived,yes,,,
49-94-0513,ATTRIBUTE_LABEL 8,pack_quantity,Quantity,,derived,yes,,,"dimensional: 0.55 ('1' carries no unit; assuming dimensionless. Unlabelled numbers are how inch/millimetre errors enter a catalog.) ; constraint: 1.00 (all 1 constraint(s) on pack_quantity hold) ; identity: abstained (pack_quantity is not an identity claim) ; vocabulary: abstained (pack_quantity is quantity, not a controlled term)"
49-94-0513,ATTRIBUTE_VALUE 8,pack_quantity,1,,extracted,no,,1,"dimensional: 0.55 ('1' carries no unit; assuming dimensionless. Unlabelled numbers are how inch/millimetre errors enter a catalog.) ; constraint: 1.00 (all 1 constraint(s) on pack_quantity hold) ; identity: abstained (pack_quantity is not an identity claim) ; vocabulary: abstained (pack_quantity is quantity, not a controlled term)"
49-94-0513,UNSPSC,,23101500,,routed,yes,,"Wheel | Grinding | Metal | 5""x1/4""x7/8""",
49-94-0513,Selling Qty,pack_quantity,1,,derived,yes,,1,"dimensional: 0.55 ('1' carries no unit; assuming dimensionless. Unlabelled numbers are how inch/millimetre errors enter a catalog.) ; constraint: 1.00 (all 1 constraint(s) on pack_quantity hold) ; identity: abstained (pack_quantity is not an identity claim) ; vocabulary: abstained (pack_quantity is quantity, not a controlled term)"
49-94-0513,Selling UOM,pack_quantity,EA,,derived,yes,,,"dimensional: 0.55 ('1' carries no unit; assuming dimensionless. Unlabelled numbers are how inch/millimetre errors enter a catalog.) ; constraint: 1.00 (all 1 constraint(s) on pack_quantity hold) ; identity: abstained (pack_quantity is not an identity claim) ; vocabulary: abstained (pack_quantity is quantity, not a controlled term)"
49-94-0533,Dept,,Tools & Equipment,,routed,yes,,"Wheel | Grinding | Metal | 7""x1/4""x7/8""",
49-94-0533,Class,,Power Tool Accessories,,routed,yes,,"Wheel | Grinding | Metal | 7""x1/4""x7/8""",
49-94-0533,Fine,,Cut-Off & Grinding Wheels,,routed,yes,,"Wheel | Grinding | Metal | 7""x1/4""x7/8""",
49-94-0533,Mfg_Part_Num,,49-94-0533,,passthrough,yes,,,
49-94-0533,Part_Desc,,"49-94-0533 Milw 7""x1/4""x7/8"" Metal Grinding Wheel",,passthrough,yes,,,
49-94-0533,E1_Brand,,-- Unbranded --,,passthrough,yes,,,
49-94-0533,Unilog_Brand,,-- No Unilog Brand --,,passthrough,yes,,,
49-94-0533,DIB_Brand,,-- No DIB Brand --,,passthrough,yes,,,
49-94-0533,Part_Manuf,,Milwaukee Accessory (4031),,passthrough,yes,,,
49-94-0533,MANUFACTURER_NAME,,Milwaukee Accessory,,passthrough,yes,,,
49-94-0533,MANUFACTURER_PART_NUMBER,,49-94-0533,,passthrough,yes,,,
49-94-0533,Classpath,,Tools & Equipment>Power Tool Accessories>Abrasive Wheels,,routed,yes,,"Wheel | Grinding | Metal | 7""x1/4""x7/8""",
49-94-0533,MOBILE_DESC,,"Milwaukee Accessory, Cut-Off Wheel, 49-94-0533, 7 in Diameter",,composed,yes,,7,
49-94-0533,INVOICE_DESC,,CUT-OFF WHEEL 7IN 0.25IN 0.875IN METAL 1,,composed,yes,,7 | 1/4 | 7/8 | Metal | 1,
49-94-0533,SHORT_DESC,,"49-94-0533 Cut-Off Wheel, 7 in Diameter, 0.25 in Thickness, 0.875 in Arbor Size, metal Application, Grinding Wheel Type",,composed,yes,,7 | 1/4 | 7/8 | Metal | Grinding,
49-94-0533,LONG_DESC1,,"Cut-Off Wheel, 7 in Diameter, 0.25 in Thickness, 0.875 in Arbor Size, metal Application, Grinding Wheel Type, 1 Quantity",,composed,yes,,7 | 1/4 | 7/8 | Metal | Grinding | 1,
49-94-0533,RETAIL_DESC,,"Cut-Off Wheel, 7 in Diameter, 0.25 in Thickness, 0.875 in Arbor Size, metal Application, Grinding Wheel Type, 1 Quantity",,composed,yes,,7 | 1/4 | 7/8 | Metal | Grinding | 1,
49-94-0533,ITEM_FEATURES_1,,7 in,,composed,yes,,7,
49-94-0533,ITEM_FEATURES_2,,0.25 in,,composed,yes,,1/4,
49-94-0533,ITEM_FEATURES_3,,0.875 in,,composed,yes,,7/8,
49-94-0533,Application,material_application,metal,,derived,yes,,Metal,"dimensional: abstained (material_application is nominal, not a physical quantity) ; constraint: abstained (no constraint in abrasive.cutoff_disc mentions material_application) ; identity: abstained (material_application is not an identity claim) ; vocabulary: 1.00 ('metal' is a declared term for material_application)"
49-94-0533,ATTRIBUTE_LABEL 1,disc_diameter,Diameter,,derived,yes,,,"dimensional: 0.55 ('7' carries no unit; assuming millimeter. Unlabelled numbers are how inch/millimetre errors enter a catalog.) ; constraint: 1.00 (all 3 constraint(s) on disc_diameter hold) ; identity: abstained (disc_diameter is not an identity claim) ; vocabulary: abstained (disc_diameter is quantity, not a controlled term)"
49-94-0533,ATTRIBUTE_VALUE 1,disc_diameter,7,,extracted,no,,7,"dimensional: 0.55 ('7' carries no unit; assuming millimeter. Unlabelled numbers are how inch/millimetre errors enter a catalog.) ; constraint: 1.00 (all 3 constraint(s) on disc_diameter hold) ; identity: abstained (disc_diameter is not an identity claim) ; vocabulary: abstained (disc_diameter is quantity, not a controlled term)"
49-94-0533,ATTRIBUTE_UOM 1,disc_diameter,in,,derived,no,,,"dimensional: 0.55 ('7' carries no unit; assuming millimeter. Unlabelled numbers are how inch/millimetre errors enter a catalog.) ; constraint: 1.00 (all 3 constraint(s) on disc_diameter hold) ; identity: abstained (disc_diameter is not an identity claim) ; vocabulary: abstained (disc_diameter is quantity, not a controlled term)"
49-94-0533,ATTRIBUTE_LABEL 2,thickness,Thickness,,derived,yes,,,"dimensional: 0.55 ('0.25' carries no unit; assuming millimeter. Unlabelled numbers are how inch/millimetre errors enter a catalog.) ; constraint: 1.00 (all 2 constraint(s) on thickness hold) ; identity: abstained (thickness is not an identity claim) ; vocabulary: abstained (thickness is quantity, not a controlled term)"
49-94-0533,ATTRIBUTE_VALUE 2,thickness,0.25,,extracted,no,,1/4,"dimensional: 0.55 ('0.25' carries no unit; assuming millimeter. Unlabelled numbers are how inch/millimetre errors enter a catalog.) ; constraint: 1.00 (all 2 constraint(s) on thickness hold) ; identity: abstained (thickness is not an identity claim) ; vocabulary: abstained (thickness is quantity, not a controlled term)"
49-94-0533,ATTRIBUTE_UOM 2,thickness,in,,derived,no,,,"dimensional: 0.55 ('0.25' carries no unit; assuming millimeter. Unlabelled numbers are how inch/millimetre errors enter a catalog.) ; constraint: 1.00 (all 2 constraint(s) on thickness hold) ; identity: abstained (thickness is not an identity claim) ; vocabulary: abstained (thickness is quantity, not a controlled term)"
49-94-0533,ATTRIBUTE_LABEL 3,arbor_diameter,Arbor Size,,derived,yes,,,"dimensional: 0.55 ('0.875' carries no unit; assuming millimeter. Unlabelled numbers are how inch/millimetre errors enter a catalog.) ; constraint: 1.00 (all 2 constraint(s) on arbor_diameter hold) ; identity: abstained (arbor_diameter is not an identity claim) ; vocabulary: abstained (arbor_diameter is quantity, not a controlled term)"
49-94-0533,ATTRIBUTE_VALUE 3,arbor_diameter,0.875,,extracted,no,,7/8,"dimensional: 0.55 ('0.875' carries no unit; assuming millimeter. Unlabelled numbers are how inch/millimetre errors enter a catalog.) ; constraint: 1.00 (all 2 constraint(s) on arbor_diameter hold) ; identity: abstained (arbor_diameter is not an identity claim) ; vocabulary: abstained (arbor_diameter is quantity, not a controlled term)"
49-94-0533,ATTRIBUTE_UOM 3,arbor_diameter,in,,derived,no,,,"dimensional: 0.55 ('0.875' carries no unit; assuming millimeter. Unlabelled numbers are how inch/millimetre errors enter a catalog.) ; constraint: 1.00 (all 2 constraint(s) on arbor_diameter hold) ; identity: abstained (arbor_diameter is not an identity claim) ; vocabulary: abstained (arbor_diameter is quantity, not a controlled term)"
49-94-0533,ATTRIBUTE_LABEL 4,material_application,Application,,derived,yes,,,"dimensional: abstained (material_application is nominal, not a physical quantity) ; constraint: abstained (no constraint in abrasive.cutoff_disc mentions material_application) ; identity: abstained (material_application is not an identity claim) ; vocabulary: 1.00 ('metal' is a declared term for material_application)"
49-94-0533,ATTRIBUTE_VALUE 4,material_application,metal,,extracted,no,,Metal,"dimensional: abstained (material_application is nominal, not a physical quantity) ; constraint: abstained (no constraint in abrasive.cutoff_disc mentions material_application) ; identity: abstained (material_application is not an identity claim) ; vocabulary: 1.00 ('metal' is a declared term for material_application)"
49-94-0533,ATTRIBUTE_LABEL 5,wheel_type,Wheel Type,,derived,yes,,,"dimensional: abstained (wheel_type is nominal, not a physical quantity) ; constraint: abstained (no constraint in abrasive.cutoff_disc mentions wheel_type) ; identity: abstained (wheel_type is not an identity claim) ; vocabulary: 0.00 ('Grinding' is not a term wheel_type accepts. This category allows 'type 1 flat', 'type 27 depressed center', 'type 41 flat', 'type 42 depressed center'. A plausible-sounding value outside the vocabulary is exactly the failure a confidence score does not catch.)"
49-94-0533,ATTRIBUTE_VALUE 5,wheel_type,Grinding,,extracted,no,,Grinding,"dimensional: abstained (wheel_type is nominal, not a physical quantity) ; constraint: abstained (no constraint in abrasive.cutoff_disc mentions wheel_type) ; identity: abstained (wheel_type is not an identity claim) ; vocabulary: 0.00 ('Grinding' is not a term wheel_type accepts. This category allows 'type 1 flat', 'type 27 depressed center', 'type 41 flat', 'type 42 depressed center'. A plausible-sounding value outside the vocabulary is exactly the failure a confidence score does not catch.)"
49-94-0533,ATTRIBUTE_LABEL 6,abrasive_grain,Abrasive,,derived,yes,,,
49-94-0533,ATTRIBUTE_LABEL 7,max_rpm,Maximum Speed,,derived,yes,,,
49-94-0533,ATTRIBUTE_LABEL 8,pack_quantity,Quantity,,derived,yes,,,"dimensional: 0.55 ('1' carries no unit; assuming dimensionless. Unlabelled numbers are how inch/millimetre errors enter a catalog.) ; constraint: 1.00 (all 1 constraint(s) on pack_quantity hold) ; identity: abstained (pack_quantity is not an identity claim) ; vocabulary: abstained (pack_quantity is quantity, not a controlled term)"
49-94-0533,ATTRIBUTE_VALUE 8,pack_quantity,1,,extracted,no,,1,"dimensional: 0.55 ('1' carries no unit; assuming dimensionless. Unlabelled numbers are how inch/millimetre errors enter a catalog.) ; constraint: 1.00 (all 1 constraint(s) on pack_quantity hold) ; identity: abstained (pack_quantity is not an identity claim) ; vocabulary: abstained (pack_quantity is quantity, not a controlled term)"
49-94-0533,UNSPSC,,23101500,,routed,yes,,"Wheel | Grinding | Metal | 7""x1/4""x7/8""",
49-94-0533,Selling Qty,pack_quantity,1,,derived,yes,,1,"dimensional: 0.55 ('1' carries no unit; assuming dimensionless. Unlabelled numbers are how inch/millimetre errors enter a catalog.) ; constraint: 1.00 (all 1 constraint(s) on pack_quantity hold) ; identity: abstained (pack_quantity is not an identity claim) ; vocabulary: abstained (pack_quantity is quantity, not a controlled term)"
49-94-0533,Selling UOM,pack_quantity,EA,,derived,yes,,,"dimensional: 0.55 ('1' carries no unit; assuming dimensionless. Unlabelled numbers are how inch/millimetre errors enter a catalog.) ; constraint: 1.00 (all 1 constraint(s) on pack_quantity hold) ; identity: abstained (pack_quantity is not an identity claim) ; vocabulary: abstained (pack_quantity is quantity, not a controlled term)"
DFBLBLOMFN01G,Dept,,Tools & Equipment,,routed,yes,,Sanding | Grit | 220 Grit,
DFBLBLOMFN01G,Class,,Power Tool Accessories,,routed,yes,,Sanding | Grit | 220 Grit,
DFBLBLOMFN01G,Fine,,"Sanding Belts, Discs & Sheets",,routed,yes,,Sanding | Grit | 220 Grit,
DFBLBLOMFN01G,Mfg_Part_Num,,DFBLBLOMFN01G,,passthrough,yes,,,
DFBLBLOMFN01G,Part_Desc,,DFBLBLOMFN01G Diablo 220 Grit - Flat Edge Sanding Sponge,,passthrough,yes,,,
DFBLBLOMFN01G,E1_Brand,,-- Unbranded --,,passthrough,yes,,,
DFBLBLOMFN01G,Unilog_Brand,,-- No Unilog Brand --,,passthrough,yes,,,
DFBLBLOMFN01G,DIB_Brand,,-- No DIB Brand --,,passthrough,yes,,,
DFBLBLOMFN01G,Part_Manuf,,Freud Inc (2435),,passthrough,yes,,,
DFBLBLOMFN01G,MANUFACTURER_NAME,,Freud Inc,,passthrough,yes,,,
DFBLBLOMFN01G,BRAND_NAME,,Diablo,,passthrough,yes,,,
DFBLBLOMFN01G,MANUFACTURER_PART_NUMBER,,DFBLBLOMFN01G,,passthrough,yes,,,
DFBLBLOMFN01G,Classpath,,Tools & Equipment>Power Tool Accessories>Coated Abrasives,,routed,yes,,Sanding | Grit | 220 Grit,
DFBLBLOMFN01G,MOBILE_DESC,,"Freud Inc Diablo, Sanding Sponge, DFBLBLOMFN01G, 220 grit, Flat Edge",,composed,yes,,Sanding Sponge | 220 Grit | Flat Edge,
DFBLBLOMFN01G,INVOICE_DESC,,SANDING SPONGE 220GRIT 220GRIT,,composed,yes,,Sanding Sponge | 220 Grit,
DFBLBLOMFN01G,SHORT_DESC,,"Diablo DFBLBLOMFN01G Sanding Sponge, 220 grit, Flat Edge, DFBLBLOMFN01G, 220 grit Quantity",,composed,yes,,Sanding Sponge | 220 Grit | Flat Edge | DFBLBLOMFN01G,
DFBLBLOMFN01G,LONG_DESC1,,"Diablo Sanding Sponge, 220 grit, Flat Edge, DFBLBLOMFN01G, 220 grit Quantity",,composed,yes,,Sanding Sponge | 220 Grit | Flat Edge | DFBLBLOMFN01G,
DFBLBLOMFN01G,RETAIL_DESC,,"Sanding Sponge, 220 grit, Flat Edge, DFBLBLOMFN01G, 220 grit Quantity",,composed,yes,,Sanding Sponge | 220 Grit | Flat Edge | DFBLBLOMFN01G,
DFBLBLOMFN01G,ITEM_FEATURES_1,,220 grit,,composed,yes,,220 Grit,
DFBLBLOMFN01G,Product Name,product_name,Sanding Sponge,,derived,yes,,Sanding Sponge,"dimensional: abstained (product_name is text, not a physical quantity) ; constraint: abstained (no constraint in generic mentions product_name) ; identity: 1.00 (product_name 'Sanding Sponge' appears verbatim in the source) ; vocabulary: abstained (product_name is text, not a controlled term)"
DFBLBLOMFN01G,ATTRIBUTE_LABEL 1,product_name,Product Name,,derived,yes,,,"dimensional: abstained (product_name is text, not a physical quantity) ; constraint: abstained (no constraint in generic mentions product_name) ; identity: 1.00 (product_name 'Sanding Sponge' appears verbatim in the source) ; vocabulary: abstained (product_name is text, not a controlled term)"
DFBLBLOMFN01G,ATTRIBUTE_VALUE 1,product_name,Sanding Sponge,,extracted,no,,Sanding Sponge,"dimensional: abstained (product_name is text, not a physical quantity) ; constraint: abstained (no constraint in generic mentions product_name) ; identity: 1.00 (product_name 'Sanding Sponge' appears verbatim in the source) ; vocabulary: abstained (product_name is text, not a controlled term)"
DFBLBLOMFN01G,ATTRIBUTE_LABEL 2,brand,Brand,,derived,yes,,,"dimensional: abstained (brand is text, not a physical quantity) ; constraint: abstained (no constraint in generic mentions brand) ; identity: 1.00 (brand 'Diablo' appears verbatim in the source) ; vocabulary: abstained (brand is text, not a controlled term)"
DFBLBLOMFN01G,ATTRIBUTE_VALUE 2,brand,Diablo,,extracted,no,,Diablo,"dimensional: abstained (brand is text, not a physical quantity) ; constraint: abstained (no constraint in generic mentions brand) ; identity: 1.00 (brand 'Diablo' appears verbatim in the source) ; vocabulary: abstained (brand is text, not a controlled term)"
DFBLBLOMFN01G,ATTRIBUTE_LABEL 3,material,Material,,derived,yes,,,"dimensional: abstained (material is text, not a physical quantity) ; constraint: abstained (no constraint in generic mentions material) ; identity: abstained (material is not an identity claim) ; vocabulary: abstained (material is text, not a controlled term)"
DFBLBLOMFN01G,ATTRIBUTE_VALUE 3,material,220,,extracted,no,,220 Grit,"dimensional: abstained (material is text, not a physical quantity) ; constraint: abstained (no constraint in generic mentions material) ; identity: abstained (material is not an identity claim) ; vocabulary: abstained (material is text, not a controlled term)"
DFBLBLOMFN01G,ATTRIBUTE_UOM 3,material,grit,,derived,no,,,"dimensional: abstained (material is text, not a physical quantity) ; constraint: abstained (no constraint in generic mentions material) ; identity: abstained (material is not an identity claim) ; vocabulary: abstained (material is text, not a controlled term)"
DFBLBLOMFN01G,ATTRIBUTE_LABEL 4,color,Color,,derived,yes,,,"dimensional: abstained (color is text, not a physical quantity) ; constraint: abstained (no constraint in generic mentions color) ; identity: abstained (color is not an identity claim) ; vocabulary: abstained (color is text, not a controlled term)"
DFBLBLOMFN01G,ATTRIBUTE_VALUE 4,color,Flat Edge,,extracted,no,,Flat Edge,"dimensional: abstained (color is text, not a physical quantity) ; constraint: abstained (no constraint in generic mentions color) ; identity: abstained (color is not an identity claim) ; vocabulary: abstained (color is text, not a controlled term)"
DFBLBLOMFN01G,ATTRIBUTE_LABEL 5,size,Size,,derived,yes,,,"dimensional: abstained (size is text, not a physical quantity) ; constraint: abstained (no constraint in generic mentions size) ; identity: abstained (size is not an identity claim) ; vocabulary: abstained (size is text, not a controlled term)"
DFBLBLOMFN01G,ATTRIBUTE_VALUE 5,size,DFBLBLOMFN01G,,extracted,no,,DFBLBLOMFN01G,"dimensional: abstained (size is text, not a physical quantity) ; constraint: abstained (no constraint in generic mentions size) ; identity: abstained (size is not an identity claim) ; vocabulary: abstained (size is text, not a controlled term)"
DFBLBLOMFN01G,ATTRIBUTE_LABEL 6,quantity,Quantity,,derived,yes,,,"dimensional: abstained (quantity is text, not a physical quantity) ; constraint: abstained (no constraint in generic mentions quantity) ; identity: abstained (quantity is not an identity claim) ; vocabulary: abstained (quantity is text, not a controlled term)"
DFBLBLOMFN01G,ATTRIBUTE_VALUE 6,quantity,220,,extracted,no,,220 Grit,"dimensional: abstained (quantity is text, not a physical quantity) ; constraint: abstained (no constraint in generic mentions quantity) ; identity: abstained (quantity is not an identity claim) ; vocabulary: abstained (quantity is text, not a controlled term)"
DFBLBLOMFN01G,ATTRIBUTE_UOM 6,quantity,grit,,derived,no,,,"dimensional: abstained (quantity is text, not a physical quantity) ; constraint: abstained (no constraint in generic mentions quantity) ; identity: abstained (quantity is not an identity claim) ; vocabulary: abstained (quantity is text, not a controlled term)"
DFBLBLOMFN01G,UNSPSC,,31191500,,routed,yes,,Sanding | Grit | 220 Grit,
1700-1PK-BB40,Dept,,Building Materials,,routed,yes,,Tape | Vinyl | Elect,
1700-1PK-BB40,Class,,Adhesives & Sealants,,routed,yes,,Tape | Vinyl | Elect,
1700-1PK-BB40,Fine,,Tapes & Flashing,,routed,yes,,Tape | Vinyl | Elect,
1700-1PK-BB40,Mfg_Part_Num,,1700-1PK-BB40,,passthrough,yes,,,
1700-1PK-BB40,Part_Desc,,3/4x60' Vinyl Elect Tape,,passthrough,yes,,,
1700-1PK-BB40,E1_Brand,,-- Unbranded --,,passthrough,yes,,,
1700-1PK-BB40,Unilog_Brand,,-- No Unilog Brand --,,passthrough,yes,,,
1700-1PK-BB40,DIB_Brand,,3M,,passthrough,yes,,,
1700-1PK-BB40,Part_Manuf,,3 M Co (5293),,passthrough,yes,,,
1700-1PK-BB40,MANUFACTURER_NAME,,3 M Co,,passthrough,yes,,,
1700-1PK-BB40,BRAND_NAME,,3M,,passthrough,yes,,,
1700-1PK-BB40,MANUFACTURER_PART_NUMBER,,1700-1PK-BB40,,passthrough,yes,,,
1700-1PK-BB40,Classpath,,"Building Materials>Adhesives, Sealants & Tape>Tape",,routed,yes,,Tape | Vinyl | Elect,
1700-1PK-BB40,MOBILE_DESC,,"3 M Co 3M, Vinyl Elect Tape, 1700-1PK-BB40, Vinyl, 3/4x60'",,composed,yes,,Vinyl Elect Tape | Vinyl | 3/4x60',
1700-1PK-BB40,INVOICE_DESC,,VINYL ELECT TAPE VINYL 3/4X60',,composed,yes,,Vinyl Elect Tape | Vinyl | 3/4x60',
1700-1PK-BB40,SHORT_DESC,,"3M 1700-1PK-BB40 Vinyl Elect Tape, Vinyl, 3/4x60'",,composed,yes,,Vinyl Elect Tape | Vinyl | 3/4x60',
1700-1PK-BB40,LONG_DESC1,,"3M Vinyl Elect Tape, Vinyl, 3/4x60'",,composed,yes,,Vinyl Elect Tape | Vinyl | 3/4x60',
1700-1PK-BB40,RETAIL_DESC,,"Vinyl Elect Tape, Vinyl, 3/4x60'",,composed,yes,,Vinyl Elect Tape | Vinyl | 3/4x60',
1700-1PK-BB40,Product Name,product_name,Vinyl Elect Tape,,derived,yes,,Vinyl Elect Tape,"dimensional: abstained (product_name is text, not a physical quantity) ; constraint: abstained (no constraint in generic mentions product_name) ; identity: 1.00 (product_name 'Vinyl Elect Tape' appears verbatim in the source) ; vocabulary: abstained (product_name is text, not a controlled term)"
1700-1PK-BB40,ATTRIBUTE_LABEL 1,product_name,Product Name,,derived,yes,,,"dimensional: abstained (product_name is text, not a physical quantity) ; constraint: abstained (no constraint in generic mentions product_name) ; identity: 1.00 (product_name 'Vinyl Elect Tape' appears verbatim in the source) ; vocabulary: abstained (product_name is text, not a controlled term)"
1700-1PK-BB40,ATTRIBUTE_VALUE 1,product_name,Vinyl Elect Tape,,extracted,no,,Vinyl Elect Tape,"dimensional: abstained (product_name is text, not a physical quantity) ; constraint: abstained (no constraint in generic mentions product_name) ; identity: 1.00 (product_name 'Vinyl Elect Tape' appears verbatim in the source) ; vocabulary: abstained (product_name is text, not a controlled term)"
1700-1PK-BB40,ATTRIBUTE_LABEL 2,brand,Brand,,derived,yes,,,
1700-1PK-BB40,ATTRIBUTE_LABEL 3,material,Material,,derived,yes,,,"dimensional: abstained (material is text, not a physical quantity) ; constraint: abstained (no constraint in generic mentions material) ; identity: abstained (material is not an identity claim) ; vocabulary: abstained (material is text, not a controlled term)"
1700-1PK-BB40,ATTRIBUTE_VALUE 3,material,Vinyl,,extracted,no,,Vinyl,"dimensional: abstained (material is text, not a physical quantity) ; constraint: abstained (no constraint in generic mentions material) ; identity: abstained (material is not an identity claim) ; vocabulary: abstained (material is text, not a controlled term)"
1700-1PK-BB40,ATTRIBUTE_LABEL 4,color,Color,,derived,yes,,,
1700-1PK-BB40,ATTRIBUTE_LABEL 5,size,Size,,derived,yes,,,"dimensional: abstained (size is text, not a physical quantity) ; constraint: abstained (no constraint in generic mentions size) ; identity: abstained (size is not an identity claim) ; vocabulary: abstained (size is text, not a controlled term)"
1700-1PK-BB40,ATTRIBUTE_VALUE 5,size,3/4x60',,extracted,no,,3/4x60',"dimensional: abstained (size is text, not a physical quantity) ; constraint: abstained (no constraint in generic mentions size) ; identity: abstained (size is not an identity claim) ; vocabulary: abstained (size is text, not a controlled term)"
1700-1PK-BB40,ATTRIBUTE_LABEL 6,quantity,Quantity,,derived,yes,,,
1700-1PK-BB40,UNSPSC,,31201500,,routed,yes,,Tape | Vinyl | Elect,
ASH-40-40-04,Dept,,Building Materials,,routed,yes,,Tape | Emseal,
ASH-40-40-04,Class,,Adhesives & Sealants,,routed,yes,,Tape | Emseal,
ASH-40-40-04,Fine,,Tapes & Flashing,,routed,yes,,Tape | Emseal,
ASH-40-40-04,Mfg_Part_Num,,ASH-40-40-04,,passthrough,yes,,,
ASH-40-40-04,Part_Desc,,1.5x1.5x13' Legacy Emseal Tape,,passthrough,yes,,,
ASH-40-40-04,E1_Brand,,-- Unbranded --,,passthrough,yes,,,
ASH-40-40-04,Unilog_Brand,,-- No Unilog Brand --,,passthrough,yes,,,
ASH-40-40-04,DIB_Brand,,-- No DIB Brand --,,passthrough,yes,,,
ASH-40-40-04,Part_Manuf,,Emseal Joint Systems Ltd (EMSJO),,passthrough,yes,,,
ASH-40-40-04,MANUFACTURER_NAME,,Emseal Joint Systems Ltd,,passthrough,yes,,,
ASH-40-40-04,BRAND_NAME,,Legacy,,passthrough,yes,,,
ASH-40-40-04,MANUFACTURER_PART_NUMBER,,ASH-40-40-04,,passthrough,yes,,,
ASH-40-40-04,Classpath,,"Building Materials>Adhesives, Sealants & Tape>Tape",,routed,yes,,Tape | Emseal,
ASH-40-40-04,MOBILE_DESC,,"Emseal Joint Systems Ltd Legacy, Emseal Tape, ASH-40-40-04, Tape",,composed,yes,,Emseal Tape | Tape,
ASH-40-40-04,INVOICE_DESC,,EMSEAL TAPE TAPE,,composed,yes,,Emseal Tape | Tape,
ASH-40-40-04,SHORT_DESC,,"Legacy ASH-40-40-04 Emseal Tape, Tape, 1.5x1.5x13'",,composed,yes,,Emseal Tape | Tape | 1.5x1.5x13',
ASH-40-40-04,LONG_DESC1,,"Legacy Emseal Tape, Tape, 1.5x1.5x13'",,composed,yes,,Emseal Tape | Tape | 1.5x1.5x13',
ASH-40-40-04,RETAIL_DESC,,"Emseal Tape, Tape, 1.5x1.5x13'",,composed,yes,,Emseal Tape | Tape | 1.5x1.5x13',
ASH-40-40-04,Product Name,product_name,Emseal Tape,,derived,yes,,Emseal Tape,"dimensional: abstained (product_name is text, not a physical quantity) ; constraint: abstained (no constraint in generic mentions product_name) ; identity: 1.00 (product_name 'Emseal Tape' appears verbatim in the source) ; vocabulary: abstained (product_name is text, not a controlled term)"
ASH-40-40-04,ATTRIBUTE_LABEL 1,product_name,Product Name,,derived,yes,,,"dimensional: abstained (product_name is text, not a physical quantity) ; constraint: abstained (no constraint in generic mentions product_name) ; identity: 1.00 (product_name 'Emseal Tape' appears verbatim in the source) ; vocabulary: abstained (product_name is text, not a controlled term)"
ASH-40-40-04,ATTRIBUTE_VALUE 1,product_name,Emseal Tape,,extracted,no,,Emseal Tape,"dimensional: abstained (product_name is text, not a physical quantity) ; constraint: abstained (no constraint in generic mentions product_name) ; identity: 1.00 (product_name 'Emseal Tape' appears verbatim in the source) ; vocabulary: abstained (product_name is text, not a controlled term)"
ASH-40-40-04,ATTRIBUTE_LABEL 2,brand,Brand,,derived,yes,,,"dimensional: abstained (brand is text, not a physical quantity) ; constraint: abstained (no constraint in generic mentions brand) ; identity: 1.00 (brand 'Legacy' appears verbatim in the source) ; vocabulary: abstained (brand is text, not a controlled term)"
ASH-40-40-04,ATTRIBUTE_VALUE 2,brand,Legacy,,extracted,no,,Legacy,"dimensional: abstained (brand is text, not a physical quantity) ; constraint: abstained (no constraint in generic mentions brand) ; identity: 1.00 (brand 'Legacy' appears verbatim in the source) ; vocabulary: abstained (brand is text, not a controlled term)"
ASH-40-40-04,ATTRIBUTE_LABEL 3,material,Material,,derived,yes,,,"dimensional: abstained (material is text, not a physical quantity) ; constraint: abstained (no constraint in generic mentions material) ; identity: abstained (material is not an identity claim) ; vocabulary: abstained (material is text, not a controlled term)"
ASH-40-40-04,ATTRIBUTE_VALUE 3,material,Tape,,extracted,no,,Tape,"dimensional: abstained (material is text, not a physical quantity) ; constraint: abstained (no constraint in generic mentions material) ; identity: abstained (material is not an identity claim) ; vocabulary: abstained (material is text, not a controlled term)"
ASH-40-40-04,ATTRIBUTE_LABEL 4,color,Color,,derived,yes,,,
ASH-40-40-04,ATTRIBUTE_LABEL 5,size,Size,,derived,yes,,,"dimensional: abstained (size is text, not a physical quantity) ; constraint: abstained (no constraint in generic mentions size) ; identity: abstained (size is not an identity claim) ; vocabulary: abstained (size is text, not a controlled term)"
ASH-40-40-04,ATTRIBUTE_VALUE 5,size,1.5x1.5x13',,extracted,no,,1.5x1.5x13',"dimensional: abstained (size is text, not a physical quantity) ; constraint: abstained (no constraint in generic mentions size) ; identity: abstained (size is not an identity claim) ; vocabulary: abstained (size is text, not a controlled term)"
ASH-40-40-04,ATTRIBUTE_LABEL 6,quantity,Quantity,,derived,yes,,,
ASH-40-40-04,UNSPSC,,31201500,,routed,yes,,Tape | Emseal,
KDFM404KPS,Dept,,Appliances,,routed,yes,,Dishwasher | SS,
KDFM404KPS,Class,,Large Appliances,,routed,yes,,Dishwasher | SS,
KDFM404KPS,Fine,,Major Kitchen & Laundry Appliances,,routed,yes,,Dishwasher | SS,
KDFM404KPS,Mfg_Part_Num,,KDFM404KPS,,passthrough,yes,,,
KDFM404KPS,Part_Desc,,KDFM404KPS Dishwasher SS,,passthrough,yes,,,
KDFM404KPS,E1_Brand,,-- Unbranded --,,passthrough,yes,,,
KDFM404KPS,Unilog_Brand,,-- No Unilog Brand --,,passthrough,yes,,,
KDFM404KPS,DIB_Brand,,-- No DIB Brand --,,passthrough,yes,,,
KDFM404KPS,Part_Manuf,,Appliance Dealers Cooperative (APPDE),,passthrough,yes,,,
KDFM404KPS,MANUFACTURER_NAME,,Appliance Dealers Cooperative,,passthrough,yes,,,
KDFM404KPS,MANUFACTURER_PART_NUMBER,,KDFM404KPS,,passthrough,yes,,,
KDFM404KPS,Classpath,,Appliances & Consumer Electronics>Kitchen Appliances>Major Appliances,,routed,yes,,Dishwasher | SS,
KDFM404KPS,MOBILE_DESC,,"Appliance Dealers Cooperative, Dishwasher, KPS, KDFM404KPS, 404 CF Capacity",,composed,yes,,KPS | 404,
KDFM404KPS,INVOICE_DESC,,DISHWASHER 404CF SS,,composed,yes,,404 | SS,
KDFM404KPS,SHORT_DESC,,"KPS KDFM404KPS Dishwasher, 404 CF Capacity, SS",,composed,yes,,404 | SS,
KDFM404KPS,LONG_DESC1,,"Dishwasher, KPS, 404 CF Capacity, SS",,composed,yes,,KPS | 404 | SS,
KDFM404KPS,RETAIL_DESC,,"KPS Dishwasher, 404 CF Capacity, SS",,composed,yes,,404 | SS,
KDFM404KPS,ITEM_FEATURES_1,,404 CF,,composed,yes,,404,
KDFM404KPS,Product Name,appliance_type,Dishwasher,,derived,yes,,Dishwasher,"dimensional: abstained (appliance_type is nominal, not a physical quantity) ; constraint: abstained (no constraint in appliance.major mentions appliance_type) ; identity: abstained (appliance_type is not an identity claim) ; vocabulary: 1.00 ('dishwasher' is a declared term for appliance_type)"
KDFM404KPS,ATTRIBUTE_LABEL 1,appliance_type,Product Name,,derived,yes,,,"dimensional: abstained (appliance_type is nominal, not a physical quantity) ; constraint: abstained (no constraint in appliance.major mentions appliance_type) ; identity: abstained (appliance_type is not an identity claim) ; vocabulary: 1.00 ('dishwasher' is a declared term for appliance_type)"
KDFM404KPS,ATTRIBUTE_VALUE 1,appliance_type,dishwasher,,extracted,no,,Dishwasher,"dimensional: abstained (appliance_type is nominal, not a physical quantity) ; constraint: abstained (no constraint in appliance.major mentions appliance_type) ; identity: abstained (appliance_type is not an identity claim) ; vocabulary: 1.00 ('dishwasher' is a declared term for appliance_type)"
KDFM404KPS,ATTRIBUTE_LABEL 2,series,Series,,derived,yes,,,"dimensional: abstained (series is text, not a physical quantity) ; constraint: abstained (no constraint in appliance.major mentions series) ; identity: 1.00 (series 'KPS' appears verbatim in the source) ; vocabulary: abstained (series is text, not a controlled term)"
KDFM404KPS,ATTRIBUTE_VALUE 2,series,KPS,,extracted,no,,KPS,"dimensional: abstained (series is text, not a physical quantity) ; constraint: abstained (no constraint in appliance.major mentions series) ; identity: 1.00 (series 'KPS' appears verbatim in the source) ; vocabulary: abstained (series is text, not a controlled term)"
KDFM404KPS,ATTRIBUTE_LABEL 3,capacity,Capacity,,derived,yes,,,"dimensional: 0.55 ('404' carries no unit; assuming foot ** 3. Unlabelled numbers are how inch/millimetre errors enter a catalog.) ; constraint: 1.00 (all 1 constraint(s) on capacity hold) ; identity: abstained (capacity is not an identity claim) ; vocabulary: abstained (capacity is quantity, not a controlled term)"
KDFM404KPS,ATTRIBUTE_VALUE 3,capacity,404,,extracted,no,,404,"dimensional: 0.55 ('404' carries no unit; assuming foot ** 3. Unlabelled numbers are how inch/millimetre errors enter a catalog.) ; constraint: 1.00 (all 1 constraint(s) on capacity hold) ; identity: abstained (capacity is not an identity claim) ; vocabulary: abstained (capacity is quantity, not a controlled term)"
KDFM404KPS,ATTRIBUTE_UOM 3,capacity,CF,,derived,no,,,"dimensional: 0.55 ('404' carries no unit; assuming foot ** 3. Unlabelled numbers are how inch/millimetre errors enter a catalog.) ; constraint: 1.00 (all 1 constraint(s) on capacity hold) ; identity: abstained (capacity is not an identity claim) ; vocabulary: abstained (capacity is quantity, not a controlled term)"
KDFM404KPS,ATTRIBUTE_LABEL 4,voltage_rating,Voltage Rating,,derived,yes,,,
KDFM404KPS,ATTRIBUTE_LABEL 5,amperage_rating,Amperage Rating,,derived,yes,,,
KDFM404KPS,ATTRIBUTE_LABEL 6,width,Width,,derived,yes,,,
KDFM404KPS,ATTRIBUTE_LABEL 7,mounting_type,Mounting Type,,derived,yes,,,
KDFM404KPS,ATTRIBUTE_LABEL 8,fuel_type,Fuel Type,,derived,yes,,,
KDFM404KPS,ATTRIBUTE_LABEL 9,sound_level,Sound Level,,derived,yes,,,
KDFM404KPS,ATTRIBUTE_LABEL 10,finish,Color,,derived,yes,,,"dimensional: abstained (finish is nominal, not a physical quantity) ; constraint: abstained (no constraint in appliance.major mentions finish) ; identity: abstained (finish is not an identity claim) ; vocabulary: 0.00 ('SS' is not a term finish accepts. This category allows 'stainless steel', 'black stainless', 'white', 'black', 'slate', 'panel ready'. A plausible-sounding value outside the vocabulary is exactly the failure a confidence score does not catch.)"
KDFM404KPS,ATTRIBUTE_VALUE 10,finish,SS,,extracted,no,,SS,"dimensional: abstained (finish is nominal, not a physical quantity) ; constraint: abstained (no constraint in appliance.major mentions finish) ; identity: abstained (finish is not an identity claim) ; vocabulary: 0.00 ('SS' is not a term finish accepts. This category allows 'stainless steel', 'black stainless', 'white', 'black', 'slate', 'panel ready'. A plausible-sounding value outside the vocabulary is exactly the failure a confidence score does not catch.)"
KDFM404KPS,UNSPSC,,52141500,,routed,yes,,Dishwasher | SS,
KDFM404KPS,VOLUME,capacity,404,,derived,yes,,404,"dimensional: 0.55 ('404' carries no unit; assuming foot ** 3. Unlabelled numbers are how inch/millimetre errors enter a catalog.) ; constraint: 1.00 (all 1 constraint(s) on capacity hold) ; identity: abstained (capacity is not an identity claim) ; vocabulary: abstained (capacity is quantity, not a controlled term)"
KDFM404KPS,VOLUME_UOM,capacity,CF,,derived,yes,,,"dimensional: 0.55 ('404' carries no unit; assuming foot ** 3. Unlabelled numbers are how inch/millimetre errors enter a catalog.) ; constraint: 1.00 (all 1 constraint(s) on capacity hold) ; identity: abstained (capacity is not an identity claim) ; vocabulary: abstained (capacity is quantity, not a controlled term)"
PDSH4816AF,Dept,,Appliances,,routed,yes,,Dishwasher | SS | Display,
PDSH4816AF,Class,,Large Appliances,,routed,yes,,Dishwasher | SS | Display,
PDSH4816AF,Fine,,Major Kitchen & Laundry Appliances,,routed,yes,,Dishwasher | SS | Display,
PDSH4816AF,Mfg_Part_Num,,PDSH4816AF,,passthrough,yes,,,
PDSH4816AF,Part_Desc,,PDSH4816AF Dishwasher SS - Display Only,,passthrough,yes,,,
PDSH4816AF,E1_Brand,,-- Unbranded --,,passthrough,yes,,,
PDSH4816AF,Unilog_Brand,,-- No Unilog Brand --,,passthrough,yes,,,
PDSH4816AF,DIB_Brand,,-- No DIB Brand --,,passthrough,yes,,,
PDSH4816AF,Part_Manuf,,Appliance Dealers Cooperative (APPDE),,passthrough,yes,,,
PDSH4816AF,MANUFACTURER_NAME,,Appliance Dealers Cooperative,,passthrough,yes,,,
PDSH4816AF,MANUFACTURER_PART_NUMBER,,PDSH4816AF,,passthrough,yes,,,
PDSH4816AF,Classpath,,Appliances & Consumer Electronics>Kitchen Appliances>Major Appliances,,routed,yes,,Dishwasher | SS | Display,
PDSH4816AF,MOBILE_DESC,,"Appliance Dealers Cooperative, Dishwasher, PDSH4816AF, SS",,composed,yes,,SS,
PDSH4816AF,INVOICE_DESC,,DISHWASHER SS,,composed,yes,,SS,
PDSH4816AF,SHORT_DESC,,"PDSH4816AF Dishwasher, SS",,composed,yes,,SS,
PDSH4816AF,LONG_DESC1,,"Dishwasher, SS",,composed,yes,,SS,
PDSH4816AF,RETAIL_DESC,,"Dishwasher, SS",,composed,yes,,SS,
PDSH4816AF,Product Name,appliance_type,Dishwasher,,derived,yes,,Dishwasher,"dimensional: abstained (appliance_type is nominal, not a physical quantity) ; constraint: abstained (no constraint in appliance.major mentions appliance_type) ; identity: abstained (appliance_type is not an identity claim) ; vocabulary: 1.00 ('dishwasher' is a declared term for appliance_type)"
PDSH4816AF,ATTRIBUTE_LABEL 1,appliance_type,Product Name,,derived,yes,,,"dimensional: abstained (appliance_type is nominal, not a physical quantity) ; constraint: abstained (no constraint in appliance.major mentions appliance_type) ; identity: abstained (appliance_type is not an identity claim) ; vocabulary: 1.00 ('dishwasher' is a declared term for appliance_type)"
PDSH4816AF,ATTRIBUTE_VALUE 1,appliance_type,dishwasher,,extracted,no,,Dishwasher,"dimensional: abstained (appliance_type is nominal, not a physical quantity) ; constraint: abstained (no constraint in appliance.major mentions appliance_type) ; identity: abstained (appliance_type is not an identity claim) ; vocabulary: 1.00 ('dishwasher' is a declared term for appliance_type)"
PDSH4816AF,ATTRIBUTE_LABEL 2,series,Series,,derived,yes,,,
PDSH4816AF,ATTRIBUTE_LABEL 3,capacity,Capacity,,derived,yes,,,
PDSH4816AF,ATTRIBUTE_LABEL 4,voltage_rating,Voltage Rating,,derived,yes,,,
PDSH4816AF,ATTRIBUTE_LABEL 5,amperage_rating,Amperage Rating,,derived,yes,,,
PDSH4816AF,ATTRIBUTE_LABEL 6,width,Width,,derived,yes,,,
PDSH4816AF,ATTRIBUTE_LABEL 7,mounting_type,Mounting Type,,derived,yes,,,
PDSH4816AF,ATTRIBUTE_LABEL 8,fuel_type,Fuel Type,,derived,yes,,,
PDSH4816AF,ATTRIBUTE_LABEL 9,sound_level,Sound Level,,derived,yes,,,
PDSH4816AF,ATTRIBUTE_LABEL 10,finish,Color,,derived,yes,,,"dimensional: abstained (finish is nominal, not a physical quantity) ; constraint: abstained (no constraint in appliance.major mentions finish) ; identity: abstained (finish is not an identity claim) ; vocabulary: 0.00 ('SS' is not a term finish accepts. This category allows 'stainless steel', 'black stainless', 'white', 'black', 'slate', 'panel ready'. A plausible-sounding value outside the vocabulary is exactly the failure a confidence score does not catch.)"
PDSH4816AF,ATTRIBUTE_VALUE 10,finish,SS,,extracted,no,,SS,"dimensional: abstained (finish is nominal, not a physical quantity) ; constraint: abstained (no constraint in appliance.major mentions finish) ; identity: abstained (finish is not an identity claim) ; vocabulary: 0.00 ('SS' is not a term finish accepts. This category allows 'stainless steel', 'black stainless', 'white', 'black', 'slate', 'panel ready'. A plausible-sounding value outside the vocabulary is exactly the failure a confidence score does not catch.)"
PDSH4816AF,UNSPSC,,52141500,,routed,yes,,Dishwasher | SS | Display,
PDT715SYVFS,Dept,,Appliances,,routed,yes,,Dishwasher | SS | Ge,
PDT715SYVFS,Class,,Large Appliances,,routed,yes,,Dishwasher | SS | Ge,
PDT715SYVFS,Fine,,Major Kitchen & Laundry Appliances,,routed,yes,,Dishwasher | SS | Ge,
PDT715SYVFS,Mfg_Part_Num,,PDT715SYVFS,,passthrough,yes,,,
PDT715SYVFS,Part_Desc,,PDT715SYVFS Ge Dishwasher SS,,passthrough,yes,,,
PDT715SYVFS,E1_Brand,,-- Unbranded --,,passthrough,yes,,,
PDT715SYVFS,Unilog_Brand,,-- No Unilog Brand --,,passthrough,yes,,,
PDT715SYVFS,DIB_Brand,,-- No DIB Brand --,,passthrough,yes,,,
PDT715SYVFS,Part_Manuf,,Appliance Dealers Cooperative (APPDE),,passthrough,yes,,,
PDT715SYVFS,MANUFACTURER_NAME,,Appliance Dealers Cooperative,,passthrough,yes,,,
PDT715SYVFS,MANUFACTURER_PART_NUMBER,,PDT715SYVFS,,passthrough,yes,,,
PDT715SYVFS,Classpath,,Appliances & Consumer Electronics>Kitchen Appliances>Major Appliances,,routed,yes,,Dishwasher | SS | Ge,
PDT715SYVFS,MOBILE_DESC,,"Appliance Dealers Cooperative, Dishwasher, PDT715SYVFS",,composed,yes,,,
PDT715SYVFS,INVOICE_DESC,,DISHWASHER,,composed,yes,,,
PDT715SYVFS,SHORT_DESC,,PDT715SYVFS Dishwasher,,composed,yes,,,
PDT715SYVFS,LONG_DESC1,,Dishwasher,,composed,yes,,,
PDT715SYVFS,RETAIL_DESC,,Dishwasher,,composed,yes,,,
PDT715SYVFS,Product Name,appliance_type,Dishwasher,,derived,yes,,Dishwasher,"dimensional: abstained (appliance_type is nominal, not a physical quantity) ; constraint: abstained (no constraint in appliance.major mentions appliance_type) ; identity: abstained (appliance_type is not an identity claim) ; vocabulary: 1.00 ('dishwasher' is a declared term for appliance_type)"
PDT715SYVFS,ATTRIBUTE_LABEL 1,appliance_type,Product Name,,derived,yes,,,"dimensional: abstained (appliance_type is nominal, not a physical quantity) ; constraint: abstained (no constraint in appliance.major mentions appliance_type) ; identity: abstained (appliance_type is not an identity claim) ; vocabulary: 1.00 ('dishwasher' is a declared term for appliance_type)"
PDT715SYVFS,ATTRIBUTE_VALUE 1,appliance_type,dishwasher,,extracted,no,,Dishwasher,"dimensional: abstained (appliance_type is nominal, not a physical quantity) ; constraint: abstained (no constraint in appliance.major mentions appliance_type) ; identity: abstained (appliance_type is not an identity claim) ; vocabulary: 1.00 ('dishwasher' is a declared term for appliance_type)"
PDT715SYVFS,ATTRIBUTE_LABEL 2,series,Series,,derived,yes,,,
PDT715SYVFS,ATTRIBUTE_LABEL 3,capacity,Capacity,,derived,yes,,,
PDT715SYVFS,ATTRIBUTE_LABEL 4,voltage_rating,Voltage Rating,,derived,yes,,,
PDT715SYVFS,ATTRIBUTE_LABEL 5,amperage_rating,Amperage Rating,,derived,yes,,,
PDT715SYVFS,ATTRIBUTE_LABEL 6,width,Width,,derived,yes,,,
PDT715SYVFS,ATTRIBUTE_LABEL 7,mounting_type,Mounting Type,,derived,yes,,,
PDT715SYVFS,ATTRIBUTE_LABEL 8,fuel_type,Fuel Type,,derived,yes,,,
PDT715SYVFS,ATTRIBUTE_LABEL 9,sound_level,Sound Level,,derived,yes,,,
PDT715SYVFS,ATTRIBUTE_LABEL 10,finish,Color,,derived,yes,,,
PDT715SYVFS,UNSPSC,,52141500,,routed,yes,,Dishwasher | SS | Ge,
LDPH5554D,Dept,,Appliances,,routed,yes,,Dishwasher,
LDPH5554D,Class,,Large Appliances,,routed,yes,,Dishwasher,
LDPH5554D,Fine,,Major Kitchen & Laundry Appliances,,routed,yes,,Dishwasher,
LDPH5554D,Mfg_Part_Num,,LDPH5554D,,passthrough,yes,,,
LDPH5554D,Part_Desc,,LDPH5554D LG Dishwasher BSS,,passthrough,yes,,,
LDPH5554D,E1_Brand,,-- Unbranded --,,passthrough,yes,,,
LDPH5554D,Unilog_Brand,,-- No Unilog Brand --,,passthrough,yes,,,
LDPH5554D,DIB_Brand,,-- No DIB Brand --,,passthrough,yes,,,
LDPH5554D,Part_Manuf,,Appliance Dealers Cooperative (APPDE),,passthrough,yes,,,
LDPH5554D,MANUFACTURER_NAME,,Appliance Dealers Cooperative,,passthrough,yes,,,
LDPH5554D,MANUFACTURER_PART_NUMBER,,LDPH5554D,,passthrough,yes,,,
LDPH5554D,Classpath,,Appliances & Consumer Electronics>Kitchen Appliances>Major Appliances,,routed,yes,,Dishwasher,
LDPH5554D,MOBILE_DESC,,"Appliance Dealers Cooperative, Dishwasher, BSS, LDPH5554D",,composed,yes,,BSS,
LDPH5554D,INVOICE_DESC,,DISHWASHER,,composed,yes,,,
LDPH5554D,SHORT_DESC,,BSS LDPH5554D Dishwasher,,composed,yes,,,
LDPH5554D,LONG_DESC1,,"Dishwasher, BSS",,composed,yes,,BSS,
LDPH5554D,RETAIL_DESC,,BSS Dishwasher,,composed,yes,,,
LDPH5554D,Product Name,appliance_type,Dishwasher,,derived,yes,,Dishwasher,"dimensional: abstained (appliance_type is nominal, not a physical quantity) ; constraint: abstained (no constraint in appliance.major mentions appliance_type) ; identity: abstained (appliance_type is not an identity claim) ; vocabulary: 1.00 ('dishwasher' is a declared term for appliance_type)"
LDPH5554D,ATTRIBUTE_LABEL 1,appliance_type,Product Name,,derived,yes,,,"dimensional: abstained (appliance_type is nominal, not a physical quantity) ; constraint: abstained (no constraint in appliance.major mentions appliance_type) ; identity: abstained (appliance_type is not an identity claim) ; vocabulary: 1.00 ('dishwasher' is a declared term for appliance_type)"
LDPH5554D,ATTRIBUTE_VALUE 1,appliance_type,dishwasher,,extracted,no,,Dishwasher,"dimensional: abstained (appliance_type is nominal, not a physical quantity) ; constraint: abstained (no constraint in appliance.major mentions appliance_type) ; identity: abstained (appliance_type is not an identity claim) ; vocabulary: 1.00 ('dishwasher' is a declared term for appliance_type)"
LDPH5554D,ATTRIBUTE_LABEL 2,series,Series,,derived,yes,,,"dimensional: abstained (series is text, not a physical quantity) ; constraint: abstained (no constraint in appliance.major mentions series) ; identity: 1.00 (series 'BSS' appears verbatim in the source) ; vocabulary: abstained (series is text, not a controlled term)"
LDPH5554D,ATTRIBUTE_VALUE 2,series,BSS,,extracted,no,,BSS,"dimensional: abstained (series is text, not a physical quantity) ; constraint: abstained (no constraint in appliance.major mentions series) ; identity: 1.00 (series 'BSS' appears verbatim in the source) ; vocabulary: abstained (series is text, not a controlled term)"
LDPH5554D,ATTRIBUTE_LABEL 3,capacity,Capacity,,derived,yes,,,
LDPH5554D,ATTRIBUTE_LABEL 4,voltage_rating,Voltage Rating,,derived,yes,,,
LDPH5554D,ATTRIBUTE_LABEL 5,amperage_rating,Amperage Rating,,derived,yes,,,
LDPH5554D,ATTRIBUTE_LABEL 6,width,Width,,derived,yes,,,
LDPH5554D,ATTRIBUTE_LABEL 7,mounting_type,Mounting Type,,derived,yes,,,
LDPH5554D,ATTRIBUTE_LABEL 8,fuel_type,Fuel Type,,derived,yes,,,
LDPH5554D,ATTRIBUTE_LABEL 9,sound_level,Sound Level,,derived,yes,,,
LDPH5554D,ATTRIBUTE_LABEL 10,finish,Color,,derived,yes,,,
LDPH5554D,UNSPSC,,52141500,,routed,yes,,Dishwasher,
WDTS7024RZ,Dept,,Appliances,,routed,yes,,Dishwasher | SS | Display,
WDTS7024RZ,Class,,Large Appliances,,routed,yes,,Dishwasher | SS | Display,
WDTS7024RZ,Fine,,Major Kitchen & Laundry Appliances,,routed,yes,,Dishwasher | SS | Display,
WDTS7024RZ,Mfg_Part_Num,,WDTS7024RZ,,passthrough,yes,,,
WDTS7024RZ,Part_Desc,,WDTS7024RZ Dishwasher SS - Display Only,,passthrough,yes,,,
WDTS7024RZ,E1_Brand,,-- Unbranded --,,passthrough,yes,,,
WDTS7024RZ,Unilog_Brand,,-- No Unilog Brand --,,passthrough,yes,,,
WDTS7024RZ,DIB_Brand,,-- No DIB Brand --,,passthrough,yes,,,
WDTS7024RZ,Part_Manuf,,Appliance Dealers Cooperative (APPDE),,passthrough,yes,,,
WDTS7024RZ,MANUFACTURER_NAME,,Appliance Dealers Cooperative,,passthrough,yes,,,
WDTS7024RZ,MANUFACTURER_PART_NUMBER,,WDTS7024RZ,,passthrough,yes,,,
WDTS7024RZ,Classpath,,Appliances & Consumer Electronics>Kitchen Appliances>Major Appliances,,routed,yes,,Dishwasher | SS | Display,
WDTS7024RZ,MOBILE_DESC,,"Appliance Dealers Cooperative, Dishwasher, WDTS7024RZ, WDTS7024RZ",,composed,yes,,WDTS7024RZ,
WDTS7024RZ,INVOICE_DESC,,DISHWASHER 24IN,,composed,yes,,24,
WDTS7024RZ,SHORT_DESC,,"WDTS7024RZ WDTS7024RZ Dishwasher, 24 in Width",,composed,yes,,24,
WDTS7024RZ,LONG_DESC1,,"Dishwasher, WDTS7024RZ, 24 in Width",,composed,yes,,WDTS7024RZ | 24,
WDTS7024RZ,RETAIL_DESC,,"WDTS7024RZ Dishwasher, 24 in Width",,composed,yes,,24,
WDTS7024RZ,ITEM_FEATURES_1,,24 in,,composed,yes,,24,
WDTS7024RZ,Product Name,appliance_type,Dishwasher,,derived,yes,,Dishwasher,"dimensional: abstained (appliance_type is nominal, not a physical quantity) ; constraint: abstained (no constraint in appliance.major mentions appliance_type) ; identity: abstained (appliance_type is not an identity claim) ; vocabulary: 1.00 ('dishwasher' is a declared term for appliance_type)"
WDTS7024RZ,ATTRIBUTE_LABEL 1,appliance_type,Product Name,,derived,yes,,,"dimensional: abstained (appliance_type is nominal, not a physical quantity) ; constraint: abstained (no constraint in appliance.major mentions appliance_type) ; identity: abstained (appliance_type is not an identity claim) ; vocabulary: 1.00 ('dishwasher' is a declared term for appliance_type)"
WDTS7024RZ,ATTRIBUTE_VALUE 1,appliance_type,dishwasher,,extracted,no,,Dishwasher,"dimensional: abstained (appliance_type is nominal, not a physical quantity) ; constraint: abstained (no constraint in appliance.major mentions appliance_type) ; identity: abstained (appliance_type is not an identity claim) ; vocabulary: 1.00 ('dishwasher' is a declared term for appliance_type)"
WDTS7024RZ,ATTRIBUTE_LABEL 2,series,Series,,derived,yes,,,"dimensional: abstained (series is text, not a physical quantity) ; constraint: abstained (no constraint in appliance.major mentions series) ; identity: 1.00 (series 'WDTS7024RZ' appears verbatim in the source) ; vocabulary: abstained (series is text, not a controlled term)"
WDTS7024RZ,ATTRIBUTE_VALUE 2,series,WDTS7024RZ,,extracted,no,,WDTS7024RZ,"dimensional: abstained (series is text, not a physical quantity) ; constraint: abstained (no constraint in appliance.major mentions series) ; identity: 1.00 (series 'WDTS7024RZ' appears verbatim in the source) ; vocabulary: abstained (series is text, not a controlled term)"
WDTS7024RZ,ATTRIBUTE_LABEL 3,capacity,Capacity,,derived,yes,,,
WDTS7024RZ,ATTRIBUTE_LABEL 4,voltage_rating,Voltage Rating,,derived,yes,,,
WDTS7024RZ,ATTRIBUTE_LABEL 5,amperage_rating,Amperage Rating,,derived,yes,,,
WDTS7024RZ,ATTRIBUTE_LABEL 6,width,Width,,derived,yes,,,"dimensional: 1.00 (24 inch is dimensionally valid for width (length)) ; constraint: 1.00 (all 1 constraint(s) on width hold) ; identity: abstained (width is not an identity claim) ; vocabulary: abstained (width is quantity, not a controlled term)"
WDTS7024RZ,ATTRIBUTE_VALUE 6,width,24,,extracted,no,,24,"dimensional: 1.00 (24 inch is dimensionally valid for width (length)) ; constraint: 1.00 (all 1 constraint(s) on width hold) ; identity: abstained (width is not an identity claim) ; vocabulary: abstained (width is quantity, not a controlled term)"
WDTS7024RZ,ATTRIBUTE_UOM 6,width,in,,derived,no,,,"dimensional: 1.00 (24 inch is dimensionally valid for width (length)) ; constraint: 1.00 (all 1 constraint(s) on width hold) ; identity: abstained (width is not an identity claim) ; vocabulary: abstained (width is quantity, not a controlled term)"
WDTS7024RZ,ATTRIBUTE_LABEL 7,mounting_type,Mounting Type,,derived,yes,,,
WDTS7024RZ,ATTRIBUTE_LABEL 8,fuel_type,Fuel Type,,derived,yes,,,
WDTS7024RZ,ATTRIBUTE_LABEL 9,sound_level,Sound Level,,derived,yes,,,
WDTS7024RZ,ATTRIBUTE_LABEL 10,finish,Color,,derived,yes,,,
WDTS7024RZ,UNSPSC,,52141500,,routed,yes,,Dishwasher | SS | Display,
WDTS7024RZ,WIDTH,width,24,,derived,yes,,24,"dimensional: 1.00 (24 inch is dimensionally valid for width (length)) ; constraint: 1.00 (all 1 constraint(s) on width hold) ; identity: abstained (width is not an identity claim) ; vocabulary: abstained (width is quantity, not a controlled term)"
WDTS7024RZ,WIDTH_UOM,width,in,,derived,yes,,,"dimensional: 1.00 (24 inch is dimensionally valid for width (length)) ; constraint: 1.00 (all 1 constraint(s) on width hold) ; identity: abstained (width is not an identity claim) ; vocabulary: abstained (width is quantity, not a controlled term)"
PDD415PYYFS,Dept,,Appliances,,routed,yes,,Dishwasher | SS | GE,
PDD415PYYFS,Class,,Large Appliances,,routed,yes,,Dishwasher | SS | GE,
PDD415PYYFS,Fine,,Major Kitchen & Laundry Appliances,,routed,yes,,Dishwasher | SS | GE,
PDD415PYYFS,Mfg_Part_Num,,PDD415PYYFS,,passthrough,yes,,,
PDD415PYYFS,Part_Desc,,PDD415PYYFS GE Dishwasher SS,,passthrough,yes,,,
PDD415PYYFS,E1_Brand,,-- Unbranded --,,passthrough,yes,,,
PDD415PYYFS,Unilog_Brand,,-- No Unilog Brand --,,passthrough,yes,,,
PDD415PYYFS,DIB_Brand,,-- No DIB Brand --,,passthrough,yes,,,
PDD415PYYFS,Part_Manuf,,Appliance Dealers Cooperative (APPDE),,passthrough,yes,,,
PDD415PYYFS,MANUFACTURER_NAME,,Appliance Dealers Cooperative,,passthrough,yes,,,
PDD415PYYFS,MANUFACTURER_PART_NUMBER,,PDD415PYYFS,,passthrough,yes,,,
PDD415PYYFS,Classpath,,Appliances & Consumer Electronics>Kitchen Appliances>Major Appliances,,routed,yes,,Dishwasher | SS | GE,
PDD415PYYFS,MOBILE_DESC,,"Appliance Dealers Cooperative, Dishwasher, PDD415PYYFS",,composed,yes,,,
PDD415PYYFS,INVOICE_DESC,,DISHWASHER,,composed,yes,,,
PDD415PYYFS,SHORT_DESC,,PDD415PYYFS Dishwasher,,composed,yes,,,
PDD415PYYFS,LONG_DESC1,,Dishwasher,,composed,yes,,,
PDD415PYYFS,RETAIL_DESC,,Dishwasher,,composed,yes,,,
PDD415PYYFS,Product Name,appliance_type,Dishwasher,,derived,yes,,Dishwasher,"dimensional: abstained (appliance_type is nominal, not a physical quantity) ; constraint: abstained (no constraint in appliance.major mentions appliance_type) ; identity: abstained (appliance_type is not an identity claim) ; vocabulary: 1.00 ('dishwasher' is a declared term for appliance_type)"
PDD415PYYFS,ATTRIBUTE_LABEL 1,appliance_type,Product Name,,derived,yes,,,"dimensional: abstained (appliance_type is nominal, not a physical quantity) ; constraint: abstained (no constraint in appliance.major mentions appliance_type) ; identity: abstained (appliance_type is not an identity claim) ; vocabulary: 1.00 ('dishwasher' is a declared term for appliance_type)"
PDD415PYYFS,ATTRIBUTE_VALUE 1,appliance_type,dishwasher,,extracted,no,,Dishwasher,"dimensional: abstained (appliance_type is nominal, not a physical quantity) ; constraint: abstained (no constraint in appliance.major mentions appliance_type) ; identity: abstained (appliance_type is not an identity claim) ; vocabulary: 1.00 ('dishwasher' is a declared term for appliance_type)"
PDD415PYYFS,ATTRIBUTE_LABEL 2,series,Series,,derived,yes,,,
PDD415PYYFS,ATTRIBUTE_LABEL 3,capacity,Capacity,,derived,yes,,,
PDD415PYYFS,ATTRIBUTE_LABEL 4,voltage_rating,Voltage Rating,,derived,yes,,,
PDD415PYYFS,ATTRIBUTE_LABEL 5,amperage_rating,Amperage Rating,,derived,yes,,,
PDD415PYYFS,ATTRIBUTE_LABEL 6,width,Width,,derived,yes,,,
PDD415PYYFS,ATTRIBUTE_LABEL 7,mounting_type,Mounting Type,,derived,yes,,,
PDD415PYYFS,ATTRIBUTE_LABEL 8,fuel_type,Fuel Type,,derived,yes,,,
PDD415PYYFS,ATTRIBUTE_LABEL 9,sound_level,Sound Level,,derived,yes,,,
PDD415PYYFS,ATTRIBUTE_LABEL 10,finish,Color,,derived,yes,,,
PDD415PYYFS,UNSPSC,,52141500,,routed,yes,,Dishwasher | SS | GE,
KDTS424SBE,Dept,,Appliances,,routed,yes,,Dishwasher,
KDTS424SBE,Class,,Large Appliances,,routed,yes,,Dishwasher,
KDTS424SBE,Fine,,Major Kitchen & Laundry Appliances,,routed,yes,,Dishwasher,
KDTS424SBE,Mfg_Part_Num,,KDTS424SBE,,passthrough,yes,,,
KDTS424SBE,Part_Desc,,KDTS424SBE Kitchen Aid Dishwasher Bk,,passthrough,yes,,,
KDTS424SBE,E1_Brand,,-- Unbranded --,,passthrough,yes,,,
KDTS424SBE,Unilog_Brand,,-- No Unilog Brand --,,passthrough,yes,,,
KDTS424SBE,DIB_Brand,,-- No DIB Brand --,,passthrough,yes,,,
KDTS424SBE,Part_Manuf,,Appliance Dealers Cooperative (APPDE),,passthrough,yes,,,
KDTS424SBE,MANUFACTURER_NAME,,Appliance Dealers Cooperative,,passthrough,yes,,,
KDTS424SBE,MANUFACTURER_PART_NUMBER,,KDTS424SBE,,passthrough,yes,,,
KDTS424SBE,Classpath,,Appliances & Consumer Electronics>Kitchen Appliances>Major Appliances,,routed,yes,,Dishwasher,
KDTS424SBE,MOBILE_DESC,,"Appliance Dealers Cooperative, Dishwasher, KDTS424SBE, 24 in Width",,composed,yes,,24,
KDTS424SBE,INVOICE_DESC,,DISHWASHER 24IN,,composed,yes,,24,
KDTS424SBE,SHORT_DESC,,"KDTS424SBE Dishwasher, 24 in Width",,composed,yes,,24,
KDTS424SBE,LONG_DESC1,,"Dishwasher, 24 in Width",,composed,yes,,24,
KDTS424SBE,RETAIL_DESC,,"Dishwasher, 24 in Width",,composed,yes,,24,
KDTS424SBE,ITEM_FEATURES_1,,24 in,,composed,yes,,24,
KDTS424SBE,Product Name,appliance_type,Dishwasher,,derived,yes,,Dishwasher,"dimensional: abstained (appliance_type is nominal, not a physical quantity) ; constraint: abstained (no constraint in appliance.major mentions appliance_type) ; identity: abstained (appliance_type is not an identity claim) ; vocabulary: 1.00 ('dishwasher' is a declared term for appliance_type)"
KDTS424SBE,ATTRIBUTE_LABEL 1,appliance_type,Product Name,,derived,yes,,,"dimensional: abstained (appliance_type is nominal, not a physical quantity) ; constraint: abstained (no constraint in appliance.major mentions appliance_type) ; identity: abstained (appliance_type is not an identity claim) ; vocabulary: 1.00 ('dishwasher' is a declared term for appliance_type)"
KDTS424SBE,ATTRIBUTE_VALUE 1,appliance_type,dishwasher,,extracted,no,,Dishwasher,"dimensional: abstained (appliance_type is nominal, not a physical quantity) ; constraint: abstained (no constraint in appliance.major mentions appliance_type) ; identity: abstained (appliance_type is not an identity claim) ; vocabulary: 1.00 ('dishwasher' is a declared term for appliance_type)"
KDTS424SBE,ATTRIBUTE_LABEL 2,series,Series,,derived,yes,,,
KDTS424SBE,ATTRIBUTE_LABEL 3,capacity,Capacity,,derived,yes,,,
KDTS424SBE,ATTRIBUTE_LABEL 4,voltage_rating,Voltage Rating,,derived,yes,,,
KDTS424SBE,ATTRIBUTE_LABEL 5,amperage_rating,Amperage Rating,,derived,yes,,,
KDTS424SBE,ATTRIBUTE_LABEL 6,width,Width,,derived,yes,,,"dimensional: 1.00 (24 inch is dimensionally valid for width (length)) ; constraint: 1.00 (all 1 constraint(s) on width hold) ; identity: abstained (width is not an identity claim) ; vocabulary: abstained (width is quantity, not a controlled term)"
KDTS424SBE,ATTRIBUTE_VALUE 6,width,24,,extracted,no,,24,"dimensional: 1.00 (24 inch is dimensionally valid for width (length)) ; constraint: 1.00 (all 1 constraint(s) on width hold) ; identity: abstained (width is not an identity claim) ; vocabulary: abstained (width is quantity, not a controlled term)"
KDTS424SBE,ATTRIBUTE_UOM 6,width,in,,derived,no,,,"dimensional: 1.00 (24 inch is dimensionally valid for width (length)) ; constraint: 1.00 (all 1 constraint(s) on width hold) ; identity: abstained (width is not an identity claim) ; vocabulary: abstained (width is quantity, not a controlled term)"
KDTS424SBE,ATTRIBUTE_LABEL 7,mounting_type,Mounting Type,,derived,yes,,,
KDTS424SBE,ATTRIBUTE_LABEL 8,fuel_type,Fuel Type,,derived,yes,,,
KDTS424SBE,ATTRIBUTE_LABEL 9,sound_level,Sound Level,,derived,yes,,,
KDTS424SBE,ATTRIBUTE_LABEL 10,finish,Color,,derived,yes,,,
KDTS424SBE,UNSPSC,,52141500,,routed,yes,,Dishwasher,
KDTS424SBE,WIDTH,width,24,,derived,yes,,24,"dimensional: 1.00 (24 inch is dimensionally valid for width (length)) ; constraint: 1.00 (all 1 constraint(s) on width hold) ; identity: abstained (width is not an identity claim) ; vocabulary: abstained (width is quantity, not a controlled term)"
KDTS424SBE,WIDTH_UOM,width,in,,derived,yes,,,"dimensional: 1.00 (24 inch is dimensionally valid for width (length)) ; constraint: 1.00 (all 1 constraint(s) on width hold) ; identity: abstained (width is not an identity claim) ; vocabulary: abstained (width is quantity, not a controlled term)"
KDTS324SPS,Dept,,Appliances,,routed,yes,,Dishwasher | SS,
KDTS324SPS,Class,,Large Appliances,,routed,yes,,Dishwasher | SS,
KDTS324SPS,Fine,,Major Kitchen & Laundry Appliances,,routed,yes,,Dishwasher | SS,
KDTS324SPS,Mfg_Part_Num,,KDTS324SPS,,passthrough,yes,,,
KDTS324SPS,Part_Desc,,KDTS324SPS Kitchen Aid Dishwasher SS,,passthrough,yes,,,
KDTS324SPS,E1_Brand,,-- Unbranded --,,passthrough,yes,,,
KDTS324SPS,Unilog_Brand,,-- No Unilog Brand --,,passthrough,yes,,,
KDTS324SPS,DIB_Brand,,-- No DIB Brand --,,passthrough,yes,,,
KDTS324SPS,Part_Manuf,,Appliance Dealers Cooperative (APPDE),,passthrough,yes,,,
KDTS324SPS,MANUFACTURER_NAME,,Appliance Dealers Cooperative,,passthrough,yes,,,
KDTS324SPS,MANUFACTURER_PART_NUMBER,,KDTS324SPS,,passthrough,yes,,,
KDTS324SPS,Classpath,,Appliances & Consumer Electronics>Kitchen Appliances>Major Appliances,,routed,yes,,Dishwasher | SS,
KDTS324SPS,MOBILE_DESC,,"Appliance Dealers Cooperative, Dishwasher, KDTS324SPS, 24 in Width",,composed,yes,,24,
KDTS324SPS,INVOICE_DESC,,DISHWASHER 24IN,,composed,yes,,24,
KDTS324SPS,SHORT_DESC,,"KDTS324SPS Dishwasher, 24 in Width",,composed,yes,,24,
KDTS324SPS,LONG_DESC1,,"Dishwasher, 24 in Width",,composed,yes,,24,
KDTS324SPS,RETAIL_DESC,,"Dishwasher, 24 in Width",,composed,yes,,24,
KDTS324SPS,ITEM_FEATURES_1,,24 in,,composed,yes,,24,
KDTS324SPS,Product Name,appliance_type,Dishwasher,,derived,yes,,Dishwasher,"dimensional: abstained (appliance_type is nominal, not a physical quantity) ; constraint: abstained (no constraint in appliance.major mentions appliance_type) ; identity: abstained (appliance_type is not an identity claim) ; vocabulary: 1.00 ('dishwasher' is a declared term for appliance_type)"
KDTS324SPS,ATTRIBUTE_LABEL 1,appliance_type,Product Name,,derived,yes,,,"dimensional: abstained (appliance_type is nominal, not a physical quantity) ; constraint: abstained (no constraint in appliance.major mentions appliance_type) ; identity: abstained (appliance_type is not an identity claim) ; vocabulary: 1.00 ('dishwasher' is a declared term for appliance_type)"
KDTS324SPS,ATTRIBUTE_VALUE 1,appliance_type,dishwasher,,extracted,no,,Dishwasher,"dimensional: abstained (appliance_type is nominal, not a physical quantity) ; constraint: abstained (no constraint in appliance.major mentions appliance_type) ; identity: abstained (appliance_type is not an identity claim) ; vocabulary: 1.00 ('dishwasher' is a declared term for appliance_type)"
KDTS324SPS,ATTRIBUTE_LABEL 2,series,Series,,derived,yes,,,
KDTS324SPS,ATTRIBUTE_LABEL 3,capacity,Capacity,,derived,yes,,,
KDTS324SPS,ATTRIBUTE_LABEL 4,voltage_rating,Voltage Rating,,derived,yes,,,
KDTS324SPS,ATTRIBUTE_LABEL 5,amperage_rating,Amperage Rating,,derived,yes,,,
KDTS324SPS,ATTRIBUTE_LABEL 6,width,Width,,derived,yes,,,"dimensional: 1.00 (24 inch is dimensionally valid for width (length)) ; constraint: 1.00 (all 1 constraint(s) on width hold) ; identity: abstained (width is not an identity claim) ; vocabulary: abstained (width is quantity, not a controlled term)"
KDTS324SPS,ATTRIBUTE_VALUE 6,width,24,,extracted,no,,24,"dimensional: 1.00 (24 inch is dimensionally valid for width (length)) ; constraint: 1.00 (all 1 constraint(s) on width hold) ; identity: abstained (width is not an identity claim) ; vocabulary: abstained (width is quantity, not a controlled term)"
KDTS324SPS,ATTRIBUTE_UOM 6,width,in,,derived,no,,,"dimensional: 1.00 (24 inch is dimensionally valid for width (length)) ; constraint: 1.00 (all 1 constraint(s) on width hold) ; identity: abstained (width is not an identity claim) ; vocabulary: abstained (width is quantity, not a controlled term)"
KDTS324SPS,ATTRIBUTE_LABEL 7,mounting_type,Mounting Type,,derived,yes,,,
KDTS324SPS,ATTRIBUTE_LABEL 8,fuel_type,Fuel Type,,derived,yes,,,
KDTS324SPS,ATTRIBUTE_LABEL 9,sound_level,Sound Level,,derived,yes,,,
KDTS324SPS,ATTRIBUTE_LABEL 10,finish,Color,,derived,yes,,,
KDTS324SPS,UNSPSC,,52141500,,routed,yes,,Dishwasher | SS,
KDTS324SPS,WIDTH,width,24,,derived,yes,,24,"dimensional: 1.00 (24 inch is dimensionally valid for width (length)) ; constraint: 1.00 (all 1 constraint(s) on width hold) ; identity: abstained (width is not an identity claim) ; vocabulary: abstained (width is quantity, not a controlled term)"
KDTS324SPS,WIDTH_UOM,width,in,,derived,yes,,,"dimensional: 1.00 (24 inch is dimensionally valid for width (length)) ; constraint: 1.00 (all 1 constraint(s) on width hold) ; identity: abstained (width is not an identity claim) ; vocabulary: abstained (width is quantity, not a controlled term)"
KDPS624SJP,Dept,,Appliances,,routed,yes,,Dishwasher | Display,
KDPS624SJP,Class,,Large Appliances,,routed,yes,,Dishwasher | Display,
KDPS624SJP,Fine,,Major Kitchen & Laundry Appliances,,routed,yes,,Dishwasher | Display,
KDPS624SJP,Mfg_Part_Num,,KDPS624SJP,,passthrough,yes,,,
KDPS624SJP,Part_Desc,,KDPS624SJP Dishwasher Juniper - Display Only,,passthrough,yes,,,
KDPS624SJP,E1_Brand,,-- Unbranded --,,passthrough,yes,,,
KDPS624SJP,Unilog_Brand,,-- No Unilog Brand --,,passthrough,yes,,,
KDPS624SJP,DIB_Brand,,-- No DIB Brand --,,passthrough,yes,,,
KDPS624SJP,Part_Manuf,,Appliance Dealers Cooperative (APPDE),,passthrough,yes,,,
KDPS624SJP,MANUFACTURER_NAME,,Appliance Dealers Cooperative,,passthrough,yes,,,
KDPS624SJP,MANUFACTURER_PART_NUMBER,,KDPS624SJP,,passthrough,yes,,,
KDPS624SJP,Classpath,,Appliances & Consumer Electronics>Kitchen Appliances>Major Appliances,,routed,yes,,Dishwasher | Display,
KDPS624SJP,MOBILE_DESC,,"Appliance Dealers Cooperative, Dishwasher, Juniper, KDPS624SJP",,composed,yes,,Juniper,
KDPS624SJP,INVOICE_DESC,,DISHWASHER 24IN,,composed,yes,,24,
KDPS624SJP,SHORT_DESC,,"Juniper KDPS624SJP Dishwasher, 24 in Width",,composed,yes,,24,
KDPS624SJP,LONG_DESC1,,"Dishwasher, Juniper, 24 in Width",,composed,yes,,Juniper | 24,
KDPS624SJP,RETAIL_DESC,,"Juniper Dishwasher, 24 in Width",,composed,yes,,24,
KDPS624SJP,ITEM_FEATURES_1,,24 in,,composed,yes,,24,
KDPS624SJP,Product Name,appliance_type,Dishwasher,,derived,yes,,Dishwasher,"dimensional: abstained (appliance_type is nominal, not a physical quantity) ; constraint: abstained (no constraint in appliance.major mentions appliance_type) ; identity: abstained (appliance_type is not an identity claim) ; vocabulary: 1.00 ('dishwasher' is a declared term for appliance_type)"
KDPS624SJP,ATTRIBUTE_LABEL 1,appliance_type,Product Name,,derived,yes,,,"dimensional: abstained (appliance_type is nominal, not a physical quantity) ; constraint: abstained (no constraint in appliance.major mentions appliance_type) ; identity: abstained (appliance_type is not an identity claim) ; vocabulary: 1.00 ('dishwasher' is a declared term for appliance_type)"
KDPS624SJP,ATTRIBUTE_VALUE 1,appliance_type,dishwasher,,extracted,no,,Dishwasher,"dimensional: abstained (appliance_type is nominal, not a physical quantity) ; constraint: abstained (no constraint in appliance.major mentions appliance_type) ; identity: abstained (appliance_type is not an identity claim) ; vocabulary: 1.00 ('dishwasher' is a declared term for appliance_type)"
KDPS624SJP,ATTRIBUTE_LABEL 2,series,Series,,derived,yes,,,"dimensional: abstained (series is text, not a physical quantity) ; constraint: abstained (no constraint in appliance.major mentions series) ; identity: 1.00 (series 'Juniper' appears verbatim in the source) ; vocabulary: abstained (series is text, not a controlled term)"
KDPS624SJP,ATTRIBUTE_VALUE 2,series,Juniper,,extracted,no,,Juniper,"dimensional: abstained (series is text, not a physical quantity) ; constraint: abstained (no constraint in appliance.major mentions series) ; identity: 1.00 (series 'Juniper' appears verbatim in the source) ; vocabulary: abstained (series is text, not a controlled term)"
KDPS624SJP,ATTRIBUTE_LABEL 3,capacity,Capacity,,derived,yes,,,
KDPS624SJP,ATTRIBUTE_LABEL 4,voltage_rating,Voltage Rating,,derived,yes,,,
KDPS624SJP,ATTRIBUTE_LABEL 5,amperage_rating,Amperage Rating,,derived,yes,,,
KDPS624SJP,ATTRIBUTE_LABEL 6,width,Width,,derived,yes,,,"dimensional: 1.00 (24 inch is dimensionally valid for width (length)) ; constraint: 1.00 (all 1 constraint(s) on width hold) ; identity: abstained (width is not an identity claim) ; vocabulary: abstained (width is quantity, not a controlled term)"
KDPS624SJP,ATTRIBUTE_VALUE 6,width,24,,extracted,no,,24,"dimensional: 1.00 (24 inch is dimensionally valid for width (length)) ; constraint: 1.00 (all 1 constraint(s) on width hold) ; identity: abstained (width is not an identity claim) ; vocabulary: abstained (width is quantity, not a controlled term)"
KDPS624SJP,ATTRIBUTE_UOM 6,width,in,,derived,no,,,"dimensional: 1.00 (24 inch is dimensionally valid for width (length)) ; constraint: 1.00 (all 1 constraint(s) on width hold) ; identity: abstained (width is not an identity claim) ; vocabulary: abstained (width is quantity, not a controlled term)"
KDPS624SJP,ATTRIBUTE_LABEL 7,mounting_type,Mounting Type,,derived,yes,,,
KDPS624SJP,ATTRIBUTE_LABEL 8,fuel_type,Fuel Type,,derived,yes,,,
KDPS624SJP,ATTRIBUTE_LABEL 9,sound_level,Sound Level,,derived,yes,,,
KDPS624SJP,ATTRIBUTE_LABEL 10,finish,Color,,derived,yes,,,
KDPS624SJP,UNSPSC,,52141500,,routed,yes,,Dishwasher | Display,
KDPS624SJP,WIDTH,width,24,,derived,yes,,24,"dimensional: 1.00 (24 inch is dimensionally valid for width (length)) ; constraint: 1.00 (all 1 constraint(s) on width hold) ; identity: abstained (width is not an identity claim) ; vocabulary: abstained (width is quantity, not a controlled term)"
KDPS624SJP,WIDTH_UOM,width,in,,derived,yes,,,"dimensional: 1.00 (24 inch is dimensionally valid for width (length)) ; constraint: 1.00 (all 1 constraint(s) on width hold) ; identity: abstained (width is not an identity claim) ; vocabulary: abstained (width is quantity, not a controlled term)"
KDTS624SBE,Dept,,Appliances,,routed,yes,,Dishwasher | Display,
KDTS624SBE,Class,,Large Appliances,,routed,yes,,Dishwasher | Display,
KDTS624SBE,Fine,,Major Kitchen & Laundry Appliances,,routed,yes,,Dishwasher | Display,
KDTS624SBE,Mfg_Part_Num,,KDTS624SBE,,passthrough,yes,,,
KDTS624SBE,Part_Desc,,KDTS624SBE Dishwasher BO Display Only,,passthrough,yes,,,
KDTS624SBE,E1_Brand,,-- Unbranded --,,passthrough,yes,,,
KDTS624SBE,Unilog_Brand,,-- No Unilog Brand --,,passthrough,yes,,,
KDTS624SBE,DIB_Brand,,-- No DIB Brand --,,passthrough,yes,,,
KDTS624SBE,Part_Manuf,,Appliance Dealers Cooperative (APPDE),,passthrough,yes,,,
KDTS624SBE,MANUFACTURER_NAME,,Appliance Dealers Cooperative,,passthrough,yes,,,
KDTS624SBE,MANUFACTURER_PART_NUMBER,,KDTS624SBE,,passthrough,yes,,,
KDTS624SBE,Classpath,,Appliances & Consumer Electronics>Kitchen Appliances>Major Appliances,,routed,yes,,Dishwasher | Display,
KDTS624SBE,MOBILE_DESC,,"Appliance Dealers Cooperative, Dishwasher, BO, KDTS624SBE, 24 in Width",,composed,yes,,BO | 24,
KDTS624SBE,INVOICE_DESC,,DISHWASHER 24IN,,composed,yes,,24,
KDTS624SBE,SHORT_DESC,,"BO KDTS624SBE Dishwasher, 24 in Width",,composed,yes,,24,
KDTS624SBE,LONG_DESC1,,"Dishwasher, BO, 24 in Width",,composed,yes,,BO | 24,
KDTS624SBE,RETAIL_DESC,,"BO Dishwasher, 24 in Width",,composed,yes,,24,
KDTS624SBE,ITEM_FEATURES_1,,24 in,,composed,yes,,24,
KDTS624SBE,Product Name,appliance_type,Dishwasher,,derived,yes,,Dishwasher,"dimensional: abstained (appliance_type is nominal, not a physical quantity) ; constraint: abstained (no constraint in appliance.major mentions appliance_type) ; identity: abstained (appliance_type is not an identity claim) ; vocabulary: 1.00 ('dishwasher' is a declared term for appliance_type)"
KDTS624SBE,ATTRIBUTE_LABEL 1,appliance_type,Product Name,,derived,yes,,,"dimensional: abstained (appliance_type is nominal, not a physical quantity) ; constraint: abstained (no constraint in appliance.major mentions appliance_type) ; identity: abstained (appliance_type is not an identity claim) ; vocabulary: 1.00 ('dishwasher' is a declared term for appliance_type)"
KDTS624SBE,ATTRIBUTE_VALUE 1,appliance_type,dishwasher,,extracted,no,,Dishwasher,"dimensional: abstained (appliance_type is nominal, not a physical quantity) ; constraint: abstained (no constraint in appliance.major mentions appliance_type) ; identity: abstained (appliance_type is not an identity claim) ; vocabulary: 1.00 ('dishwasher' is a declared term for appliance_type)"
KDTS624SBE,ATTRIBUTE_LABEL 2,series,Series,,derived,yes,,,"dimensional: abstained (series is text, not a physical quantity) ; constraint: abstained (no constraint in appliance.major mentions series) ; identity: 1.00 (series 'BO' appears verbatim in the source) ; vocabulary: abstained (series is text, not a controlled term)"
KDTS624SBE,ATTRIBUTE_VALUE 2,series,BO,,extracted,no,,BO,"dimensional: abstained (series is text, not a physical quantity) ; constraint: abstained (no constraint in appliance.major mentions series) ; identity: 1.00 (series 'BO' appears verbatim in the source) ; vocabulary: abstained (series is text, not a controlled term)"
KDTS624SBE,ATTRIBUTE_LABEL 3,capacity,Capacity,,derived,yes,,,
KDTS624SBE,ATTRIBUTE_LABEL 4,voltage_rating,Voltage Rating,,derived,yes,,,
KDTS624SBE,ATTRIBUTE_LABEL 5,amperage_rating,Amperage Rating,,derived,yes,,,
KDTS624SBE,ATTRIBUTE_LABEL 6,width,Width,,derived,yes,,,"dimensional: 1.00 (24 inch is dimensionally valid for width (length)) ; constraint: 1.00 (all 1 constraint(s) on width hold) ; identity: abstained (width is not an identity claim) ; vocabulary: abstained (width is quantity, not a controlled term)"
KDTS624SBE,ATTRIBUTE_VALUE 6,width,24,,extracted,no,,24,"dimensional: 1.00 (24 inch is dimensionally valid for width (length)) ; constraint: 1.00 (all 1 constraint(s) on width hold) ; identity: abstained (width is not an identity claim) ; vocabulary: abstained (width is quantity, not a controlled term)"
KDTS624SBE,ATTRIBUTE_UOM 6,width,in,,derived,no,,,"dimensional: 1.00 (24 inch is dimensionally valid for width (length)) ; constraint: 1.00 (all 1 constraint(s) on width hold) ; identity: abstained (width is not an identity claim) ; vocabulary: abstained (width is quantity, not a controlled term)"
KDTS624SBE,ATTRIBUTE_LABEL 7,mounting_type,Mounting Type,,derived,yes,,,
KDTS624SBE,ATTRIBUTE_LABEL 8,fuel_type,Fuel Type,,derived,yes,,,
KDTS624SBE,ATTRIBUTE_LABEL 9,sound_level,Sound Level,,derived,yes,,,
KDTS624SBE,ATTRIBUTE_LABEL 10,finish,Color,,derived,yes,,,
KDTS624SBE,UNSPSC,,52141500,,routed,yes,,Dishwasher | Display,
KDTS624SBE,WIDTH,width,24,,derived,yes,,24,"dimensional: 1.00 (24 inch is dimensionally valid for width (length)) ; constraint: 1.00 (all 1 constraint(s) on width hold) ; identity: abstained (width is not an identity claim) ; vocabulary: abstained (width is quantity, not a controlled term)"
KDTS624SBE,WIDTH_UOM,width,in,,derived,yes,,,"dimensional: 1.00 (24 inch is dimensionally valid for width (length)) ; constraint: 1.00 (all 1 constraint(s) on width hold) ; identity: abstained (width is not an identity claim) ; vocabulary: abstained (width is quantity, not a controlled term)"
D519127,Mfg_Part_Num,,D519127,,passthrough,yes,,,
D519127,Part_Desc,,D519127 Heater Kit,,passthrough,yes,,,
D519127,E1_Brand,,-- Unbranded --,,passthrough,yes,,,
D519127,Unilog_Brand,,-- No Unilog Brand --,,passthrough,yes,,,
D519127,DIB_Brand,,-- No DIB Brand --,,passthrough,yes,,,
D519127,Part_Manuf,,V & V Appliance Parts Inc (VVAPP),,passthrough,yes,,,
D519127,MANUFACTURER_NAME,,V & V Appliance Parts Inc,,passthrough,yes,,,
D519127,MANUFACTURER_PART_NUMBER,,D519127,,passthrough,yes,,,
D519127,MOBILE_DESC,,"V & V Appliance Parts Inc, Heater Kit, D519127",,composed,yes,,Heater Kit,
D519127,INVOICE_DESC,,HEATER KIT,,composed,yes,,Heater Kit,
D519127,SHORT_DESC,,D519127 Heater Kit,,composed,yes,,Heater Kit,
D519127,LONG_DESC1,,Heater Kit,,composed,yes,,Heater Kit,
D519127,RETAIL_DESC,,Heater Kit,,composed,yes,,Heater Kit,
D519127,Product Name,product_name,Heater Kit,,derived,yes,,Heater Kit,"dimensional: abstained (product_name is text, not a physical quantity) ; constraint: abstained (no constraint in generic mentions product_name) ; identity: 1.00 (product_name 'Heater Kit' appears verbatim in the source) ; vocabulary: abstained (product_name is text, not a controlled term)"
D519127,ATTRIBUTE_LABEL 1,product_name,Product Name,,derived,yes,,,"dimensional: abstained (product_name is text, not a physical quantity) ; constraint: abstained (no constraint in generic mentions product_name) ; identity: 1.00 (product_name 'Heater Kit' appears verbatim in the source) ; vocabulary: abstained (product_name is text, not a controlled term)"
D519127,ATTRIBUTE_VALUE 1,product_name,Heater Kit,,extracted,no,,Heater Kit,"dimensional: abstained (product_name is text, not a physical quantity) ; constraint: abstained (no constraint in generic mentions product_name) ; identity: 1.00 (product_name 'Heater Kit' appears verbatim in the source) ; vocabulary: abstained (product_name is text, not a controlled term)"
D519127,ATTRIBUTE_LABEL 2,brand,Brand,,derived,yes,,,
D519127,ATTRIBUTE_LABEL 3,material,Material,,derived,yes,,,
D519127,ATTRIBUTE_LABEL 4,color,Color,,derived,yes,,,
D519127,ATTRIBUTE_LABEL 5,size,Size,,derived,yes,,,
D519127,ATTRIBUTE_LABEL 6,quantity,Quantity,,derived,yes,,,
DF7004WE,Dept,,Appliances,,routed,yes,,Dryer | Elect,
DF7004WE,Class,,Large Appliances,,routed,yes,,Dryer | Elect,
DF7004WE,Fine,,Major Kitchen & Laundry Appliances,,routed,yes,,Dryer | Elect,
DF7004WE,Mfg_Part_Num,,DF7004WE,,passthrough,yes,,,
DF7004WE,Part_Desc,,DF7004WE Speed Queen Elect Dryer Wh,,passthrough,yes,,,
DF7004WE,E1_Brand,,-- Unbranded --,,passthrough,yes,,,
DF7004WE,Unilog_Brand,,-- No Unilog Brand --,,passthrough,yes,,,
DF7004WE,DIB_Brand,,-- No DIB Brand --,,passthrough,yes,,,
DF7004WE,Part_Manuf,,Appliance Dealers Cooperative (APPDE),,passthrough,yes,,,
DF7004WE,MANUFACTURER_NAME,,Appliance Dealers Cooperative,,passthrough,yes,,,
DF7004WE,MANUFACTURER_PART_NUMBER,,DF7004WE,,passthrough,yes,,,
DF7004WE,Classpath,,Appliances & Consumer Electronics>Kitchen Appliances>Major Appliances,,routed,yes,,Dryer | Elect,
DF7004WE,MOBILE_DESC,,"Appliance Dealers Cooperative, Dryer, DF7004WE",,composed,yes,,,
DF7004WE,INVOICE_DESC,,DRYER,,composed,yes,,,
DF7004WE,SHORT_DESC,,DF7004WE Dryer,,composed,yes,,,
DF7004WE,LONG_DESC1,,Dryer,,composed,yes,,,
DF7004WE,RETAIL_DESC,,Dryer,,composed,yes,,,
DF7004WE,Product Name,appliance_type,Dryer,,derived,yes,,Dryer,"dimensional: abstained (appliance_type is nominal, not a physical quantity) ; constraint: abstained (no constraint in appliance.major mentions appliance_type) ; identity: abstained (appliance_type is not an identity claim) ; vocabulary: 1.00 ('dryer' is a declared term for appliance_type)"
DF7004WE,ATTRIBUTE_LABEL 1,appliance_type,Product Name,,derived,yes,,,"dimensional: abstained (appliance_type is nominal, not a physical quantity) ; constraint: abstained (no constraint in appliance.major mentions appliance_type) ; identity: abstained (appliance_type is not an identity claim) ; vocabulary: 1.00 ('dryer' is a declared term for appliance_type)"
DF7004WE,ATTRIBUTE_VALUE 1,appliance_type,dryer,,extracted,no,,Dryer,"dimensional: abstained (appliance_type is nominal, not a physical quantity) ; constraint: abstained (no constraint in appliance.major mentions appliance_type) ; identity: abstained (appliance_type is not an identity claim) ; vocabulary: 1.00 ('dryer' is a declared term for appliance_type)"
DF7004WE,ATTRIBUTE_LABEL 2,series,Series,,derived,yes,,,
DF7004WE,ATTRIBUTE_LABEL 3,capacity,Capacity,,derived,yes,,,
DF7004WE,ATTRIBUTE_LABEL 4,voltage_rating,Voltage Rating,,derived,yes,,,
DF7004WE,ATTRIBUTE_LABEL 5,amperage_rating,Amperage Rating,,derived,yes,,,
DF7004WE,ATTRIBUTE_LABEL 6,width,Width,,derived,yes,,,
DF7004WE,ATTRIBUTE_LABEL 7,mounting_type,Mounting Type,,derived,yes,,,
DF7004WE,ATTRIBUTE_LABEL 8,fuel_type,Fuel Type,,derived,yes,,,
DF7004WE,ATTRIBUTE_LABEL 9,sound_level,Sound Level,,derived,yes,,,
DF7004WE,ATTRIBUTE_LABEL 10,finish,Color,,derived,yes,,,
DF7004WE,UNSPSC,,52141500,,routed,yes,,Dryer | Elect,
DR7004BE,Dept,,Appliances,,routed,yes,,Dryer | Elect,
DR7004BE,Class,,Large Appliances,,routed,yes,,Dryer | Elect,
DR7004BE,Fine,,Major Kitchen & Laundry Appliances,,routed,yes,,Dryer | Elect,
DR7004BE,Mfg_Part_Num,,DR7004BE,,passthrough,yes,,,
DR7004BE,Part_Desc,,DR7004BE SQ Elect Dryer Bk,,passthrough,yes,,,
DR7004BE,E1_Brand,,-- Unbranded --,,passthrough,yes,,,
DR7004BE,Unilog_Brand,,-- No Unilog Brand --,,passthrough,yes,,,
DR7004BE,DIB_Brand,,-- No DIB Brand --,,passthrough,yes,,,
DR7004BE,Part_Manuf,,Appliance Dealers Cooperative (APPDE),,passthrough,yes,,,
DR7004BE,MANUFACTURER_NAME,,Appliance Dealers Cooperative,,passthrough,yes,,,
DR7004BE,MANUFACTURER_PART_NUMBER,,DR7004BE,,passthrough,yes,,,
DR7004BE,Classpath,,Appliances & Consumer Electronics>Kitchen Appliances>Major Appliances,,routed,yes,,Dryer | Elect,
DR7004BE,MOBILE_DESC,,"Appliance Dealers Cooperative, Dryer, SQ, DR7004BE",,composed,yes,,SQ,
DR7004BE,INVOICE_DESC,,DRYER,,composed,yes,,,
DR7004BE,SHORT_DESC,,SQ DR7004BE Dryer,,composed,yes,,,
DR7004BE,LONG_DESC1,,"Dryer, SQ",,composed,yes,,SQ,
DR7004BE,RETAIL_DESC,,SQ Dryer,,composed,yes,,,
DR7004BE,Product Name,appliance_type,Dryer,,derived,yes,,Dryer,"dimensional: abstained (appliance_type is nominal, not a physical quantity) ; constraint: abstained (no constraint in appliance.major mentions appliance_type) ; identity: abstained (appliance_type is not an identity claim) ; vocabulary: 1.00 ('dryer' is a declared term for appliance_type)"
DR7004BE,ATTRIBUTE_LABEL 1,appliance_type,Product Name,,derived,yes,,,"dimensional: abstained (appliance_type is nominal, not a physical quantity) ; constraint: abstained (no constraint in appliance.major mentions appliance_type) ; identity: abstained (appliance_type is not an identity claim) ; vocabulary: 1.00 ('dryer' is a declared term for appliance_type)"
DR7004BE,ATTRIBUTE_VALUE 1,appliance_type,dryer,,extracted,no,,Dryer,"dimensional: abstained (appliance_type is nominal, not a physical quantity) ; constraint: abstained (no constraint in appliance.major mentions appliance_type) ; identity: abstained (appliance_type is not an identity claim) ; vocabulary: 1.00 ('dryer' is a declared term for appliance_type)"
DR7004BE,ATTRIBUTE_LABEL 2,series,Series,,derived,yes,,,"dimensional: abstained (series is text, not a physical quantity) ; constraint: abstained (no constraint in appliance.major mentions series) ; identity: 1.00 (series 'SQ' appears verbatim in the source) ; vocabulary: abstained (series is text, not a controlled term)"
DR7004BE,ATTRIBUTE_VALUE 2,series,SQ,,extracted,no,,SQ,"dimensional: abstained (series is text, not a physical quantity) ; constraint: abstained (no constraint in appliance.major mentions series) ; identity: 1.00 (series 'SQ' appears verbatim in the source) ; vocabulary: abstained (series is text, not a controlled term)"
DR7004BE,ATTRIBUTE_LABEL 3,capacity,Capacity,,derived,yes,,,
DR7004BE,ATTRIBUTE_LABEL 4,voltage_rating,Voltage Rating,,derived,yes,,,
DR7004BE,ATTRIBUTE_LABEL 5,amperage_rating,Amperage Rating,,derived,yes,,,
DR7004BE,ATTRIBUTE_LABEL 6,width,Width,,derived,yes,,,
DR7004BE,ATTRIBUTE_LABEL 7,mounting_type,Mounting Type,,derived,yes,,,
DR7004BE,ATTRIBUTE_LABEL 8,fuel_type,Fuel Type,,derived,yes,,,
DR7004BE,ATTRIBUTE_LABEL 9,sound_level,Sound Level,,derived,yes,,,
DR7004BE,ATTRIBUTE_LABEL 10,finish,Color,,derived,yes,,,
DR7004BE,UNSPSC,,52141500,,routed,yes,,Dryer | Elect,
DV2000WE,Dept,,Appliances,,routed,yes,,Dryer | Elect,
DV2000WE,Class,,Large Appliances,,routed,yes,,Dryer | Elect,
DV2000WE,Fine,,Major Kitchen & Laundry Appliances,,routed,yes,,Dryer | Elect,
DV2000WE,Mfg_Part_Num,,DV2000WE,,passthrough,yes,,,
DV2000WE,Part_Desc,,DV2000WE SQ Elect Dryer Wh,,passthrough,yes,,,
DV2000WE,E1_Brand,,-- Unbranded --,,passthrough,yes,,,
DV2000WE,Unilog_Brand,,-- No Unilog Brand --,,passthrough,yes,,,
DV2000WE,DIB_Brand,,-- No DIB Brand --,,passthrough,yes,,,
DV2000WE,Part_Manuf,,Appliance Dealers Cooperative (APPDE),,passthrough,yes,,,
DV2000WE,MANUFACTURER_NAME,,Appliance Dealers Cooperative,,passthrough,yes,,,
DV2000WE,MANUFACTURER_PART_NUMBER,,DV2000WE,,passthrough,yes,,,
DV2000WE,Classpath,,Appliances & Consumer Electronics>Kitchen Appliances>Major Appliances,,routed,yes,,Dryer | Elect,
DV2000WE,MOBILE_DESC,,"Appliance Dealers Cooperative, Dryer, DV2000WE",,composed,yes,,,
DV2000WE,INVOICE_DESC,,DRYER,,composed,yes,,,
DV2000WE,SHORT_DESC,,DV2000WE Dryer,,composed,yes,,,
DV2000WE,LONG_DESC1,,Dryer,,composed,yes,,,
DV2000WE,RETAIL_DESC,,Dryer,,composed,yes,,,
DV2000WE,Product Name,appliance_type,Dryer,,derived,yes,,Dryer,"dimensional: abstained (appliance_type is nominal, not a physical quantity) ; constraint: abstained (no constraint in appliance.major mentions appliance_type) ; identity: abstained (appliance_type is not an identity claim) ; vocabulary: 1.00 ('dryer' is a declared term for appliance_type)"
DV2000WE,ATTRIBUTE_LABEL 1,appliance_type,Product Name,,derived,yes,,,"dimensional: abstained (appliance_type is nominal, not a physical quantity) ; constraint: abstained (no constraint in appliance.major mentions appliance_type) ; identity: abstained (appliance_type is not an identity claim) ; vocabulary: 1.00 ('dryer' is a declared term for appliance_type)"
DV2000WE,ATTRIBUTE_VALUE 1,appliance_type,dryer,,extracted,no,,Dryer,"dimensional: abstained (appliance_type is nominal, not a physical quantity) ; constraint: abstained (no constraint in appliance.major mentions appliance_type) ; identity: abstained (appliance_type is not an identity claim) ; vocabulary: 1.00 ('dryer' is a declared term for appliance_type)"
DV2000WE,ATTRIBUTE_LABEL 2,series,Series,,derived,yes,,,
DV2000WE,ATTRIBUTE_LABEL 3,capacity,Capacity,,derived,yes,,,
DV2000WE,ATTRIBUTE_LABEL 4,voltage_rating,Voltage Rating,,derived,yes,,,
DV2000WE,ATTRIBUTE_LABEL 5,amperage_rating,Amperage Rating,,derived,yes,,,
DV2000WE,ATTRIBUTE_LABEL 6,width,Width,,derived,yes,,,
DV2000WE,ATTRIBUTE_LABEL 7,mounting_type,Mounting Type,,derived,yes,,,
DV2000WE,ATTRIBUTE_LABEL 8,fuel_type,Fuel Type,,derived,yes,,,
DV2000WE,ATTRIBUTE_LABEL 9,sound_level,Sound Level,,derived,yes,,,
DV2000WE,ATTRIBUTE_LABEL 10,finish,Color,,derived,yes,,,
DV2000WE,UNSPSC,,52141500,,routed,yes,,Dryer | Elect,
DC5004WE,Dept,,Appliances,,routed,yes,,Dryer | Elect,
DC5004WE,Class,,Large Appliances,,routed,yes,,Dryer | Elect,
DC5004WE,Fine,,Major Kitchen & Laundry Appliances,,routed,yes,,Dryer | Elect,
DC5004WE,Mfg_Part_Num,,DC5004WE,,passthrough,yes,,,
DC5004WE,Part_Desc,,DC5004WE SQ Elect Dryer Wh,,passthrough,yes,,,
DC5004WE,E1_Brand,,-- Unbranded --,,passthrough,yes,,,
DC5004WE,Unilog_Brand,,-- No Unilog Brand --,,passthrough,yes,,,
DC5004WE,DIB_Brand,,-- No DIB Brand --,,passthrough,yes,,,
DC5004WE,Part_Manuf,,Appliance Dealers Cooperative (APPDE),,passthrough,yes,,,
DC5004WE,MANUFACTURER_NAME,,Appliance Dealers Cooperative,,passthrough,yes,,,
DC5004WE,MANUFACTURER_PART_NUMBER,,DC5004WE,,passthrough,yes,,,
DC5004WE,Classpath,,Appliances & Consumer Electronics>Kitchen Appliances>Major Appliances,,routed,yes,,Dryer | Elect,
DC5004WE,MOBILE_DESC,,"Appliance Dealers Cooperative, Dryer, SQ, DC5004WE",,composed,yes,,SQ,
DC5004WE,INVOICE_DESC,,DRYER,,composed,yes,,,
DC5004WE,SHORT_DESC,,SQ DC5004WE Dryer,,composed,yes,,,
DC5004WE,LONG_DESC1,,"Dryer, SQ",,composed,yes,,SQ,
DC5004WE,RETAIL_DESC,,SQ Dryer,,composed,yes,,,
DC5004WE,Product Name,appliance_type,Dryer,,derived,yes,,Dryer,"dimensional: abstained (appliance_type is nominal, not a physical quantity) ; constraint: abstained (no constraint in appliance.major mentions appliance_type) ; identity: abstained (appliance_type is not an identity claim) ; vocabulary: 1.00 ('dryer' is a declared term for appliance_type)"
DC5004WE,ATTRIBUTE_LABEL 1,appliance_type,Product Name,,derived,yes,,,"dimensional: abstained (appliance_type is nominal, not a physical quantity) ; constraint: abstained (no constraint in appliance.major mentions appliance_type) ; identity: abstained (appliance_type is not an identity claim) ; vocabulary: 1.00 ('dryer' is a declared term for appliance_type)"
DC5004WE,ATTRIBUTE_VALUE 1,appliance_type,dryer,,extracted,no,,Dryer,"dimensional: abstained (appliance_type is nominal, not a physical quantity) ; constraint: abstained (no constraint in appliance.major mentions appliance_type) ; identity: abstained (appliance_type is not an identity claim) ; vocabulary: 1.00 ('dryer' is a declared term for appliance_type)"
DC5004WE,ATTRIBUTE_LABEL 2,series,Series,,derived,yes,,,"dimensional: abstained (series is text, not a physical quantity) ; constraint: abstained (no constraint in appliance.major mentions series) ; identity: 1.00 (series 'SQ' appears verbatim in the source) ; vocabulary: abstained (series is text, not a controlled term)"
DC5004WE,ATTRIBUTE_VALUE 2,series,SQ,,extracted,no,,SQ,"dimensional: abstained (series is text, not a physical quantity) ; constraint: abstained (no constraint in appliance.major mentions series) ; identity: 1.00 (series 'SQ' appears verbatim in the source) ; vocabulary: abstained (series is text, not a controlled term)"
DC5004WE,ATTRIBUTE_LABEL 3,capacity,Capacity,,derived,yes,,,
DC5004WE,ATTRIBUTE_LABEL 4,voltage_rating,Voltage Rating,,derived,yes,,,
DC5004WE,ATTRIBUTE_LABEL 5,amperage_rating,Amperage Rating,,derived,yes,,,
DC5004WE,ATTRIBUTE_LABEL 6,width,Width,,derived,yes,,,
DC5004WE,ATTRIBUTE_LABEL 7,mounting_type,Mounting Type,,derived,yes,,,
DC5004WE,ATTRIBUTE_LABEL 8,fuel_type,Fuel Type,,derived,yes,,,
DC5004WE,ATTRIBUTE_LABEL 9,sound_level,Sound Level,,derived,yes,,,
DC5004WE,ATTRIBUTE_LABEL 10,finish,Color,,derived,yes,,,
DC5004WE,UNSPSC,,52141500,,routed,yes,,Dryer | Elect,
DC5004BE,Dept,,Appliances,,routed,yes,,Dryer | Elect,
DC5004BE,Class,,Large Appliances,,routed,yes,,Dryer | Elect,
DC5004BE,Fine,,Major Kitchen & Laundry Appliances,,routed,yes,,Dryer | Elect,
DC5004BE,Mfg_Part_Num,,DC5004BE,,passthrough,yes,,,
DC5004BE,Part_Desc,,DC5004BE SQ Elect Dryer Bk,,passthrough,yes,,,
DC5004BE,E1_Brand,,-- Unbranded --,,passthrough,yes,,,
DC5004BE,Unilog_Brand,,-- No Unilog Brand --,,passthrough,yes,,,
DC5004BE,DIB_Brand,,-- No DIB Brand --,,passthrough,yes,,,
DC5004BE,Part_Manuf,,Appliance Dealers Cooperative (APPDE),,passthrough,yes,,,
DC5004BE,MANUFACTURER_NAME,,Appliance Dealers Cooperative,,passthrough,yes,,,
DC5004BE,MANUFACTURER_PART_NUMBER,,DC5004BE,,passthrough,yes,,,
DC5004BE,Classpath,,Appliances & Consumer Electronics>Kitchen Appliances>Major Appliances,,routed,yes,,Dryer | Elect,
DC5004BE,MOBILE_DESC,,"Appliance Dealers Cooperative, Dryer, SQ, DC5004BE",,composed,yes,,SQ,
DC5004BE,INVOICE_DESC,,DRYER,,composed,yes,,,
DC5004BE,SHORT_DESC,,SQ DC5004BE Dryer,,composed,yes,,,
DC5004BE,LONG_DESC1,,"Dryer, SQ",,composed,yes,,SQ,
DC5004BE,RETAIL_DESC,,SQ Dryer,,composed,yes,,,
DC5004BE,Product Name,appliance_type,Dryer,,derived,yes,,Dryer,"dimensional: abstained (appliance_type is nominal, not a physical quantity) ; constraint: abstained (no constraint in appliance.major mentions appliance_type) ; identity: abstained (appliance_type is not an identity claim) ; vocabulary: 1.00 ('dryer' is a declared term for appliance_type)"
DC5004BE,ATTRIBUTE_LABEL 1,appliance_type,Product Name,,derived,yes,,,"dimensional: abstained (appliance_type is nominal, not a physical quantity) ; constraint: abstained (no constraint in appliance.major mentions appliance_type) ; identity: abstained (appliance_type is not an identity claim) ; vocabulary: 1.00 ('dryer' is a declared term for appliance_type)"
DC5004BE,ATTRIBUTE_VALUE 1,appliance_type,dryer,,extracted,no,,Dryer,"dimensional: abstained (appliance_type is nominal, not a physical quantity) ; constraint: abstained (no constraint in appliance.major mentions appliance_type) ; identity: abstained (appliance_type is not an identity claim) ; vocabulary: 1.00 ('dryer' is a declared term for appliance_type)"
DC5004BE,ATTRIBUTE_LABEL 2,series,Series,,derived,yes,,,"dimensional: abstained (series is text, not a physical quantity) ; constraint: abstained (no constraint in appliance.major mentions series) ; identity: 1.00 (series 'SQ' appears verbatim in the source) ; vocabulary: abstained (series is text, not a controlled term)"
DC5004BE,ATTRIBUTE_VALUE 2,series,SQ,,extracted,no,,SQ,"dimensional: abstained (series is text, not a physical quantity) ; constraint: abstained (no constraint in appliance.major mentions series) ; identity: 1.00 (series 'SQ' appears verbatim in the source) ; vocabulary: abstained (series is text, not a controlled term)"
DC5004BE,ATTRIBUTE_LABEL 3,capacity,Capacity,,derived,yes,,,
DC5004BE,ATTRIBUTE_LABEL 4,voltage_rating,Voltage Rating,,derived,yes,,,
DC5004BE,ATTRIBUTE_LABEL 5,amperage_rating,Amperage Rating,,derived,yes,,,
DC5004BE,ATTRIBUTE_LABEL 6,width,Width,,derived,yes,,,
DC5004BE,ATTRIBUTE_LABEL 7,mounting_type,Mounting Type,,derived,yes,,,
DC5004BE,ATTRIBUTE_LABEL 8,fuel_type,Fuel Type,,derived,yes,,,
DC5004BE,ATTRIBUTE_LABEL 9,sound_level,Sound Level,,derived,yes,,,
DC5004BE,ATTRIBUTE_LABEL 10,finish,Color,,derived,yes,,,
DC5004BE,UNSPSC,,52141500,,routed,yes,,Dryer | Elect,
WKE100HWA,Dept,,Appliances,,routed,yes,,Laundry | Display | Center,
WKE100HWA,Class,,Large Appliances,,routed,yes,,Laundry | Display | Center,
WKE100HWA,Fine,,Major Kitchen & Laundry Appliances,,routed,yes,,Laundry | Display | Center,
WKE100HWA,Mfg_Part_Num,,WKE100HWA,,passthrough,yes,,,
WKE100HWA,Part_Desc,,WKE100HWA LG Laundry Center Wh - Display,,passthrough,yes,,,
WKE100HWA,E1_Brand,,-- Unbranded --,,passthrough,yes,,,
WKE100HWA,Unilog_Brand,,-- No Unilog Brand --,,passthrough,yes,,,
WKE100HWA,DIB_Brand,,-- No DIB Brand --,,passthrough,yes,,,
WKE100HWA,Part_Manuf,,Appliance Dealers Cooperative (APPDE),,passthrough,yes,,,
WKE100HWA,MANUFACTURER_NAME,,Appliance Dealers Cooperative,,passthrough,yes,,,
WKE100HWA,MANUFACTURER_PART_NUMBER,,WKE100HWA,,passthrough,yes,,,
WKE100HWA,Classpath,,Appliances & Consumer Electronics>Kitchen Appliances>Major Appliances,,routed,yes,,Laundry | Display | Center,
WKE100HWA,MOBILE_DESC,,"Appliance Dealers Cooperative, Laundry Center, Wh, WKE100HWA",,composed,yes,,Wh,
WKE100HWA,INVOICE_DESC,,LAUNDRY CENTER DISPLAY,,composed,yes,,Display,
WKE100HWA,SHORT_DESC,,"Wh WKE100HWA Laundry Center, Display Mounting Type",,composed,yes,,Display,
WKE100HWA,LONG_DESC1,,"Laundry Center, Wh, Display Mounting Type",,composed,yes,,Wh | Display,
WKE100HWA,RETAIL_DESC,,"Wh Laundry Center, Display Mounting Type",,composed,yes,,Display,
WKE100HWA,Product Name,appliance_type,Laundry Center,,derived,yes,,Laundry Center,"dimensional: abstained (appliance_type is nominal, not a physical quantity) ; constraint: abstained (no constraint in appliance.major mentions appliance_type) ; identity: abstained (appliance_type is not an identity claim) ; vocabulary: 1.00 ('laundry center' is a declared term for appliance_type)"
WKE100HWA,ATTRIBUTE_LABEL 1,appliance_type,Product Name,,derived,yes,,,"dimensional: abstained (appliance_type is nominal, not a physical quantity) ; constraint: abstained (no constraint in appliance.major mentions appliance_type) ; identity: abstained (appliance_type is not an identity claim) ; vocabulary: 1.00 ('laundry center' is a declared term for appliance_type)"
WKE100HWA,ATTRIBUTE_VALUE 1,appliance_type,laundry center,,extracted,no,,Laundry Center,"dimensional: abstained (appliance_type is nominal, not a physical quantity) ; constraint: abstained (no constraint in appliance.major mentions appliance_type) ; identity: abstained (appliance_type is not an identity claim) ; vocabulary: 1.00 ('laundry center' is a declared term for appliance_type)"
WKE100HWA,ATTRIBUTE_LABEL 2,series,Series,,derived,yes,,,"dimensional: abstained (series is text, not a physical quantity) ; constraint: abstained (no constraint in appliance.major mentions series) ; identity: 1.00 (series 'Wh' appears verbatim in the source) ; vocabulary: abstained (series is text, not a controlled term)"
WKE100HWA,ATTRIBUTE_VALUE 2,series,Wh,,extracted,no,,Wh,"dimensional: abstained (series is text, not a physical quantity) ; constraint: abstained (no constraint in appliance.major mentions series) ; identity: 1.00 (series 'Wh' appears verbatim in the source) ; vocabulary: abstained (series is text, not a controlled term)"
WKE100HWA,ATTRIBUTE_LABEL 3,capacity,Capacity,,derived,yes,,,
WKE100HWA,ATTRIBUTE_LABEL 4,voltage_rating,Voltage Rating,,derived,yes,,,
WKE100HWA,ATTRIBUTE_LABEL 5,amperage_rating,Amperage Rating,,derived,yes,,,
WKE100HWA,ATTRIBUTE_LABEL 6,width,Width,,derived,yes,,,
WKE100HWA,ATTRIBUTE_LABEL 7,mounting_type,Mounting Type,,derived,yes,,,"dimensional: abstained (mounting_type is nominal, not a physical quantity) ; constraint: abstained (no constraint in appliance.major mentions mounting_type) ; identity: abstained (mounting_type is not an identity claim) ; vocabulary: 0.00 ('Display' is not a term mounting_type accepts. This category allows 'built-in', 'freestanding', 'leg', 'slide-in', 'under-counter', 'portable'. A plausible-sounding value outside the vocabulary is exactly the failure a confidence score does not catch.)"
WKE100HWA,ATTRIBUTE_VALUE 7,mounting_type,Display,,extracted,no,,Display,"dimensional: abstained (mounting_type is nominal, not a physical quantity) ; constraint: abstained (no constraint in appliance.major mentions mounting_type) ; identity: abstained (mounting_type is not an identity claim) ; vocabulary: 0.00 ('Display' is not a term mounting_type accepts. This category allows 'built-in', 'freestanding', 'leg', 'slide-in', 'under-counter', 'portable'. A plausible-sounding value outside the vocabulary is exactly the failure a confidence score does not catch.)"
WKE100HWA,ATTRIBUTE_LABEL 8,fuel_type,Fuel Type,,derived,yes,,,
WKE100HWA,ATTRIBUTE_LABEL 9,sound_level,Sound Level,,derived,yes,,,
WKE100HWA,ATTRIBUTE_LABEL 10,finish,Color,,derived,yes,,,
WKE100HWA,UNSPSC,,52141500,,routed,yes,,Laundry | Display | Center,
FF7011WN,Dept,,Appliances,,routed,yes,,Washer,
FF7011WN,Class,,Large Appliances,,routed,yes,,Washer,
FF7011WN,Fine,,Major Kitchen & Laundry Appliances,,routed,yes,,Washer,
FF7011WN,Mfg_Part_Num,,FF7011WN,,passthrough,yes,,,
FF7011WN,Part_Desc,,FF7011WN Speed Queen Washer Wh,,passthrough,yes,,,
FF7011WN,E1_Brand,,-- Unbranded --,,passthrough,yes,,,
FF7011WN,Unilog_Brand,,-- No Unilog Brand --,,passthrough,yes,,,
FF7011WN,DIB_Brand,,-- No DIB Brand --,,passthrough,yes,,,
FF7011WN,Part_Manuf,,Appliance Dealers Cooperative (APPDE),,passthrough,yes,,,
FF7011WN,MANUFACTURER_NAME,,Appliance Dealers Cooperative,,passthrough,yes,,,
FF7011WN,MANUFACTURER_PART_NUMBER,,FF7011WN,,passthrough,yes,,,
FF7011WN,Classpath,,Appliances & Consumer Electronics>Kitchen Appliances>Major Appliances,,routed,yes,,Washer,
FF7011WN,MOBILE_DESC,,"Appliance Dealers Cooperative, Washer, FF7011WN",,composed,yes,,,
FF7011WN,INVOICE_DESC,,WASHER,,composed,yes,,,
FF7011WN,SHORT_DESC,,FF7011WN Washer,,composed,yes,,,
FF7011WN,LONG_DESC1,,Washer,,composed,yes,,,
FF7011WN,RETAIL_DESC,,Washer,,composed,yes,,,
FF7011WN,Product Name,appliance_type,Washer,,derived,yes,,Washer,"dimensional: abstained (appliance_type is nominal, not a physical quantity) ; constraint: abstained (no constraint in appliance.major mentions appliance_type) ; identity: abstained (appliance_type is not an identity claim) ; vocabulary: 1.00 ('washer' is a declared term for appliance_type)"
FF7011WN,ATTRIBUTE_LABEL 1,appliance_type,Product Name,,derived,yes,,,"dimensional: abstained (appliance_type is nominal, not a physical quantity) ; constraint: abstained (no constraint in appliance.major mentions appliance_type) ; identity: abstained (appliance_type is not an identity claim) ; vocabulary: 1.00 ('washer' is a declared term for appliance_type)"
FF7011WN,ATTRIBUTE_VALUE 1,appliance_type,washer,,extracted,no,,Washer,"dimensional: abstained (appliance_type is nominal, not a physical quantity) ; constraint: abstained (no constraint in appliance.major mentions appliance_type) ; identity: abstained (appliance_type is not an identity claim) ; vocabulary: 1.00 ('washer' is a declared term for appliance_type)"
FF7011WN,ATTRIBUTE_LABEL 2,series,Series,,derived,yes,,,
FF7011WN,ATTRIBUTE_LABEL 3,capacity,Capacity,,derived,yes,,,
FF7011WN,ATTRIBUTE_LABEL 4,voltage_rating,Voltage Rating,,derived,yes,,,
FF7011WN,ATTRIBUTE_LABEL 5,amperage_rating,Amperage Rating,,derived,yes,,,
FF7011WN,ATTRIBUTE_LABEL 6,width,Width,,derived,yes,,,
FF7011WN,ATTRIBUTE_LABEL 7,mounting_type,Mounting Type,,derived,yes,,,
FF7011WN,ATTRIBUTE_LABEL 8,fuel_type,Fuel Type,,derived,yes,,,
FF7011WN,ATTRIBUTE_LABEL 9,sound_level,Sound Level,,derived,yes,,,
FF7011WN,ATTRIBUTE_LABEL 10,finish,Color,,derived,yes,,,
FF7011WN,UNSPSC,,52141500,,routed,yes,,Washer,
PTD70GBPTDG,Dept,,Appliances,,routed,yes,,Dryer | Gas | GE,
PTD70GBPTDG,Class,,Large Appliances,,routed,yes,,Dryer | Gas | GE,
PTD70GBPTDG,Fine,,Major Kitchen & Laundry Appliances,,routed,yes,,Dryer | Gas | GE,
PTD70GBPTDG,Mfg_Part_Num,,PTD70GBPTDG,,passthrough,yes,,,
PTD70GBPTDG,Part_Desc,,PTD70GBPTDG GE Gas Dryer DG,,passthrough,yes,,,
PTD70GBPTDG,E1_Brand,,-- Unbranded --,,passthrough,yes,,,
PTD70GBPTDG,Unilog_Brand,,-- No Unilog Brand --,,passthrough,yes,,,
PTD70GBPTDG,DIB_Brand,,-- No DIB Brand --,,passthrough,yes,,,
PTD70GBPTDG,Part_Manuf,,Appliance Dealers Cooperative (APPDE),,passthrough,yes,,,
PTD70GBPTDG,MANUFACTURER_NAME,,Appliance Dealers Cooperative,,passthrough,yes,,,
PTD70GBPTDG,MANUFACTURER_PART_NUMBER,,PTD70GBPTDG,,passthrough,yes,,,
PTD70GBPTDG,Classpath,,Appliances & Consumer Electronics>Kitchen Appliances>Major Appliances,,routed,yes,,Dryer | Gas | GE,
PTD70GBPTDG,MOBILE_DESC,,"Appliance Dealers Cooperative, Dryer, PTD70GBPTDG, gas Fuel Type",,composed,yes,,Gas,
PTD70GBPTDG,INVOICE_DESC,,DRYER GAS,,composed,yes,,Gas,
PTD70GBPTDG,SHORT_DESC,,"PTD70GBPTDG Dryer, gas Fuel Type, PTD70GBPTDG",,composed,yes,,Gas | PTD70GBPTDG,
PTD70GBPTDG,LONG_DESC1,,"Dryer, gas Fuel Type, PTD70GBPTDG",,composed,yes,,Gas | PTD70GBPTDG,
PTD70GBPTDG,RETAIL_DESC,,"Dryer, gas Fuel Type, PTD70GBPTDG",,composed,yes,,Gas | PTD70GBPTDG,
PTD70GBPTDG,Product Name,appliance_type,Dryer,,derived,yes,,Dryer,"dimensional: abstained (appliance_type is nominal, not a physical quantity) ; constraint: abstained (no constraint in appliance.major mentions appliance_type) ; identity: abstained (appliance_type is not an identity claim) ; vocabulary: 1.00 ('dryer' is a declared term for appliance_type)"
PTD70GBPTDG,ATTRIBUTE_LABEL 1,appliance_type,Product Name,,derived,yes,,,"dimensional: abstained (appliance_type is nominal, not a physical quantity) ; constraint: abstained (no constraint in appliance.major mentions appliance_type) ; identity: abstained (appliance_type is not an identity claim) ; vocabulary: 1.00 ('dryer' is a declared term for appliance_type)"
PTD70GBPTDG,ATTRIBUTE_VALUE 1,appliance_type,dryer,,extracted,no,,Dryer,"dimensional: abstained (appliance_type is nominal, not a physical quantity) ; constraint: abstained (no constraint in appliance.major mentions appliance_type) ; identity: abstained (appliance_type is not an identity claim) ; vocabulary: 1.00 ('dryer' is a declared term for appliance_type)"
PTD70GBPTDG,ATTRIBUTE_LABEL 2,series,Series,,derived,yes,,,
PTD70GBPTDG,ATTRIBUTE_LABEL 3,capacity,Capacity,,derived,yes,,,
PTD70GBPTDG,ATTRIBUTE_LABEL 4,voltage_rating,Voltage Rating,,derived,yes,,,
PTD70GBPTDG,ATTRIBUTE_LABEL 5,amperage_rating,Amperage Rating,,derived,yes,,,
PTD70GBPTDG,ATTRIBUTE_LABEL 6,width,Width,,derived,yes,,,
PTD70GBPTDG,ATTRIBUTE_LABEL 7,mounting_type,Mounting Type,,derived,yes,,,
PTD70GBPTDG,ATTRIBUTE_LABEL 8,fuel_type,Fuel Type,,derived,yes,,,"dimensional: abstained (fuel_type is nominal, not a physical quantity) ; constraint: abstained (no constraint in appliance.major mentions fuel_type) ; identity: abstained (fuel_type is not an identity claim) ; vocabulary: 1.00 ('gas' is a declared term for fuel_type)"
PTD70GBPTDG,ATTRIBUTE_VALUE 8,fuel_type,gas,,extracted,no,,Gas,"dimensional: abstained (fuel_type is nominal, not a physical quantity) ; constraint: abstained (no constraint in appliance.major mentions fuel_type) ; identity: abstained (fuel_type is not an identity claim) ; vocabulary: 1.00 ('gas' is a declared term for fuel_type)"
PTD70GBPTDG,ATTRIBUTE_LABEL 9,sound_level,Sound Level,,derived,yes,,,
PTD70GBPTDG,ATTRIBUTE_LABEL 10,finish,Color,,derived,yes,,,"dimensional: abstained (finish is nominal, not a physical quantity) ; constraint: abstained (no constraint in appliance.major mentions finish) ; identity: abstained (finish is not an identity claim) ; vocabulary: 0.00 ('PTD70GBPTDG' is not a term finish accepts. This category allows 'stainless steel', 'black stainless', 'white', 'black', 'slate', 'panel ready'. A plausible-sounding value outside the vocabulary is exactly the failure a confidence score does not catch.)"
PTD70GBPTDG,ATTRIBUTE_VALUE 10,finish,PTD70GBPTDG,,extracted,no,,PTD70GBPTDG,"dimensional: abstained (finish is nominal, not a physical quantity) ; constraint: abstained (no constraint in appliance.major mentions finish) ; identity: abstained (finish is not an identity claim) ; vocabulary: 0.00 ('PTD70GBPTDG' is not a term finish accepts. This category allows 'stainless steel', 'black stainless', 'white', 'black', 'slate', 'panel ready'. A plausible-sounding value outside the vocabulary is exactly the failure a confidence score does not catch.)"
PTD70GBPTDG,UNSPSC,,52141500,,routed,yes,,Dryer | Gas | GE,
PTD70GBSTWS,Dept,,Appliances,,routed,yes,,Dryer | Gas | GE,
PTD70GBSTWS,Class,,Large Appliances,,routed,yes,,Dryer | Gas | GE,
PTD70GBSTWS,Fine,,Major Kitchen & Laundry Appliances,,routed,yes,,Dryer | Gas | GE,
PTD70GBSTWS,Mfg_Part_Num,,PTD70GBSTWS,,passthrough,yes,,,
PTD70GBSTWS,Part_Desc,,PTD70GBSTWS GE Gas Dryer Wh,,passthrough,yes,,,
PTD70GBSTWS,E1_Brand,,-- Unbranded --,,passthrough,yes,,,
PTD70GBSTWS,Unilog_Brand,,-- No Unilog Brand --,,passthrough,yes,,,
PTD70GBSTWS,DIB_Brand,,-- No DIB Brand --,,passthrough,yes,,,
PTD70GBSTWS,Part_Manuf,,Appliance Dealers Cooperative (APPDE),,passthrough,yes,,,
PTD70GBSTWS,MANUFACTURER_NAME,,Appliance Dealers Cooperative,,passthrough,yes,,,
PTD70GBSTWS,MANUFACTURER_PART_NUMBER,,PTD70GBSTWS,,passthrough,yes,,,
PTD70GBSTWS,Classpath,,Appliances & Consumer Electronics>Kitchen Appliances>Major Appliances,,routed,yes,,Dryer | Gas | GE,
PTD70GBSTWS,MOBILE_DESC,,"Appliance Dealers Cooperative, Dryer, PTD70GBSTWS, gas Fuel Type",,composed,yes,,Gas,
PTD70GBSTWS,INVOICE_DESC,,DRYER GAS,,composed,yes,,Gas,
PTD70GBSTWS,SHORT_DESC,,"PTD70GBSTWS Dryer, gas Fuel Type",,composed,yes,,Gas,
PTD70GBSTWS,LONG_DESC1,,"Dryer, gas Fuel Type",,composed,yes,,Gas,
PTD70GBSTWS,RETAIL_DESC,,"Dryer, gas Fuel Type",,composed,yes,,Gas,
PTD70GBSTWS,Product Name,appliance_type,Dryer,,derived,yes,,Dryer,"dimensional: abstained (appliance_type is nominal, not a physical quantity) ; constraint: abstained (no constraint in appliance.major mentions appliance_type) ; identity: abstained (appliance_type is not an identity claim) ; vocabulary: 1.00 ('dryer' is a declared term for appliance_type)"
PTD70GBSTWS,ATTRIBUTE_LABEL 1,appliance_type,Product Name,,derived,yes,,,"dimensional: abstained (appliance_type is nominal, not a physical quantity) ; constraint: abstained (no constraint in appliance.major mentions appliance_type) ; identity: abstained (appliance_type is not an identity claim) ; vocabulary: 1.00 ('dryer' is a declared term for appliance_type)"
PTD70GBSTWS,ATTRIBUTE_VALUE 1,appliance_type,dryer,,extracted,no,,Dryer,"dimensional: abstained (appliance_type is nominal, not a physical quantity) ; constraint: abstained (no constraint in appliance.major mentions appliance_type) ; identity: abstained (appliance_type is not an identity claim) ; vocabulary: 1.00 ('dryer' is a declared term for appliance_type)"
PTD70GBSTWS,ATTRIBUTE_LABEL 2,series,Series,,derived,yes,,,
PTD70GBSTWS,ATTRIBUTE_LABEL 3,capacity,Capacity,,derived,yes,,,
PTD70GBSTWS,ATTRIBUTE_LABEL 4,voltage_rating,Voltage Rating,,derived,yes,,,
PTD70GBSTWS,ATTRIBUTE_LABEL 5,amperage_rating,Amperage Rating,,derived,yes,,,
PTD70GBSTWS,ATTRIBUTE_LABEL 6,width,Width,,derived,yes,,,
PTD70GBSTWS,ATTRIBUTE_LABEL 7,mounting_type,Mounting Type,,derived,yes,,,
PTD70GBSTWS,ATTRIBUTE_LABEL 8,fuel_type,Fuel Type,,derived,yes,,,"dimensional: abstained (fuel_type is nominal, not a physical quantity) ; constraint: abstained (no constraint in appliance.major mentions fuel_type) ; identity: abstained (fuel_type is not an identity claim) ; vocabulary: 1.00 ('gas' is a declared term for fuel_type)"
PTD70GBSTWS,ATTRIBUTE_VALUE 8,fuel_type,gas,,extracted,no,,Gas,"dimensional: abstained (fuel_type is nominal, not a physical quantity) ; constraint: abstained (no constraint in appliance.major mentions fuel_type) ; identity: abstained (fuel_type is not an identity claim) ; vocabulary: 1.00 ('gas' is a declared term for fuel_type)"
PTD70GBSTWS,ATTRIBUTE_LABEL 9,sound_level,Sound Level,,derived,yes,,,
PTD70GBSTWS,ATTRIBUTE_LABEL 10,finish,Color,,derived,yes,,,
PTD70GBSTWS,UNSPSC,,52141500,,routed,yes,,Dryer | Gas | GE,
DR5004WG,Dept,,Appliances,,routed,yes,,Dryer | Gas,
DR5004WG,Class,,Large Appliances,,routed,yes,,Dryer | Gas,
DR5004WG,Fine,,Major Kitchen & Laundry Appliances,,routed,yes,,Dryer | Gas,
DR5004WG,Mfg_Part_Num,,DR5004WG,,passthrough,yes,,,
DR5004WG,Part_Desc,,DR5004WG SQ Gas Dryer Wh,,passthrough,yes,,,
DR5004WG,E1_Brand,,-- Unbranded --,,passthrough,yes,,,
DR5004WG,Unilog_Brand,,-- No Unilog Brand --,,passthrough,yes,,,
DR5004WG,DIB_Brand,,-- No DIB Brand --,,passthrough,yes,,,
DR5004WG,Part_Manuf,,Appliance Dealers Cooperative (APPDE),,passthrough,yes,,,
DR5004WG,MANUFACTURER_NAME,,Appliance Dealers Cooperative,,passthrough,yes,,,
DR5004WG,MANUFACTURER_PART_NUMBER,,DR5004WG,,passthrough,yes,,,
DR5004WG,Classpath,,Appliances & Consumer Electronics>Kitchen Appliances>Major Appliances,,routed,yes,,Dryer | Gas,
DR5004WG,MOBILE_DESC,,"Appliance Dealers Cooperative, Dryer, DR5004WG, gas Fuel Type",,composed,yes,,Gas,
DR5004WG,INVOICE_DESC,,DRYER GAS,,composed,yes,,Gas,
DR5004WG,SHORT_DESC,,"DR5004WG Dryer, gas Fuel Type",,composed,yes,,Gas,
DR5004WG,LONG_DESC1,,"Dryer, gas Fuel Type",,composed,yes,,Gas,
DR5004WG,RETAIL_DESC,,"Dryer, gas Fuel Type",,composed,yes,,Gas,
DR5004WG,Product Name,appliance_type,Dryer,,derived,yes,,Dryer,"dimensional: abstained (appliance_type is nominal, not a physical quantity) ; constraint: abstained (no constraint in appliance.major mentions appliance_type) ; identity: abstained (appliance_type is not an identity claim) ; vocabulary: 1.00 ('dryer' is a declared term for appliance_type)"
DR5004WG,ATTRIBUTE_LABEL 1,appliance_type,Product Name,,derived,yes,,,"dimensional: abstained (appliance_type is nominal, not a physical quantity) ; constraint: abstained (no constraint in appliance.major mentions appliance_type) ; identity: abstained (appliance_type is not an identity claim) ; vocabulary: 1.00 ('dryer' is a declared term for appliance_type)"
DR5004WG,ATTRIBUTE_VALUE 1,appliance_type,dryer,,extracted,no,,Dryer,"dimensional: abstained (appliance_type is nominal, not a physical quantity) ; constraint: abstained (no constraint in appliance.major mentions appliance_type) ; identity: abstained (appliance_type is not an identity claim) ; vocabulary: 1.00 ('dryer' is a declared term for appliance_type)"
DR5004WG,ATTRIBUTE_LABEL 2,series,Series,,derived,yes,,,
DR5004WG,ATTRIBUTE_LABEL 3,capacity,Capacity,,derived,yes,,,
DR5004WG,ATTRIBUTE_LABEL 4,voltage_rating,Voltage Rating,,derived,yes,,,
DR5004WG,ATTRIBUTE_LABEL 5,amperage_rating,Amperage Rating,,derived,yes,,,
DR5004WG,ATTRIBUTE_LABEL 6,width,Width,,derived,yes,,,
DR5004WG,ATTRIBUTE_LABEL 7,mounting_type,Mounting Type,,derived,yes,,,
DR5004WG,ATTRIBUTE_LABEL 8,fuel_type,Fuel Type,,derived,yes,,,"dimensional: abstained (fuel_type is nominal, not a physical quantity) ; constraint: abstained (no constraint in appliance.major mentions fuel_type) ; identity: abstained (fuel_type is not an identity claim) ; vocabulary: 1.00 ('gas' is a declared term for fuel_type)"
DR5004WG,ATTRIBUTE_VALUE 8,fuel_type,gas,,extracted,no,,Gas,"dimensional: abstained (fuel_type is nominal, not a physical quantity) ; constraint: abstained (no constraint in appliance.major mentions fuel_type) ; identity: abstained (fuel_type is not an identity claim) ; vocabulary: 1.00 ('gas' is a declared term for fuel_type)"
DR5004WG,ATTRIBUTE_LABEL 9,sound_level,Sound Level,,derived,yes,,,
DR5004WG,ATTRIBUTE_LABEL 10,finish,Color,,derived,yes,,,
DR5004WG,UNSPSC,,52141500,,routed,yes,,Dryer | Gas,
DR7004BG,Dept,,Appliances,,routed,yes,,Dryer | Gas,
DR7004BG,Class,,Large Appliances,,routed,yes,,Dryer | Gas,
DR7004BG,Fine,,Major Kitchen & Laundry Appliances,,routed,yes,,Dryer | Gas,
DR7004BG,Mfg_Part_Num,,DR7004BG,,passthrough,yes,,,
DR7004BG,Part_Desc,,DR7004BG SQ Gas Dryer Bk,,passthrough,yes,,,
DR7004BG,E1_Brand,,-- Unbranded --,,passthrough,yes,,,
DR7004BG,Unilog_Brand,,-- No Unilog Brand --,,passthrough,yes,,,
DR7004BG,DIB_Brand,,-- No DIB Brand --,,passthrough,yes,,,
DR7004BG,Part_Manuf,,Appliance Dealers Cooperative (APPDE),,passthrough,yes,,,
DR7004BG,MANUFACTURER_NAME,,Appliance Dealers Cooperative,,passthrough,yes,,,
DR7004BG,MANUFACTURER_PART_NUMBER,,DR7004BG,,passthrough,yes,,,
DR7004BG,Classpath,,Appliances & Consumer Electronics>Kitchen Appliances>Major Appliances,,routed,yes,,Dryer | Gas,
DR7004BG,MOBILE_DESC,,"Appliance Dealers Cooperative, Dryer, DR7004BG, gas Fuel Type",,composed,yes,,Gas,
DR7004BG,INVOICE_DESC,,DRYER GAS 70DBA,,composed,yes,,Gas | 70,
DR7004BG,SHORT_DESC,,"DR7004BG Dryer, gas Fuel Type, 70 dBA Sound Level",,composed,yes,,Gas | 70,
DR7004BG,LONG_DESC1,,"Dryer, gas Fuel Type, 70 dBA Sound Level",,composed,yes,,Gas | 70,
DR7004BG,RETAIL_DESC,,"Dryer, gas Fuel Type, 70 dBA Sound Level",,composed,yes,,Gas | 70,
DR7004BG,ITEM_FEATURES_1,,70 dBA,,composed,yes,,70,
DR7004BG,Product Name,appliance_type,Dryer,,derived,yes,,Dryer,"dimensional: abstained (appliance_type is nominal, not a physical quantity) ; constraint: abstained (no constraint in appliance.major mentions appliance_type) ; identity: abstained (appliance_type is not an identity claim) ; vocabulary: 1.00 ('dryer' is a declared term for appliance_type)"
DR7004BG,ATTRIBUTE_LABEL 1,appliance_type,Product Name,,derived,yes,,,"dimensional: abstained (appliance_type is nominal, not a physical quantity) ; constraint: abstained (no constraint in appliance.major mentions appliance_type) ; identity: abstained (appliance_type is not an identity claim) ; vocabulary: 1.00 ('dryer' is a declared term for appliance_type)"
DR7004BG,ATTRIBUTE_VALUE 1,appliance_type,dryer,,extracted,no,,Dryer,"dimensional: abstained (appliance_type is nominal, not a physical quantity) ; constraint: abstained (no constraint in appliance.major mentions appliance_type) ; identity: abstained (appliance_type is not an identity claim) ; vocabulary: 1.00 ('dryer' is a declared term for appliance_type)"
DR7004BG,ATTRIBUTE_LABEL 2,series,Series,,derived,yes,,,
DR7004BG,ATTRIBUTE_LABEL 3,capacity,Capacity,,derived,yes,,,
DR7004BG,ATTRIBUTE_LABEL 4,voltage_rating,Voltage Rating,,derived,yes,,,
DR7004BG,ATTRIBUTE_LABEL 5,amperage_rating,Amperage Rating,,derived,yes,,,
DR7004BG,ATTRIBUTE_LABEL 6,width,Width,,derived,yes,,,
DR7004BG,ATTRIBUTE_LABEL 7,mounting_type,Mounting Type,,derived,yes,,,
DR7004BG,ATTRIBUTE_LABEL 8,fuel_type,Fuel Type,,derived,yes,,,"dimensional: abstained (fuel_type is nominal, not a physical quantity) ; constraint: abstained (no constraint in appliance.major mentions fuel_type) ; identity: abstained (fuel_type is not an identity claim) ; vocabulary: 1.00 ('gas' is a declared term for fuel_type)"
DR7004BG,ATTRIBUTE_VALUE 8,fuel_type,gas,,extracted,no,,Gas,"dimensional: abstained (fuel_type is nominal, not a physical quantity) ; constraint: abstained (no constraint in appliance.major mentions fuel_type) ; identity: abstained (fuel_type is not an identity claim) ; vocabulary: 1.00 ('gas' is a declared term for fuel_type)"
DR7004BG,ATTRIBUTE_LABEL 9,sound_level,Sound Level,,derived,yes,,,"dimensional: 0.55 ('70 dBA' carries no unit; assuming dimensionless. Unlabelled numbers are how inch/millimetre errors enter a catalog.) ; constraint: 1.00 (all 1 constraint(s) on sound_level hold) ; identity: abstained (sound_level is not an identity claim) ; vocabulary: abstained (sound_level is quantity, not a controlled term)"
DR7004BG,ATTRIBUTE_VALUE 9,sound_level,70,,extracted,no,,70,"dimensional: 0.55 ('70 dBA' carries no unit; assuming dimensionless. Unlabelled numbers are how inch/millimetre errors enter a catalog.) ; constraint: 1.00 (all 1 constraint(s) on sound_level hold) ; identity: abstained (sound_level is not an identity claim) ; vocabulary: abstained (sound_level is quantity, not a controlled term)"
DR7004BG,ATTRIBUTE_UOM 9,sound_level,dBA,,derived,no,,,"dimensional: 0.55 ('70 dBA' carries no unit; assuming dimensionless. Unlabelled numbers are how inch/millimetre errors enter a catalog.) ; constraint: 1.00 (all 1 constraint(s) on sound_level hold) ; identity: abstained (sound_level is not an identity claim) ; vocabulary: abstained (sound_level is quantity, not a controlled term)"
DR7004BG,ATTRIBUTE_LABEL 10,finish,Color,,derived,yes,,,
DR7004BG,UNSPSC,,52141500,,routed,yes,,Dryer | Gas,
DR7004WG,Dept,,Appliances,,routed,yes,,Dryer | Gas,
DR7004WG,Class,,Large Appliances,,routed,yes,,Dryer | Gas,
DR7004WG,Fine,,Major Kitchen & Laundry Appliances,,routed,yes,,Dryer | Gas,
DR7004WG,Mfg_Part_Num,,DR7004WG,,passthrough,yes,,,
DR7004WG,Part_Desc,,DR7004WG SQ Gas Dryer Wh,,passthrough,yes,,,
DR7004WG,E1_Brand,,-- Unbranded --,,passthrough,yes,,,
DR7004WG,Unilog_Brand,,-- No Unilog Brand --,,passthrough,yes,,,
DR7004WG,DIB_Brand,,-- No DIB Brand --,,passthrough,yes,,,
DR7004WG,Part_Manuf,,Appliance Dealers Cooperative (APPDE),,passthrough,yes,,,
DR7004WG,MANUFACTURER_NAME,,Appliance Dealers Cooperative,,passthrough,yes,,,
DR7004WG,MANUFACTURER_PART_NUMBER,,DR7004WG,,passthrough,yes,,,
DR7004WG,Classpath,,Appliances & Consumer Electronics>Kitchen Appliances>Major Appliances,,routed,yes,,Dryer | Gas,
DR7004WG,MOBILE_DESC,,"Appliance Dealers Cooperative, Dryer, SQ, DR7004WG, gas Fuel Type",,composed,yes,,SQ | Gas,
DR7004WG,INVOICE_DESC,,DRYER GAS,,composed,yes,,Gas,
DR7004WG,SHORT_DESC,,"SQ DR7004WG Dryer, gas Fuel Type",,composed,yes,,Gas,
DR7004WG,LONG_DESC1,,"Dryer, SQ, gas Fuel Type",,composed,yes,,SQ | Gas,
DR7004WG,RETAIL_DESC,,"SQ Dryer, gas Fuel Type",,composed,yes,,Gas,
DR7004WG,Product Name,appliance_type,Dryer,,derived,yes,,Dryer,"dimensional: abstained (appliance_type is nominal, not a physical quantity) ; constraint: abstained (no constraint in appliance.major mentions appliance_type) ; identity: abstained (appliance_type is not an identity claim) ; vocabulary: 1.00 ('dryer' is a declared term for appliance_type)"
DR7004WG,ATTRIBUTE_LABEL 1,appliance_type,Product Name,,derived,yes,,,"dimensional: abstained (appliance_type is nominal, not a physical quantity) ; constraint: abstained (no constraint in appliance.major mentions appliance_type) ; identity: abstained (appliance_type is not an identity claim) ; vocabulary: 1.00 ('dryer' is a declared term for appliance_type)"
DR7004WG,ATTRIBUTE_VALUE 1,appliance_type,dryer,,extracted,no,,Dryer,"dimensional: abstained (appliance_type is nominal, not a physical quantity) ; constraint: abstained (no constraint in appliance.major mentions appliance_type) ; identity: abstained (appliance_type is not an identity claim) ; vocabulary: 1.00 ('dryer' is a declared term for appliance_type)"
DR7004WG,ATTRIBUTE_LABEL 2,series,Series,,derived,yes,,,"dimensional: abstained (series is text, not a physical quantity) ; constraint: abstained (no constraint in appliance.major mentions series) ; identity: 1.00 (series 'SQ' appears verbatim in the source) ; vocabulary: abstained (series is text, not a controlled term)"
DR7004WG,ATTRIBUTE_VALUE 2,series,SQ,,extracted,no,,SQ,"dimensional: abstained (series is text, not a physical quantity) ; constraint: abstained (no constraint in appliance.major mentions series) ; identity: 1.00 (series 'SQ' appears verbatim in the source) ; vocabulary: abstained (series is text, not a controlled term)"
DR7004WG,ATTRIBUTE_LABEL 3,capacity,Capacity,,derived,yes,,,
DR7004WG,ATTRIBUTE_LABEL 4,voltage_rating,Voltage Rating,,derived,yes,,,
DR7004WG,ATTRIBUTE_LABEL 5,amperage_rating,Amperage Rating,,derived,yes,,,
DR7004WG,ATTRIBUTE_LABEL 6,width,Width,,derived,yes,,,
DR7004WG,ATTRIBUTE_LABEL 7,mounting_type,Mounting Type,,derived,yes,,,
DR7004WG,ATTRIBUTE_LABEL 8,fuel_type,Fuel Type,,derived,yes,,,"dimensional: abstained (fuel_type is nominal, not a physical quantity) ; constraint: abstained (no constraint in appliance.major mentions fuel_type) ; identity: abstained (fuel_type is not an identity claim) ; vocabulary: 1.00 ('gas' is a declared term for fuel_type)"
DR7004WG,ATTRIBUTE_VALUE 8,fuel_type,gas,,extracted,no,,Gas,"dimensional: abstained (fuel_type is nominal, not a physical quantity) ; constraint: abstained (no constraint in appliance.major mentions fuel_type) ; identity: abstained (fuel_type is not an identity claim) ; vocabulary: 1.00 ('gas' is a declared term for fuel_type)"
DR7004WG,ATTRIBUTE_LABEL 9,sound_level,Sound Level,,derived,yes,,,
DR7004WG,ATTRIBUTE_LABEL 10,finish,Color,,derived,yes,,,
DR7004WG,UNSPSC,,52141500,,routed,yes,,Dryer | Gas,
DV2000WG,Dept,,Appliances,,routed,yes,,Dryer | Gas,
DV2000WG,Class,,Large Appliances,,routed,yes,,Dryer | Gas,
DV2000WG,Fine,,Major Kitchen & Laundry Appliances,,routed,yes,,Dryer | Gas,
DV2000WG,Mfg_Part_Num,,DV2000WG,,passthrough,yes,,,
DV2000WG,Part_Desc,,DV2000WG SQ Gas Dryer Wh,,passthrough,yes,,,
DV2000WG,E1_Brand,,-- Unbranded --,,passthrough,yes,,,
DV2000WG,Unilog_Brand,,-- No Unilog Brand --,,passthrough,yes,,,
DV2000WG,DIB_Brand,,-- No DIB Brand --,,passthrough,yes,,,
DV2000WG,Part_Manuf,,Appliance Dealers Cooperative (APPDE),,passthrough,yes,,,
DV2000WG,MANUFACTURER_NAME,,Appliance Dealers Cooperative,,passthrough,yes,,,
DV2000WG,MANUFACTURER_PART_NUMBER,,DV2000WG,,passthrough,yes,,,
DV2000WG,Classpath,,Appliances & Consumer Electronics>Kitchen Appliances>Major Appliances,,routed,yes,,Dryer | Gas,
DV2000WG,MOBILE_DESC,,"Appliance Dealers Cooperative, Dryer, DV2000WG, gas Fuel Type",,composed,yes,,Gas,
DV2000WG,INVOICE_DESC,,DRYER GAS,,composed,yes,,Gas,
DV2000WG,SHORT_DESC,,"DV2000WG Dryer, gas Fuel Type",,composed,yes,,Gas,
DV2000WG,LONG_DESC1,,"Dryer, gas Fuel Type",,composed,yes,,Gas,
DV2000WG,RETAIL_DESC,,"Dryer, gas Fuel Type",,composed,yes,,Gas,
DV2000WG,Product Name,appliance_type,Dryer,,derived,yes,,Dryer,"dimensional: abstained (appliance_type is nominal, not a physical quantity) ; constraint: abstained (no constraint in appliance.major mentions appliance_type) ; identity: abstained (appliance_type is not an identity claim) ; vocabulary: 1.00 ('dryer' is a declared term for appliance_type)"
DV2000WG,ATTRIBUTE_LABEL 1,appliance_type,Product Name,,derived,yes,,,"dimensional: abstained (appliance_type is nominal, not a physical quantity) ; constraint: abstained (no constraint in appliance.major mentions appliance_type) ; identity: abstained (appliance_type is not an identity claim) ; vocabulary: 1.00 ('dryer' is a declared term for appliance_type)"
DV2000WG,ATTRIBUTE_VALUE 1,appliance_type,dryer,,extracted,no,,Dryer,"dimensional: abstained (appliance_type is nominal, not a physical quantity) ; constraint: abstained (no constraint in appliance.major mentions appliance_type) ; identity: abstained (appliance_type is not an identity claim) ; vocabulary: 1.00 ('dryer' is a declared term for appliance_type)"
DV2000WG,ATTRIBUTE_LABEL 2,series,Series,,derived,yes,,,
DV2000WG,ATTRIBUTE_LABEL 3,capacity,Capacity,,derived,yes,,,
DV2000WG,ATTRIBUTE_LABEL 4,voltage_rating,Voltage Rating,,derived,yes,,,
DV2000WG,ATTRIBUTE_LABEL 5,amperage_rating,Amperage Rating,,derived,yes,,,
DV2000WG,ATTRIBUTE_LABEL 6,width,Width,,derived,yes,,,
DV2000WG,ATTRIBUTE_LABEL 7,mounting_type,Mounting Type,,derived,yes,,,
DV2000WG,ATTRIBUTE_LABEL 8,fuel_type,Fuel Type,,derived,yes,,,"dimensional: abstained (fuel_type is nominal, not a physical quantity) ; constraint: abstained (no constraint in appliance.major mentions fuel_type) ; identity: abstained (fuel_type is not an identity claim) ; vocabulary: 1.00 ('gas' is a declared term for fuel_type)"
DV2000WG,ATTRIBUTE_VALUE 8,fuel_type,gas,,extracted,no,,Gas,"dimensional: abstained (fuel_type is nominal, not a physical quantity) ; constraint: abstained (no constraint in appliance.major mentions fuel_type) ; identity: abstained (fuel_type is not an identity claim) ; vocabulary: 1.00 ('gas' is a declared term for fuel_type)"
DV2000WG,ATTRIBUTE_LABEL 9,sound_level,Sound Level,,derived,yes,,,
DV2000WG,ATTRIBUTE_LABEL 10,finish,Color,,derived,yes,,,
DV2000WG,UNSPSC,,52141500,,routed,yes,,Dryer | Gas,
DC5004WG,Dept,,Appliances,,routed,yes,,Dryer | Gas,
DC5004WG,Class,,Large Appliances,,routed,yes,,Dryer | Gas,
DC5004WG,Fine,,Major Kitchen & Laundry Appliances,,routed,yes,,Dryer | Gas,
DC5004WG,Mfg_Part_Num,,DC5004WG,,passthrough,yes,,,
DC5004WG,Part_Desc,,DC5004WG SQ Gas Dryer Wh,,passthrough,yes,,,
DC5004WG,E1_Brand,,-- Unbranded --,,passthrough,yes,,,
DC5004WG,Unilog_Brand,,-- No Unilog Brand --,,passthrough,yes,,,
DC5004WG,DIB_Brand,,-- No DIB Brand --,,passthrough,yes,,,
DC5004WG,Part_Manuf,,Appliance Dealers Cooperative (APPDE),,passthrough,yes,,,
DC5004WG,MANUFACTURER_NAME,,Appliance Dealers Cooperative,,passthrough,yes,,,
DC5004WG,MANUFACTURER_PART_NUMBER,,DC5004WG,,passthrough,yes,,,
DC5004WG,Classpath,,Appliances & Consumer Electronics>Kitchen Appliances>Major Appliances,,routed,yes,,Dryer | Gas,
DC5004WG,MOBILE_DESC,,"Appliance Dealers Cooperative, Dryer, DC5004WG, gas Fuel Type",,composed,yes,,Gas,
DC5004WG,INVOICE_DESC,,DRYER GAS,,composed,yes,,Gas,
DC5004WG,SHORT_DESC,,"DC5004WG Dryer, gas Fuel Type",,composed,yes,,Gas,
DC5004WG,LONG_DESC1,,"Dryer, gas Fuel Type",,composed,yes,,Gas,
DC5004WG,RETAIL_DESC,,"Dryer, gas Fuel Type",,composed,yes,,Gas,
DC5004WG,Product Name,appliance_type,Dryer,,derived,yes,,Dryer,"dimensional: abstained (appliance_type is nominal, not a physical quantity) ; constraint: abstained (no constraint in appliance.major mentions appliance_type) ; identity: abstained (appliance_type is not an identity claim) ; vocabulary: 1.00 ('dryer' is a declared term for appliance_type)"
DC5004WG,ATTRIBUTE_LABEL 1,appliance_type,Product Name,,derived,yes,,,"dimensional: abstained (appliance_type is nominal, not a physical quantity) ; constraint: abstained (no constraint in appliance.major mentions appliance_type) ; identity: abstained (appliance_type is not an identity claim) ; vocabulary: 1.00 ('dryer' is a declared term for appliance_type)"
DC5004WG,ATTRIBUTE_VALUE 1,appliance_type,dryer,,extracted,no,,Dryer,"dimensional: abstained (appliance_type is nominal, not a physical quantity) ; constraint: abstained (no constraint in appliance.major mentions appliance_type) ; identity: abstained (appliance_type is not an identity claim) ; vocabulary: 1.00 ('dryer' is a declared term for appliance_type)"
DC5004WG,ATTRIBUTE_LABEL 2,series,Series,,derived,yes,,,
DC5004WG,ATTRIBUTE_LABEL 3,capacity,Capacity,,derived,yes,,,
DC5004WG,ATTRIBUTE_LABEL 4,voltage_rating,Voltage Rating,,derived,yes,,,
DC5004WG,ATTRIBUTE_LABEL 5,amperage_rating,Amperage Rating,,derived,yes,,,
DC5004WG,ATTRIBUTE_LABEL 6,width,Width,,derived,yes,,,
DC5004WG,ATTRIBUTE_LABEL 7,mounting_type,Mounting Type,,derived,yes,,,
DC5004WG,ATTRIBUTE_LABEL 8,fuel_type,Fuel Type,,derived,yes,,,"dimensional: abstained (fuel_type is nominal, not a physical quantity) ; constraint: abstained (no constraint in appliance.major mentions fuel_type) ; identity: abstained (fuel_type is not an identity claim) ; vocabulary: 1.00 ('gas' is a declared term for fuel_type)"
DC5004WG,ATTRIBUTE_VALUE 8,fuel_type,gas,,extracted,no,,Gas,"dimensional: abstained (fuel_type is nominal, not a physical quantity) ; constraint: abstained (no constraint in appliance.major mentions fuel_type) ; identity: abstained (fuel_type is not an identity claim) ; vocabulary: 1.00 ('gas' is a declared term for fuel_type)"
DC5004WG,ATTRIBUTE_LABEL 9,sound_level,Sound Level,,derived,yes,,,
DC5004WG,ATTRIBUTE_LABEL 10,finish,Color,,derived,yes,,,
DC5004WG,UNSPSC,,52141500,,routed,yes,,Dryer | Gas,
DC5004BG,Dept,,Appliances,,routed,yes,,Dryer | Gas,
DC5004BG,Class,,Large Appliances,,routed,yes,,Dryer | Gas,
DC5004BG,Fine,,Major Kitchen & Laundry Appliances,,routed,yes,,Dryer | Gas,
DC5004BG,Mfg_Part_Num,,DC5004BG,,passthrough,yes,,,
DC5004BG,Part_Desc,,DC5004BG SQ Gas Dryer Bk,,passthrough,yes,,,
DC5004BG,E1_Brand,,-- Unbranded --,,passthrough,yes,,,
DC5004BG,Unilog_Brand,,-- No Unilog Brand --,,passthrough,yes,,,
DC5004BG,DIB_Brand,,-- No DIB Brand --,,passthrough,yes,,,
DC5004BG,Part_Manuf,,Appliance Dealers Cooperative (APPDE),,passthrough,yes,,,
DC5004BG,MANUFACTURER_NAME,,Appliance Dealers Cooperative,,passthrough,yes,,,
DC5004BG,MANUFACTURER_PART_NUMBER,,DC5004BG,,passthrough,yes,,,
DC5004BG,Classpath,,Appliances & Consumer Electronics>Kitchen Appliances>Major Appliances,,routed,yes,,Dryer | Gas,
DC5004BG,MOBILE_DESC,,"Appliance Dealers Cooperative, Dryer, DC5004BG, gas Fuel Type",,composed,yes,,Gas,
DC5004BG,INVOICE_DESC,,DRYER GAS,,composed,yes,,Gas,
DC5004BG,SHORT_DESC,,"DC5004BG Dryer, gas Fuel Type",,composed,yes,,Gas,
DC5004BG,LONG_DESC1,,"Dryer, gas Fuel Type",,composed,yes,,Gas,
DC5004BG,RETAIL_DESC,,"Dryer, gas Fuel Type",,composed,yes,,Gas,
DC5004BG,Product Name,appliance_type,Dryer,,derived,yes,,Dryer,"dimensional: abstained (appliance_type is nominal, not a physical quantity) ; constraint: abstained (no constraint in appliance.major mentions appliance_type) ; identity: abstained (appliance_type is not an identity claim) ; vocabulary: 1.00 ('dryer' is a declared term for appliance_type)"
DC5004BG,ATTRIBUTE_LABEL 1,appliance_type,Product Name,,derived,yes,,,"dimensional: abstained (appliance_type is nominal, not a physical quantity) ; constraint: abstained (no constraint in appliance.major mentions appliance_type) ; identity: abstained (appliance_type is not an identity claim) ; vocabulary: 1.00 ('dryer' is a declared term for appliance_type)"
DC5004BG,ATTRIBUTE_VALUE 1,appliance_type,dryer,,extracted,no,,Dryer,"dimensional: abstained (appliance_type is nominal, not a physical quantity) ; constraint: abstained (no constraint in appliance.major mentions appliance_type) ; identity: abstained (appliance_type is not an identity claim) ; vocabulary: 1.00 ('dryer' is a declared term for appliance_type)"
DC5004BG,ATTRIBUTE_LABEL 2,series,Series,,derived,yes,,,
DC5004BG,ATTRIBUTE_LABEL 3,capacity,Capacity,,derived,yes,,,
DC5004BG,ATTRIBUTE_LABEL 4,voltage_rating,Voltage Rating,,derived,yes,,,
DC5004BG,ATTRIBUTE_LABEL 5,amperage_rating,Amperage Rating,,derived,yes,,,
DC5004BG,ATTRIBUTE_LABEL 6,width,Width,,derived,yes,,,
DC5004BG,ATTRIBUTE_LABEL 7,mounting_type,Mounting Type,,derived,yes,,,
DC5004BG,ATTRIBUTE_LABEL 8,fuel_type,Fuel Type,,derived,yes,,,"dimensional: abstained (fuel_type is nominal, not a physical quantity) ; constraint: abstained (no constraint in appliance.major mentions fuel_type) ; identity: abstained (fuel_type is not an identity claim) ; vocabulary: 1.00 ('gas' is a declared term for fuel_type)"
DC5004BG,ATTRIBUTE_VALUE 8,fuel_type,gas,,extracted,no,,Gas,"dimensional: abstained (fuel_type is nominal, not a physical quantity) ; constraint: abstained (no constraint in appliance.major mentions fuel_type) ; identity: abstained (fuel_type is not an identity claim) ; vocabulary: 1.00 ('gas' is a declared term for fuel_type)"
DC5004BG,ATTRIBUTE_LABEL 9,sound_level,Sound Level,,derived,yes,,,
DC5004BG,ATTRIBUTE_LABEL 10,finish,Color,,derived,yes,,,
DC5004BG,UNSPSC,,52141500,,routed,yes,,Dryer | Gas,
PTW705BSTWS,Dept,,Appliances,,routed,yes,,Washer | GE,
PTW705BSTWS,Class,,Large Appliances,,routed,yes,,Washer | GE,
PTW705BSTWS,Fine,,Major Kitchen & Laundry Appliances,,routed,yes,,Washer | GE,
PTW705BSTWS,Mfg_Part_Num,,PTW705BSTWS,,passthrough,yes,,,
PTW705BSTWS,Part_Desc,,PTW705BSTWS GE Washer Wh,,passthrough,yes,,,
PTW705BSTWS,E1_Brand,,-- Unbranded --,,passthrough,yes,,,
PTW705BSTWS,Unilog_Brand,,-- No Unilog Brand --,,passthrough,yes,,,
PTW705BSTWS,DIB_Brand,,-- No DIB Brand --,,passthrough,yes,,,
PTW705BSTWS,Part_Manuf,,Appliance Dealers Cooperative (APPDE),,passthrough,yes,,,
PTW705BSTWS,MANUFACTURER_NAME,,Appliance Dealers Cooperative,,passthrough,yes,,,
PTW705BSTWS,MANUFACTURER_PART_NUMBER,,PTW705BSTWS,,passthrough,yes,,,
PTW705BSTWS,Classpath,,Appliances & Consumer Electronics>Kitchen Appliances>Major Appliances,,routed,yes,,Washer | GE,
PTW705BSTWS,MOBILE_DESC,,"Appliance Dealers Cooperative, Washer, PTW705BSTWS",,composed,yes,,,
PTW705BSTWS,INVOICE_DESC,,WASHER,,composed,yes,,,
PTW705BSTWS,SHORT_DESC,,PTW705BSTWS Washer,,composed,yes,,,
PTW705BSTWS,LONG_DESC1,,Washer,,composed,yes,,,
PTW705BSTWS,RETAIL_DESC,,Washer,,composed,yes,,,
PTW705BSTWS,Product Name,appliance_type,Washer,,derived,yes,,Washer,"dimensional: abstained (appliance_type is nominal, not a physical quantity) ; constraint: abstained (no constraint in appliance.major mentions appliance_type) ; identity: abstained (appliance_type is not an identity claim) ; vocabulary: 1.00 ('washer' is a declared term for appliance_type)"
PTW705BSTWS,ATTRIBUTE_LABEL 1,appliance_type,Product Name,,derived,yes,,,"dimensional: abstained (appliance_type is nominal, not a physical quantity) ; constraint: abstained (no constraint in appliance.major mentions appliance_type) ; identity: abstained (appliance_type is not an identity claim) ; vocabulary: 1.00 ('washer' is a declared term for appliance_type)"
PTW705BSTWS,ATTRIBUTE_VALUE 1,appliance_type,washer,,extracted,no,,Washer,"dimensional: abstained (appliance_type is nominal, not a physical quantity) ; constraint: abstained (no constraint in appliance.major mentions appliance_type) ; identity: abstained (appliance_type is not an identity claim) ; vocabulary: 1.00 ('washer' is a declared term for appliance_type)"
PTW705BSTWS,ATTRIBUTE_LABEL 2,series,Series,,derived,yes,,,
PTW705BSTWS,ATTRIBUTE_LABEL 3,capacity,Capacity,,derived,yes,,,
PTW705BSTWS,ATTRIBUTE_LABEL 4,voltage_rating,Voltage Rating,,derived,yes,,,
PTW705BSTWS,ATTRIBUTE_LABEL 5,amperage_rating,Amperage Rating,,derived,yes,,,
PTW705BSTWS,ATTRIBUTE_LABEL 6,width,Width,,derived,yes,,,
PTW705BSTWS,ATTRIBUTE_LABEL 7,mounting_type,Mounting Type,,derived,yes,,,
PTW705BSTWS,ATTRIBUTE_LABEL 8,fuel_type,Fuel Type,,derived,yes,,,
PTW705BSTWS,ATTRIBUTE_LABEL 9,sound_level,Sound Level,,derived,yes,,,
PTW705BSTWS,ATTRIBUTE_LABEL 10,finish,Color,,derived,yes,,,
PTW705BSTWS,UNSPSC,,52141500,,routed,yes,,Washer | GE,
MVWP586GW,Dept,,Appliances,,routed,yes,,Washer | Display,
MVWP586GW,Class,,Large Appliances,,routed,yes,,Washer | Display,
MVWP586GW,Fine,,Major Kitchen & Laundry Appliances,,routed,yes,,Washer | Display,
MVWP586GW,Mfg_Part_Num,,MVWP586GW,,passthrough,yes,,,
MVWP586GW,Part_Desc,,MVWP586GW Washer Wh - Display,,passthrough,yes,,,
MVWP586GW,E1_Brand,,-- Unbranded --,,passthrough,yes,,,
MVWP586GW,Unilog_Brand,,-- No Unilog Brand --,,passthrough,yes,,,
MVWP586GW,DIB_Brand,,-- No DIB Brand --,,passthrough,yes,,,
MVWP586GW,Part_Manuf,,Appliance Dealers Cooperative (APPDE),,passthrough,yes,,,
MVWP586GW,MANUFACTURER_NAME,,Appliance Dealers Cooperative,,passthrough,yes,,,
MVWP586GW,MANUFACTURER_PART_NUMBER,,MVWP586GW,,passthrough,yes,,,
MVWP586GW,Classpath,,Appliances & Consumer Electronics>Kitchen Appliances>Major Appliances,,routed,yes,,Washer | Display,
MVWP586GW,MOBILE_DESC,,"Appliance Dealers Cooperative, Washer, MVWP586GW",,composed,yes,,,
MVWP586GW,INVOICE_DESC,,WASHER,,composed,yes,,,
MVWP586GW,SHORT_DESC,,MVWP586GW Washer,,composed,yes,,,
MVWP586GW,LONG_DESC1,,Washer,,composed,yes,,,
MVWP586GW,RETAIL_DESC,,Washer,,composed,yes,,,
MVWP586GW,Product Name,appliance_type,Washer,,derived,yes,,Washer,"dimensional: abstained (appliance_type is nominal, not a physical quantity) ; constraint: abstained (no constraint in appliance.major mentions appliance_type) ; identity: abstained (appliance_type is not an identity claim) ; vocabulary: 1.00 ('washer' is a declared term for appliance_type)"
MVWP586GW,ATTRIBUTE_LABEL 1,appliance_type,Product Name,,derived,yes,,,"dimensional: abstained (appliance_type is nominal, not a physical quantity) ; constraint: abstained (no constraint in appliance.major mentions appliance_type) ; identity: abstained (appliance_type is not an identity claim) ; vocabulary: 1.00 ('washer' is a declared term for appliance_type)"
MVWP586GW,ATTRIBUTE_VALUE 1,appliance_type,washer,,extracted,no,,Washer,"dimensional: abstained (appliance_type is nominal, not a physical quantity) ; constraint: abstained (no constraint in appliance.major mentions appliance_type) ; identity: abstained (appliance_type is not an identity claim) ; vocabulary: 1.00 ('washer' is a declared term for appliance_type)"
MVWP586GW,ATTRIBUTE_LABEL 2,series,Series,,derived,yes,,,
MVWP586GW,ATTRIBUTE_LABEL 3,capacity,Capacity,,derived,yes,,,
MVWP586GW,ATTRIBUTE_LABEL 4,voltage_rating,Voltage Rating,,derived,yes,,,
MVWP586GW,ATTRIBUTE_LABEL 5,amperage_rating,Amperage Rating,,derived,yes,,,
MVWP586GW,ATTRIBUTE_LABEL 6,width,Width,,derived,yes,,,
MVWP586GW,ATTRIBUTE_LABEL 7,mounting_type,Mounting Type,,derived,yes,,,
MVWP586GW,ATTRIBUTE_LABEL 8,fuel_type,Fuel Type,,derived,yes,,,
MVWP586GW,ATTRIBUTE_LABEL 9,sound_level,Sound Level,,derived,yes,,,
MVWP586GW,ATTRIBUTE_LABEL 10,finish,Color,,derived,yes,,,
MVWP586GW,UNSPSC,,52141500,,routed,yes,,Washer | Display,
TV2000WN,Dept,,Appliances,,routed,yes,,Washer | Elect,
TV2000WN,Class,,Large Appliances,,routed,yes,,Washer | Elect,
TV2000WN,Fine,,Major Kitchen & Laundry Appliances,,routed,yes,,Washer | Elect,
TV2000WN,Mfg_Part_Num,,TV2000WN,,passthrough,yes,,,
TV2000WN,Part_Desc,,TV2000WN SQ Elect Washer,,passthrough,yes,,,
TV2000WN,E1_Brand,,-- Unbranded --,,passthrough,yes,,,
TV2000WN,Unilog_Brand,,-- No Unilog Brand --,,passthrough,yes,,,
TV2000WN,DIB_Brand,,-- No DIB Brand --,,passthrough,yes,,,
TV2000WN,Part_Manuf,,Appliance Dealers Cooperative (APPDE),,passthrough,yes,,,
TV2000WN,MANUFACTURER_NAME,,Appliance Dealers Cooperative,,passthrough,yes,,,
TV2000WN,MANUFACTURER_PART_NUMBER,,TV2000WN,,passthrough,yes,,,
TV2000WN,Classpath,,Appliances & Consumer Electronics>Kitchen Appliances>Major Appliances,,routed,yes,,Washer | Elect,
TV2000WN,MOBILE_DESC,,"Appliance Dealers Cooperative, Washer, TV2000WN",,composed,yes,,,
TV2000WN,INVOICE_DESC,,WASHER,,composed,yes,,,
TV2000WN,SHORT_DESC,,TV2000WN Washer,,composed,yes,,,
TV2000WN,LONG_DESC1,,Washer,,composed,yes,,,
TV2000WN,RETAIL_DESC,,Washer,,composed,yes,,,
TV2000WN,Product Name,appliance_type,Washer,,derived,yes,,Washer,"dimensional: abstained (appliance_type is nominal, not a physical quantity) ; constraint: abstained (no constraint in appliance.major mentions appliance_type) ; identity: abstained (appliance_type is not an identity claim) ; vocabulary: 1.00 ('washer' is a declared term for appliance_type)"
TV2000WN,ATTRIBUTE_LABEL 1,appliance_type,Product Name,,derived,yes,,,"dimensional: abstained (appliance_type is nominal, not a physical quantity) ; constraint: abstained (no constraint in appliance.major mentions appliance_type) ; identity: abstained (appliance_type is not an identity claim) ; vocabulary: 1.00 ('washer' is a declared term for appliance_type)"
TV2000WN,ATTRIBUTE_VALUE 1,appliance_type,washer,,extracted,no,,Washer,"dimensional: abstained (appliance_type is nominal, not a physical quantity) ; constraint: abstained (no constraint in appliance.major mentions appliance_type) ; identity: abstained (appliance_type is not an identity claim) ; vocabulary: 1.00 ('washer' is a declared term for appliance_type)"
TV2000WN,ATTRIBUTE_LABEL 2,series,Series,,derived,yes,,,
TV2000WN,ATTRIBUTE_LABEL 3,capacity,Capacity,,derived,yes,,,
TV2000WN,ATTRIBUTE_LABEL 4,voltage_rating,Voltage Rating,,derived,yes,,,
TV2000WN,ATTRIBUTE_LABEL 5,amperage_rating,Amperage Rating,,derived,yes,,,
TV2000WN,ATTRIBUTE_LABEL 6,width,Width,,derived,yes,,,
TV2000WN,ATTRIBUTE_LABEL 7,mounting_type,Mounting Type,,derived,yes,,,
TV2000WN,ATTRIBUTE_LABEL 8,fuel_type,Fuel Type,,derived,yes,,,
TV2000WN,ATTRIBUTE_LABEL 9,sound_level,Sound Level,,derived,yes,,,
TV2000WN,ATTRIBUTE_LABEL 10,finish,Color,,derived,yes,,,
TV2000WN,UNSPSC,,52141500,,routed,yes,,Washer | Elect,
TC5003BN,Dept,,Appliances,,routed,yes,,Washer,
TC5003BN,Class,,Large Appliances,,routed,yes,,Washer,
TC5003BN,Fine,,Major Kitchen & Laundry Appliances,,routed,yes,,Washer,
TC5003BN,Mfg_Part_Num,,TC5003BN,,passthrough,yes,,,
TC5003BN,Part_Desc,,TC5003BN SQ Washer Bk,,passthrough,yes,,,
TC5003BN,E1_Brand,,-- Unbranded --,,passthrough,yes,,,
TC5003BN,Unilog_Brand,,-- No Unilog Brand --,,passthrough,yes,,,
TC5003BN,DIB_Brand,,-- No DIB Brand --,,passthrough,yes,,,
TC5003BN,Part_Manuf,,Appliance Dealers Cooperative (APPDE),,passthrough,yes,,,
TC5003BN,MANUFACTURER_NAME,,Appliance Dealers Cooperative,,passthrough,yes,,,
TC5003BN,MANUFACTURER_PART_NUMBER,,TC5003BN,,passthrough,yes,,,
TC5003BN,Classpath,,Appliances & Consumer Electronics>Kitchen Appliances>Major Appliances,,routed,yes,,Washer,
TC5003BN,MOBILE_DESC,,"Appliance Dealers Cooperative, Washer, TC5003BN",,composed,yes,,,
TC5003BN,INVOICE_DESC,,WASHER,,composed,yes,,,
TC5003BN,SHORT_DESC,,TC5003BN Washer,,composed,yes,,,
TC5003BN,LONG_DESC1,,Washer,,composed,yes,,,
TC5003BN,RETAIL_DESC,,Washer,,composed,yes,,,
TC5003BN,Product Name,appliance_type,Washer,,derived,yes,,Washer,"dimensional: abstained (appliance_type is nominal, not a physical quantity) ; constraint: abstained (no constraint in appliance.major mentions appliance_type) ; identity: abstained (appliance_type is not an identity claim) ; vocabulary: 1.00 ('washer' is a declared term for appliance_type)"
TC5003BN,ATTRIBUTE_LABEL 1,appliance_type,Product Name,,derived,yes,,,"dimensional: abstained (appliance_type is nominal, not a physical quantity) ; constraint: abstained (no constraint in appliance.major mentions appliance_type) ; identity: abstained (appliance_type is not an identity claim) ; vocabulary: 1.00 ('washer' is a declared term for appliance_type)"
TC5003BN,ATTRIBUTE_VALUE 1,appliance_type,washer,,extracted,no,,Washer,"dimensional: abstained (appliance_type is nominal, not a physical quantity) ; constraint: abstained (no constraint in appliance.major mentions appliance_type) ; identity: abstained (appliance_type is not an identity claim) ; vocabulary: 1.00 ('washer' is a declared term for appliance_type)"
TC5003BN,ATTRIBUTE_LABEL 2,series,Series,,derived,yes,,,
TC5003BN,ATTRIBUTE_LABEL 3,capacity,Capacity,,derived,yes,,,
TC5003BN,ATTRIBUTE_LABEL 4,voltage_rating,Voltage Rating,,derived,yes,,,
TC5003BN,ATTRIBUTE_LABEL 5,amperage_rating,Amperage Rating,,derived,yes,,,
TC5003BN,ATTRIBUTE_LABEL 6,width,Width,,derived,yes,,,
TC5003BN,ATTRIBUTE_LABEL 7,mounting_type,Mounting Type,,derived,yes,,,
TC5003BN,ATTRIBUTE_LABEL 8,fuel_type,Fuel Type,,derived,yes,,,
TC5003BN,ATTRIBUTE_LABEL 9,sound_level,Sound Level,,derived,yes,,,
TC5003BN,ATTRIBUTE_LABEL 10,finish,Color,,derived,yes,,,
TC5003BN,UNSPSC,,52141500,,routed,yes,,Washer,
TR7006WN,Dept,,Appliances,,routed,yes,,Washer,
TR7006WN,Class,,Large Appliances,,routed,yes,,Washer,
TR7006WN,Fine,,Major Kitchen & Laundry Appliances,,routed,yes,,Washer,
TR7006WN,Mfg_Part_Num,,TR7006WN,,passthrough,yes,,,
TR7006WN,Part_Desc,,TR7006WN Speed Queen Washer Wh,,passthrough,yes,,,
TR7006WN,E1_Brand,,-- Unbranded --,,passthrough,yes,,,
TR7006WN,Unilog_Brand,,-- No Unilog Brand --,,passthrough,yes,,,
TR7006WN,DIB_Brand,,-- No DIB Brand --,,passthrough,yes,,,
TR7006WN,Part_Manuf,,Appliance Dealers Cooperative (APPDE),,passthrough,yes,,,
TR7006WN,MANUFACTURER_NAME,,Appliance Dealers Cooperative,,passthrough,yes,,,
TR7006WN,MANUFACTURER_PART_NUMBER,,TR7006WN,,passthrough,yes,,,
TR7006WN,Classpath,,Appliances & Consumer Electronics>Kitchen Appliances>Major Appliances,,routed,yes,,Washer,
TR7006WN,MOBILE_DESC,,"Appliance Dealers Cooperative, Washer, TR7006WN",,composed,yes,,,
TR7006WN,INVOICE_DESC,,WASHER,,composed,yes,,,
TR7006WN,SHORT_DESC,,TR7006WN Washer,,composed,yes,,,
TR7006WN,LONG_DESC1,,Washer,,composed,yes,,,
TR7006WN,RETAIL_DESC,,Washer,,composed,yes,,,
TR7006WN,Product Name,appliance_type,Washer,,derived,yes,,Washer,"dimensional: abstained (appliance_type is nominal, not a physical quantity) ; constraint: abstained (no constraint in appliance.major mentions appliance_type) ; identity: abstained (appliance_type is not an identity claim) ; vocabulary: 1.00 ('washer' is a declared term for appliance_type)"
TR7006WN,ATTRIBUTE_LABEL 1,appliance_type,Product Name,,derived,yes,,,"dimensional: abstained (appliance_type is nominal, not a physical quantity) ; constraint: abstained (no constraint in appliance.major mentions appliance_type) ; identity: abstained (appliance_type is not an identity claim) ; vocabulary: 1.00 ('washer' is a declared term for appliance_type)"
TR7006WN,ATTRIBUTE_VALUE 1,appliance_type,washer,,extracted,no,,Washer,"dimensional: abstained (appliance_type is nominal, not a physical quantity) ; constraint: abstained (no constraint in appliance.major mentions appliance_type) ; identity: abstained (appliance_type is not an identity claim) ; vocabulary: 1.00 ('washer' is a declared term for appliance_type)"
TR7006WN,ATTRIBUTE_LABEL 2,series,Series,,derived,yes,,,
TR7006WN,ATTRIBUTE_LABEL 3,capacity,Capacity,,derived,yes,,,
TR7006WN,ATTRIBUTE_LABEL 4,voltage_rating,Voltage Rating,,derived,yes,,,
TR7006WN,ATTRIBUTE_LABEL 5,amperage_rating,Amperage Rating,,derived,yes,,,
TR7006WN,ATTRIBUTE_LABEL 6,width,Width,,derived,yes,,,
TR7006WN,ATTRIBUTE_LABEL 7,mounting_type,Mounting Type,,derived,yes,,,
TR7006WN,ATTRIBUTE_LABEL 8,fuel_type,Fuel Type,,derived,yes,,,
TR7006WN,ATTRIBUTE_LABEL 9,sound_level,Sound Level,,derived,yes,,,
TR7006WN,ATTRIBUTE_LABEL 10,finish,Color,,derived,yes,,,
TR7006WN,UNSPSC,,52141500,,routed,yes,,Washer,
TR7006BN,Dept,,Appliances,,routed,yes,,Washer,
TR7006BN,Class,,Large Appliances,,routed,yes,,Washer,
TR7006BN,Fine,,Major Kitchen & Laundry Appliances,,routed,yes,,Washer,
TR7006BN,Mfg_Part_Num,,TR7006BN,,passthrough,yes,,,
TR7006BN,Part_Desc,,TR7006BN Speed Queen Washer Bk,,passthrough,yes,,,
TR7006BN,E1_Brand,,-- Unbranded --,,passthrough,yes,,,
TR7006BN,Unilog_Brand,,-- No Unilog Brand --,,passthrough,yes,,,
TR7006BN,DIB_Brand,,-- No DIB Brand --,,passthrough,yes,,,
TR7006BN,Part_Manuf,,Appliance Dealers Cooperative (APPDE),,passthrough,yes,,,
TR7006BN,MANUFACTURER_NAME,,Appliance Dealers Cooperative,,passthrough,yes,,,
TR7006BN,MANUFACTURER_PART_NUMBER,,TR7006BN,,passthrough,yes,,,
TR7006BN,Classpath,,Appliances & Consumer Electronics>Kitchen Appliances>Major Appliances,,routed,yes,,Washer,
TR7006BN,MOBILE_DESC,,"Appliance Dealers Cooperative, Washer, TR7006BN",,composed,yes,,,
TR7006BN,INVOICE_DESC,,WASHER,,composed,yes,,,
TR7006BN,SHORT_DESC,,TR7006BN Washer,,composed,yes,,,
TR7006BN,LONG_DESC1,,Washer,,composed,yes,,,
TR7006BN,RETAIL_DESC,,Washer,,composed,yes,,,
TR7006BN,Product Name,appliance_type,Washer,,derived,yes,,Washer,"dimensional: abstained (appliance_type is nominal, not a physical quantity) ; constraint: abstained (no constraint in appliance.major mentions appliance_type) ; identity: abstained (appliance_type is not an identity claim) ; vocabulary: 1.00 ('washer' is a declared term for appliance_type)"
TR7006BN,ATTRIBUTE_LABEL 1,appliance_type,Product Name,,derived,yes,,,"dimensional: abstained (appliance_type is nominal, not a physical quantity) ; constraint: abstained (no constraint in appliance.major mentions appliance_type) ; identity: abstained (appliance_type is not an identity claim) ; vocabulary: 1.00 ('washer' is a declared term for appliance_type)"
TR7006BN,ATTRIBUTE_VALUE 1,appliance_type,washer,,extracted,no,,Washer,"dimensional: abstained (appliance_type is nominal, not a physical quantity) ; constraint: abstained (no constraint in appliance.major mentions appliance_type) ; identity: abstained (appliance_type is not an identity claim) ; vocabulary: 1.00 ('washer' is a declared term for appliance_type)"
TR7006BN,ATTRIBUTE_LABEL 2,series,Series,,derived,yes,,,
TR7006BN,ATTRIBUTE_LABEL 3,capacity,Capacity,,derived,yes,,,
TR7006BN,ATTRIBUTE_LABEL 4,voltage_rating,Voltage Rating,,derived,yes,,,
TR7006BN,ATTRIBUTE_LABEL 5,amperage_rating,Amperage Rating,,derived,yes,,,
TR7006BN,ATTRIBUTE_LABEL 6,width,Width,,derived,yes,,,
TR7006BN,ATTRIBUTE_LABEL 7,mounting_type,Mounting Type,,derived,yes,,,
TR7006BN,ATTRIBUTE_LABEL 8,fuel_type,Fuel Type,,derived,yes,,,
TR7006BN,ATTRIBUTE_LABEL 9,sound_level,Sound Level,,derived,yes,,,
TR7006BN,ATTRIBUTE_LABEL 10,finish,Color,,derived,yes,,,
TR7006BN,UNSPSC,,52141500,,routed,yes,,Washer,
TR5006WN,Dept,,Appliances,,routed,yes,,Washer,
TR5006WN,Class,,Large Appliances,,routed,yes,,Washer,
TR5006WN,Fine,,Major Kitchen & Laundry Appliances,,routed,yes,,Washer,
TR5006WN,Mfg_Part_Num,,TR5006WN,,passthrough,yes,,,
TR5006WN,Part_Desc,,TR5006WN Speed Queen Washer Wh,,passthrough,yes,,,
TR5006WN,E1_Brand,,-- Unbranded --,,passthrough,yes,,,
TR5006WN,Unilog_Brand,,-- No Unilog Brand --,,passthrough,yes,,,
TR5006WN,DIB_Brand,,-- No DIB Brand --,,passthrough,yes,,,
TR5006WN,Part_Manuf,,Appliance Dealers Cooperative (APPDE),,passthrough,yes,,,
TR5006WN,MANUFACTURER_NAME,,Appliance Dealers Cooperative,,passthrough,yes,,,
TR5006WN,MANUFACTURER_PART_NUMBER,,TR5006WN,,passthrough,yes,,,
TR5006WN,Classpath,,Appliances & Consumer Electronics>Kitchen Appliances>Major Appliances,,routed,yes,,Washer,
TR5006WN,MOBILE_DESC,,"Appliance Dealers Cooperative, Washer, TR5006WN",,composed,yes,,,
TR5006WN,INVOICE_DESC,,WASHER,,composed,yes,,,
TR5006WN,SHORT_DESC,,TR5006WN Washer,,composed,yes,,,
TR5006WN,LONG_DESC1,,Washer,,composed,yes,,,
TR5006WN,RETAIL_DESC,,Washer,,composed,yes,,,
TR5006WN,Product Name,appliance_type,Washer,,derived,yes,,Washer,"dimensional: abstained (appliance_type is nominal, not a physical quantity) ; constraint: abstained (no constraint in appliance.major mentions appliance_type) ; identity: abstained (appliance_type is not an identity claim) ; vocabulary: 1.00 ('washer' is a declared term for appliance_type)"
TR5006WN,ATTRIBUTE_LABEL 1,appliance_type,Product Name,,derived,yes,,,"dimensional: abstained (appliance_type is nominal, not a physical quantity) ; constraint: abstained (no constraint in appliance.major mentions appliance_type) ; identity: abstained (appliance_type is not an identity claim) ; vocabulary: 1.00 ('washer' is a declared term for appliance_type)"
TR5006WN,ATTRIBUTE_VALUE 1,appliance_type,washer,,extracted,no,,Washer,"dimensional: abstained (appliance_type is nominal, not a physical quantity) ; constraint: abstained (no constraint in appliance.major mentions appliance_type) ; identity: abstained (appliance_type is not an identity claim) ; vocabulary: 1.00 ('washer' is a declared term for appliance_type)"
TR5006WN,ATTRIBUTE_LABEL 2,series,Series,,derived,yes,,,
TR5006WN,ATTRIBUTE_LABEL 3,capacity,Capacity,,derived,yes,,,
TR5006WN,ATTRIBUTE_LABEL 4,voltage_rating,Voltage Rating,,derived,yes,,,
TR5006WN,ATTRIBUTE_LABEL 5,amperage_rating,Amperage Rating,,derived,yes,,,
TR5006WN,ATTRIBUTE_LABEL 6,width,Width,,derived,yes,,,
TR5006WN,ATTRIBUTE_LABEL 7,mounting_type,Mounting Type,,derived,yes,,,
TR5006WN,ATTRIBUTE_LABEL 8,fuel_type,Fuel Type,,derived,yes,,,
TR5006WN,ATTRIBUTE_LABEL 9,sound_level,Sound Level,,derived,yes,,,
TR5006WN,ATTRIBUTE_LABEL 10,finish,Color,,derived,yes,,,
TR5006WN,UNSPSC,,52141500,,routed,yes,,Washer,
05134545001,Mfg_Part_Num,,05134545001,,passthrough,yes,,,
05134545001,Part_Desc,,9516 Kneeling Pad& Bttl Opener,,passthrough,yes,,,
05134545001,E1_Brand,,-- Unbranded --,,passthrough,yes,,,
05134545001,Unilog_Brand,,-- No Unilog Brand --,,passthrough,yes,,,
05134545001,DIB_Brand,,-- No DIB Brand --,,passthrough,yes,,,
05134545001,Part_Manuf,,Wera Tools NA Inc (WERTO),,passthrough,yes,,,
05134545001,MANUFACTURER_NAME,,Wera Tools NA Inc,,passthrough,yes,,,
05134545001,MANUFACTURER_PART_NUMBER,,05134545001,,passthrough,yes,,,
05134545001,MOBILE_DESC,,"Wera Tools NA Inc, Kneeling Pad& Bttl Opener, 05134545001",,composed,yes,,Kneeling Pad& Bttl Opener,
05134545001,INVOICE_DESC,,KNEELING PAD& BTTL OPENER,,composed,yes,,Kneeling Pad& Bttl Opener,
05134545001,SHORT_DESC,,05134545001 Kneeling Pad& Bttl Opener,,composed,yes,,Kneeling Pad& Bttl Opener,
05134545001,LONG_DESC1,,Kneeling Pad& Bttl Opener,,composed,yes,,Kneeling Pad& Bttl Opener,
05134545001,RETAIL_DESC,,Kneeling Pad& Bttl Opener,,composed,yes,,Kneeling Pad& Bttl Opener,
05134545001,Product Name,product_name,Kneeling Pad& Bttl Opener,,derived,yes,,Kneeling Pad& Bttl Opener,"dimensional: abstained (product_name is text, not a physical quantity) ; constraint: abstained (no constraint in generic mentions product_name) ; identity: 1.00 (product_name 'Kneeling Pad& Bttl Opener' appears verbatim in the source) ; vocabulary: abstained (product_name is text, not a controlled term)"
05134545001,ATTRIBUTE_LABEL 1,product_name,Product Name,,derived,yes,,,"dimensional: abstained (product_name is text, not a physical quantity) ; constraint: abstained (no constraint in generic mentions product_name) ; identity: 1.00 (product_name 'Kneeling Pad& Bttl Opener' appears verbatim in the source) ; vocabulary: abstained (product_name is text, not a controlled term)"
05134545001,ATTRIBUTE_VALUE 1,product_name,Kneeling Pad& Bttl Opener,,extracted,no,,Kneeling Pad& Bttl Opener,"dimensional: abstained (product_name is text, not a physical quantity) ; constraint: abstained (no constraint in generic mentions product_name) ; identity: 1.00 (product_name 'Kneeling Pad& Bttl Opener' appears verbatim in the source) ; vocabulary: abstained (product_name is text, not a controlled term)"
05134545001,ATTRIBUTE_LABEL 2,brand,Brand,,derived,yes,,,
05134545001,ATTRIBUTE_LABEL 3,material,Material,,derived,yes,,,
05134545001,ATTRIBUTE_LABEL 4,color,Color,,derived,yes,,,
05134545001,ATTRIBUTE_LABEL 5,size,Size,,derived,yes,,,
05134545001,ATTRIBUTE_LABEL 6,quantity,Quantity,,derived,yes,,,
LNL65301,Mfg_Part_Num,,LNL65301,,passthrough,yes,,,
LNL65301,Part_Desc,,LNL65301 Digital Tire Pressure - Inflator Gauge,,passthrough,yes,,,
LNL65301,E1_Brand,,-- Unbranded --,,passthrough,yes,,,
LNL65301,Unilog_Brand,,-- No Unilog Brand --,,passthrough,yes,,,
LNL65301,DIB_Brand,,-- No DIB Brand --,,passthrough,yes,,,
LNL65301,Part_Manuf,,-,,passthrough,yes,,,
LNL65301,BRAND_NAME,,LNL,,passthrough,yes,,,
LNL65301,MANUFACTURER_PART_NUMBER,,LNL65301,,passthrough,yes,,,
LNL65301,MOBILE_DESC,,"LNL, Digital Tire Pressure - Inflator Gauge, LNL65301",,composed,yes,,Digital Tire Pressure - Inflator Gauge,
LNL65301,INVOICE_DESC,,DIGITAL TIRE PRESSURE - INFLATOR GAUGE,,composed,yes,,Digital Tire Pressure - Inflator Gauge,
LNL65301,SHORT_DESC,,LNL LNL65301 Digital Tire Pressure - Inflator Gauge,,composed,yes,,Digital Tire Pressure - Inflator Gauge,
LNL65301,LONG_DESC1,,LNL Digital Tire Pressure - Inflator Gauge,,composed,yes,,Digital Tire Pressure - Inflator Gauge,
LNL65301,RETAIL_DESC,,Digital Tire Pressure - Inflator Gauge,,composed,yes,,Digital Tire Pressure - Inflator Gauge,
LNL65301,Product Name,product_name,Digital Tire Pressure - Inflator Gauge,,derived,yes,,Digital Tire Pressure - Inflator Gauge,"dimensional: abstained (product_name is text, not a physical quantity) ; constraint: abstained (no constraint in generic mentions product_name) ; identity: 1.00 (product_name 'Digital Tire Pressure - Inflator Gauge' appears verbatim in the source) ; vocabulary: abstained (product_name is text, not a controlled term)"
LNL65301,ATTRIBUTE_LABEL 1,product_name,Product Name,,derived,yes,,,"dimensional: abstained (product_name is text, not a physical quantity) ; constraint: abstained (no constraint in generic mentions product_name) ; identity: 1.00 (product_name 'Digital Tire Pressure - Inflator Gauge' appears verbatim in the source) ; vocabulary: abstained (product_name is text, not a controlled term)"
LNL65301,ATTRIBUTE_VALUE 1,product_name,Digital Tire Pressure - Inflator Gauge,,extracted,no,,Digital Tire Pressure - Inflator Gauge,"dimensional: abstained (product_name is text, not a physical quantity) ; constraint: abstained (no constraint in generic mentions product_name) ; identity: 1.00 (product_name 'Digital Tire Pressure - Inflator Gauge' appears verbatim in the source) ; vocabulary: abstained (product_name is text, not a controlled term)"
LNL65301,ATTRIBUTE_LABEL 2,brand,Brand,,derived,yes,,,"dimensional: abstained (brand is text, not a physical quantity) ; constraint: abstained (no constraint in generic mentions brand) ; identity: 1.00 (brand 'LNL' appears verbatim in the source) ; vocabulary: abstained (brand is text, not a controlled term)"
LNL65301,ATTRIBUTE_VALUE 2,brand,LNL,,extracted,no,,LNL,"dimensional: abstained (brand is text, not a physical quantity) ; constraint: abstained (no constraint in generic mentions brand) ; identity: 1.00 (brand 'LNL' appears verbatim in the source) ; vocabulary: abstained (brand is text, not a controlled term)"
LNL65301,ATTRIBUTE_LABEL 3,material,Material,,derived,yes,,,
LNL65301,ATTRIBUTE_LABEL 4,color,Color,,derived,yes,,,
LNL65301,ATTRIBUTE_LABEL 5,size,Size,,derived,yes,,,
LNL65301,ATTRIBUTE_LABEL 6,quantity,Quantity,,derived,yes,,,
25-A,Dept,,Building Materials,,routed,yes,,Mortar | Type | Charcoal | Type N,
25-A,Class,,Concrete & Masonry,,routed,yes,,Mortar | Type | Charcoal | Type N,
25-A,Fine,,Mortar & Grout,,routed,yes,,Mortar | Type | Charcoal | Type N,
25-A,Mfg_Part_Num,,25-A,,passthrough,yes,,,
25-A,Part_Desc,,Charcoal Black 25-A Mortar - Type N,,passthrough,yes,,,
25-A,E1_Brand,,-- Unbranded --,,passthrough,yes,,,
25-A,Unilog_Brand,,-- No Unilog Brand --,,passthrough,yes,,,
25-A,DIB_Brand,,-- No DIB Brand --,,passthrough,yes,,,
25-A,Part_Manuf,,Rees Cast Stone Company (REECA),,passthrough,yes,,,
25-A,MANUFACTURER_NAME,,Rees Cast Stone Company,,passthrough,yes,,,
25-A,MANUFACTURER_PART_NUMBER,,25-A,,passthrough,yes,,,
25-A,Classpath,,"Building Materials>Concrete, Cement & Masonry>Mortar",,routed,yes,,Mortar | Type | Charcoal | Type N,
25-A,MOBILE_DESC,,"Rees Cast Stone Company, Mortar, 25-A, Charcoal Black, 25-A",,composed,yes,,Mortar | Charcoal Black | 25-A,
25-A,INVOICE_DESC,,MORTAR 25-A,,composed,yes,,Mortar | 25-A,
25-A,SHORT_DESC,,"25-A Mortar, Charcoal Black, 25-A",,composed,yes,,Mortar | Charcoal Black | 25-A,
25-A,LONG_DESC1,,"Mortar, Charcoal Black, 25-A",,composed,yes,,Mortar | Charcoal Black | 25-A,
25-A,RETAIL_DESC,,"Mortar, Charcoal Black, 25-A",,composed,yes,,Mortar | Charcoal Black | 25-A,
25-A,Product Name,product_name,Mortar,,derived,yes,,Mortar,"dimensional: abstained (product_name is text, not a physical quantity) ; constraint: abstained (no constraint in generic mentions product_name) ; identity: 1.00 (product_name 'Mortar' appears verbatim in the source) ; vocabulary: abstained (product_name is text, not a controlled term)"
25-A,ATTRIBUTE_LABEL 1,product_name,Product Name,,derived,yes,,,"dimensional: abstained (product_name is text, not a physical quantity) ; constraint: abstained (no constraint in generic mentions product_name) ; identity: 1.00 (product_name 'Mortar' appears verbatim in the source) ; vocabulary: abstained (product_name is text, not a controlled term)"
25-A,ATTRIBUTE_VALUE 1,product_name,Mortar,,extracted,no,,Mortar,"dimensional: abstained (product_name is text, not a physical quantity) ; constraint: abstained (no constraint in generic mentions product_name) ; identity: 1.00 (product_name 'Mortar' appears verbatim in the source) ; vocabulary: abstained (product_name is text, not a controlled term)"
25-A,ATTRIBUTE_LABEL 2,brand,Brand,,derived,yes,,,
25-A,ATTRIBUTE_LABEL 3,material,Material,,derived,yes,,,
25-A,ATTRIBUTE_LABEL 4,color,Color,,derived,yes,,,"dimensional: abstained (color is text, not a physical quantity) ; constraint: abstained (no constraint in generic mentions color) ; identity: abstained (color is not an identity claim) ; vocabulary: abstained (color is text, not a controlled term)"
25-A,ATTRIBUTE_VALUE 4,color,Charcoal Black,,extracted,no,,Charcoal Black,"dimensional: abstained (color is text, not a physical quantity) ; constraint: abstained (no constraint in generic mentions color) ; identity: abstained (color is not an identity claim) ; vocabulary: abstained (color is text, not a controlled term)"
25-A,ATTRIBUTE_LABEL 5,size,Size,,derived,yes,,,"dimensional: abstained (size is text, not a physical quantity) ; constraint: abstained (no constraint in generic mentions size) ; identity: abstained (size is not an identity claim) ; vocabulary: abstained (size is text, not a controlled term)"
25-A,ATTRIBUTE_VALUE 5,size,25-A,,extracted,no,,25-A,"dimensional: abstained (size is text, not a physical quantity) ; constraint: abstained (no constraint in generic mentions size) ; identity: abstained (size is not an identity claim) ; vocabulary: abstained (size is text, not a controlled term)"
25-A,ATTRIBUTE_LABEL 6,quantity,Quantity,,derived,yes,,,
25-A,UNSPSC,,30111600,,routed,yes,,Mortar | Type | Charcoal | Type N,
38-E,Dept,,Building Materials,,routed,yes,,Mortar | Type | Chocolate | Type N,
38-E,Class,,Concrete & Masonry,,routed,yes,,Mortar | Type | Chocolate | Type N,
38-E,Fine,,Mortar & Grout,,routed,yes,,Mortar | Type | Chocolate | Type N,
38-E,Mfg_Part_Num,,38-E,,passthrough,yes,,,
38-E,Part_Desc,,Dark Chocolate 38-E Mortar - Type N,,passthrough,yes,,,
38-E,E1_Brand,,-- Unbranded --,,passthrough,yes,,,
38-E,Unilog_Brand,,-- No Unilog Brand --,,passthrough,yes,,,
38-E,DIB_Brand,,-- No DIB Brand --,,passthrough,yes,,,
38-E,Part_Manuf,,Rees Cast Stone Company (REECA),,passthrough,yes,,,
38-E,MANUFACTURER_NAME,,Rees Cast Stone Company,,passthrough,yes,,,
38-E,BRAND_NAME,,Dark Chocolate,,passthrough,yes,,,
38-E,MANUFACTURER_PART_NUMBER,,38-E,,passthrough,yes,,,
38-E,Classpath,,"Building Materials>Concrete, Cement & Masonry>Mortar",,routed,yes,,Mortar | Type | Chocolate | Type N,
38-E,MOBILE_DESC,,"Rees Cast Stone Company Dark Chocolate, Mortar, 38-E, 38-E, N",,composed,yes,,Mortar | 38-E | N,
38-E,INVOICE_DESC,,MORTAR 38-E N,,composed,yes,,Mortar | 38-E | N,
38-E,SHORT_DESC,,"Dark Chocolate 38-E Mortar, 38-E, N",,composed,yes,,Mortar | 38-E | N,
38-E,LONG_DESC1,,"Dark Chocolate Mortar, 38-E, N",,composed,yes,,Mortar | 38-E | N,
38-E,RETAIL_DESC,,"Mortar, 38-E, N",,composed,yes,,Mortar | 38-E | N,
38-E,Product Name,product_name,Mortar,,derived,yes,,Mortar,"dimensional: abstained (product_name is text, not a physical quantity) ; constraint: abstained (no constraint in generic mentions product_name) ; identity: 1.00 (product_name 'Mortar' appears verbatim in the source) ; vocabulary: abstained (product_name is text, not a controlled term)"
38-E,ATTRIBUTE_LABEL 1,product_name,Product Name,,derived,yes,,,"dimensional: abstained (product_name is text, not a physical quantity) ; constraint: abstained (no constraint in generic mentions product_name) ; identity: 1.00 (product_name 'Mortar' appears verbatim in the source) ; vocabulary: abstained (product_name is text, not a controlled term)"
38-E,ATTRIBUTE_VALUE 1,product_name,Mortar,,extracted,no,,Mortar,"dimensional: abstained (product_name is text, not a physical quantity) ; constraint: abstained (no constraint in generic mentions product_name) ; identity: 1.00 (product_name 'Mortar' appears verbatim in the source) ; vocabulary: abstained (product_name is text, not a controlled term)"
38-E,ATTRIBUTE_LABEL 2,brand,Brand,,derived,yes,,,"dimensional: abstained (brand is text, not a physical quantity) ; constraint: abstained (no constraint in generic mentions brand) ; identity: 1.00 (brand 'Dark Chocolate' appears verbatim in the source) ; vocabulary: abstained (brand is text, not a controlled term)"
38-E,ATTRIBUTE_VALUE 2,brand,Dark Chocolate,,extracted,no,,Dark Chocolate,"dimensional: abstained (brand is text, not a physical quantity) ; constraint: abstained (no constraint in generic mentions brand) ; identity: 1.00 (brand 'Dark Chocolate' appears verbatim in the source) ; vocabulary: abstained (brand is text, not a controlled term)"
38-E,ATTRIBUTE_LABEL 3,material,Material,,derived,yes,,,"dimensional: abstained (material is text, not a physical quantity) ; constraint: abstained (no constraint in generic mentions material) ; identity: abstained (material is not an identity claim) ; vocabulary: abstained (material is text, not a controlled term)"
38-E,ATTRIBUTE_VALUE 3,material,38-E,,extracted,no,,38-E,"dimensional: abstained (material is text, not a physical quantity) ; constraint: abstained (no constraint in generic mentions material) ; identity: abstained (material is not an identity claim) ; vocabulary: abstained (material is text, not a controlled term)"
38-E,ATTRIBUTE_LABEL 4,color,Color,,derived,yes,,,"dimensional: abstained (color is text, not a physical quantity) ; constraint: abstained (no constraint in generic mentions color) ; identity: abstained (color is not an identity claim) ; vocabulary: abstained (color is text, not a controlled term)"
38-E,ATTRIBUTE_VALUE 4,color,N,,extracted,no,,N,"dimensional: abstained (color is text, not a physical quantity) ; constraint: abstained (no constraint in generic mentions color) ; identity: abstained (color is not an identity claim) ; vocabulary: abstained (color is text, not a controlled term)"
38-E,ATTRIBUTE_LABEL 5,size,Size,,derived,yes,,,
38-E,ATTRIBUTE_LABEL 6,quantity,Quantity,,derived,yes,,,
38-E,UNSPSC,,30111600,,routed,yes,,Mortar | Type | Chocolate | Type N,
59-J,Dept,,Building Materials,,routed,yes,,Mortar | Type | Buff | Type N,
59-J,Class,,Concrete & Masonry,,routed,yes,,Mortar | Type | Buff | Type N,
59-J,Fine,,Mortar & Grout,,routed,yes,,Mortar | Type | Buff | Type N,
59-J,Mfg_Part_Num,,59-J,,passthrough,yes,,,
59-J,Part_Desc,,Light Buff 59-J Mortar - Type N,,passthrough,yes,,,
59-J,E1_Brand,,-- Unbranded --,,passthrough,yes,,,
59-J,Unilog_Brand,,-- No Unilog Brand --,,passthrough,yes,,,
59-J,DIB_Brand,,-- No DIB Brand --,,passthrough,yes,,,
59-J,Part_Manuf,,Rees Cast Stone Company (REECA),,passthrough,yes,,,
59-J,MANUFACTURER_NAME,,Rees Cast Stone Company,,passthrough,yes,,,
59-J,MANUFACTURER_PART_NUMBER,,59-J,,passthrough,yes,,,
59-J,Classpath,,"Building Materials>Concrete, Cement & Masonry>Mortar",,routed,yes,,Mortar | Type | Buff | Type N,
59-J,MOBILE_DESC,,"Rees Cast Stone Company, Light Buff 59-J Mortar, 59-J",,composed,yes,,Light Buff 59-J Mortar,
59-J,INVOICE_DESC,,LIGHT BUFF 59-J MORTAR,,composed,yes,,Light Buff 59-J Mortar,
59-J,SHORT_DESC,,59-J Light Buff 59-J Mortar,,composed,yes,,Light Buff 59-J Mortar,
59-J,LONG_DESC1,,Light Buff 59-J Mortar,,composed,yes,,Light Buff 59-J Mortar,
59-J,RETAIL_DESC,,Light Buff 59-J Mortar,,composed,yes,,Light Buff 59-J Mortar,
59-J,Product Name,product_name,Light Buff 59-j Mortar,,derived,yes,,Light Buff 59-J Mortar,"dimensional: abstained (product_name is text, not a physical quantity) ; constraint: abstained (no constraint in generic mentions product_name) ; identity: 1.00 (product_name 'Light Buff 59-J Mortar' appears verbatim in the source) ; vocabulary: abstained (product_name is text, not a controlled term)"
59-J,ATTRIBUTE_LABEL 1,product_name,Product Name,,derived,yes,,,"dimensional: abstained (product_name is text, not a physical quantity) ; constraint: abstained (no constraint in generic mentions product_name) ; identity: 1.00 (product_name 'Light Buff 59-J Mortar' appears verbatim in the source) ; vocabulary: abstained (product_name is text, not a controlled term)"
59-J,ATTRIBUTE_VALUE 1,product_name,Light Buff 59-J Mortar,,extracted,no,,Light Buff 59-J Mortar,"dimensional: abstained (product_name is text, not a physical quantity) ; constraint: abstained (no constraint in generic mentions product_name) ; identity: 1.00 (product_name 'Light Buff 59-J Mortar' appears verbatim in the source) ; vocabulary: abstained (product_name is text, not a controlled term)"
59-J,ATTRIBUTE_LABEL 2,brand,Brand,,derived,yes,,,
59-J,ATTRIBUTE_LABEL 3,material,Material,,derived,yes,,,
59-J,ATTRIBUTE_LABEL 4,color,Color,,derived,yes,,,
59-J,ATTRIBUTE_LABEL 5,size,Size,,derived,yes,,,
59-J,ATTRIBUTE_LABEL 6,quantity,Quantity,,derived,yes,,,
59-J,UNSPSC,,30111600,,routed,yes,,Mortar | Type | Buff | Type N,
44-A,Dept,,Building Materials,,routed,yes,,Mortar | Type | Chocolate | Type N,
44-A,Class,,Concrete & Masonry,,routed,yes,,Mortar | Type | Chocolate | Type N,
44-A,Fine,,Mortar & Grout,,routed,yes,,Mortar | Type | Chocolate | Type N,
44-A,Mfg_Part_Num,,44-A,,passthrough,yes,,,
44-A,Part_Desc,,Light Chocolate 44-A Mortar - Type N,,passthrough,yes,,,
44-A,E1_Brand,,-- Unbranded --,,passthrough,yes,,,
44-A,Unilog_Brand,,-- No Unilog Brand --,,passthrough,yes,,,
44-A,DIB_Brand,,-- No DIB Brand --,,passthrough,yes,,,
44-A,Part_Manuf,,Rees Cast Stone Company (REECA),,passthrough,yes,,,
44-A,MANUFACTURER_NAME,,Rees Cast Stone Company,,passthrough,yes,,,
44-A,BRAND_NAME,,Light Chocolate,,passthrough,yes,,,
44-A,MANUFACTURER_PART_NUMBER,,44-A,,passthrough,yes,,,
44-A,Classpath,,"Building Materials>Concrete, Cement & Masonry>Mortar",,routed,yes,,Mortar | Type | Chocolate | Type N,
44-A,MOBILE_DESC,,"Rees Cast Stone Company Light Chocolate, Mortar, 44-A, 44-A, N",,composed,yes,,Mortar | 44-A | N,
44-A,INVOICE_DESC,,MORTAR 44-A N,,composed,yes,,Mortar | 44-A | N,
44-A,SHORT_DESC,,"Light Chocolate 44-A Mortar, 44-A, N",,composed,yes,,Mortar | 44-A | N,
44-A,LONG_DESC1,,"Light Chocolate Mortar, 44-A, N",,composed,yes,,Mortar | 44-A | N,
44-A,RETAIL_DESC,,"Mortar, 44-A, N",,composed,yes,,Mortar | 44-A | N,
44-A,Product Name,product_name,Mortar,,derived,yes,,Mortar,"dimensional: abstained (product_name is text, not a physical quantity) ; constraint: abstained (no constraint in generic mentions product_name) ; identity: 1.00 (product_name 'Mortar' appears verbatim in the source) ; vocabulary: abstained (product_name is text, not a controlled term)"
44-A,ATTRIBUTE_LABEL 1,product_name,Product Name,,derived,yes,,,"dimensional: abstained (product_name is text, not a physical quantity) ; constraint: abstained (no constraint in generic mentions product_name) ; identity: 1.00 (product_name 'Mortar' appears verbatim in the source) ; vocabulary: abstained (product_name is text, not a controlled term)"
44-A,ATTRIBUTE_VALUE 1,product_name,Mortar,,extracted,no,,Mortar,"dimensional: abstained (product_name is text, not a physical quantity) ; constraint: abstained (no constraint in generic mentions product_name) ; identity: 1.00 (product_name 'Mortar' appears verbatim in the source) ; vocabulary: abstained (product_name is text, not a controlled term)"
44-A,ATTRIBUTE_LABEL 2,brand,Brand,,derived,yes,,,"dimensional: abstained (brand is text, not a physical quantity) ; constraint: abstained (no constraint in generic mentions brand) ; identity: 1.00 (brand 'Light Chocolate' appears verbatim in the source) ; vocabulary: abstained (brand is text, not a controlled term)"
44-A,ATTRIBUTE_VALUE 2,brand,Light Chocolate,,extracted,no,,Light Chocolate,"dimensional: abstained (brand is text, not a physical quantity) ; constraint: abstained (no constraint in generic mentions brand) ; identity: 1.00 (brand 'Light Chocolate' appears verbatim in the source) ; vocabulary: abstained (brand is text, not a controlled term)"
44-A,ATTRIBUTE_LABEL 3,material,Material,,derived,yes,,,"dimensional: abstained (material is text, not a physical quantity) ; constraint: abstained (no constraint in generic mentions material) ; identity: abstained (material is not an identity claim) ; vocabulary: abstained (material is text, not a controlled term)"
44-A,ATTRIBUTE_VALUE 3,material,44-A,,extracted,no,,44-A,"dimensional: abstained (material is text, not a physical quantity) ; constraint: abstained (no constraint in generic mentions material) ; identity: abstained (material is not an identity claim) ; vocabulary: abstained (material is text, not a controlled term)"
44-A,ATTRIBUTE_LABEL 4,color,Color,,derived,yes,,,"dimensional: abstained (color is text, not a physical quantity) ; constraint: abstained (no constraint in generic mentions color) ; identity: abstained (color is not an identity claim) ; vocabulary: abstained (color is text, not a controlled term)"
44-A,ATTRIBUTE_VALUE 4,color,N,,extracted,no,,N,"dimensional: abstained (color is text, not a physical quantity) ; constraint: abstained (no constraint in generic mentions color) ; identity: abstained (color is not an identity claim) ; vocabulary: abstained (color is text, not a controlled term)"
44-A,ATTRIBUTE_LABEL 5,size,Size,,derived,yes,,,
44-A,ATTRIBUTE_LABEL 6,quantity,Quantity,,derived,yes,,,
44-A,UNSPSC,,30111600,,routed,yes,,Mortar | Type | Chocolate | Type N,
543302126,Dept,,Building Materials,,routed,yes,,Balusters | Rail | Horiz | Kit | T-Rail,
543302126,Class,,Decking & Railing,,routed,yes,,Balusters | Rail | Horiz | Kit | T-Rail,
543302126,Fine,,Railing Systems & Components,,routed,yes,,Balusters | Rail | Horiz | Kit | T-Rail,
543302126,Mfg_Part_Num,,543302126,,passthrough,yes,,,
543302126,Part_Desc,,6' Wh Select T-Rail Kit Horiz - w/Sq Composite Balusters,,passthrough,yes,,,
543302126,E1_Brand,,TREX,,passthrough,yes,,,
543302126,Unilog_Brand,,-- No Unilog Brand --,,passthrough,yes,,,
543302126,DIB_Brand,,-- No DIB Brand --,,passthrough,yes,,,
543302126,Part_Manuf,,U S Lumber (3073),,passthrough,yes,,,
543302126,MANUFACTURER_NAME,,U S Lumber,,passthrough,yes,,,
543302126,BRAND_NAME,,TREX,,passthrough,yes,,,
543302126,MANUFACTURER_PART_NUMBER,,543302126,,passthrough,yes,,,
543302126,Classpath,,Building Materials>Decking & Porch>Railing,,routed,yes,,Balusters | Rail | Horiz | Kit | T-Rail,
543302126,MOBILE_DESC,,"U S Lumber TREX, T-Rail, 543302126, composite, kit Assembly",,composed,yes,,Composite | Kit,
543302126,INVOICE_DESC,,T-RAIL COMP KIT,,composed,yes,,Composite | Kit,
543302126,SHORT_DESC,,"TREX 543302126 T-Rail, composite, kit Assembly",,composed,yes,,Composite | Kit,
543302126,LONG_DESC1,,"TREX T-Rail, composite, kit Assembly",,composed,yes,,Composite | Kit,
543302126,RETAIL_DESC,,"T-Rail, composite, kit Assembly",,composed,yes,,Composite | Kit,
543302126,Product Name,component_type,T-Rail,,derived,yes,,T-Rail,"dimensional: abstained (component_type is nominal, not a physical quantity) ; constraint: abstained (no constraint in decking.railing mentions component_type) ; identity: abstained (component_type is not an identity claim) ; vocabulary: 0.00 ('T-Rail' is not a term component_type accepts. This category allows 'rail section', 'rail kit', 'rail panel', 'support post', 'post sleeve', 'post cap' (+3 more). A plausible-sounding value outside the vocabulary is exactly the failure a confidence score does not catch.)"
543302126,ATTRIBUTE_LABEL 1,component_type,Product Name,,derived,yes,,,"dimensional: abstained (component_type is nominal, not a physical quantity) ; constraint: abstained (no constraint in decking.railing mentions component_type) ; identity: abstained (component_type is not an identity claim) ; vocabulary: 0.00 ('T-Rail' is not a term component_type accepts. This category allows 'rail section', 'rail kit', 'rail panel', 'support post', 'post sleeve', 'post cap' (+3 more). A plausible-sounding value outside the vocabulary is exactly the failure a confidence score does not catch.)"
543302126,ATTRIBUTE_VALUE 1,component_type,T-Rail,,extracted,no,,T-Rail,"dimensional: abstained (component_type is nominal, not a physical quantity) ; constraint: abstained (no constraint in decking.railing mentions component_type) ; identity: abstained (component_type is not an identity claim) ; vocabulary: 0.00 ('T-Rail' is not a term component_type accepts. This category allows 'rail section', 'rail kit', 'rail panel', 'support post', 'post sleeve', 'post cap' (+3 more). A plausible-sounding value outside the vocabulary is exactly the failure a confidence score does not catch.)"
543302126,ATTRIBUTE_LABEL 2,length,Length,,derived,yes,,,
543302126,ATTRIBUTE_LABEL 3,height,Height,,derived,yes,,,
543302126,ATTRIBUTE_LABEL 4,material,Material,,derived,yes,,,"dimensional: abstained (material is nominal, not a physical quantity) ; constraint: abstained (no constraint in decking.railing mentions material) ; identity: abstained (material is not an identity claim) ; vocabulary: 1.00 ('composite' is a declared term for material)"
543302126,ATTRIBUTE_VALUE 4,material,composite,,extracted,no,,Composite,"dimensional: abstained (material is nominal, not a physical quantity) ; constraint: abstained (no constraint in decking.railing mentions material) ; identity: abstained (material is not an identity claim) ; vocabulary: 1.00 ('composite' is a declared term for material)"
543302126,ATTRIBUTE_LABEL 5,baluster_style,Baluster Style,,derived,yes,,,
543302126,ATTRIBUTE_LABEL 6,orientation,Orientation,,derived,yes,,,
543302126,ATTRIBUTE_LABEL 7,colour,Color,,derived,yes,,,
543302126,ATTRIBUTE_LABEL 8,assembly,Assembly,,derived,yes,,,"dimensional: abstained (assembly is nominal, not a physical quantity) ; constraint: abstained (no constraint in decking.railing mentions assembly) ; identity: abstained (assembly is not an identity claim) ; vocabulary: 1.00 ('kit' is a declared term for assembly)"
543302126,ATTRIBUTE_VALUE 8,assembly,kit,,extracted,no,,Kit,"dimensional: abstained (assembly is nominal, not a physical quantity) ; constraint: abstained (no constraint in decking.railing mentions assembly) ; identity: abstained (assembly is not an identity claim) ; vocabulary: 1.00 ('kit' is a declared term for assembly)"
543302126,UNSPSC,,30151800,,routed,yes,,Balusters | Rail | Horiz | Kit | T-Rail,
543302146,Dept,,Building Materials,,routed,yes,,Balusters | Rail | Horiz | Kit | T-Rail,
543302146,Class,,Decking & Railing,,routed,yes,,Balusters | Rail | Horiz | Kit | T-Rail,
543302146,Fine,,Railing Systems & Components,,routed,yes,,Balusters | Rail | Horiz | Kit | T-Rail,
543302146,Mfg_Part_Num,,543302146,,passthrough,yes,,,
543302146,Part_Desc,,8' Wh Select T-Rail Kit Horiz - w/Sq Composite Balusters,,passthrough,yes,,,
543302146,E1_Brand,,TREX,,passthrough,yes,,,
543302146,Unilog_Brand,,-- No Unilog Brand --,,passthrough,yes,,,
543302146,DIB_Brand,,-- No DIB Brand --,,passthrough,yes,,,
543302146,Part_Manuf,,U S Lumber (3073),,passthrough,yes,,,
543302146,MANUFACTURER_NAME,,U S Lumber,,passthrough,yes,,,
543302146,BRAND_NAME,,TREX,,passthrough,yes,,,
543302146,MANUFACTURER_PART_NUMBER,,543302146,,passthrough,yes,,,
543302146,Classpath,,Building Materials>Decking & Porch>Railing,,routed,yes,,Balusters | Rail | Horiz | Kit | T-Rail,
543302146,MOBILE_DESC,,"U S Lumber TREX, T-Rail, 543302146, composite, kit Assembly",,composed,yes,,Composite | Kit,
543302146,INVOICE_DESC,,T-RAIL COMP KIT,,composed,yes,,Composite | Kit,
543302146,SHORT_DESC,,"TREX 543302146 T-Rail, composite, kit Assembly",,composed,yes,,Composite | Kit,
543302146,LONG_DESC1,,"TREX T-Rail, composite, kit Assembly",,composed,yes,,Composite | Kit,
543302146,RETAIL_DESC,,"T-Rail, composite, kit Assembly",,composed,yes,,Composite | Kit,
543302146,Product Name,component_type,T-Rail,,derived,yes,,T-Rail,"dimensional: abstained (component_type is nominal, not a physical quantity) ; constraint: abstained (no constraint in decking.railing mentions component_type) ; identity: abstained (component_type is not an identity claim) ; vocabulary: 0.00 ('T-Rail' is not a term component_type accepts. This category allows 'rail section', 'rail kit', 'rail panel', 'support post', 'post sleeve', 'post cap' (+3 more). A plausible-sounding value outside the vocabulary is exactly the failure a confidence score does not catch.)"
543302146,ATTRIBUTE_LABEL 1,component_type,Product Name,,derived,yes,,,"dimensional: abstained (component_type is nominal, not a physical quantity) ; constraint: abstained (no constraint in decking.railing mentions component_type) ; identity: abstained (component_type is not an identity claim) ; vocabulary: 0.00 ('T-Rail' is not a term component_type accepts. This category allows 'rail section', 'rail kit', 'rail panel', 'support post', 'post sleeve', 'post cap' (+3 more). A plausible-sounding value outside the vocabulary is exactly the failure a confidence score does not catch.)"
543302146,ATTRIBUTE_VALUE 1,component_type,T-Rail,,extracted,no,,T-Rail,"dimensional: abstained (component_type is nominal, not a physical quantity) ; constraint: abstained (no constraint in decking.railing mentions component_type) ; identity: abstained (component_type is not an identity claim) ; vocabulary: 0.00 ('T-Rail' is not a term component_type accepts. This category allows 'rail section', 'rail kit', 'rail panel', 'support post', 'post sleeve', 'post cap' (+3 more). A plausible-sounding value outside the vocabulary is exactly the failure a confidence score does not catch.)"
543302146,ATTRIBUTE_LABEL 2,length,Length,,derived,yes,,,
543302146,ATTRIBUTE_LABEL 3,height,Height,,derived,yes,,,
543302146,ATTRIBUTE_LABEL 4,material,Material,,derived,yes,,,"dimensional: abstained (material is nominal, not a physical quantity) ; constraint: abstained (no constraint in decking.railing mentions material) ; identity: abstained (material is not an identity claim) ; vocabulary: 1.00 ('composite' is a declared term for material)"
543302146,ATTRIBUTE_VALUE 4,material,composite,,extracted,no,,Composite,"dimensional: abstained (material is nominal, not a physical quantity) ; constraint: abstained (no constraint in decking.railing mentions material) ; identity: abstained (material is not an identity claim) ; vocabulary: 1.00 ('composite' is a declared term for material)"
543302146,ATTRIBUTE_LABEL 5,baluster_style,Baluster Style,,derived,yes,,,
543302146,ATTRIBUTE_LABEL 6,orientation,Orientation,,derived,yes,,,
543302146,ATTRIBUTE_LABEL 7,colour,Color,,derived,yes,,,
543302146,ATTRIBUTE_LABEL 8,assembly,Assembly,,derived,yes,,,"dimensional: abstained (assembly is nominal, not a physical quantity) ; constraint: abstained (no constraint in decking.railing mentions assembly) ; identity: abstained (assembly is not an identity claim) ; vocabulary: 1.00 ('kit' is a declared term for assembly)"
543302146,ATTRIBUTE_VALUE 8,assembly,kit,,extracted,no,,Kit,"dimensional: abstained (assembly is nominal, not a physical quantity) ; constraint: abstained (no constraint in decking.railing mentions assembly) ; identity: abstained (assembly is not an identity claim) ; vocabulary: 1.00 ('kit' is a declared term for assembly)"
543302146,UNSPSC,,30151800,,routed,yes,,Balusters | Rail | Horiz | Kit | T-Rail,
73019603,Dept,,Building Materials,,routed,yes,,Rail | Kit | Finyline,
73019603,Class,,Decking & Railing,,routed,yes,,Rail | Kit | Finyline,
73019603,Fine,,Railing Systems & Components,,routed,yes,,Rail | Kit | Finyline,
73019603,Mfg_Part_Num,,73019603,,passthrough,yes,,,
73019603,Part_Desc,,Finyline Wh 6' Fl Rail Kit Sq,,passthrough,yes,,,
73019603,E1_Brand,,-- Unbranded --,,passthrough,yes,,,
73019603,Unilog_Brand,,-- No Unilog Brand --,,passthrough,yes,,,
73019603,DIB_Brand,,-- No DIB Brand --,,passthrough,yes,,,
73019603,Part_Manuf,,-,,passthrough,yes,,,
73019603,MANUFACTURER_PART_NUMBER,,73019603,,passthrough,yes,,,
73019603,Classpath,,Building Materials>Decking & Porch>Railing,,routed,yes,,Rail | Kit | Finyline,
73019603,MOBILE_DESC,,"Railing System, 73019603, 36 in Height, Wh, square Baluster Style",,composed,yes,,in | Wh | Sq,
73019603,INVOICE_DESC,,RAILING SYSTEM 36IN WH SQUARE FL KIT,,composed,yes,,in | Wh | Sq | Fl | Kit,
73019603,SHORT_DESC,,"73019603 Railing System, 36 in Height, Wh, square Baluster Style, Fl Orientation, kit Assembly",,composed,yes,,in | Wh | Sq | Fl | Kit,
73019603,LONG_DESC1,,"Railing System, 36 in Height, Wh, square Baluster Style, Fl Orientation, kit Assembly",,composed,yes,,in | Wh | Sq | Fl | Kit,
73019603,RETAIL_DESC,,"Railing System, 36 in Height, Wh, square Baluster Style, Fl Orientation, kit Assembly",,composed,yes,,in | Wh | Sq | Fl | Kit,
73019603,ITEM_FEATURES_1,,36 in,,composed,yes,,in,
73019603,ATTRIBUTE_LABEL 1,component_type,Product Name,,derived,yes,,,
73019603,ATTRIBUTE_LABEL 2,length,Length,,derived,yes,,,
73019603,ATTRIBUTE_LABEL 3,height,Height,,derived,yes,,,"dimensional: 1.00 (36 inch is dimensionally valid for height (length)) ; constraint: 0.70 (1 of 2 constraint(s) on height held; 1 could not be evaluated for lack of co-referenced values) ; identity: abstained (height is not an identity claim) ; vocabulary: abstained (height is quantity, not a controlled term)"
73019603,ATTRIBUTE_VALUE 3,height,36,,extracted,no,,in,"dimensional: 1.00 (36 inch is dimensionally valid for height (length)) ; constraint: 0.70 (1 of 2 constraint(s) on height held; 1 could not be evaluated for lack of co-referenced values) ; identity: abstained (height is not an identity claim) ; vocabulary: abstained (height is quantity, not a controlled term)"
73019603,ATTRIBUTE_UOM 3,height,in,,derived,no,,,"dimensional: 1.00 (36 inch is dimensionally valid for height (length)) ; constraint: 0.70 (1 of 2 constraint(s) on height held; 1 could not be evaluated for lack of co-referenced values) ; identity: abstained (height is not an identity claim) ; vocabulary: abstained (height is quantity, not a controlled term)"
73019603,ATTRIBUTE_LABEL 4,material,Material,,derived,yes,,,"dimensional: abstained (material is nominal, not a physical quantity) ; constraint: abstained (no constraint in decking.railing mentions material) ; identity: abstained (material is not an identity claim) ; vocabulary: 0.00 ('Wh' is not a term material accepts. This category allows 'aluminum', 'composite', 'PVC', 'steel', 'wood'. A plausible-sounding value outside the vocabulary is exactly the failure a confidence score does not catch.)"
73019603,ATTRIBUTE_VALUE 4,material,Wh,,extracted,no,,Wh,"dimensional: abstained (material is nominal, not a physical quantity) ; constraint: abstained (no constraint in decking.railing mentions material) ; identity: abstained (material is not an identity claim) ; vocabulary: 0.00 ('Wh' is not a term material accepts. This category allows 'aluminum', 'composite', 'PVC', 'steel', 'wood'. A plausible-sounding value outside the vocabulary is exactly the failure a confidence score does not catch.)"
73019603,ATTRIBUTE_LABEL 5,baluster_style,Baluster Style,,derived,yes,,,"dimensional: abstained (baluster_style is nominal, not a physical quantity) ; constraint: abstained (no constraint in decking.railing mentions baluster_style) ; identity: abstained (baluster_style is not an identity claim) ; vocabulary: 1.00 ('square' is a declared term for baluster_style)"
73019603,ATTRIBUTE_VALUE 5,baluster_style,square,,extracted,no,,Sq,"dimensional: abstained (baluster_style is nominal, not a physical quantity) ; constraint: abstained (no constraint in decking.railing mentions baluster_style) ; identity: abstained (baluster_style is not an identity claim) ; vocabulary: 1.00 ('square' is a declared term for baluster_style)"
73019603,ATTRIBUTE_LABEL 6,orientation,Orientation,,derived,yes,,,"dimensional: abstained (orientation is nominal, not a physical quantity) ; constraint: abstained (no constraint in decking.railing mentions orientation) ; identity: abstained (orientation is not an identity claim) ; vocabulary: 0.00 ('Fl' is not a term orientation accepts. This category allows 'horizontal', 'stair'. A plausible-sounding value outside the vocabulary is exactly the failure a confidence score does not catch.)"
73019603,ATTRIBUTE_VALUE 6,orientation,Fl,,extracted,no,,Fl,"dimensional: abstained (orientation is nominal, not a physical quantity) ; constraint: abstained (no constraint in decking.railing mentions orientation) ; identity: abstained (orientation is not an identity claim) ; vocabulary: 0.00 ('Fl' is not a term orientation accepts. This category allows 'horizontal', 'stair'. A plausible-sounding value outside the vocabulary is exactly the failure a confidence score does not catch.)"
73019603,ATTRIBUTE_LABEL 7,colour,Color,,derived,yes,,,
73019603,ATTRIBUTE_LABEL 8,assembly,Assembly,,derived,yes,,,"dimensional: abstained (assembly is nominal, not a physical quantity) ; constraint: abstained (no constraint in decking.railing mentions assembly) ; identity: abstained (assembly is not an identity claim) ; vocabulary: 1.00 ('kit' is a declared term for assembly)"
73019603,ATTRIBUTE_VALUE 8,assembly,kit,,extracted,no,,Kit,"dimensional: abstained (assembly is nominal, not a physical quantity) ; constraint: abstained (no constraint in decking.railing mentions assembly) ; identity: abstained (assembly is not an identity claim) ; vocabulary: 1.00 ('kit' is a declared term for assembly)"
73019603,UNSPSC,,30151800,,routed,yes,,Rail | Kit | Finyline,
73019603,HEIGHT,height,36,,derived,yes,,in,"dimensional: 1.00 (36 inch is dimensionally valid for height (length)) ; constraint: 0.70 (1 of 2 constraint(s) on height held; 1 could not be evaluated for lack of co-referenced values) ; identity: abstained (height is not an identity claim) ; vocabulary: abstained (height is quantity, not a controlled term)"
73019603,HEIGHT_UOM,height,in,,derived,yes,,,"dimensional: 1.00 (36 inch is dimensionally valid for height (length)) ; constraint: 0.70 (1 of 2 constraint(s) on height held; 1 could not be evaluated for lack of co-referenced values) ; identity: abstained (height is not an identity claim) ; vocabulary: abstained (height is quantity, not a controlled term)"
73019652,Dept,,Building Materials,,routed,yes,,Rail | Kit | Finyline,
73019652,Class,,Decking & Railing,,routed,yes,,Rail | Kit | Finyline,
73019652,Fine,,Railing Systems & Components,,routed,yes,,Rail | Kit | Finyline,
73019652,Mfg_Part_Num,,73019652,,passthrough,yes,,,
73019652,Part_Desc,,Finyline Wh 8' Fl Rail Kit Sq,,passthrough,yes,,,
73019652,E1_Brand,,-- Unbranded --,,passthrough,yes,,,
73019652,Unilog_Brand,,-- No Unilog Brand --,,passthrough,yes,,,
73019652,DIB_Brand,,-- No DIB Brand --,,passthrough,yes,,,
73019652,Part_Manuf,,-,,passthrough,yes,,,
73019652,MANUFACTURER_PART_NUMBER,,73019652,,passthrough,yes,,,
73019652,Classpath,,Building Materials>Decking & Porch>Railing,,routed,yes,,Rail | Kit | Finyline,
73019652,MOBILE_DESC,,"Rail Kit, 73019652, 42 in Height, Fl Orientation, Wh Assembly",,composed,yes,,in | Fl | Wh,
73019652,INVOICE_DESC,,RAIL KIT 42IN FL WH,,composed,yes,,in | Fl | Wh,
73019652,SHORT_DESC,,"73019652 Rail Kit, 42 in Height, Fl Orientation, Wh Assembly",,composed,yes,,in | Fl | Wh,
73019652,LONG_DESC1,,"Rail Kit, 42 in Height, Fl Orientation, Wh Assembly",,composed,yes,,in | Fl | Wh,
73019652,RETAIL_DESC,,"Rail Kit, 42 in Height, Fl Orientation, Wh Assembly",,composed,yes,,in | Fl | Wh,
73019652,ITEM_FEATURES_1,,42 in,,composed,yes,,in,
73019652,Product Name,component_type,Rail Kit,,derived,yes,,Rail Kit,"dimensional: abstained (component_type is nominal, not a physical quantity) ; constraint: abstained (no constraint in decking.railing mentions component_type) ; identity: abstained (component_type is not an identity claim) ; vocabulary: 1.00 ('rail kit' is a declared term for component_type)"
73019652,ATTRIBUTE_LABEL 1,component_type,Product Name,,derived,yes,,,"dimensional: abstained (component_type is nominal, not a physical quantity) ; constraint: abstained (no constraint in decking.railing mentions component_type) ; identity: abstained (component_type is not an identity claim) ; vocabulary: 1.00 ('rail kit' is a declared term for component_type)"
73019652,ATTRIBUTE_VALUE 1,component_type,rail kit,,extracted,no,,Rail Kit,"dimensional: abstained (component_type is nominal, not a physical quantity) ; constraint: abstained (no constraint in decking.railing mentions component_type) ; identity: abstained (component_type is not an identity claim) ; vocabulary: 1.00 ('rail kit' is a declared term for component_type)"
73019652,ATTRIBUTE_LABEL 2,length,Length,,derived,yes,,,
73019652,ATTRIBUTE_LABEL 3,height,Height,,derived,yes,,,"dimensional: 1.00 (42 inch is dimensionally valid for height (length)) ; constraint: 0.70 (1 of 2 constraint(s) on height held; 1 could not be evaluated for lack of co-referenced values) ; identity: abstained (height is not an identity claim) ; vocabulary: abstained (height is quantity, not a controlled term)"
73019652,ATTRIBUTE_VALUE 3,height,42,,extracted,no,,in,"dimensional: 1.00 (42 inch is dimensionally valid for height (length)) ; constraint: 0.70 (1 of 2 constraint(s) on height held; 1 could not be evaluated for lack of co-referenced values) ; identity: abstained (height is not an identity claim) ; vocabulary: abstained (height is quantity, not a controlled term)"
73019652,ATTRIBUTE_UOM 3,height,in,,derived,no,,,"dimensional: 1.00 (42 inch is dimensionally valid for height (length)) ; constraint: 0.70 (1 of 2 constraint(s) on height held; 1 could not be evaluated for lack of co-referenced values) ; identity: abstained (height is not an identity claim) ; vocabulary: abstained (height is quantity, not a controlled term)"
73019652,ATTRIBUTE_LABEL 4,material,Material,,derived,yes,,,
73019652,ATTRIBUTE_LABEL 5,baluster_style,Baluster Style,,derived,yes,,,
73019652,ATTRIBUTE_LABEL 6,orientation,Orientation,,derived,yes,,,"dimensional: abstained (orientation is nominal, not a physical quantity) ; constraint: abstained (no constraint in decking.railing mentions orientation) ; identity: abstained (orientation is not an identity claim) ; vocabulary: 0.00 ('Fl' is not a term orientation accepts. This category allows 'horizontal', 'stair'. A plausible-sounding value outside the vocabulary is exactly the failure a confidence score does not catch.)"
73019652,ATTRIBUTE_VALUE 6,orientation,Fl,,extracted,no,,Fl,"dimensional: abstained (orientation is nominal, not a physical quantity) ; constraint: abstained (no constraint in decking.railing mentions orientation) ; identity: abstained (orientation is not an identity claim) ; vocabulary: 0.00 ('Fl' is not a term orientation accepts. This category allows 'horizontal', 'stair'. A plausible-sounding value outside the vocabulary is exactly the failure a confidence score does not catch.)"
73019652,ATTRIBUTE_LABEL 7,colour,Color,,derived,yes,,,
73019652,ATTRIBUTE_LABEL 8,assembly,Assembly,,derived,yes,,,"dimensional: abstained (assembly is nominal, not a physical quantity) ; constraint: abstained (no constraint in decking.railing mentions assembly) ; identity: abstained (assembly is not an identity claim) ; vocabulary: 0.00 ('Wh' is not a term assembly accepts. This category allows 'assembled', 'kit'. A plausible-sounding value outside the vocabulary is exactly the failure a confidence score does not catch.)"
73019652,ATTRIBUTE_VALUE 8,assembly,Wh,,extracted,no,,Wh,"dimensional: abstained (assembly is nominal, not a physical quantity) ; constraint: abstained (no constraint in decking.railing mentions assembly) ; identity: abstained (assembly is not an identity claim) ; vocabulary: 0.00 ('Wh' is not a term assembly accepts. This category allows 'assembled', 'kit'. A plausible-sounding value outside the vocabulary is exactly the failure a confidence score does not catch.)"
73019652,UNSPSC,,30151800,,routed,yes,,Rail | Kit | Finyline,
73019652,HEIGHT,height,42,,derived,yes,,in,"dimensional: 1.00 (42 inch is dimensionally valid for height (length)) ; constraint: 0.70 (1 of 2 constraint(s) on height held; 1 could not be evaluated for lack of co-referenced values) ; identity: abstained (height is not an identity claim) ; vocabulary: abstained (height is quantity, not a controlled term)"
73019652,HEIGHT_UOM,height,in,,derived,yes,,,"dimensional: 1.00 (42 inch is dimensionally valid for height (length)) ; constraint: 0.70 (1 of 2 constraint(s) on height held; 1 could not be evaluated for lack of co-referenced values) ; identity: abstained (height is not an identity claim) ; vocabulary: abstained (height is quantity, not a controlled term)"
73019517,Dept,,Building Materials,,routed,yes,,Rail | Kit | Finyline,
73019517,Class,,Decking & Railing,,routed,yes,,Rail | Kit | Finyline,
73019517,Fine,,Railing Systems & Components,,routed,yes,,Rail | Kit | Finyline,
73019517,Mfg_Part_Num,,73019517,,passthrough,yes,,,
73019517,Part_Desc,,Finyline Wh 10' Fl Rail Kit Sq,,passthrough,yes,,,
73019517,E1_Brand,,-- Unbranded --,,passthrough,yes,,,
73019517,Unilog_Brand,,-- No Unilog Brand --,,passthrough,yes,,,
73019517,DIB_Brand,,-- No DIB Brand --,,passthrough,yes,,,
73019517,Part_Manuf,,-,,passthrough,yes,,,
73019517,MANUFACTURER_PART_NUMBER,,73019517,,passthrough,yes,,,
73019517,Classpath,,Building Materials>Decking & Porch>Railing,,routed,yes,,Rail | Kit | Finyline,
73019517,MOBILE_DESC,,"Railing System, 73019517, 36 in Height, Wh, square Baluster Style",,composed,yes,,in | Wh | Sq,
73019517,INVOICE_DESC,,RAILING SYSTEM 36IN WH SQUARE FL KIT,,composed,yes,,in | Wh | Sq | Fl | Kit,
73019517,SHORT_DESC,,"73019517 Railing System, 36 in Height, Wh, square Baluster Style, Fl Orientation, kit Assembly",,composed,yes,,in | Wh | Sq | Fl | Kit,
73019517,LONG_DESC1,,"Railing System, 36 in Height, Wh, square Baluster Style, Fl Orientation, kit Assembly",,composed,yes,,in | Wh | Sq | Fl | Kit,
73019517,RETAIL_DESC,,"Railing System, 36 in Height, Wh, square Baluster Style, Fl Orientation, kit Assembly",,composed,yes,,in | Wh | Sq | Fl | Kit,
73019517,ITEM_FEATURES_1,,36 in,,composed,yes,,in,
73019517,ATTRIBUTE_LABEL 1,component_type,Product Name,,derived,yes,,,
73019517,ATTRIBUTE_LABEL 2,length,Length,,derived,yes,,,
73019517,ATTRIBUTE_LABEL 3,height,Height,,derived,yes,,,"dimensional: 1.00 (36 inch is dimensionally valid for height (length)) ; constraint: 0.70 (1 of 2 constraint(s) on height held; 1 could not be evaluated for lack of co-referenced values) ; identity: abstained (height is not an identity claim) ; vocabulary: abstained (height is quantity, not a controlled term)"
73019517,ATTRIBUTE_VALUE 3,height,36,,extracted,no,,in,"dimensional: 1.00 (36 inch is dimensionally valid for height (length)) ; constraint: 0.70 (1 of 2 constraint(s) on height held; 1 could not be evaluated for lack of co-referenced values) ; identity: abstained (height is not an identity claim) ; vocabulary: abstained (height is quantity, not a controlled term)"
73019517,ATTRIBUTE_UOM 3,height,in,,derived,no,,,"dimensional: 1.00 (36 inch is dimensionally valid for height (length)) ; constraint: 0.70 (1 of 2 constraint(s) on height held; 1 could not be evaluated for lack of co-referenced values) ; identity: abstained (height is not an identity claim) ; vocabulary: abstained (height is quantity, not a controlled term)"
73019517,ATTRIBUTE_LABEL 4,material,Material,,derived,yes,,,"dimensional: abstained (material is nominal, not a physical quantity) ; constraint: abstained (no constraint in decking.railing mentions material) ; identity: abstained (material is not an identity claim) ; vocabulary: 0.00 ('Wh' is not a term material accepts. This category allows 'aluminum', 'composite', 'PVC', 'steel', 'wood'. A plausible-sounding value outside the vocabulary is exactly the failure a confidence score does not catch.)"
73019517,ATTRIBUTE_VALUE 4,material,Wh,,extracted,no,,Wh,"dimensional: abstained (material is nominal, not a physical quantity) ; constraint: abstained (no constraint in decking.railing mentions material) ; identity: abstained (material is not an identity claim) ; vocabulary: 0.00 ('Wh' is not a term material accepts. This category allows 'aluminum', 'composite', 'PVC', 'steel', 'wood'. A plausible-sounding value outside the vocabulary is exactly the failure a confidence score does not catch.)"
73019517,ATTRIBUTE_LABEL 5,baluster_style,Baluster Style,,derived,yes,,,"dimensional: abstained (baluster_style is nominal, not a physical quantity) ; constraint: abstained (no constraint in decking.railing mentions baluster_style) ; identity: abstained (baluster_style is not an identity claim) ; vocabulary: 1.00 ('square' is a declared term for baluster_style)"
73019517,ATTRIBUTE_VALUE 5,baluster_style,square,,extracted,no,,Sq,"dimensional: abstained (baluster_style is nominal, not a physical quantity) ; constraint: abstained (no constraint in decking.railing mentions baluster_style) ; identity: abstained (baluster_style is not an identity claim) ; vocabulary: 1.00 ('square' is a declared term for baluster_style)"
73019517,ATTRIBUTE_LABEL 6,orientation,Orientation,,derived,yes,,,"dimensional: abstained (orientation is nominal, not a physical quantity) ; constraint: abstained (no constraint in decking.railing mentions orientation) ; identity: abstained (orientation is not an identity claim) ; vocabulary: 0.00 ('Fl' is not a term orientation accepts. This category allows 'horizontal', 'stair'. A plausible-sounding value outside the vocabulary is exactly the failure a confidence score does not catch.)"
73019517,ATTRIBUTE_VALUE 6,orientation,Fl,,extracted,no,,Fl,"dimensional: abstained (orientation is nominal, not a physical quantity) ; constraint: abstained (no constraint in decking.railing mentions orientation) ; identity: abstained (orientation is not an identity claim) ; vocabulary: 0.00 ('Fl' is not a term orientation accepts. This category allows 'horizontal', 'stair'. A plausible-sounding value outside the vocabulary is exactly the failure a confidence score does not catch.)"
73019517,ATTRIBUTE_LABEL 7,colour,Color,,derived,yes,,,
73019517,ATTRIBUTE_LABEL 8,assembly,Assembly,,derived,yes,,,"dimensional: abstained (assembly is nominal, not a physical quantity) ; constraint: abstained (no constraint in decking.railing mentions assembly) ; identity: abstained (assembly is not an identity claim) ; vocabulary: 1.00 ('kit' is a declared term for assembly)"
73019517,ATTRIBUTE_VALUE 8,assembly,kit,,extracted,no,,Kit,"dimensional: abstained (assembly is nominal, not a physical quantity) ; constraint: abstained (no constraint in decking.railing mentions assembly) ; identity: abstained (assembly is not an identity claim) ; vocabulary: 1.00 ('kit' is a declared term for assembly)"
73019517,UNSPSC,,30151800,,routed,yes,,Rail | Kit | Finyline,
73019517,HEIGHT,height,36,,derived,yes,,in,"dimensional: 1.00 (36 inch is dimensionally valid for height (length)) ; constraint: 0.70 (1 of 2 constraint(s) on height held; 1 could not be evaluated for lack of co-referenced values) ; identity: abstained (height is not an identity claim) ; vocabulary: abstained (height is quantity, not a controlled term)"
73019517,HEIGHT_UOM,height,in,,derived,yes,,,"dimensional: 1.00 (36 inch is dimensionally valid for height (length)) ; constraint: 0.70 (1 of 2 constraint(s) on height held; 1 could not be evaluated for lack of co-referenced values) ; identity: abstained (height is not an identity claim) ; vocabulary: abstained (height is quantity, not a controlled term)"
73019602,Dept,,Building Materials,,routed,yes,,Balusters | Rail | Kit | Alum | Finyline,
73019602,Class,,Decking & Railing,,routed,yes,,Balusters | Rail | Kit | Alum | Finyline,
73019602,Fine,,Railing Systems & Components,,routed,yes,,Balusters | Rail | Kit | Alum | Finyline,
73019602,Mfg_Part_Num,,73019602,,passthrough,yes,,,
73019602,Part_Desc,,Finyline Wh 6' Fl Rail Kit Rd - w/Black Alum Balusters,,passthrough,yes,,,
73019602,E1_Brand,,-- Unbranded --,,passthrough,yes,,,
73019602,Unilog_Brand,,-- No Unilog Brand --,,passthrough,yes,,,
73019602,DIB_Brand,,-- No DIB Brand --,,passthrough,yes,,,
73019602,Part_Manuf,,-,,passthrough,yes,,,
73019602,MANUFACTURER_PART_NUMBER,,73019602,,passthrough,yes,,,
73019602,Classpath,,Building Materials>Decking & Porch>Railing,,routed,yes,,Balusters | Rail | Kit | Alum | Finyline,
73019602,MOBILE_DESC,,"Rail Kit, 73019602, 36 in Height, aluminum, Fl Baluster Style",,composed,yes,,in | Alum | Fl,
73019602,INVOICE_DESC,,RAIL KIT 36IN ALUM FL RD BLK KIT,,composed,yes,,in | Alum | Fl | Rd | Black | Kit,
73019602,SHORT_DESC,,"73019602 Rail Kit, 36 in Height, aluminum, Fl Baluster Style, Rd Orientation, Black, kit Assembly",,composed,yes,,in | Alum | Fl | Rd | Black | Kit,
73019602,LONG_DESC1,,"Rail Kit, 36 in Height, aluminum, Fl Baluster Style, Rd Orientation, Black, kit Assembly",,composed,yes,,in | Alum | Fl | Rd | Black | Kit,
73019602,RETAIL_DESC,,"Rail Kit, 36 in Height, aluminum, Fl Baluster Style, Rd Orientation, Black, kit Assembly",,composed,yes,,in | Alum | Fl | Rd | Black | Kit,
73019602,ITEM_FEATURES_1,,36 in,,composed,yes,,in,
73019602,Product Name,component_type,Rail Kit,,derived,yes,,Rail Kit,"dimensional: abstained (component_type is nominal, not a physical quantity) ; constraint: abstained (no constraint in decking.railing mentions component_type) ; identity: abstained (component_type is not an identity claim) ; vocabulary: 1.00 ('rail kit' is a declared term for component_type)"
73019602,ATTRIBUTE_LABEL 1,component_type,Product Name,,derived,yes,,,"dimensional: abstained (component_type is nominal, not a physical quantity) ; constraint: abstained (no constraint in decking.railing mentions component_type) ; identity: abstained (component_type is not an identity claim) ; vocabulary: 1.00 ('rail kit' is a declared term for component_type)"
73019602,ATTRIBUTE_VALUE 1,component_type,rail kit,,extracted,no,,Rail Kit,"dimensional: abstained (component_type is nominal, not a physical quantity) ; constraint: abstained (no constraint in decking.railing mentions component_type) ; identity: abstained (component_type is not an identity claim) ; vocabulary: 1.00 ('rail kit' is a declared term for component_type)"
73019602,ATTRIBUTE_LABEL 2,length,Length,,derived,yes,,,
73019602,ATTRIBUTE_LABEL 3,height,Height,,derived,yes,,,"dimensional: 1.00 (36 inch is dimensionally valid for height (length)) ; constraint: 0.70 (1 of 2 constraint(s) on height held; 1 could not be evaluated for lack of co-referenced values) ; identity: abstained (height is not an identity claim) ; vocabulary: abstained (height is quantity, not a controlled term)"
73019602,ATTRIBUTE_VALUE 3,height,36,,extracted,no,,in,"dimensional: 1.00 (36 inch is dimensionally valid for height (length)) ; constraint: 0.70 (1 of 2 constraint(s) on height held; 1 could not be evaluated for lack of co-referenced values) ; identity: abstained (height is not an identity claim) ; vocabulary: abstained (height is quantity, not a controlled term)"
73019602,ATTRIBUTE_UOM 3,height,in,,derived,no,,,"dimensional: 1.00 (36 inch is dimensionally valid for height (length)) ; constraint: 0.70 (1 of 2 constraint(s) on height held; 1 could not be evaluated for lack of co-referenced values) ; identity: abstained (height is not an identity claim) ; vocabulary: abstained (height is quantity, not a controlled term)"
73019602,ATTRIBUTE_LABEL 4,material,Material,,derived,yes,,,"dimensional: abstained (material is nominal, not a physical quantity) ; constraint: abstained (no constraint in decking.railing mentions material) ; identity: abstained (material is not an identity claim) ; vocabulary: 1.00 ('aluminum' is a declared term for material)"
73019602,ATTRIBUTE_VALUE 4,material,aluminum,,extracted,no,,Alum,"dimensional: abstained (material is nominal, not a physical quantity) ; constraint: abstained (no constraint in decking.railing mentions material) ; identity: abstained (material is not an identity claim) ; vocabulary: 1.00 ('aluminum' is a declared term for material)"
73019602,ATTRIBUTE_LABEL 5,baluster_style,Baluster Style,,derived,yes,,,"dimensional: abstained (baluster_style is nominal, not a physical quantity) ; constraint: abstained (no constraint in decking.railing mentions baluster_style) ; identity: abstained (baluster_style is not an identity claim) ; vocabulary: 0.00 ('Fl' is not a term baluster_style accepts. This category allows 'round', 'square', 'glass', 'cable', 'none'. A plausible-sounding value outside the vocabulary is exactly the failure a confidence score does not catch.)"
73019602,ATTRIBUTE_VALUE 5,baluster_style,Fl,,extracted,no,,Fl,"dimensional: abstained (baluster_style is nominal, not a physical quantity) ; constraint: abstained (no constraint in decking.railing mentions baluster_style) ; identity: abstained (baluster_style is not an identity claim) ; vocabulary: 0.00 ('Fl' is not a term baluster_style accepts. This category allows 'round', 'square', 'glass', 'cable', 'none'. A plausible-sounding value outside the vocabulary is exactly the failure a confidence score does not catch.)"
73019602,ATTRIBUTE_LABEL 6,orientation,Orientation,,derived,yes,,,"dimensional: abstained (orientation is nominal, not a physical quantity) ; constraint: abstained (no constraint in decking.railing mentions orientation) ; identity: abstained (orientation is not an identity claim) ; vocabulary: 0.00 ('Rd' is not a term orientation accepts. This category allows 'horizontal', 'stair'. A plausible-sounding value outside the vocabulary is exactly the failure a confidence score does not catch.)"
73019602,ATTRIBUTE_VALUE 6,orientation,Rd,,extracted,no,,Rd,"dimensional: abstained (orientation is nominal, not a physical quantity) ; constraint: abstained (no constraint in decking.railing mentions orientation) ; identity: abstained (orientation is not an identity claim) ; vocabulary: 0.00 ('Rd' is not a term orientation accepts. This category allows 'horizontal', 'stair'. A plausible-sounding value outside the vocabulary is exactly the failure a confidence score does not catch.)"
73019602,ATTRIBUTE_LABEL 7,colour,Color,,derived,yes,,,"dimensional: abstained (colour is text, not a physical quantity) ; constraint: abstained (no constraint in decking.railing mentions colour) ; identity: abstained (colour is not an identity claim) ; vocabulary: abstained (colour is text, not a controlled term)"
73019602,ATTRIBUTE_VALUE 7,colour,Black,,extracted,no,,Black,"dimensional: abstained (colour is text, not a physical quantity) ; constraint: abstained (no constraint in decking.railing mentions colour) ; identity: abstained (colour is not an identity claim) ; vocabulary: abstained (colour is text, not a controlled term)"
73019602,ATTRIBUTE_LABEL 8,assembly,Assembly,,derived,yes,,,"dimensional: abstained (assembly is nominal, not a physical quantity) ; constraint: abstained (no constraint in decking.railing mentions assembly) ; identity: abstained (assembly is not an identity claim) ; vocabulary: 1.00 ('kit' is a declared term for assembly)"
73019602,ATTRIBUTE_VALUE 8,assembly,kit,,extracted,no,,Kit,"dimensional: abstained (assembly is nominal, not a physical quantity) ; constraint: abstained (no constraint in decking.railing mentions assembly) ; identity: abstained (assembly is not an identity claim) ; vocabulary: 1.00 ('kit' is a declared term for assembly)"
73019602,UNSPSC,,30151800,,routed,yes,,Balusters | Rail | Kit | Alum | Finyline,
73019602,HEIGHT,height,36,,derived,yes,,in,"dimensional: 1.00 (36 inch is dimensionally valid for height (length)) ; constraint: 0.70 (1 of 2 constraint(s) on height held; 1 could not be evaluated for lack of co-referenced values) ; identity: abstained (height is not an identity claim) ; vocabulary: abstained (height is quantity, not a controlled term)"
73019602,HEIGHT_UOM,height,in,,derived,yes,,,"dimensional: 1.00 (36 inch is dimensionally valid for height (length)) ; constraint: 0.70 (1 of 2 constraint(s) on height held; 1 could not be evaluated for lack of co-referenced values) ; identity: abstained (height is not an identity claim) ; vocabulary: abstained (height is quantity, not a controlled term)"
73019651,Dept,,Building Materials,,routed,yes,,Balusters | Rail | Kit | Alum | Finyline,
73019651,Class,,Decking & Railing,,routed,yes,,Balusters | Rail | Kit | Alum | Finyline,
73019651,Fine,,Railing Systems & Components,,routed,yes,,Balusters | Rail | Kit | Alum | Finyline,
73019651,Mfg_Part_Num,,73019651,,passthrough,yes,,,
73019651,Part_Desc,,Finyline Wh 8' Fl Rail Kit Rd - w/Black Alum Balusters,,passthrough,yes,,,
73019651,E1_Brand,,-- Unbranded --,,passthrough,yes,,,
73019651,Unilog_Brand,,-- No Unilog Brand --,,passthrough,yes,,,
73019651,DIB_Brand,,-- No DIB Brand --,,passthrough,yes,,,
73019651,Part_Manuf,,-,,passthrough,yes,,,
73019651,MANUFACTURER_PART_NUMBER,,73019651,,passthrough,yes,,,
73019651,Classpath,,Building Materials>Decking & Porch>Railing,,routed,yes,,Balusters | Rail | Kit | Alum | Finyline,
73019651,MOBILE_DESC,,"Rail Kit, 73019651, 42 in Height, aluminum, Black Baluster Style",,composed,yes,,in | Alum | Black,
73019651,INVOICE_DESC,,RAIL KIT 42IN ALUM BLK FL BLK,,composed,yes,,in | Alum | Black | Fl,
73019651,SHORT_DESC,,"73019651 Rail Kit, 42 in Height, aluminum, Black Baluster Style, Fl Orientation, Black, w/Black Alum Balusters Assembly",,composed,yes,,in | Alum | Black | Fl | w/Black Alum Balusters,
73019651,LONG_DESC1,,"Rail Kit, 42 in Height, aluminum, Black Baluster Style, Fl Orientation, Black, w/Black Alum Balusters Assembly",,composed,yes,,in | Alum | Black | Fl | w/Black Alum Balusters,
73019651,RETAIL_DESC,,"Rail Kit, 42 in Height, aluminum, Black Baluster Style, Fl Orientation, Black, w/Black Alum Balusters Assembly",,composed,yes,,in | Alum | Black | Fl | w/Black Alum Balusters,
73019651,ITEM_FEATURES_1,,42 in,,composed,yes,,in,
73019651,Product Name,component_type,Rail Kit,,derived,yes,,Rail Kit,"dimensional: abstained (component_type is nominal, not a physical quantity) ; constraint: abstained (no constraint in decking.railing mentions component_type) ; identity: abstained (component_type is not an identity claim) ; vocabulary: 1.00 ('rail kit' is a declared term for component_type)"
73019651,ATTRIBUTE_LABEL 1,component_type,Product Name,,derived,yes,,,"dimensional: abstained (component_type is nominal, not a physical quantity) ; constraint: abstained (no constraint in decking.railing mentions component_type) ; identity: abstained (component_type is not an identity claim) ; vocabulary: 1.00 ('rail kit' is a declared term for component_type)"
73019651,ATTRIBUTE_VALUE 1,component_type,rail kit,,extracted,no,,Rail Kit,"dimensional: abstained (component_type is nominal, not a physical quantity) ; constraint: abstained (no constraint in decking.railing mentions component_type) ; identity: abstained (component_type is not an identity claim) ; vocabulary: 1.00 ('rail kit' is a declared term for component_type)"
73019651,ATTRIBUTE_LABEL 2,length,Length,,derived,yes,,,
73019651,ATTRIBUTE_LABEL 3,height,Height,,derived,yes,,,"dimensional: 1.00 (42 inch is dimensionally valid for height (length)) ; constraint: 0.70 (1 of 2 constraint(s) on height held; 1 could not be evaluated for lack of co-referenced values) ; identity: abstained (height is not an identity claim) ; vocabulary: abstained (height is quantity, not a controlled term)"
73019651,ATTRIBUTE_VALUE 3,height,42,,extracted,no,,in,"dimensional: 1.00 (42 inch is dimensionally valid for height (length)) ; constraint: 0.70 (1 of 2 constraint(s) on height held; 1 could not be evaluated for lack of co-referenced values) ; identity: abstained (height is not an identity claim) ; vocabulary: abstained (height is quantity, not a controlled term)"
73019651,ATTRIBUTE_UOM 3,height,in,,derived,no,,,"dimensional: 1.00 (42 inch is dimensionally valid for height (length)) ; constraint: 0.70 (1 of 2 constraint(s) on height held; 1 could not be evaluated for lack of co-referenced values) ; identity: abstained (height is not an identity claim) ; vocabulary: abstained (height is quantity, not a controlled term)"
73019651,ATTRIBUTE_LABEL 4,material,Material,,derived,yes,,,"dimensional: abstained (material is nominal, not a physical quantity) ; constraint: abstained (no constraint in decking.railing mentions material) ; identity: abstained (material is not an identity claim) ; vocabulary: 1.00 ('aluminum' is a declared term for material)"
73019651,ATTRIBUTE_VALUE 4,material,aluminum,,extracted,no,,Alum,"dimensional: abstained (material is nominal, not a physical quantity) ; constraint: abstained (no constraint in decking.railing mentions material) ; identity: abstained (material is not an identity claim) ; vocabulary: 1.00 ('aluminum' is a declared term for material)"
73019651,ATTRIBUTE_LABEL 5,baluster_style,Baluster Style,,derived,yes,,,"dimensional: abstained (baluster_style is nominal, not a physical quantity) ; constraint: abstained (no constraint in decking.railing mentions baluster_style) ; identity: abstained (baluster_style is not an identity claim) ; vocabulary: 0.00 ('Black' is not a term baluster_style accepts. This category allows 'round', 'square', 'glass', 'cable', 'none'. A plausible-sounding value outside the vocabulary is exactly the failure a confidence score does not catch.)"
73019651,ATTRIBUTE_VALUE 5,baluster_style,Black,,extracted,no,,Black,"dimensional: abstained (baluster_style is nominal, not a physical quantity) ; constraint: abstained (no constraint in decking.railing mentions baluster_style) ; identity: abstained (baluster_style is not an identity claim) ; vocabulary: 0.00 ('Black' is not a term baluster_style accepts. This category allows 'round', 'square', 'glass', 'cable', 'none'. A plausible-sounding value outside the vocabulary is exactly the failure a confidence score does not catch.)"
73019651,ATTRIBUTE_LABEL 6,orientation,Orientation,,derived,yes,,,"dimensional: abstained (orientation is nominal, not a physical quantity) ; constraint: abstained (no constraint in decking.railing mentions orientation) ; identity: abstained (orientation is not an identity claim) ; vocabulary: 0.00 ('Fl' is not a term orientation accepts. This category allows 'horizontal', 'stair'. A plausible-sounding value outside the vocabulary is exactly the failure a confidence score does not catch.)"
73019651,ATTRIBUTE_VALUE 6,orientation,Fl,,extracted,no,,Fl,"dimensional: abstained (orientation is nominal, not a physical quantity) ; constraint: abstained (no constraint in decking.railing mentions orientation) ; identity: abstained (orientation is not an identity claim) ; vocabulary: 0.00 ('Fl' is not a term orientation accepts. This category allows 'horizontal', 'stair'. A plausible-sounding value outside the vocabulary is exactly the failure a confidence score does not catch.)"
73019651,ATTRIBUTE_LABEL 7,colour,Color,,derived,yes,,,"dimensional: abstained (colour is text, not a physical quantity) ; constraint: abstained (no constraint in decking.railing mentions colour) ; identity: abstained (colour is not an identity claim) ; vocabulary: abstained (colour is text, not a controlled term)"
73019651,ATTRIBUTE_VALUE 7,colour,Black,,extracted,no,,Black,"dimensional: abstained (colour is text, not a physical quantity) ; constraint: abstained (no constraint in decking.railing mentions colour) ; identity: abstained (colour is not an identity claim) ; vocabulary: abstained (colour is text, not a controlled term)"
73019651,ATTRIBUTE_LABEL 8,assembly,Assembly,,derived,yes,,,"dimensional: abstained (assembly is nominal, not a physical quantity) ; constraint: abstained (no constraint in decking.railing mentions assembly) ; identity: abstained (assembly is not an identity claim) ; vocabulary: 0.00 ('w/Black Alum Balusters' is not a term assembly accepts. This category allows 'assembled', 'kit'. A plausible-sounding value outside the vocabulary is exactly the failure a confidence score does not catch.)"
73019651,ATTRIBUTE_VALUE 8,assembly,w/Black Alum Balusters,,extracted,no,,w/Black Alum Balusters,"dimensional: abstained (assembly is nominal, not a physical quantity) ; constraint: abstained (no constraint in decking.railing mentions assembly) ; identity: abstained (assembly is not an identity claim) ; vocabulary: 0.00 ('w/Black Alum Balusters' is not a term assembly accepts. This category allows 'assembled', 'kit'. A plausible-sounding value outside the vocabulary is exactly the failure a confidence score does not catch.)"
73019651,UNSPSC,,30151800,,routed,yes,,Balusters | Rail | Kit | Alum | Finyline,
73019651,HEIGHT,height,42,,derived,yes,,in,"dimensional: 1.00 (42 inch is dimensionally valid for height (length)) ; constraint: 0.70 (1 of 2 constraint(s) on height held; 1 could not be evaluated for lack of co-referenced values) ; identity: abstained (height is not an identity claim) ; vocabulary: abstained (height is quantity, not a controlled term)"
73019651,HEIGHT_UOM,height,in,,derived,yes,,,"dimensional: 1.00 (42 inch is dimensionally valid for height (length)) ; constraint: 0.70 (1 of 2 constraint(s) on height held; 1 could not be evaluated for lack of co-referenced values) ; identity: abstained (height is not an identity claim) ; vocabulary: abstained (height is quantity, not a controlled term)"
73019516,Dept,,Building Materials,,routed,yes,,Balusters | Rail | Kit | Alum | Finyline,
73019516,Class,,Decking & Railing,,routed,yes,,Balusters | Rail | Kit | Alum | Finyline,
73019516,Fine,,Railing Systems & Components,,routed,yes,,Balusters | Rail | Kit | Alum | Finyline,
73019516,Mfg_Part_Num,,73019516,,passthrough,yes,,,
73019516,Part_Desc,,Finyline Wh 10' Fl Rail Kit Rd - w/Black Alum Balusters,,passthrough,yes,,,
73019516,E1_Brand,,-- Unbranded --,,passthrough,yes,,,
73019516,Unilog_Brand,,-- No Unilog Brand --,,passthrough,yes,,,
73019516,DIB_Brand,,-- No DIB Brand --,,passthrough,yes,,,
73019516,Part_Manuf,,-,,passthrough,yes,,,
73019516,MANUFACTURER_PART_NUMBER,,73019516,,passthrough,yes,,,
73019516,Classpath,,Building Materials>Decking & Porch>Railing,,routed,yes,,Balusters | Rail | Kit | Alum | Finyline,
73019516,MOBILE_DESC,,"Rail Kit, 73019516, 10 ' Fl ft Length, 36 in Height, aluminum",,composed,yes,,10' Fl | in | Alum,
73019516,INVOICE_DESC,,RAIL KIT 10 ' FLFT 36IN ALUM BLK RD BLK,,composed,yes,,10' Fl | in | Alum | Black | Rd,
73019516,SHORT_DESC,,"73019516 Rail Kit, 10 ' Fl ft Length, 36 in Height, aluminum, Black Baluster Style, Rd Orientation, Black, Wh Assembly",,composed,yes,,10' Fl | in | Alum | Black | Rd | Wh,
73019516,LONG_DESC1,,"Rail Kit, 10 ' Fl ft Length, 36 in Height, aluminum, Black Baluster Style, Rd Orientation, Black, Wh Assembly",,composed,yes,,10' Fl | in | Alum | Black | Rd | Wh,
73019516,RETAIL_DESC,,"Rail Kit, 10 ' Fl ft Length, 36 in Height, aluminum, Black Baluster Style, Rd Orientation, Black, Wh Assembly",,composed,yes,,10' Fl | in | Alum | Black | Rd | Wh,
73019516,ITEM_FEATURES_1,,10 ' Fl ft,,composed,yes,,10' Fl,
73019516,ITEM_FEATURES_2,,36 in,,composed,yes,,in,
73019516,Product Name,component_type,Rail Kit,,derived,yes,,Rail Kit,"dimensional: abstained (component_type is nominal, not a physical quantity) ; constraint: abstained (no constraint in decking.railing mentions component_type) ; identity: abstained (component_type is not an identity claim) ; vocabulary: 1.00 ('rail kit' is a declared term for component_type)"
73019516,ATTRIBUTE_LABEL 1,component_type,Product Name,,derived,yes,,,"dimensional: abstained (component_type is nominal, not a physical quantity) ; constraint: abstained (no constraint in decking.railing mentions component_type) ; identity: abstained (component_type is not an identity claim) ; vocabulary: 1.00 ('rail kit' is a declared term for component_type)"
73019516,ATTRIBUTE_VALUE 1,component_type,rail kit,,extracted,no,,Rail Kit,"dimensional: abstained (component_type is nominal, not a physical quantity) ; constraint: abstained (no constraint in decking.railing mentions component_type) ; identity: abstained (component_type is not an identity claim) ; vocabulary: 1.00 ('rail kit' is a declared term for component_type)"
73019516,ATTRIBUTE_LABEL 2,length,Length,,derived,yes,,,"dimensional: 1.00 (10 foot is dimensionally valid for length) ; constraint: 1.00 (all 2 constraint(s) on length hold) ; identity: abstained (length is not an identity claim) ; vocabulary: abstained (length is quantity, not a controlled term)"
73019516,ATTRIBUTE_VALUE 2,length,10 ' Fl,,extracted,no,,10' Fl,"dimensional: 1.00 (10 foot is dimensionally valid for length) ; constraint: 1.00 (all 2 constraint(s) on length hold) ; identity: abstained (length is not an identity claim) ; vocabulary: abstained (length is quantity, not a controlled term)"
73019516,ATTRIBUTE_UOM 2,length,ft,,derived,no,,,"dimensional: 1.00 (10 foot is dimensionally valid for length) ; constraint: 1.00 (all 2 constraint(s) on length hold) ; identity: abstained (length is not an identity claim) ; vocabulary: abstained (length is quantity, not a controlled term)"
73019516,ATTRIBUTE_LABEL 3,height,Height,,derived,yes,,,"dimensional: 1.00 (36 inch is dimensionally valid for height (length)) ; constraint: 1.00 (all 2 constraint(s) on height hold) ; identity: abstained (height is not an identity claim) ; vocabulary: abstained (height is quantity, not a controlled term)"
73019516,ATTRIBUTE_VALUE 3,height,36,,extracted,no,,in,"dimensional: 1.00 (36 inch is dimensionally valid for height (length)) ; constraint: 1.00 (all 2 constraint(s) on height hold) ; identity: abstained (height is not an identity claim) ; vocabulary: abstained (height is quantity, not a controlled term)"
73019516,ATTRIBUTE_UOM 3,height,in,,derived,no,,,"dimensional: 1.00 (36 inch is dimensionally valid for height (length)) ; constraint: 1.00 (all 2 constraint(s) on height hold) ; identity: abstained (height is not an identity claim) ; vocabulary: abstained (height is quantity, not a controlled term)"
73019516,ATTRIBUTE_LABEL 4,material,Material,,derived,yes,,,"dimensional: abstained (material is nominal, not a physical quantity) ; constraint: abstained (no constraint in decking.railing mentions material) ; identity: abstained (material is not an identity claim) ; vocabulary: 1.00 ('aluminum' is a declared term for material)"
73019516,ATTRIBUTE_VALUE 4,material,aluminum,,extracted,no,,Alum,"dimensional: abstained (material is nominal, not a physical quantity) ; constraint: abstained (no constraint in decking.railing mentions material) ; identity: abstained (material is not an identity claim) ; vocabulary: 1.00 ('aluminum' is a declared term for material)"
73019516,ATTRIBUTE_LABEL 5,baluster_style,Baluster Style,,derived,yes,,,"dimensional: abstained (baluster_style is nominal, not a physical quantity) ; constraint: abstained (no constraint in decking.railing mentions baluster_style) ; identity: abstained (baluster_style is not an identity claim) ; vocabulary: 0.00 ('Black' is not a term baluster_style accepts. This category allows 'round', 'square', 'glass', 'cable', 'none'. A plausible-sounding value outside the vocabulary is exactly the failure a confidence score does not catch.)"
73019516,ATTRIBUTE_VALUE 5,baluster_style,Black,,extracted,no,,Black,"dimensional: abstained (baluster_style is nominal, not a physical quantity) ; constraint: abstained (no constraint in decking.railing mentions baluster_style) ; identity: abstained (baluster_style is not an identity claim) ; vocabulary: 0.00 ('Black' is not a term baluster_style accepts. This category allows 'round', 'square', 'glass', 'cable', 'none'. A plausible-sounding value outside the vocabulary is exactly the failure a confidence score does not catch.)"
73019516,ATTRIBUTE_LABEL 6,orientation,Orientation,,derived,yes,,,"dimensional: abstained (orientation is nominal, not a physical quantity) ; constraint: abstained (no constraint in decking.railing mentions orientation) ; identity: abstained (orientation is not an identity claim) ; vocabulary: 0.00 ('Rd' is not a term orientation accepts. This category allows 'horizontal', 'stair'. A plausible-sounding value outside the vocabulary is exactly the failure a confidence score does not catch.)"
73019516,ATTRIBUTE_VALUE 6,orientation,Rd,,extracted,no,,Rd,"dimensional: abstained (orientation is nominal, not a physical quantity) ; constraint: abstained (no constraint in decking.railing mentions orientation) ; identity: abstained (orientation is not an identity claim) ; vocabulary: 0.00 ('Rd' is not a term orientation accepts. This category allows 'horizontal', 'stair'. A plausible-sounding value outside the vocabulary is exactly the failure a confidence score does not catch.)"
73019516,ATTRIBUTE_LABEL 7,colour,Color,,derived,yes,,,"dimensional: abstained (colour is text, not a physical quantity) ; constraint: abstained (no constraint in decking.railing mentions colour) ; identity: abstained (colour is not an identity claim) ; vocabulary: abstained (colour is text, not a controlled term)"
73019516,ATTRIBUTE_VALUE 7,colour,Black,,extracted,no,,Black,"dimensional: abstained (colour is text, not a physical quantity) ; constraint: abstained (no constraint in decking.railing mentions colour) ; identity: abstained (colour is not an identity claim) ; vocabulary: abstained (colour is text, not a controlled term)"
73019516,ATTRIBUTE_LABEL 8,assembly,Assembly,,derived,yes,,,"dimensional: abstained (assembly is nominal, not a physical quantity) ; constraint: abstained (no constraint in decking.railing mentions assembly) ; identity: abstained (assembly is not an identity claim) ; vocabulary: 0.00 ('Wh' is not a term assembly accepts. This category allows 'assembled', 'kit'. A plausible-sounding value outside the vocabulary is exactly the failure a confidence score does not catch.)"
73019516,ATTRIBUTE_VALUE 8,assembly,Wh,,extracted,no,,Wh,"dimensional: abstained (assembly is nominal, not a physical quantity) ; constraint: abstained (no constraint in decking.railing mentions assembly) ; identity: abstained (assembly is not an identity claim) ; vocabulary: 0.00 ('Wh' is not a term assembly accepts. This category allows 'assembled', 'kit'. A plausible-sounding value outside the vocabulary is exactly the failure a confidence score does not catch.)"
73019516,UNSPSC,,30151800,,routed,yes,,Balusters | Rail | Kit | Alum | Finyline,
73019516,LENGTH,length,10 ' Fl,,derived,yes,,10' Fl,"dimensional: 1.00 (10 foot is dimensionally valid for length) ; constraint: 1.00 (all 2 constraint(s) on length hold) ; identity: abstained (length is not an identity claim) ; vocabulary: abstained (length is quantity, not a controlled term)"
73019516,LENGTH_UOM,length,ft,,derived,yes,,,"dimensional: 1.00 (10 foot is dimensionally valid for length) ; constraint: 1.00 (all 2 constraint(s) on length hold) ; identity: abstained (length is not an identity claim) ; vocabulary: abstained (length is quantity, not a controlled term)"
73019516,HEIGHT,height,36,,derived,yes,,in,"dimensional: 1.00 (36 inch is dimensionally valid for height (length)) ; constraint: 1.00 (all 2 constraint(s) on height hold) ; identity: abstained (height is not an identity claim) ; vocabulary: abstained (height is quantity, not a controlled term)"
73019516,HEIGHT_UOM,height,in,,derived,yes,,,"dimensional: 1.00 (36 inch is dimensionally valid for height (length)) ; constraint: 1.00 (all 2 constraint(s) on height hold) ; identity: abstained (height is not an identity claim) ; vocabulary: abstained (height is quantity, not a controlled term)"
543300256,Dept,,Building Materials,,routed,yes,,Baluster | Rail | Horiz | Alum,
543300256,Class,,Decking & Railing,,routed,yes,,Baluster | Rail | Horiz | Alum,
543300256,Fine,,Railing Systems & Components,,routed,yes,,Baluster | Rail | Horiz | Alum,
543300256,Mfg_Part_Num,,543300256,,passthrough,yes,,,
543300256,Part_Desc,,6' Black Select Classic Horiz - Rail w/Rnd Black Alum Baluster,,passthrough,yes,,,
543300256,E1_Brand,,TREX,,passthrough,yes,,,
543300256,Unilog_Brand,,-- No Unilog Brand --,,passthrough,yes,,,
543300256,DIB_Brand,,-- No DIB Brand --,,passthrough,yes,,,
543300256,Part_Manuf,,Boise Cascade Building Materials (BOICA),,passthrough,yes,,,
543300256,MANUFACTURER_NAME,,Boise Cascade Building Materials,,passthrough,yes,,,
543300256,BRAND_NAME,,TREX,,passthrough,yes,,,
543300256,MANUFACTURER_PART_NUMBER,,543300256,,passthrough,yes,,,
543300256,Classpath,,Building Materials>Decking & Porch>Railing,,routed,yes,,Baluster | Rail | Horiz | Alum,
543300256,MOBILE_DESC,,"Boise Cascade Building Materials TREX, Rail, 543300256, aluminum",,composed,yes,,Alum,
543300256,INVOICE_DESC,,RAIL ALUM RND BLK,,composed,yes,,Alum | Rnd | Black,
543300256,SHORT_DESC,,"TREX 543300256 Rail, aluminum, Rnd Baluster Style, Black, Select Classic Horiz Assembly",,composed,yes,,Alum | Rnd | Black | Select Classic Horiz,
543300256,LONG_DESC1,,"TREX Rail, aluminum, Rnd Baluster Style, Black, Select Classic Horiz Assembly",,composed,yes,,Alum | Rnd | Black | Select Classic Horiz,
543300256,RETAIL_DESC,,"Rail, aluminum, Rnd Baluster Style, Black, Select Classic Horiz Assembly",,composed,yes,,Alum | Rnd | Black | Select Classic Horiz,
543300256,Product Name,component_type,Rail,,derived,yes,,Rail,"dimensional: abstained (component_type is nominal, not a physical quantity) ; constraint: abstained (no constraint in decking.railing mentions component_type) ; identity: abstained (component_type is not an identity claim) ; vocabulary: 0.00 ('Rail' is not a term component_type accepts. This category allows 'rail section', 'rail kit', 'rail panel', 'support post', 'post sleeve', 'post cap' (+3 more). A plausible-sounding value outside the vocabulary is exactly the failure a confidence score does not catch.)"
543300256,ATTRIBUTE_LABEL 1,component_type,Product Name,,derived,yes,,,"dimensional: abstained (component_type is nominal, not a physical quantity) ; constraint: abstained (no constraint in decking.railing mentions component_type) ; identity: abstained (component_type is not an identity claim) ; vocabulary: 0.00 ('Rail' is not a term component_type accepts. This category allows 'rail section', 'rail kit', 'rail panel', 'support post', 'post sleeve', 'post cap' (+3 more). A plausible-sounding value outside the vocabulary is exactly the failure a confidence score does not catch.)"
543300256,ATTRIBUTE_VALUE 1,component_type,Rail,,extracted,no,,Rail,"dimensional: abstained (component_type is nominal, not a physical quantity) ; constraint: abstained (no constraint in decking.railing mentions component_type) ; identity: abstained (component_type is not an identity claim) ; vocabulary: 0.00 ('Rail' is not a term component_type accepts. This category allows 'rail section', 'rail kit', 'rail panel', 'support post', 'post sleeve', 'post cap' (+3 more). A plausible-sounding value outside the vocabulary is exactly the failure a confidence score does not catch.)"
543300256,ATTRIBUTE_LABEL 2,length,Length,,derived,yes,,,
543300256,ATTRIBUTE_LABEL 3,height,Height,,derived,yes,,,
543300256,ATTRIBUTE_LABEL 4,material,Material,,derived,yes,,,"dimensional: abstained (material is nominal, not a physical quantity) ; constraint: abstained (no constraint in decking.railing mentions material) ; identity: abstained (material is not an identity claim) ; vocabulary: 1.00 ('aluminum' is a declared term for material)"
543300256,ATTRIBUTE_VALUE 4,material,aluminum,,extracted,no,,Alum,"dimensional: abstained (material is nominal, not a physical quantity) ; constraint: abstained (no constraint in decking.railing mentions material) ; identity: abstained (material is not an identity claim) ; vocabulary: 1.00 ('aluminum' is a declared term for material)"
543300256,ATTRIBUTE_LABEL 5,baluster_style,Baluster Style,,derived,yes,,,"dimensional: abstained (baluster_style is nominal, not a physical quantity) ; constraint: abstained (no constraint in decking.railing mentions baluster_style) ; identity: abstained (baluster_style is not an identity claim) ; vocabulary: 0.00 ('Rnd' is not a term baluster_style accepts. This category allows 'round', 'square', 'glass', 'cable', 'none'. A plausible-sounding value outside the vocabulary is exactly the failure a confidence score does not catch.)"
543300256,ATTRIBUTE_VALUE 5,baluster_style,Rnd,,extracted,no,,Rnd,"dimensional: abstained (baluster_style is nominal, not a physical quantity) ; constraint: abstained (no constraint in decking.railing mentions baluster_style) ; identity: abstained (baluster_style is not an identity claim) ; vocabulary: 0.00 ('Rnd' is not a term baluster_style accepts. This category allows 'round', 'square', 'glass', 'cable', 'none'. A plausible-sounding value outside the vocabulary is exactly the failure a confidence score does not catch.)"
543300256,ATTRIBUTE_LABEL 6,orientation,Orientation,,derived,yes,,,
543300256,ATTRIBUTE_LABEL 7,colour,Color,,derived,yes,,,"dimensional: abstained (colour is text, not a physical quantity) ; constraint: abstained (no constraint in decking.railing mentions colour) ; identity: abstained (colour is not an identity claim) ; vocabulary: abstained (colour is text, not a controlled term)"
543300256,ATTRIBUTE_VALUE 7,colour,Black,,extracted,no,,Black,"dimensional: abstained (colour is text, not a physical quantity) ; constraint: abstained (no constraint in decking.railing mentions colour) ; identity: abstained (colour is not an identity claim) ; vocabulary: abstained (colour is text, not a controlled term)"
543300256,ATTRIBUTE_LABEL 8,assembly,Assembly,,derived,yes,,,"dimensional: abstained (assembly is nominal, not a physical quantity) ; constraint: abstained (no constraint in decking.railing mentions assembly) ; identity: abstained (assembly is not an identity claim) ; vocabulary: 0.00 ('Select Classic Horiz' is not a term assembly accepts. This category allows 'assembled', 'kit'. A plausible-sounding value outside the vocabulary is exactly the failure a confidence score does not catch.)"
543300256,ATTRIBUTE_VALUE 8,assembly,Select Classic Horiz,,extracted,no,,Select Classic Horiz,"dimensional: abstained (assembly is nominal, not a physical quantity) ; constraint: abstained (no constraint in decking.railing mentions assembly) ; identity: abstained (assembly is not an identity claim) ; vocabulary: 0.00 ('Select Classic Horiz' is not a term assembly accepts. This category allows 'assembled', 'kit'. A plausible-sounding value outside the vocabulary is exactly the failure a confidence score does not catch.)"
543300256,UNSPSC,,30151800,,routed,yes,,Baluster | Rail | Horiz | Alum,
543300276,Dept,,Building Materials,,routed,yes,,Baluster | Rail | Horiz | Alum,
543300276,Class,,Decking & Railing,,routed,yes,,Baluster | Rail | Horiz | Alum,
543300276,Fine,,Railing Systems & Components,,routed,yes,,Baluster | Rail | Horiz | Alum,
543300276,Mfg_Part_Num,,543300276,,passthrough,yes,,,
543300276,Part_Desc,,8' Black Select Classic Horiz - Rail w/Rnd Black Alum Baluster,,passthrough,yes,,,
543300276,E1_Brand,,TREX,,passthrough,yes,,,
543300276,Unilog_Brand,,-- No Unilog Brand --,,passthrough,yes,,,
543300276,DIB_Brand,,-- No DIB Brand --,,passthrough,yes,,,
543300276,Part_Manuf,,Boise Cascade Building Materials (BOICA),,passthrough,yes,,,
543300276,MANUFACTURER_NAME,,Boise Cascade Building Materials,,passthrough,yes,,,
543300276,BRAND_NAME,,TREX,,passthrough,yes,,,
543300276,MANUFACTURER_PART_NUMBER,,543300276,,passthrough,yes,,,
543300276,Classpath,,Building Materials>Decking & Porch>Railing,,routed,yes,,Baluster | Rail | Horiz | Alum,
543300276,MOBILE_DESC,,"Boise Cascade Building Materials TREX, Rail, 543300276, aluminum",,composed,yes,,Alum,
543300276,INVOICE_DESC,,RAIL ALUM RND BLK,,composed,yes,,Alum | Rnd | Black,
543300276,SHORT_DESC,,"TREX 543300276 Rail, aluminum, Rnd Baluster Style, Black, Select Classic Horiz Assembly",,composed,yes,,Alum | Rnd | Black | Select Classic Horiz,
543300276,LONG_DESC1,,"TREX Rail, aluminum, Rnd Baluster Style, Black, Select Classic Horiz Assembly",,composed,yes,,Alum | Rnd | Black | Select Classic Horiz,
543300276,RETAIL_DESC,,"Rail, aluminum, Rnd Baluster Style, Black, Select Classic Horiz Assembly",,composed,yes,,Alum | Rnd | Black | Select Classic Horiz,
543300276,Product Name,component_type,Rail,,derived,yes,,Rail,"dimensional: abstained (component_type is nominal, not a physical quantity) ; constraint: abstained (no constraint in decking.railing mentions component_type) ; identity: abstained (component_type is not an identity claim) ; vocabulary: 0.00 ('Rail' is not a term component_type accepts. This category allows 'rail section', 'rail kit', 'rail panel', 'support post', 'post sleeve', 'post cap' (+3 more). A plausible-sounding value outside the vocabulary is exactly the failure a confidence score does not catch.)"
543300276,ATTRIBUTE_LABEL 1,component_type,Product Name,,derived,yes,,,"dimensional: abstained (component_type is nominal, not a physical quantity) ; constraint: abstained (no constraint in decking.railing mentions component_type) ; identity: abstained (component_type is not an identity claim) ; vocabulary: 0.00 ('Rail' is not a term component_type accepts. This category allows 'rail section', 'rail kit', 'rail panel', 'support post', 'post sleeve', 'post cap' (+3 more). A plausible-sounding value outside the vocabulary is exactly the failure a confidence score does not catch.)"
543300276,ATTRIBUTE_VALUE 1,component_type,Rail,,extracted,no,,Rail,"dimensional: abstained (component_type is nominal, not a physical quantity) ; constraint: abstained (no constraint in decking.railing mentions component_type) ; identity: abstained (component_type is not an identity claim) ; vocabulary: 0.00 ('Rail' is not a term component_type accepts. This category allows 'rail section', 'rail kit', 'rail panel', 'support post', 'post sleeve', 'post cap' (+3 more). A plausible-sounding value outside the vocabulary is exactly the failure a confidence score does not catch.)"
543300276,ATTRIBUTE_LABEL 2,length,Length,,derived,yes,,,
543300276,ATTRIBUTE_LABEL 3,height,Height,,derived,yes,,,
543300276,ATTRIBUTE_LABEL 4,material,Material,,derived,yes,,,"dimensional: abstained (material is nominal, not a physical quantity) ; constraint: abstained (no constraint in decking.railing mentions material) ; identity: abstained (material is not an identity claim) ; vocabulary: 1.00 ('aluminum' is a declared term for material)"
543300276,ATTRIBUTE_VALUE 4,material,aluminum,,extracted,no,,Alum,"dimensional: abstained (material is nominal, not a physical quantity) ; constraint: abstained (no constraint in decking.railing mentions material) ; identity: abstained (material is not an identity claim) ; vocabulary: 1.00 ('aluminum' is a declared term for material)"
543300276,ATTRIBUTE_LABEL 5,baluster_style,Baluster Style,,derived,yes,,,"dimensional: abstained (baluster_style is nominal, not a physical quantity) ; constraint: abstained (no constraint in decking.railing mentions baluster_style) ; identity: abstained (baluster_style is not an identity claim) ; vocabulary: 0.00 ('Rnd' is not a term baluster_style accepts. This category allows 'round', 'square', 'glass', 'cable', 'none'. A plausible-sounding value outside the vocabulary is exactly the failure a confidence score does not catch.)"
543300276,ATTRIBUTE_VALUE 5,baluster_style,Rnd,,extracted,no,,Rnd,"dimensional: abstained (baluster_style is nominal, not a physical quantity) ; constraint: abstained (no constraint in decking.railing mentions baluster_style) ; identity: abstained (baluster_style is not an identity claim) ; vocabulary: 0.00 ('Rnd' is not a term baluster_style accepts. This category allows 'round', 'square', 'glass', 'cable', 'none'. A plausible-sounding value outside the vocabulary is exactly the failure a confidence score does not catch.)"
543300276,ATTRIBUTE_LABEL 6,orientation,Orientation,,derived,yes,,,
543300276,ATTRIBUTE_LABEL 7,colour,Color,,derived,yes,,,"dimensional: abstained (colour is text, not a physical quantity) ; constraint: abstained (no constraint in decking.railing mentions colour) ; identity: abstained (colour is not an identity claim) ; vocabulary: abstained (colour is text, not a controlled term)"
543300276,ATTRIBUTE_VALUE 7,colour,Black,,extracted,no,,Black,"dimensional: abstained (colour is text, not a physical quantity) ; constraint: abstained (no constraint in decking.railing mentions colour) ; identity: abstained (colour is not an identity claim) ; vocabulary: abstained (colour is text, not a controlled term)"
543300276,ATTRIBUTE_LABEL 8,assembly,Assembly,,derived,yes,,,"dimensional: abstained (assembly is nominal, not a physical quantity) ; constraint: abstained (no constraint in decking.railing mentions assembly) ; identity: abstained (assembly is not an identity claim) ; vocabulary: 0.00 ('Select Classic Horiz' is not a term assembly accepts. This category allows 'assembled', 'kit'. A plausible-sounding value outside the vocabulary is exactly the failure a confidence score does not catch.)"
543300276,ATTRIBUTE_VALUE 8,assembly,Select Classic Horiz,,extracted,no,,Select Classic Horiz,"dimensional: abstained (assembly is nominal, not a physical quantity) ; constraint: abstained (no constraint in decking.railing mentions assembly) ; identity: abstained (assembly is not an identity claim) ; vocabulary: 0.00 ('Select Classic Horiz' is not a term assembly accepts. This category allows 'assembled', 'kit'. A plausible-sounding value outside the vocabulary is exactly the failure a confidence score does not catch.)"
543300276,UNSPSC,,30151800,,routed,yes,,Baluster | Rail | Horiz | Alum,
73045028,Mfg_Part_Num,,73045028,,passthrough,yes,,,
73045028,Part_Desc,,Custom Finyline Wh Gate Sq Bal,,passthrough,yes,,,
73045028,E1_Brand,,-- Unbranded --,,passthrough,yes,,,
73045028,Unilog_Brand,,-- No Unilog Brand --,,passthrough,yes,,,
73045028,DIB_Brand,,-- No DIB Brand --,,passthrough,yes,,,
73045028,Part_Manuf,,-,,passthrough,yes,,,
73045028,MANUFACTURER_PART_NUMBER,,73045028,,passthrough,yes,,,
73045028,MOBILE_DESC,,"Wh Gate Sq Bal, 73045028",,composed,yes,,Wh Gate Sq Bal,
73045028,INVOICE_DESC,,WH GATE SQ BAL,,composed,yes,,Wh Gate Sq Bal,
73045028,SHORT_DESC,,73045028 Wh Gate Sq Bal,,composed,yes,,Wh Gate Sq Bal,
73045028,LONG_DESC1,,Wh Gate Sq Bal,,composed,yes,,Wh Gate Sq Bal,
73045028,RETAIL_DESC,,Wh Gate Sq Bal,,composed,yes,,Wh Gate Sq Bal,
73045028,Product Name,product_name,Wh Gate Sq Bal,,derived,yes,,Wh Gate Sq Bal,"dimensional: abstained (product_name is text, not a physical quantity) ; constraint: abstained (no constraint in generic mentions product_name) ; identity: 1.00 (product_name 'Wh Gate Sq Bal' appears verbatim in the source) ; vocabulary: abstained (product_name is text, not a controlled term)"
73045028,ATTRIBUTE_LABEL 1,product_name,Product Name,,derived,yes,,,"dimensional: abstained (product_name is text, not a physical quantity) ; constraint: abstained (no constraint in generic mentions product_name) ; identity: 1.00 (product_name 'Wh Gate Sq Bal' appears verbatim in the source) ; vocabulary: abstained (product_name is text, not a controlled term)"
73045028,ATTRIBUTE_VALUE 1,product_name,Wh Gate Sq Bal,,extracted,no,,Wh Gate Sq Bal,"dimensional: abstained (product_name is text, not a physical quantity) ; constraint: abstained (no constraint in generic mentions product_name) ; identity: 1.00 (product_name 'Wh Gate Sq Bal' appears verbatim in the source) ; vocabulary: abstained (product_name is text, not a controlled term)"
73045028,ATTRIBUTE_LABEL 2,brand,Brand,,derived,yes,,,
73045028,ATTRIBUTE_LABEL 3,material,Material,,derived,yes,,,
73045028,ATTRIBUTE_LABEL 4,color,Color,,derived,yes,,,
73045028,ATTRIBUTE_LABEL 5,size,Size,,derived,yes,,,
73045028,ATTRIBUTE_LABEL 6,quantity,Quantity,,derived,yes,,,
73045031,Dept,,Building Materials,,routed,yes,,Balusters | Alum | Gate | Finyline,
73045031,Class,,Decking & Railing,,routed,yes,,Balusters | Alum | Gate | Finyline,
73045031,Fine,,Railing Systems & Components,,routed,yes,,Balusters | Alum | Gate | Finyline,
73045031,Mfg_Part_Num,,73045031,,passthrough,yes,,,
73045031,Part_Desc,,Custom Finyline Wh Gate Rd - w/Black Alum Balusters,,passthrough,yes,,,
73045031,E1_Brand,,-- Unbranded --,,passthrough,yes,,,
73045031,Unilog_Brand,,-- No Unilog Brand --,,passthrough,yes,,,
73045031,DIB_Brand,,-- No DIB Brand --,,passthrough,yes,,,
73045031,Part_Manuf,,-,,passthrough,yes,,,
73045031,MANUFACTURER_PART_NUMBER,,73045031,,passthrough,yes,,,
73045031,Classpath,,Building Materials>Decking & Porch>Railing,,routed,yes,,Balusters | Alum | Gate | Finyline,
73045031,MOBILE_DESC,,"Wh Gate Rd, 73045031, 36 in Height, aluminum, Black Baluster Style",,composed,yes,,in | Alum | Black,
73045031,INVOICE_DESC,,WH GATE RD 36IN ALUM BLK BLK,,composed,yes,,in | Alum | Black,
73045031,SHORT_DESC,,"73045031 Wh Gate Rd, 36 in Height, aluminum, Black Baluster Style, Black",,composed,yes,,in | Alum | Black,
73045031,LONG_DESC1,,"Wh Gate Rd, 36 in Height, aluminum, Black Baluster Style, Black",,composed,yes,,in | Alum | Black,
73045031,RETAIL_DESC,,"Wh Gate Rd, 36 in Height, aluminum, Black Baluster Style, Black",,composed,yes,,in | Alum | Black,
73045031,ITEM_FEATURES_1,,36 in,,composed,yes,,in,
73045031,Product Name,component_type,Wh Gate Rd,,derived,yes,,Wh Gate Rd,"dimensional: abstained (component_type is nominal, not a physical quantity) ; constraint: abstained (no constraint in decking.railing mentions component_type) ; identity: abstained (component_type is not an identity claim) ; vocabulary: 0.35 ('Wh Gate Rd' is not exactly a declared term for component_type but overlaps 'gate'; the extra wording may be a real distinction or may be noise carried from the description)"
73045031,ATTRIBUTE_LABEL 1,component_type,Product Name,,derived,yes,,,"dimensional: abstained (component_type is nominal, not a physical quantity) ; constraint: abstained (no constraint in decking.railing mentions component_type) ; identity: abstained (component_type is not an identity claim) ; vocabulary: 0.35 ('Wh Gate Rd' is not exactly a declared term for component_type but overlaps 'gate'; the extra wording may be a real distinction or may be noise carried from the description)"
73045031,ATTRIBUTE_VALUE 1,component_type,Wh Gate Rd,,extracted,no,,Wh Gate Rd,"dimensional: abstained (component_type is nominal, not a physical quantity) ; constraint: abstained (no constraint in decking.railing mentions component_type) ; identity: abstained (component_type is not an identity claim) ; vocabulary: 0.35 ('Wh Gate Rd' is not exactly a declared term for component_type but overlaps 'gate'; the extra wording may be a real distinction or may be noise carried from the description)"
73045031,ATTRIBUTE_LABEL 2,length,Length,,derived,yes,,,
73045031,ATTRIBUTE_LABEL 3,height,Height,,derived,yes,,,"dimensional: 1.00 (36 inch is dimensionally valid for height (length)) ; constraint: 0.70 (1 of 2 constraint(s) on height held; 1 could not be evaluated for lack of co-referenced values) ; identity: abstained (height is not an identity claim) ; vocabulary: abstained (height is quantity, not a controlled term)"
73045031,ATTRIBUTE_VALUE 3,height,36,,extracted,no,,in,"dimensional: 1.00 (36 inch is dimensionally valid for height (length)) ; constraint: 0.70 (1 of 2 constraint(s) on height held; 1 could not be evaluated for lack of co-referenced values) ; identity: abstained (height is not an identity claim) ; vocabulary: abstained (height is quantity, not a controlled term)"
73045031,ATTRIBUTE_UOM 3,height,in,,derived,no,,,"dimensional: 1.00 (36 inch is dimensionally valid for height (length)) ; constraint: 0.70 (1 of 2 constraint(s) on height held; 1 could not be evaluated for lack of co-referenced values) ; identity: abstained (height is not an identity claim) ; vocabulary: abstained (height is quantity, not a controlled term)"
73045031,ATTRIBUTE_LABEL 4,material,Material,,derived,yes,,,"dimensional: abstained (material is nominal, not a physical quantity) ; constraint: abstained (no constraint in decking.railing mentions material) ; identity: abstained (material is not an identity claim) ; vocabulary: 1.00 ('aluminum' is a declared term for material)"
73045031,ATTRIBUTE_VALUE 4,material,aluminum,,extracted,no,,Alum,"dimensional: abstained (material is nominal, not a physical quantity) ; constraint: abstained (no constraint in decking.railing mentions material) ; identity: abstained (material is not an identity claim) ; vocabulary: 1.00 ('aluminum' is a declared term for material)"
73045031,ATTRIBUTE_LABEL 5,baluster_style,Baluster Style,,derived,yes,,,"dimensional: abstained (baluster_style is nominal, not a physical quantity) ; constraint: abstained (no constraint in decking.railing mentions baluster_style) ; identity: abstained (baluster_style is not an identity claim) ; vocabulary: 0.00 ('Black' is not a term baluster_style accepts. This category allows 'round', 'square', 'glass', 'cable', 'none'. A plausible-sounding value outside the vocabulary is exactly the failure a confidence score does not catch.)"
73045031,ATTRIBUTE_VALUE 5,baluster_style,Black,,extracted,no,,Black,"dimensional: abstained (baluster_style is nominal, not a physical quantity) ; constraint: abstained (no constraint in decking.railing mentions baluster_style) ; identity: abstained (baluster_style is not an identity claim) ; vocabulary: 0.00 ('Black' is not a term baluster_style accepts. This category allows 'round', 'square', 'glass', 'cable', 'none'. A plausible-sounding value outside the vocabulary is exactly the failure a confidence score does not catch.)"
73045031,ATTRIBUTE_LABEL 6,orientation,Orientation,,derived,yes,,,
73045031,ATTRIBUTE_LABEL 7,colour,Color,,derived,yes,,,"dimensional: abstained (colour is text, not a physical quantity) ; constraint: abstained (no constraint in decking.railing mentions colour) ; identity: abstained (colour is not an identity claim) ; vocabulary: abstained (colour is text, not a controlled term)"
73045031,ATTRIBUTE_VALUE 7,colour,Black,,extracted,no,,Black,"dimensional: abstained (colour is text, not a physical quantity) ; constraint: abstained (no constraint in decking.railing mentions colour) ; identity: abstained (colour is not an identity claim) ; vocabulary: abstained (colour is text, not a controlled term)"
73045031,ATTRIBUTE_LABEL 8,assembly,Assembly,,derived,yes,,,
73045031,UNSPSC,,30151800,,routed,yes,,Balusters | Alum | Gate | Finyline,
73045031,HEIGHT,height,36,,derived,yes,,in,"dimensional: 1.00 (36 inch is dimensionally valid for height (length)) ; constraint: 0.70 (1 of 2 constraint(s) on height held; 1 could not be evaluated for lack of co-referenced values) ; identity: abstained (height is not an identity claim) ; vocabulary: abstained (height is quantity, not a controlled term)"
73045031,HEIGHT_UOM,height,in,,derived,yes,,,"dimensional: 1.00 (36 inch is dimensionally valid for height (length)) ; constraint: 0.70 (1 of 2 constraint(s) on height held; 1 could not be evaluated for lack of co-referenced values) ; identity: abstained (height is not an identity claim) ; vocabulary: abstained (height is quantity, not a controlled term)"
543340126,Dept,,Building Materials,,routed,yes,,Rail | Panel,
543340126,Class,,Decking & Railing,,routed,yes,,Rail | Panel,
543340126,Fine,,Railing Systems & Components,,routed,yes,,Rail | Panel,
543340126,Mfg_Part_Num,,543340126,,passthrough,yes,,,
543340126,Part_Desc,,"6'x36"" Select Alm w/Sq Bal Hor - Assembled Black Rail Panel",,passthrough,yes,,,
543340126,E1_Brand,,TREX,,passthrough,yes,,,
543340126,Unilog_Brand,,-- No Unilog Brand --,,passthrough,yes,,,
543340126,DIB_Brand,,-- No DIB Brand --,,passthrough,yes,,,
543340126,Part_Manuf,,Boise Cascade Building Materials (BOICA),,passthrough,yes,,,
543340126,MANUFACTURER_NAME,,Boise Cascade Building Materials,,passthrough,yes,,,
543340126,BRAND_NAME,,TREX,,passthrough,yes,,,
543340126,MANUFACTURER_PART_NUMBER,,543340126,,passthrough,yes,,,
543340126,Classpath,,Building Materials>Decking & Porch>Railing,,routed,yes,,Rail | Panel,
543340126,MOBILE_DESC,,"Boise Cascade Building Materials TREX, Select Alm, 543340126",,composed,yes,,,
543340126,INVOICE_DESC,,SELECT ALM 36IN ALM SQUARE BLK,,composed,yes,,36 | Alm | Sq | Black,
543340126,SHORT_DESC,,"TREX 543340126 Select Alm, 36 in Height, Alm, square Baluster Style, horizontal Orientation, Black, assembled Assembly",,composed,yes,,36 | Alm | Sq | Hor | Black | Assembled,
543340126,LONG_DESC1,,"TREX Select Alm, 36 in Height, Alm, square Baluster Style, horizontal Orientation, Black, assembled Assembly",,composed,yes,,36 | Alm | Sq | Hor | Black | Assembled,
543340126,RETAIL_DESC,,"Select Alm, 36 in Height, Alm, square Baluster Style, horizontal Orientation, Black, assembled Assembly",,composed,yes,,36 | Alm | Sq | Hor | Black | Assembled,
543340126,ITEM_FEATURES_1,,36 in,,composed,yes,,36,
543340126,Product Name,component_type,Select Alm,,derived,yes,,Select Alm,"dimensional: abstained (component_type is nominal, not a physical quantity) ; constraint: abstained (no constraint in decking.railing mentions component_type) ; identity: abstained (component_type is not an identity claim) ; vocabulary: 0.00 ('Select Alm' is not a term component_type accepts. This category allows 'rail section', 'rail kit', 'rail panel', 'support post', 'post sleeve', 'post cap' (+3 more). A plausible-sounding value outside the vocabulary is exactly the failure a confidence score does not catch.)"
543340126,ATTRIBUTE_LABEL 1,component_type,Product Name,,derived,yes,,,"dimensional: abstained (component_type is nominal, not a physical quantity) ; constraint: abstained (no constraint in decking.railing mentions component_type) ; identity: abstained (component_type is not an identity claim) ; vocabulary: 0.00 ('Select Alm' is not a term component_type accepts. This category allows 'rail section', 'rail kit', 'rail panel', 'support post', 'post sleeve', 'post cap' (+3 more). A plausible-sounding value outside the vocabulary is exactly the failure a confidence score does not catch.)"
543340126,ATTRIBUTE_VALUE 1,component_type,Select Alm,,extracted,no,,Select Alm,"dimensional: abstained (component_type is nominal, not a physical quantity) ; constraint: abstained (no constraint in decking.railing mentions component_type) ; identity: abstained (component_type is not an identity claim) ; vocabulary: 0.00 ('Select Alm' is not a term component_type accepts. This category allows 'rail section', 'rail kit', 'rail panel', 'support post', 'post sleeve', 'post cap' (+3 more). A plausible-sounding value outside the vocabulary is exactly the failure a confidence score does not catch.)"
543340126,ATTRIBUTE_LABEL 2,length,Length,,derived,yes,,,
543340126,ATTRIBUTE_LABEL 3,height,Height,,derived,yes,,,"dimensional: 1.00 (36 inch is dimensionally valid for height (length)) ; constraint: 0.70 (1 of 2 constraint(s) on height held; 1 could not be evaluated for lack of co-referenced values) ; identity: abstained (height is not an identity claim) ; vocabulary: abstained (height is quantity, not a controlled term)"
543340126,ATTRIBUTE_VALUE 3,height,36,,extracted,no,,36,"dimensional: 1.00 (36 inch is dimensionally valid for height (length)) ; constraint: 0.70 (1 of 2 constraint(s) on height held; 1 could not be evaluated for lack of co-referenced values) ; identity: abstained (height is not an identity claim) ; vocabulary: abstained (height is quantity, not a controlled term)"
543340126,ATTRIBUTE_UOM 3,height,in,,derived,no,,,"dimensional: 1.00 (36 inch is dimensionally valid for height (length)) ; constraint: 0.70 (1 of 2 constraint(s) on height held; 1 could not be evaluated for lack of co-referenced values) ; identity: abstained (height is not an identity claim) ; vocabulary: abstained (height is quantity, not a controlled term)"
543340126,ATTRIBUTE_LABEL 4,material,Material,,derived,yes,,,"dimensional: abstained (material is nominal, not a physical quantity) ; constraint: abstained (no constraint in decking.railing mentions material) ; identity: abstained (material is not an identity claim) ; vocabulary: 0.00 ('Alm' is not a term material accepts. This category allows 'aluminum', 'composite', 'PVC', 'steel', 'wood'. A plausible-sounding value outside the vocabulary is exactly the failure a confidence score does not catch.)"
543340126,ATTRIBUTE_VALUE 4,material,Alm,,extracted,no,,Alm,"dimensional: abstained (material is nominal, not a physical quantity) ; constraint: abstained (no constraint in decking.railing mentions material) ; identity: abstained (material is not an identity claim) ; vocabulary: 0.00 ('Alm' is not a term material accepts. This category allows 'aluminum', 'composite', 'PVC', 'steel', 'wood'. A plausible-sounding value outside the vocabulary is exactly the failure a confidence score does not catch.)"
543340126,ATTRIBUTE_LABEL 5,baluster_style,Baluster Style,,derived,yes,,,"dimensional: abstained (baluster_style is nominal, not a physical quantity) ; constraint: abstained (no constraint in decking.railing mentions baluster_style) ; identity: abstained (baluster_style is not an identity claim) ; vocabulary: 1.00 ('square' is a declared term for baluster_style)"
543340126,ATTRIBUTE_VALUE 5,baluster_style,square,,extracted,no,,Sq,"dimensional: abstained (baluster_style is nominal, not a physical quantity) ; constraint: abstained (no constraint in decking.railing mentions baluster_style) ; identity: abstained (baluster_style is not an identity claim) ; vocabulary: 1.00 ('square' is a declared term for baluster_style)"
543340126,ATTRIBUTE_LABEL 6,orientation,Orientation,,derived,yes,,,"dimensional: abstained (orientation is nominal, not a physical quantity) ; constraint: abstained (no constraint in decking.railing mentions orientation) ; identity: abstained (orientation is not an identity claim) ; vocabulary: 1.00 ('horizontal' is a declared term for orientation)"
543340126,ATTRIBUTE_VALUE 6,orientation,horizontal,,extracted,no,,Hor,"dimensional: abstained (orientation is nominal, not a physical quantity) ; constraint: abstained (no constraint in decking.railing mentions orientation) ; identity: abstained (orientation is not an identity claim) ; vocabulary: 1.00 ('horizontal' is a declared term for orientation)"
543340126,ATTRIBUTE_LABEL 7,colour,Color,,derived,yes,,,"dimensional: abstained (colour is text, not a physical quantity) ; constraint: abstained (no constraint in decking.railing mentions colour) ; identity: abstained (colour is not an identity claim) ; vocabulary: abstained (colour is text, not a controlled term)"
543340126,ATTRIBUTE_VALUE 7,colour,Black,,extracted,no,,Black,"dimensional: abstained (colour is text, not a physical quantity) ; constraint: abstained (no constraint in decking.railing mentions colour) ; identity: abstained (colour is not an identity claim) ; vocabulary: abstained (colour is text, not a controlled term)"
543340126,ATTRIBUTE_LABEL 8,assembly,Assembly,,derived,yes,,,"dimensional: abstained (assembly is nominal, not a physical quantity) ; constraint: abstained (no constraint in decking.railing mentions assembly) ; identity: abstained (assembly is not an identity claim) ; vocabulary: 1.00 ('assembled' is a declared term for assembly)"
543340126,ATTRIBUTE_VALUE 8,assembly,assembled,,extracted,no,,Assembled,"dimensional: abstained (assembly is nominal, not a physical quantity) ; constraint: abstained (no constraint in decking.railing mentions assembly) ; identity: abstained (assembly is not an identity claim) ; vocabulary: 1.00 ('assembled' is a declared term for assembly)"
543340126,UNSPSC,,30151800,,routed,yes,,Rail | Panel,
543340126,HEIGHT,height,36,,derived,yes,,36,"dimensional: 1.00 (36 inch is dimensionally valid for height (length)) ; constraint: 0.70 (1 of 2 constraint(s) on height held; 1 could not be evaluated for lack of co-referenced values) ; identity: abstained (height is not an identity claim) ; vocabulary: abstained (height is quantity, not a controlled term)"
543340126,HEIGHT_UOM,height,in,,derived,yes,,,"dimensional: 1.00 (36 inch is dimensionally valid for height (length)) ; constraint: 0.70 (1 of 2 constraint(s) on height held; 1 could not be evaluated for lack of co-referenced values) ; identity: abstained (height is not an identity claim) ; vocabulary: abstained (height is quantity, not a controlled term)"
543340127,Dept,,Building Materials,,routed,yes,,Rail | Panel,
543340127,Class,,Decking & Railing,,routed,yes,,Rail | Panel,
543340127,Fine,,Railing Systems & Components,,routed,yes,,Rail | Panel,
543340127,Mfg_Part_Num,,543340127,,passthrough,yes,,,
543340127,Part_Desc,,"6'x36"" Select Alm w/Sq Bal Str - Assembled Black Rail Panel",,passthrough,yes,,,
543340127,E1_Brand,,TREX,,passthrough,yes,,,
543340127,Unilog_Brand,,-- No Unilog Brand --,,passthrough,yes,,,
543340127,DIB_Brand,,-- No DIB Brand --,,passthrough,yes,,,
543340127,Part_Manuf,,Boise Cascade Building Materials (BOICA),,passthrough,yes,,,
543340127,MANUFACTURER_NAME,,Boise Cascade Building Materials,,passthrough,yes,,,
543340127,BRAND_NAME,,TREX,,passthrough,yes,,,
543340127,MANUFACTURER_PART_NUMBER,,543340127,,passthrough,yes,,,
543340127,Classpath,,Building Materials>Decking & Porch>Railing,,routed,yes,,Rail | Panel,
543340127,MOBILE_DESC,,"Boise Cascade Building Materials TREX, Select Alm, 543340127",,composed,yes,,,
543340127,INVOICE_DESC,,SELECT ALM 36IN ALM SQ BAL STR BLK,,composed,yes,,36 | Alm | Sq Bal | Str | Black,
543340127,SHORT_DESC,,"TREX 543340127 Select Alm, 36 in Height, Alm, Sq Bal Baluster Style, Str Orientation, Black, assembled Assembly",,composed,yes,,36 | Alm | Sq Bal | Str | Black | Assembled,
543340127,LONG_DESC1,,"TREX Select Alm, 36 in Height, Alm, Sq Bal Baluster Style, Str Orientation, Black, assembled Assembly",,composed,yes,,36 | Alm | Sq Bal | Str | Black | Assembled,
543340127,RETAIL_DESC,,"Select Alm, 36 in Height, Alm, Sq Bal Baluster Style, Str Orientation, Black, assembled Assembly",,composed,yes,,36 | Alm | Sq Bal | Str | Black | Assembled,
543340127,ITEM_FEATURES_1,,36 in,,composed,yes,,36,
543340127,Product Name,component_type,Select Alm,,derived,yes,,Select Alm,"dimensional: abstained (component_type is nominal, not a physical quantity) ; constraint: abstained (no constraint in decking.railing mentions component_type) ; identity: abstained (component_type is not an identity claim) ; vocabulary: 0.00 ('Select Alm' is not a term component_type accepts. This category allows 'rail section', 'rail kit', 'rail panel', 'support post', 'post sleeve', 'post cap' (+3 more). A plausible-sounding value outside the vocabulary is exactly the failure a confidence score does not catch.)"
543340127,ATTRIBUTE_LABEL 1,component_type,Product Name,,derived,yes,,,"dimensional: abstained (component_type is nominal, not a physical quantity) ; constraint: abstained (no constraint in decking.railing mentions component_type) ; identity: abstained (component_type is not an identity claim) ; vocabulary: 0.00 ('Select Alm' is not a term component_type accepts. This category allows 'rail section', 'rail kit', 'rail panel', 'support post', 'post sleeve', 'post cap' (+3 more). A plausible-sounding value outside the vocabulary is exactly the failure a confidence score does not catch.)"
543340127,ATTRIBUTE_VALUE 1,component_type,Select Alm,,extracted,no,,Select Alm,"dimensional: abstained (component_type is nominal, not a physical quantity) ; constraint: abstained (no constraint in decking.railing mentions component_type) ; identity: abstained (component_type is not an identity claim) ; vocabulary: 0.00 ('Select Alm' is not a term component_type accepts. This category allows 'rail section', 'rail kit', 'rail panel', 'support post', 'post sleeve', 'post cap' (+3 more). A plausible-sounding value outside the vocabulary is exactly the failure a confidence score does not catch.)"
543340127,ATTRIBUTE_LABEL 2,length,Length,,derived,yes,,,
543340127,ATTRIBUTE_LABEL 3,height,Height,,derived,yes,,,"dimensional: 1.00 (36 inch is dimensionally valid for height (length)) ; constraint: 0.70 (1 of 2 constraint(s) on height held; 1 could not be evaluated for lack of co-referenced values) ; identity: abstained (height is not an identity claim) ; vocabulary: abstained (height is quantity, not a controlled term)"
543340127,ATTRIBUTE_VALUE 3,height,36,,extracted,no,,36,"dimensional: 1.00 (36 inch is dimensionally valid for height (length)) ; constraint: 0.70 (1 of 2 constraint(s) on height held; 1 could not be evaluated for lack of co-referenced values) ; identity: abstained (height is not an identity claim) ; vocabulary: abstained (height is quantity, not a controlled term)"
543340127,ATTRIBUTE_UOM 3,height,in,,derived,no,,,"dimensional: 1.00 (36 inch is dimensionally valid for height (length)) ; constraint: 0.70 (1 of 2 constraint(s) on height held; 1 could not be evaluated for lack of co-referenced values) ; identity: abstained (height is not an identity claim) ; vocabulary: abstained (height is quantity, not a controlled term)"
543340127,ATTRIBUTE_LABEL 4,material,Material,,derived,yes,,,"dimensional: abstained (material is nominal, not a physical quantity) ; constraint: abstained (no constraint in decking.railing mentions material) ; identity: abstained (material is not an identity claim) ; vocabulary: 0.00 ('Alm' is not a term material accepts. This category allows 'aluminum', 'composite', 'PVC', 'steel', 'wood'. A plausible-sounding value outside the vocabulary is exactly the failure a confidence score does not catch.)"
543340127,ATTRIBUTE_VALUE 4,material,Alm,,extracted,no,,Alm,"dimensional: abstained (material is nominal, not a physical quantity) ; constraint: abstained (no constraint in decking.railing mentions material) ; identity: abstained (material is not an identity claim) ; vocabulary: 0.00 ('Alm' is not a term material accepts. This category allows 'aluminum', 'composite', 'PVC', 'steel', 'wood'. A plausible-sounding value outside the vocabulary is exactly the failure a confidence score does not catch.)"
543340127,ATTRIBUTE_LABEL 5,baluster_style,Baluster Style,,derived,yes,,,"dimensional: abstained (baluster_style is nominal, not a physical quantity) ; constraint: abstained (no constraint in decking.railing mentions baluster_style) ; identity: abstained (baluster_style is not an identity claim) ; vocabulary: 0.00 ('Sq Bal' is not a term baluster_style accepts. This category allows 'round', 'square', 'glass', 'cable', 'none'. A plausible-sounding value outside the vocabulary is exactly the failure a confidence score does not catch.)"
543340127,ATTRIBUTE_VALUE 5,baluster_style,Sq Bal,,extracted,no,,Sq Bal,"dimensional: abstained (baluster_style is nominal, not a physical quantity) ; constraint: abstained (no constraint in decking.railing mentions baluster_style) ; identity: abstained (baluster_style is not an identity claim) ; vocabulary: 0.00 ('Sq Bal' is not a term baluster_style accepts. This category allows 'round', 'square', 'glass', 'cable', 'none'. A plausible-sounding value outside the vocabulary is exactly the failure a confidence score does not catch.)"
543340127,ATTRIBUTE_LABEL 6,orientation,Orientation,,derived,yes,,,"dimensional: abstained (orientation is nominal, not a physical quantity) ; constraint: abstained (no constraint in decking.railing mentions orientation) ; identity: abstained (orientation is not an identity claim) ; vocabulary: 0.00 ('Str' is not a term orientation accepts. This category allows 'horizontal', 'stair'. A plausible-sounding value outside the vocabulary is exactly the failure a confidence score does not catch.)"
543340127,ATTRIBUTE_VALUE 6,orientation,Str,,extracted,no,,Str,"dimensional: abstained (orientation is nominal, not a physical quantity) ; constraint: abstained (no constraint in decking.railing mentions orientation) ; identity: abstained (orientation is not an identity claim) ; vocabulary: 0.00 ('Str' is not a term orientation accepts. This category allows 'horizontal', 'stair'. A plausible-sounding value outside the vocabulary is exactly the failure a confidence score does not catch.)"
543340127,ATTRIBUTE_LABEL 7,colour,Color,,derived,yes,,,"dimensional: abstained (colour is text, not a physical quantity) ; constraint: abstained (no constraint in decking.railing mentions colour) ; identity: abstained (colour is not an identity claim) ; vocabulary: abstained (colour is text, not a controlled term)"
543340127,ATTRIBUTE_VALUE 7,colour,Black,,extracted,no,,Black,"dimensional: abstained (colour is text, not a physical quantity) ; constraint: abstained (no constraint in decking.railing mentions colour) ; identity: abstained (colour is not an identity claim) ; vocabulary: abstained (colour is text, not a controlled term)"
543340127,ATTRIBUTE_LABEL 8,assembly,Assembly,,derived,yes,,,"dimensional: abstained (assembly is nominal, not a physical quantity) ; constraint: abstained (no constraint in decking.railing mentions assembly) ; identity: abstained (assembly is not an identity claim) ; vocabulary: 1.00 ('assembled' is a declared term for assembly)"
543340127,ATTRIBUTE_VALUE 8,assembly,assembled,,extracted,no,,Assembled,"dimensional: abstained (assembly is nominal, not a physical quantity) ; constraint: abstained (no constraint in decking.railing mentions assembly) ; identity: abstained (assembly is not an identity claim) ; vocabulary: 1.00 ('assembled' is a declared term for assembly)"
543340127,UNSPSC,,30151800,,routed,yes,,Rail | Panel,
543340127,HEIGHT,height,36,,derived,yes,,36,"dimensional: 1.00 (36 inch is dimensionally valid for height (length)) ; constraint: 0.70 (1 of 2 constraint(s) on height held; 1 could not be evaluated for lack of co-referenced values) ; identity: abstained (height is not an identity claim) ; vocabulary: abstained (height is quantity, not a controlled term)"
543340127,HEIGHT_UOM,height,in,,derived,yes,,,"dimensional: 1.00 (36 inch is dimensionally valid for height (length)) ; constraint: 0.70 (1 of 2 constraint(s) on height held; 1 could not be evaluated for lack of co-referenced values) ; identity: abstained (height is not an identity claim) ; vocabulary: abstained (height is quantity, not a controlled term)"
543340146,Dept,,Building Materials,,routed,yes,,Rail | Panel,
543340146,Class,,Decking & Railing,,routed,yes,,Rail | Panel,
543340146,Fine,,Railing Systems & Components,,routed,yes,,Rail | Panel,
543340146,Mfg_Part_Num,,543340146,,passthrough,yes,,,
543340146,Part_Desc,,"8'x36"" Select Alm w/Sq Bal Hor - Assembled Black Rail Panel",,passthrough,yes,,,
543340146,E1_Brand,,TREX,,passthrough,yes,,,
543340146,Unilog_Brand,,-- No Unilog Brand --,,passthrough,yes,,,
543340146,DIB_Brand,,-- No DIB Brand --,,passthrough,yes,,,
543340146,Part_Manuf,,Boise Cascade Building Materials (BOICA),,passthrough,yes,,,
543340146,MANUFACTURER_NAME,,Boise Cascade Building Materials,,passthrough,yes,,,
543340146,BRAND_NAME,,TREX,,passthrough,yes,,,
543340146,MANUFACTURER_PART_NUMBER,,543340146,,passthrough,yes,,,
543340146,Classpath,,Building Materials>Decking & Porch>Railing,,routed,yes,,Rail | Panel,
543340146,MOBILE_DESC,,"Boise Cascade Building Materials TREX, Select Alm, 543340146",,composed,yes,,,
543340146,INVOICE_DESC,,SELECT ALM 36IN ALM SQUARE BLK,,composed,yes,,36 | Alm | Sq | Black,
543340146,SHORT_DESC,,"TREX 543340146 Select Alm, 36 in Height, Alm, square Baluster Style, horizontal Orientation, Black, assembled Assembly",,composed,yes,,36 | Alm | Sq | Hor | Black | Assembled,
543340146,LONG_DESC1,,"TREX Select Alm, 36 in Height, Alm, square Baluster Style, horizontal Orientation, Black, assembled Assembly",,composed,yes,,36 | Alm | Sq | Hor | Black | Assembled,
543340146,RETAIL_DESC,,"Select Alm, 36 in Height, Alm, square Baluster Style, horizontal Orientation, Black, assembled Assembly",,composed,yes,,36 | Alm | Sq | Hor | Black | Assembled,
543340146,ITEM_FEATURES_1,,36 in,,composed,yes,,36,
543340146,Product Name,component_type,Select Alm,,derived,yes,,Select Alm,"dimensional: abstained (component_type is nominal, not a physical quantity) ; constraint: abstained (no constraint in decking.railing mentions component_type) ; identity: abstained (component_type is not an identity claim) ; vocabulary: 0.00 ('Select Alm' is not a term component_type accepts. This category allows 'rail section', 'rail kit', 'rail panel', 'support post', 'post sleeve', 'post cap' (+3 more). A plausible-sounding value outside the vocabulary is exactly the failure a confidence score does not catch.)"
543340146,ATTRIBUTE_LABEL 1,component_type,Product Name,,derived,yes,,,"dimensional: abstained (component_type is nominal, not a physical quantity) ; constraint: abstained (no constraint in decking.railing mentions component_type) ; identity: abstained (component_type is not an identity claim) ; vocabulary: 0.00 ('Select Alm' is not a term component_type accepts. This category allows 'rail section', 'rail kit', 'rail panel', 'support post', 'post sleeve', 'post cap' (+3 more). A plausible-sounding value outside the vocabulary is exactly the failure a confidence score does not catch.)"
543340146,ATTRIBUTE_VALUE 1,component_type,Select Alm,,extracted,no,,Select Alm,"dimensional: abstained (component_type is nominal, not a physical quantity) ; constraint: abstained (no constraint in decking.railing mentions component_type) ; identity: abstained (component_type is not an identity claim) ; vocabulary: 0.00 ('Select Alm' is not a term component_type accepts. This category allows 'rail section', 'rail kit', 'rail panel', 'support post', 'post sleeve', 'post cap' (+3 more). A plausible-sounding value outside the vocabulary is exactly the failure a confidence score does not catch.)"
543340146,ATTRIBUTE_LABEL 2,length,Length,,derived,yes,,,
543340146,ATTRIBUTE_LABEL 3,height,Height,,derived,yes,,,"dimensional: 1.00 (36 inch is dimensionally valid for height (length)) ; constraint: 0.70 (1 of 2 constraint(s) on height held; 1 could not be evaluated for lack of co-referenced values) ; identity: abstained (height is not an identity claim) ; vocabulary: abstained (height is quantity, not a controlled term)"
543340146,ATTRIBUTE_VALUE 3,height,36,,extracted,no,,36,"dimensional: 1.00 (36 inch is dimensionally valid for height (length)) ; constraint: 0.70 (1 of 2 constraint(s) on height held; 1 could not be evaluated for lack of co-referenced values) ; identity: abstained (height is not an identity claim) ; vocabulary: abstained (height is quantity, not a controlled term)"
543340146,ATTRIBUTE_UOM 3,height,in,,derived,no,,,"dimensional: 1.00 (36 inch is dimensionally valid for height (length)) ; constraint: 0.70 (1 of 2 constraint(s) on height held; 1 could not be evaluated for lack of co-referenced values) ; identity: abstained (height is not an identity claim) ; vocabulary: abstained (height is quantity, not a controlled term)"
543340146,ATTRIBUTE_LABEL 4,material,Material,,derived,yes,,,"dimensional: abstained (material is nominal, not a physical quantity) ; constraint: abstained (no constraint in decking.railing mentions material) ; identity: abstained (material is not an identity claim) ; vocabulary: 0.00 ('Alm' is not a term material accepts. This category allows 'aluminum', 'composite', 'PVC', 'steel', 'wood'. A plausible-sounding value outside the vocabulary is exactly the failure a confidence score does not catch.)"
543340146,ATTRIBUTE_VALUE 4,material,Alm,,extracted,no,,Alm,"dimensional: abstained (material is nominal, not a physical quantity) ; constraint: abstained (no constraint in decking.railing mentions material) ; identity: abstained (material is not an identity claim) ; vocabulary: 0.00 ('Alm' is not a term material accepts. This category allows 'aluminum', 'composite', 'PVC', 'steel', 'wood'. A plausible-sounding value outside the vocabulary is exactly the failure a confidence score does not catch.)"
543340146,ATTRIBUTE_LABEL 5,baluster_style,Baluster Style,,derived,yes,,,"dimensional: abstained (baluster_style is nominal, not a physical quantity) ; constraint: abstained (no constraint in decking.railing mentions baluster_style) ; identity: abstained (baluster_style is not an identity claim) ; vocabulary: 1.00 ('square' is a declared term for baluster_style)"
543340146,ATTRIBUTE_VALUE 5,baluster_style,square,,extracted,no,,Sq,"dimensional: abstained (baluster_style is nominal, not a physical quantity) ; constraint: abstained (no constraint in decking.railing mentions baluster_style) ; identity: abstained (baluster_style is not an identity claim) ; vocabulary: 1.00 ('square' is a declared term for baluster_style)"
543340146,ATTRIBUTE_LABEL 6,orientation,Orientation,,derived,yes,,,"dimensional: abstained (orientation is nominal, not a physical quantity) ; constraint: abstained (no constraint in decking.railing mentions orientation) ; identity: abstained (orientation is not an identity claim) ; vocabulary: 1.00 ('horizontal' is a declared term for orientation)"
543340146,ATTRIBUTE_VALUE 6,orientation,horizontal,,extracted,no,,Hor,"dimensional: abstained (orientation is nominal, not a physical quantity) ; constraint: abstained (no constraint in decking.railing mentions orientation) ; identity: abstained (orientation is not an identity claim) ; vocabulary: 1.00 ('horizontal' is a declared term for orientation)"
543340146,ATTRIBUTE_LABEL 7,colour,Color,,derived,yes,,,"dimensional: abstained (colour is text, not a physical quantity) ; constraint: abstained (no constraint in decking.railing mentions colour) ; identity: abstained (colour is not an identity claim) ; vocabulary: abstained (colour is text, not a controlled term)"
543340146,ATTRIBUTE_VALUE 7,colour,Black,,extracted,no,,Black,"dimensional: abstained (colour is text, not a physical quantity) ; constraint: abstained (no constraint in decking.railing mentions colour) ; identity: abstained (colour is not an identity claim) ; vocabulary: abstained (colour is text, not a controlled term)"
543340146,ATTRIBUTE_LABEL 8,assembly,Assembly,,derived,yes,,,"dimensional: abstained (assembly is nominal, not a physical quantity) ; constraint: abstained (no constraint in decking.railing mentions assembly) ; identity: abstained (assembly is not an identity claim) ; vocabulary: 1.00 ('assembled' is a declared term for assembly)"
543340146,ATTRIBUTE_VALUE 8,assembly,assembled,,extracted,no,,Assembled,"dimensional: abstained (assembly is nominal, not a physical quantity) ; constraint: abstained (no constraint in decking.railing mentions assembly) ; identity: abstained (assembly is not an identity claim) ; vocabulary: 1.00 ('assembled' is a declared term for assembly)"
543340146,UNSPSC,,30151800,,routed,yes,,Rail | Panel,
543340146,HEIGHT,height,36,,derived,yes,,36,"dimensional: 1.00 (36 inch is dimensionally valid for height (length)) ; constraint: 0.70 (1 of 2 constraint(s) on height held; 1 could not be evaluated for lack of co-referenced values) ; identity: abstained (height is not an identity claim) ; vocabulary: abstained (height is quantity, not a controlled term)"
543340146,HEIGHT_UOM,height,in,,derived,yes,,,"dimensional: 1.00 (36 inch is dimensionally valid for height (length)) ; constraint: 0.70 (1 of 2 constraint(s) on height held; 1 could not be evaluated for lack of co-referenced values) ; identity: abstained (height is not an identity claim) ; vocabulary: abstained (height is quantity, not a controlled term)"
543340147,Dept,,Building Materials,,routed,yes,,Rail | Panel,
543340147,Class,,Decking & Railing,,routed,yes,,Rail | Panel,
543340147,Fine,,Railing Systems & Components,,routed,yes,,Rail | Panel,
543340147,Mfg_Part_Num,,543340147,,passthrough,yes,,,
543340147,Part_Desc,,"8'x36"" Select Alm w/Sq Bal Str - Assembled Black Rail Panel",,passthrough,yes,,,
543340147,E1_Brand,,TREX,,passthrough,yes,,,
543340147,Unilog_Brand,,-- No Unilog Brand --,,passthrough,yes,,,
543340147,DIB_Brand,,-- No DIB Brand --,,passthrough,yes,,,
543340147,Part_Manuf,,Boise Cascade Building Materials (BOICA),,passthrough,yes,,,
543340147,MANUFACTURER_NAME,,Boise Cascade Building Materials,,passthrough,yes,,,
543340147,BRAND_NAME,,TREX,,passthrough,yes,,,
543340147,MANUFACTURER_PART_NUMBER,,543340147,,passthrough,yes,,,
543340147,Classpath,,Building Materials>Decking & Porch>Railing,,routed,yes,,Rail | Panel,
543340147,MOBILE_DESC,,"Boise Cascade Building Materials TREX, Select Alm, 543340147",,composed,yes,,,
543340147,INVOICE_DESC,,SELECT ALM 36IN ALM SQUARE STR BLK,,composed,yes,,36 | Alm | Sq | Str | Black,
543340147,SHORT_DESC,,"TREX 543340147 Select Alm, 36 in Height, Alm, square Baluster Style, Str Orientation, Black, assembled Assembly",,composed,yes,,36 | Alm | Sq | Str | Black | Assembled,
543340147,LONG_DESC1,,"TREX Select Alm, 36 in Height, Alm, square Baluster Style, Str Orientation, Black, assembled Assembly",,composed,yes,,36 | Alm | Sq | Str | Black | Assembled,
543340147,RETAIL_DESC,,"Select Alm, 36 in Height, Alm, square Baluster Style, Str Orientation, Black, assembled Assembly",,composed,yes,,36 | Alm | Sq | Str | Black | Assembled,
543340147,ITEM_FEATURES_1,,36 in,,composed,yes,,36,
543340147,Product Name,component_type,Select Alm,,derived,yes,,Select Alm,"dimensional: abstained (component_type is nominal, not a physical quantity) ; constraint: abstained (no constraint in decking.railing mentions component_type) ; identity: abstained (component_type is not an identity claim) ; vocabulary: 0.00 ('Select Alm' is not a term component_type accepts. This category allows 'rail section', 'rail kit', 'rail panel', 'support post', 'post sleeve', 'post cap' (+3 more). A plausible-sounding value outside the vocabulary is exactly the failure a confidence score does not catch.)"
543340147,ATTRIBUTE_LABEL 1,component_type,Product Name,,derived,yes,,,"dimensional: abstained (component_type is nominal, not a physical quantity) ; constraint: abstained (no constraint in decking.railing mentions component_type) ; identity: abstained (component_type is not an identity claim) ; vocabulary: 0.00 ('Select Alm' is not a term component_type accepts. This category allows 'rail section', 'rail kit', 'rail panel', 'support post', 'post sleeve', 'post cap' (+3 more). A plausible-sounding value outside the vocabulary is exactly the failure a confidence score does not catch.)"
543340147,ATTRIBUTE_VALUE 1,component_type,Select Alm,,extracted,no,,Select Alm,"dimensional: abstained (component_type is nominal, not a physical quantity) ; constraint: abstained (no constraint in decking.railing mentions component_type) ; identity: abstained (component_type is not an identity claim) ; vocabulary: 0.00 ('Select Alm' is not a term component_type accepts. This category allows 'rail section', 'rail kit', 'rail panel', 'support post', 'post sleeve', 'post cap' (+3 more). A plausible-sounding value outside the vocabulary is exactly the failure a confidence score does not catch.)"
543340147,ATTRIBUTE_LABEL 2,length,Length,,derived,yes,,,
543340147,ATTRIBUTE_LABEL 3,height,Height,,derived,yes,,,"dimensional: 1.00 (36 inch is dimensionally valid for height (length)) ; constraint: 0.70 (1 of 2 constraint(s) on height held; 1 could not be evaluated for lack of co-referenced values) ; identity: abstained (height is not an identity claim) ; vocabulary: abstained (height is quantity, not a controlled term)"
543340147,ATTRIBUTE_VALUE 3,height,36,,extracted,no,,36,"dimensional: 1.00 (36 inch is dimensionally valid for height (length)) ; constraint: 0.70 (1 of 2 constraint(s) on height held; 1 could not be evaluated for lack of co-referenced values) ; identity: abstained (height is not an identity claim) ; vocabulary: abstained (height is quantity, not a controlled term)"
543340147,ATTRIBUTE_UOM 3,height,in,,derived,no,,,"dimensional: 1.00 (36 inch is dimensionally valid for height (length)) ; constraint: 0.70 (1 of 2 constraint(s) on height held; 1 could not be evaluated for lack of co-referenced values) ; identity: abstained (height is not an identity claim) ; vocabulary: abstained (height is quantity, not a controlled term)"
543340147,ATTRIBUTE_LABEL 4,material,Material,,derived,yes,,,"dimensional: abstained (material is nominal, not a physical quantity) ; constraint: abstained (no constraint in decking.railing mentions material) ; identity: abstained (material is not an identity claim) ; vocabulary: 0.00 ('Alm' is not a term material accepts. This category allows 'aluminum', 'composite', 'PVC', 'steel', 'wood'. A plausible-sounding value outside the vocabulary is exactly the failure a confidence score does not catch.)"
543340147,ATTRIBUTE_VALUE 4,material,Alm,,extracted,no,,Alm,"dimensional: abstained (material is nominal, not a physical quantity) ; constraint: abstained (no constraint in decking.railing mentions material) ; identity: abstained (material is not an identity claim) ; vocabulary: 0.00 ('Alm' is not a term material accepts. This category allows 'aluminum', 'composite', 'PVC', 'steel', 'wood'. A plausible-sounding value outside the vocabulary is exactly the failure a confidence score does not catch.)"
543340147,ATTRIBUTE_LABEL 5,baluster_style,Baluster Style,,derived,yes,,,"dimensional: abstained (baluster_style is nominal, not a physical quantity) ; constraint: abstained (no constraint in decking.railing mentions baluster_style) ; identity: abstained (baluster_style is not an identity claim) ; vocabulary: 1.00 ('square' is a declared term for baluster_style)"
543340147,ATTRIBUTE_VALUE 5,baluster_style,square,,extracted,no,,Sq,"dimensional: abstained (baluster_style is nominal, not a physical quantity) ; constraint: abstained (no constraint in decking.railing mentions baluster_style) ; identity: abstained (baluster_style is not an identity claim) ; vocabulary: 1.00 ('square' is a declared term for baluster_style)"
543340147,ATTRIBUTE_LABEL 6,orientation,Orientation,,derived,yes,,,"dimensional: abstained (orientation is nominal, not a physical quantity) ; constraint: abstained (no constraint in decking.railing mentions orientation) ; identity: abstained (orientation is not an identity claim) ; vocabulary: 0.00 ('Str' is not a term orientation accepts. This category allows 'horizontal', 'stair'. A plausible-sounding value outside the vocabulary is exactly the failure a confidence score does not catch.)"
543340147,ATTRIBUTE_VALUE 6,orientation,Str,,extracted,no,,Str,"dimensional: abstained (orientation is nominal, not a physical quantity) ; constraint: abstained (no constraint in decking.railing mentions orientation) ; identity: abstained (orientation is not an identity claim) ; vocabulary: 0.00 ('Str' is not a term orientation accepts. This category allows 'horizontal', 'stair'. A plausible-sounding value outside the vocabulary is exactly the failure a confidence score does not catch.)"
543340147,ATTRIBUTE_LABEL 7,colour,Color,,derived,yes,,,"dimensional: abstained (colour is text, not a physical quantity) ; constraint: abstained (no constraint in decking.railing mentions colour) ; identity: abstained (colour is not an identity claim) ; vocabulary: abstained (colour is text, not a controlled term)"
543340147,ATTRIBUTE_VALUE 7,colour,Black,,extracted,no,,Black,"dimensional: abstained (colour is text, not a physical quantity) ; constraint: abstained (no constraint in decking.railing mentions colour) ; identity: abstained (colour is not an identity claim) ; vocabulary: abstained (colour is text, not a controlled term)"
543340147,ATTRIBUTE_LABEL 8,assembly,Assembly,,derived,yes,,,"dimensional: abstained (assembly is nominal, not a physical quantity) ; constraint: abstained (no constraint in decking.railing mentions assembly) ; identity: abstained (assembly is not an identity claim) ; vocabulary: 1.00 ('assembled' is a declared term for assembly)"
543340147,ATTRIBUTE_VALUE 8,assembly,assembled,,extracted,no,,Assembled,"dimensional: abstained (assembly is nominal, not a physical quantity) ; constraint: abstained (no constraint in decking.railing mentions assembly) ; identity: abstained (assembly is not an identity claim) ; vocabulary: 1.00 ('assembled' is a declared term for assembly)"
543340147,UNSPSC,,30151800,,routed,yes,,Rail | Panel,
543340147,HEIGHT,height,36,,derived,yes,,36,"dimensional: 1.00 (36 inch is dimensionally valid for height (length)) ; constraint: 0.70 (1 of 2 constraint(s) on height held; 1 could not be evaluated for lack of co-referenced values) ; identity: abstained (height is not an identity claim) ; vocabulary: abstained (height is quantity, not a controlled term)"
543340147,HEIGHT_UOM,height,in,,derived,yes,,,"dimensional: 1.00 (36 inch is dimensionally valid for height (length)) ; constraint: 0.70 (1 of 2 constraint(s) on height held; 1 could not be evaluated for lack of co-referenced values) ; identity: abstained (height is not an identity claim) ; vocabulary: abstained (height is quantity, not a controlled term)"
ADB15516CS,Dept,,Building Materials,,routed,yes,,Decking | Sq | Edge | Azek | TIMBERTECH | PVC,
ADB15516CS,Class,,Decking & Railing,,routed,yes,,Decking | Sq | Edge | Azek | TIMBERTECH | PVC,
ADB15516CS,Fine,,Composite & PVC Decking,,routed,yes,,Decking | Sq | Edge | Azek | TIMBERTECH | PVC,
ADB15516CS,Mfg_Part_Num,,ADB15516CS,,passthrough,yes,,,
ADB15516CS,Part_Desc,,1x6-16' Coastline Sq Edge - Vintage Azek PVC Decking,,passthrough,yes,,,
ADB15516CS,E1_Brand,,TIMBERTECH,,passthrough,yes,,,
ADB15516CS,Unilog_Brand,,-- No Unilog Brand --,,passthrough,yes,,,
ADB15516CS,DIB_Brand,,-- No DIB Brand --,,passthrough,yes,,,
ADB15516CS,Part_Manuf,,Parksite (6151),,passthrough,yes,,,
ADB15516CS,MANUFACTURER_NAME,,Parksite,,passthrough,yes,,,
ADB15516CS,BRAND_NAME,,TIMBERTECH,,passthrough,yes,,,
ADB15516CS,MANUFACTURER_PART_NUMBER,,ADB15516CS,,passthrough,yes,,,
ADB15516CS,Classpath,,Building Materials>Decking & Porch>Deck Boards,,routed,yes,,Decking | Sq | Edge | Azek | TIMBERTECH | PVC,
ADB15516CS,MOBILE_DESC,,"Parksite TIMBERTECH, Composite Decking, ADB15516CS, 1 in Nominal Thickness",,composed,yes,,1,
ADB15516CS,INVOICE_DESC,,COMPOSITE DECKING 1IN 6IN 16FT PVC AZEK,,composed,yes,,1 | 6 | 16' | PVC | Azek,
ADB15516CS,SHORT_DESC,,"TIMBERTECH ADB15516CS Composite Decking, 1 in Nominal Thickness, 6 in Nominal Width, 16 ft Length, PVC",,composed,yes,,1 | 6 | 16' | PVC,
ADB15516CS,LONG_DESC1,,"TIMBERTECH Composite Decking, 1 in Nominal Thickness, 6 in Nominal Width, 16 ft Length, PVC, Sq Edge Edge Profile, Vintage, Coastline Collection, Azek Board Type, Vintage Surface",,composed,yes,,1 | 6 | 16' | PVC | Sq Edge | Vintage | Coastline | Azek,
ADB15516CS,RETAIL_DESC,,"Composite Decking, 1 in Nominal Thickness, 6 in Nominal Width, 16 ft Length, PVC, Sq Edge Edge Profile, Vintage",,composed,yes,,1 | 6 | 16' | PVC | Sq Edge | Vintage,
ADB15516CS,ITEM_FEATURES_1,,1 in,,composed,yes,,1,
ADB15516CS,ITEM_FEATURES_2,,6 in,,composed,yes,,6,
ADB15516CS,ITEM_FEATURES_3,,16 ft,,composed,yes,,16',
ADB15516CS,ATTRIBUTE_LABEL 1,nominal_thickness,Nominal Thickness,,derived,yes,,,"dimensional: 0.55 ('1' carries no unit; assuming millimeter. Unlabelled numbers are how inch/millimetre errors enter a catalog.) ; constraint: 1.00 (all 3 constraint(s) on nominal_thickness hold) ; identity: abstained (nominal_thickness is not an identity claim) ; vocabulary: abstained (nominal_thickness is quantity, not a controlled term)"
ADB15516CS,ATTRIBUTE_VALUE 1,nominal_thickness,1,,extracted,no,,1,"dimensional: 0.55 ('1' carries no unit; assuming millimeter. Unlabelled numbers are how inch/millimetre errors enter a catalog.) ; constraint: 1.00 (all 3 constraint(s) on nominal_thickness hold) ; identity: abstained (nominal_thickness is not an identity claim) ; vocabulary: abstained (nominal_thickness is quantity, not a controlled term)"
ADB15516CS,ATTRIBUTE_UOM 1,nominal_thickness,in,,derived,no,,,"dimensional: 0.55 ('1' carries no unit; assuming millimeter. Unlabelled numbers are how inch/millimetre errors enter a catalog.) ; constraint: 1.00 (all 3 constraint(s) on nominal_thickness hold) ; identity: abstained (nominal_thickness is not an identity claim) ; vocabulary: abstained (nominal_thickness is quantity, not a controlled term)"
ADB15516CS,ATTRIBUTE_LABEL 2,nominal_width,Nominal Width,,derived,yes,,,"dimensional: 0.55 ('6' carries no unit; assuming millimeter. Unlabelled numbers are how inch/millimetre errors enter a catalog.) ; constraint: 1.00 (all 2 constraint(s) on nominal_width hold) ; identity: abstained (nominal_width is not an identity claim) ; vocabulary: abstained (nominal_width is quantity, not a controlled term)"
ADB15516CS,ATTRIBUTE_VALUE 2,nominal_width,6,,extracted,no,,6,"dimensional: 0.55 ('6' carries no unit; assuming millimeter. Unlabelled numbers are how inch/millimetre errors enter a catalog.) ; constraint: 1.00 (all 2 constraint(s) on nominal_width hold) ; identity: abstained (nominal_width is not an identity claim) ; vocabulary: abstained (nominal_width is quantity, not a controlled term)"
ADB15516CS,ATTRIBUTE_UOM 2,nominal_width,in,,derived,no,,,"dimensional: 0.55 ('6' carries no unit; assuming millimeter. Unlabelled numbers are how inch/millimetre errors enter a catalog.) ; constraint: 1.00 (all 2 constraint(s) on nominal_width hold) ; identity: abstained (nominal_width is not an identity claim) ; vocabulary: abstained (nominal_width is quantity, not a controlled term)"
ADB15516CS,ATTRIBUTE_LABEL 3,length,Length,,derived,yes,,,"dimensional: 1.00 (16 foot is dimensionally valid for length) ; constraint: 1.00 (all 3 constraint(s) on length hold) ; identity: abstained (length is not an identity claim) ; vocabulary: abstained (length is quantity, not a controlled term)"
ADB15516CS,ATTRIBUTE_VALUE 3,length,16,,extracted,no,,16',"dimensional: 1.00 (16 foot is dimensionally valid for length) ; constraint: 1.00 (all 3 constraint(s) on length hold) ; identity: abstained (length is not an identity claim) ; vocabulary: abstained (length is quantity, not a controlled term)"
ADB15516CS,ATTRIBUTE_UOM 3,length,ft,,derived,no,,,"dimensional: 1.00 (16 foot is dimensionally valid for length) ; constraint: 1.00 (all 3 constraint(s) on length hold) ; identity: abstained (length is not an identity claim) ; vocabulary: abstained (length is quantity, not a controlled term)"
ADB15516CS,ATTRIBUTE_LABEL 4,material,Material,,derived,yes,,,"dimensional: abstained (material is nominal, not a physical quantity) ; constraint: abstained (no constraint in decking.board mentions material) ; identity: abstained (material is not an identity claim) ; vocabulary: 1.00 ('PVC' is a declared term for material)"
ADB15516CS,ATTRIBUTE_VALUE 4,material,PVC,,extracted,no,,PVC,"dimensional: abstained (material is nominal, not a physical quantity) ; constraint: abstained (no constraint in decking.board mentions material) ; identity: abstained (material is not an identity claim) ; vocabulary: 1.00 ('PVC' is a declared term for material)"
ADB15516CS,ATTRIBUTE_LABEL 5,edge_profile,Edge Profile,,derived,yes,,,"dimensional: abstained (edge_profile is nominal, not a physical quantity) ; constraint: abstained (no constraint in decking.board mentions edge_profile) ; identity: abstained (edge_profile is not an identity claim) ; vocabulary: 0.00 ('Sq Edge' is not a term edge_profile accepts. This category allows 'grooved', 'square edge', 'scalloped', 'solid'. A plausible-sounding value outside the vocabulary is exactly the failure a confidence score does not catch.)"
ADB15516CS,ATTRIBUTE_VALUE 5,edge_profile,Sq Edge,,extracted,no,,Sq Edge,"dimensional: abstained (edge_profile is nominal, not a physical quantity) ; constraint: abstained (no constraint in decking.board mentions edge_profile) ; identity: abstained (edge_profile is not an identity claim) ; vocabulary: 0.00 ('Sq Edge' is not a term edge_profile accepts. This category allows 'grooved', 'square edge', 'scalloped', 'solid'. A plausible-sounding value outside the vocabulary is exactly the failure a confidence score does not catch.)"
ADB15516CS,ATTRIBUTE_LABEL 6,colour,Color,,derived,yes,,,"dimensional: abstained (colour is text, not a physical quantity) ; constraint: abstained (no constraint in decking.board mentions colour) ; identity: abstained (colour is not an identity claim) ; vocabulary: abstained (colour is text, not a controlled term)"
ADB15516CS,ATTRIBUTE_VALUE 6,colour,Vintage,,extracted,no,,Vintage,"dimensional: abstained (colour is text, not a physical quantity) ; constraint: abstained (no constraint in decking.board mentions colour) ; identity: abstained (colour is not an identity claim) ; vocabulary: abstained (colour is text, not a controlled term)"
ADB15516CS,ATTRIBUTE_LABEL 7,collection,Collection,,derived,yes,,,"dimensional: abstained (collection is text, not a physical quantity) ; constraint: abstained (no constraint in decking.board mentions collection) ; identity: abstained (collection is not an identity claim) ; vocabulary: abstained (collection is text, not a controlled term)"
ADB15516CS,ATTRIBUTE_VALUE 7,collection,Coastline,,extracted,no,,Coastline,"dimensional: abstained (collection is text, not a physical quantity) ; constraint: abstained (no constraint in decking.board mentions collection) ; identity: abstained (collection is not an identity claim) ; vocabulary: abstained (collection is text, not a controlled term)"
ADB15516CS,ATTRIBUTE_LABEL 8,board_type,Board Type,,derived,yes,,,"dimensional: abstained (board_type is nominal, not a physical quantity) ; constraint: abstained (no constraint in decking.board mentions board_type) ; identity: abstained (board_type is not an identity claim) ; vocabulary: 0.00 ('Azek' is not a term board_type accepts. This category allows 'deck board', 'fascia', 'riser', 'stair tread'. A plausible-sounding value outside the vocabulary is exactly the failure a confidence score does not catch.)"
ADB15516CS,ATTRIBUTE_VALUE 8,board_type,Azek,,extracted,no,,Azek,"dimensional: abstained (board_type is nominal, not a physical quantity) ; constraint: abstained (no constraint in decking.board mentions board_type) ; identity: abstained (board_type is not an identity claim) ; vocabulary: 0.00 ('Azek' is not a term board_type accepts. This category allows 'deck board', 'fascia', 'riser', 'stair tread'. A plausible-sounding value outside the vocabulary is exactly the failure a confidence score does not catch.)"
ADB15516CS,ATTRIBUTE_LABEL 9,surface_texture,Surface,,derived,yes,,,"dimensional: abstained (surface_texture is nominal, not a physical quantity) ; constraint: abstained (no constraint in decking.board mentions surface_texture) ; identity: abstained (surface_texture is not an identity claim) ; vocabulary: 0.00 ('Vintage' is not a term surface_texture accepts. This category allows 'embossed wood grain', 'brushed', 'smooth', 'variegated'. A plausible-sounding value outside the vocabulary is exactly the failure a confidence score does not catch.)"
ADB15516CS,ATTRIBUTE_VALUE 9,surface_texture,Vintage,,extracted,no,,Vintage,"dimensional: abstained (surface_texture is nominal, not a physical quantity) ; constraint: abstained (no constraint in decking.board mentions surface_texture) ; identity: abstained (surface_texture is not an identity claim) ; vocabulary: 0.00 ('Vintage' is not a term surface_texture accepts. This category allows 'embossed wood grain', 'brushed', 'smooth', 'variegated'. A plausible-sounding value outside the vocabulary is exactly the failure a confidence score does not catch.)"
ADB15516CS,UNSPSC,,30103604,,routed,yes,,Decking | Sq | Edge | Azek | TIMBERTECH | PVC,
ADB15516CS,LENGTH,length,16,,derived,yes,,16',"dimensional: 1.00 (16 foot is dimensionally valid for length) ; constraint: 1.00 (all 3 constraint(s) on length hold) ; identity: abstained (length is not an identity claim) ; vocabulary: abstained (length is quantity, not a controlled term)"
ADB15516CS,LENGTH_UOM,length,ft,,derived,yes,,,"dimensional: 1.00 (16 foot is dimensionally valid for length) ; constraint: 1.00 (all 3 constraint(s) on length hold) ; identity: abstained (length is not an identity claim) ; vocabulary: abstained (length is quantity, not a controlled term)"
ADB15516CS,WIDTH,nominal_width,6,,derived,yes,,6,"dimensional: 0.55 ('6' carries no unit; assuming millimeter. Unlabelled numbers are how inch/millimetre errors enter a catalog.) ; constraint: 1.00 (all 2 constraint(s) on nominal_width hold) ; identity: abstained (nominal_width is not an identity claim) ; vocabulary: abstained (nominal_width is quantity, not a controlled term)"
ADB15516CS,WIDTH_UOM,nominal_width,in,,derived,yes,,,"dimensional: 0.55 ('6' carries no unit; assuming millimeter. Unlabelled numbers are how inch/millimetre errors enter a catalog.) ; constraint: 1.00 (all 2 constraint(s) on nominal_width hold) ; identity: abstained (nominal_width is not an identity claim) ; vocabulary: abstained (nominal_width is quantity, not a controlled term)"
ADB15520CS,Dept,,Building Materials,,routed,yes,,Decking | Sq | Edge | Azek | TIMBERTECH | PVC,
ADB15520CS,Class,,Decking & Railing,,routed,yes,,Decking | Sq | Edge | Azek | TIMBERTECH | PVC,
ADB15520CS,Fine,,Composite & PVC Decking,,routed,yes,,Decking | Sq | Edge | Azek | TIMBERTECH | PVC,
ADB15520CS,Mfg_Part_Num,,ADB15520CS,,passthrough,yes,,,
ADB15520CS,Part_Desc,,1x6-20' Coastline Sq Edge - Vintage Azek PVC Decking,,passthrough,yes,,,
ADB15520CS,E1_Brand,,TIMBERTECH,,passthrough,yes,,,
ADB15520CS,Unilog_Brand,,-- No Unilog Brand --,,passthrough,yes,,,
ADB15520CS,DIB_Brand,,-- No DIB Brand --,,passthrough,yes,,,
ADB15520CS,Part_Manuf,,Parksite (6151),,passthrough,yes,,,
ADB15520CS,MANUFACTURER_NAME,,Parksite,,passthrough,yes,,,
ADB15520CS,BRAND_NAME,,TIMBERTECH,,passthrough,yes,,,
ADB15520CS,MANUFACTURER_PART_NUMBER,,ADB15520CS,,passthrough,yes,,,
ADB15520CS,Classpath,,Building Materials>Decking & Porch>Deck Boards,,routed,yes,,Decking | Sq | Edge | Azek | TIMBERTECH | PVC,
ADB15520CS,MOBILE_DESC,,"Parksite TIMBERTECH, Composite Decking, ADB15520CS, 1 in Nominal Thickness",,composed,yes,,1,
ADB15520CS,INVOICE_DESC,,COMPOSITE DECKING 1IN 6IN 20FT PVC AZEK,,composed,yes,,1 | 6 | 20' | PVC | Azek,
ADB15520CS,SHORT_DESC,,"TIMBERTECH ADB15520CS Composite Decking, 1 in Nominal Thickness, 6 in Nominal Width, 20 ft Length, PVC",,composed,yes,,1 | 6 | 20' | PVC,
ADB15520CS,LONG_DESC1,,"TIMBERTECH Composite Decking, 1 in Nominal Thickness, 6 in Nominal Width, 20 ft Length, PVC, square edge Edge Profile, Coastline, Vintage Collection, Azek Board Type",,composed,yes,,1 | 6 | 20' | PVC | Sq | Coastline | Vintage | Azek,
ADB15520CS,RETAIL_DESC,,"Composite Decking, 1 in Nominal Thickness, 6 in Nominal Width, 20 ft Length, PVC, square edge Edge Profile, Coastline",,composed,yes,,1 | 6 | 20' | PVC | Sq | Coastline,
ADB15520CS,ITEM_FEATURES_1,,1 in,,composed,yes,,1,
ADB15520CS,ITEM_FEATURES_2,,6 in,,composed,yes,,6,
ADB15520CS,ITEM_FEATURES_3,,20 ft,,composed,yes,,20',
ADB15520CS,ATTRIBUTE_LABEL 1,nominal_thickness,Nominal Thickness,,derived,yes,,,"dimensional: 0.55 ('1' carries no unit; assuming millimeter. Unlabelled numbers are how inch/millimetre errors enter a catalog.) ; constraint: 1.00 (all 3 constraint(s) on nominal_thickness hold) ; identity: abstained (nominal_thickness is not an identity claim) ; vocabulary: abstained (nominal_thickness is quantity, not a controlled term)"
ADB15520CS,ATTRIBUTE_VALUE 1,nominal_thickness,1,,extracted,no,,1,"dimensional: 0.55 ('1' carries no unit; assuming millimeter. Unlabelled numbers are how inch/millimetre errors enter a catalog.) ; constraint: 1.00 (all 3 constraint(s) on nominal_thickness hold) ; identity: abstained (nominal_thickness is not an identity claim) ; vocabulary: abstained (nominal_thickness is quantity, not a controlled term)"
ADB15520CS,ATTRIBUTE_UOM 1,nominal_thickness,in,,derived,no,,,"dimensional: 0.55 ('1' carries no unit; assuming millimeter. Unlabelled numbers are how inch/millimetre errors enter a catalog.) ; constraint: 1.00 (all 3 constraint(s) on nominal_thickness hold) ; identity: abstained (nominal_thickness is not an identity claim) ; vocabulary: abstained (nominal_thickness is quantity, not a controlled term)"
ADB15520CS,ATTRIBUTE_LABEL 2,nominal_width,Nominal Width,,derived,yes,,,"dimensional: 0.55 ('6' carries no unit; assuming millimeter. Unlabelled numbers are how inch/millimetre errors enter a catalog.) ; constraint: 1.00 (all 2 constraint(s) on nominal_width hold) ; identity: abstained (nominal_width is not an identity claim) ; vocabulary: abstained (nominal_width is quantity, not a controlled term)"
ADB15520CS,ATTRIBUTE_VALUE 2,nominal_width,6,,extracted,no,,6,"dimensional: 0.55 ('6' carries no unit; assuming millimeter. Unlabelled numbers are how inch/millimetre errors enter a catalog.) ; constraint: 1.00 (all 2 constraint(s) on nominal_width hold) ; identity: abstained (nominal_width is not an identity claim) ; vocabulary: abstained (nominal_width is quantity, not a controlled term)"
ADB15520CS,ATTRIBUTE_UOM 2,nominal_width,in,,derived,no,,,"dimensional: 0.55 ('6' carries no unit; assuming millimeter. Unlabelled numbers are how inch/millimetre errors enter a catalog.) ; constraint: 1.00 (all 2 constraint(s) on nominal_width hold) ; identity: abstained (nominal_width is not an identity claim) ; vocabulary: abstained (nominal_width is quantity, not a controlled term)"
ADB15520CS,ATTRIBUTE_LABEL 3,length,Length,,derived,yes,,,"dimensional: 1.00 (20 foot is dimensionally valid for length) ; constraint: 1.00 (all 3 constraint(s) on length hold) ; identity: abstained (length is not an identity claim) ; vocabulary: abstained (length is quantity, not a controlled term)"
ADB15520CS,ATTRIBUTE_VALUE 3,length,20,,extracted,no,,20',"dimensional: 1.00 (20 foot is dimensionally valid for length) ; constraint: 1.00 (all 3 constraint(s) on length hold) ; identity: abstained (length is not an identity claim) ; vocabulary: abstained (length is quantity, not a controlled term)"
ADB15520CS,ATTRIBUTE_UOM 3,length,ft,,derived,no,,,"dimensional: 1.00 (20 foot is dimensionally valid for length) ; constraint: 1.00 (all 3 constraint(s) on length hold) ; identity: abstained (length is not an identity claim) ; vocabulary: abstained (length is quantity, not a controlled term)"
ADB15520CS,ATTRIBUTE_LABEL 4,material,Material,,derived,yes,,,"dimensional: abstained (material is nominal, not a physical quantity) ; constraint: abstained (no constraint in decking.board mentions material) ; identity: abstained (material is not an identity claim) ; vocabulary: 1.00 ('PVC' is a declared term for material)"
ADB15520CS,ATTRIBUTE_VALUE 4,material,PVC,,extracted,no,,PVC,"dimensional: abstained (material is nominal, not a physical quantity) ; constraint: abstained (no constraint in decking.board mentions material) ; identity: abstained (material is not an identity claim) ; vocabulary: 1.00 ('PVC' is a declared term for material)"
ADB15520CS,ATTRIBUTE_LABEL 5,edge_profile,Edge Profile,,derived,yes,,,"dimensional: abstained (edge_profile is nominal, not a physical quantity) ; constraint: abstained (no constraint in decking.board mentions edge_profile) ; identity: abstained (edge_profile is not an identity claim) ; vocabulary: 1.00 ('square edge' is a declared term for edge_profile)"
ADB15520CS,ATTRIBUTE_VALUE 5,edge_profile,square edge,,extracted,no,,Sq,"dimensional: abstained (edge_profile is nominal, not a physical quantity) ; constraint: abstained (no constraint in decking.board mentions edge_profile) ; identity: abstained (edge_profile is not an identity claim) ; vocabulary: 1.00 ('square edge' is a declared term for edge_profile)"
ADB15520CS,ATTRIBUTE_LABEL 6,colour,Color,,derived,yes,,,"dimensional: abstained (colour is text, not a physical quantity) ; constraint: abstained (no constraint in decking.board mentions colour) ; identity: abstained (colour is not an identity claim) ; vocabulary: abstained (colour is text, not a controlled term)"
ADB15520CS,ATTRIBUTE_VALUE 6,colour,Coastline,,extracted,no,,Coastline,"dimensional: abstained (colour is text, not a physical quantity) ; constraint: abstained (no constraint in decking.board mentions colour) ; identity: abstained (colour is not an identity claim) ; vocabulary: abstained (colour is text, not a controlled term)"
ADB15520CS,ATTRIBUTE_LABEL 7,collection,Collection,,derived,yes,,,"dimensional: abstained (collection is text, not a physical quantity) ; constraint: abstained (no constraint in decking.board mentions collection) ; identity: abstained (collection is not an identity claim) ; vocabulary: abstained (collection is text, not a controlled term)"
ADB15520CS,ATTRIBUTE_VALUE 7,collection,Vintage,,extracted,no,,Vintage,"dimensional: abstained (collection is text, not a physical quantity) ; constraint: abstained (no constraint in decking.board mentions collection) ; identity: abstained (collection is not an identity claim) ; vocabulary: abstained (collection is text, not a controlled term)"
ADB15520CS,ATTRIBUTE_LABEL 8,board_type,Board Type,,derived,yes,,,"dimensional: abstained (board_type is nominal, not a physical quantity) ; constraint: abstained (no constraint in decking.board mentions board_type) ; identity: abstained (board_type is not an identity claim) ; vocabulary: 0.00 ('Azek' is not a term board_type accepts. This category allows 'deck board', 'fascia', 'riser', 'stair tread'. A plausible-sounding value outside the vocabulary is exactly the failure a confidence score does not catch.)"
ADB15520CS,ATTRIBUTE_VALUE 8,board_type,Azek,,extracted,no,,Azek,"dimensional: abstained (board_type is nominal, not a physical quantity) ; constraint: abstained (no constraint in decking.board mentions board_type) ; identity: abstained (board_type is not an identity claim) ; vocabulary: 0.00 ('Azek' is not a term board_type accepts. This category allows 'deck board', 'fascia', 'riser', 'stair tread'. A plausible-sounding value outside the vocabulary is exactly the failure a confidence score does not catch.)"
ADB15520CS,ATTRIBUTE_LABEL 9,surface_texture,Surface,,derived,yes,,,
ADB15520CS,UNSPSC,,30103604,,routed,yes,,Decking | Sq | Edge | Azek | TIMBERTECH | PVC,
ADB15520CS,LENGTH,length,20,,derived,yes,,20',"dimensional: 1.00 (20 foot is dimensionally valid for length) ; constraint: 1.00 (all 3 constraint(s) on length hold) ; identity: abstained (length is not an identity claim) ; vocabulary: abstained (length is quantity, not a controlled term)"
ADB15520CS,LENGTH_UOM,length,ft,,derived,yes,,,"dimensional: 1.00 (20 foot is dimensionally valid for length) ; constraint: 1.00 (all 3 constraint(s) on length hold) ; identity: abstained (length is not an identity claim) ; vocabulary: abstained (length is quantity, not a controlled term)"
ADB15520CS,WIDTH,nominal_width,6,,derived,yes,,6,"dimensional: 0.55 ('6' carries no unit; assuming millimeter. Unlabelled numbers are how inch/millimetre errors enter a catalog.) ; constraint: 1.00 (all 2 constraint(s) on nominal_width hold) ; identity: abstained (nominal_width is not an identity claim) ; vocabulary: abstained (nominal_width is quantity, not a controlled term)"
ADB15520CS,WIDTH_UOM,nominal_width,in,,derived,yes,,,"dimensional: 0.55 ('6' carries no unit; assuming millimeter. Unlabelled numbers are how inch/millimetre errors enter a catalog.) ; constraint: 1.00 (all 2 constraint(s) on nominal_width hold) ; identity: abstained (nominal_width is not an identity claim) ; vocabulary: abstained (nominal_width is quantity, not a controlled term)"
ADB15516EW,Dept,,Building Materials,,routed,yes,,Decking | Sq | Edge | Azek | TIMBERTECH | PVC,
ADB15516EW,Class,,Decking & Railing,,routed,yes,,Decking | Sq | Edge | Azek | TIMBERTECH | PVC,
ADB15516EW,Fine,,Composite & PVC Decking,,routed,yes,,Decking | Sq | Edge | Azek | TIMBERTECH | PVC,
ADB15516EW,Mfg_Part_Num,,ADB15516EW,,passthrough,yes,,,
ADB15516EW,Part_Desc,,1x6-16' English Walnut Sq Edge - Vintage Azek PVC Decking,,passthrough,yes,,,
ADB15516EW,E1_Brand,,TIMBERTECH,,passthrough,yes,,,
ADB15516EW,Unilog_Brand,,-- No Unilog Brand --,,passthrough,yes,,,
ADB15516EW,DIB_Brand,,-- No DIB Brand --,,passthrough,yes,,,
ADB15516EW,Part_Manuf,,Parksite (6151),,passthrough,yes,,,
ADB15516EW,MANUFACTURER_NAME,,Parksite,,passthrough,yes,,,
ADB15516EW,BRAND_NAME,,TIMBERTECH,,passthrough,yes,,,
ADB15516EW,MANUFACTURER_PART_NUMBER,,ADB15516EW,,passthrough,yes,,,
ADB15516EW,Classpath,,Building Materials>Decking & Porch>Deck Boards,,routed,yes,,Decking | Sq | Edge | Azek | TIMBERTECH | PVC,
ADB15516EW,MOBILE_DESC,,"Parksite TIMBERTECH, Composite Decking, ADB15516EW, 1 in Nominal Thickness",,composed,yes,,1,
ADB15516EW,INVOICE_DESC,,COMPOSITE DECKING 1IN 6IN 16FT PVC AZEK,,composed,yes,,1 | 6 | 16' | PVC | Azek,
ADB15516EW,SHORT_DESC,,"TIMBERTECH ADB15516EW Composite Decking, 1 in Nominal Thickness, 6 in Nominal Width, 16 ft Length, PVC",,composed,yes,,1 | 6 | 16' | PVC,
ADB15516EW,LONG_DESC1,,"TIMBERTECH Composite Decking, 1 in Nominal Thickness, 6 in Nominal Width, 16 ft Length, PVC, square edge Edge Profile, English Walnut, Vintage Collection, Azek Board Type",,composed,yes,,1 | 6 | 16' | PVC | Sq | English Walnut | Vintage | Azek,
ADB15516EW,RETAIL_DESC,,"Composite Decking, 1 in Nominal Thickness, 6 in Nominal Width, 16 ft Length, PVC, square edge Edge Profile",,composed,yes,,1 | 6 | 16' | PVC | Sq,
ADB15516EW,ITEM_FEATURES_1,,1 in,,composed,yes,,1,
ADB15516EW,ITEM_FEATURES_2,,6 in,,composed,yes,,6,
ADB15516EW,ITEM_FEATURES_3,,16 ft,,composed,yes,,16',
ADB15516EW,ATTRIBUTE_LABEL 1,nominal_thickness,Nominal Thickness,,derived,yes,,,"dimensional: 0.55 ('1' carries no unit; assuming millimeter. Unlabelled numbers are how inch/millimetre errors enter a catalog.) ; constraint: 1.00 (all 3 constraint(s) on nominal_thickness hold) ; identity: abstained (nominal_thickness is not an identity claim) ; vocabulary: abstained (nominal_thickness is quantity, not a controlled term)"
ADB15516EW,ATTRIBUTE_VALUE 1,nominal_thickness,1,,extracted,no,,1,"dimensional: 0.55 ('1' carries no unit; assuming millimeter. Unlabelled numbers are how inch/millimetre errors enter a catalog.) ; constraint: 1.00 (all 3 constraint(s) on nominal_thickness hold) ; identity: abstained (nominal_thickness is not an identity claim) ; vocabulary: abstained (nominal_thickness is quantity, not a controlled term)"
ADB15516EW,ATTRIBUTE_UOM 1,nominal_thickness,in,,derived,no,,,"dimensional: 0.55 ('1' carries no unit; assuming millimeter. Unlabelled numbers are how inch/millimetre errors enter a catalog.) ; constraint: 1.00 (all 3 constraint(s) on nominal_thickness hold) ; identity: abstained (nominal_thickness is not an identity claim) ; vocabulary: abstained (nominal_thickness is quantity, not a controlled term)"
ADB15516EW,ATTRIBUTE_LABEL 2,nominal_width,Nominal Width,,derived,yes,,,"dimensional: 0.55 ('6' carries no unit; assuming millimeter. Unlabelled numbers are how inch/millimetre errors enter a catalog.) ; constraint: 1.00 (all 2 constraint(s) on nominal_width hold) ; identity: abstained (nominal_width is not an identity claim) ; vocabulary: abstained (nominal_width is quantity, not a controlled term)"
ADB15516EW,ATTRIBUTE_VALUE 2,nominal_width,6,,extracted,no,,6,"dimensional: 0.55 ('6' carries no unit; assuming millimeter. Unlabelled numbers are how inch/millimetre errors enter a catalog.) ; constraint: 1.00 (all 2 constraint(s) on nominal_width hold) ; identity: abstained (nominal_width is not an identity claim) ; vocabulary: abstained (nominal_width is quantity, not a controlled term)"
ADB15516EW,ATTRIBUTE_UOM 2,nominal_width,in,,derived,no,,,"dimensional: 0.55 ('6' carries no unit; assuming millimeter. Unlabelled numbers are how inch/millimetre errors enter a catalog.) ; constraint: 1.00 (all 2 constraint(s) on nominal_width hold) ; identity: abstained (nominal_width is not an identity claim) ; vocabulary: abstained (nominal_width is quantity, not a controlled term)"
ADB15516EW,ATTRIBUTE_LABEL 3,length,Length,,derived,yes,,,"dimensional: 1.00 (16 foot is dimensionally valid for length) ; constraint: 1.00 (all 3 constraint(s) on length hold) ; identity: abstained (length is not an identity claim) ; vocabulary: abstained (length is quantity, not a controlled term)"
ADB15516EW,ATTRIBUTE_VALUE 3,length,16,,extracted,no,,16',"dimensional: 1.00 (16 foot is dimensionally valid for length) ; constraint: 1.00 (all 3 constraint(s) on length hold) ; identity: abstained (length is not an identity claim) ; vocabulary: abstained (length is quantity, not a controlled term)"
ADB15516EW,ATTRIBUTE_UOM 3,length,ft,,derived,no,,,"dimensional: 1.00 (16 foot is dimensionally valid for length) ; constraint: 1.00 (all 3 constraint(s) on length hold) ; identity: abstained (length is not an identity claim) ; vocabulary: abstained (length is quantity, not a controlled term)"
ADB15516EW,ATTRIBUTE_LABEL 4,material,Material,,derived,yes,,,"dimensional: abstained (material is nominal, not a physical quantity) ; constraint: abstained (no constraint in decking.board mentions material) ; identity: abstained (material is not an identity claim) ; vocabulary: 1.00 ('PVC' is a declared term for material)"
ADB15516EW,ATTRIBUTE_VALUE 4,material,PVC,,extracted,no,,PVC,"dimensional: abstained (material is nominal, not a physical quantity) ; constraint: abstained (no constraint in decking.board mentions material) ; identity: abstained (material is not an identity claim) ; vocabulary: 1.00 ('PVC' is a declared term for material)"
ADB15516EW,ATTRIBUTE_LABEL 5,edge_profile,Edge Profile,,derived,yes,,,"dimensional: abstained (edge_profile is nominal, not a physical quantity) ; constraint: abstained (no constraint in decking.board mentions edge_profile) ; identity: abstained (edge_profile is not an identity claim) ; vocabulary: 1.00 ('square edge' is a declared term for edge_profile)"
ADB15516EW,ATTRIBUTE_VALUE 5,edge_profile,square edge,,extracted,no,,Sq,"dimensional: abstained (edge_profile is nominal, not a physical quantity) ; constraint: abstained (no constraint in decking.board mentions edge_profile) ; identity: abstained (edge_profile is not an identity claim) ; vocabulary: 1.00 ('square edge' is a declared term for edge_profile)"
ADB15516EW,ATTRIBUTE_LABEL 6,colour,Color,,derived,yes,,,"dimensional: abstained (colour is text, not a physical quantity) ; constraint: abstained (no constraint in decking.board mentions colour) ; identity: abstained (colour is not an identity claim) ; vocabulary: abstained (colour is text, not a controlled term)"
ADB15516EW,ATTRIBUTE_VALUE 6,colour,English Walnut,,extracted,no,,English Walnut,"dimensional: abstained (colour is text, not a physical quantity) ; constraint: abstained (no constraint in decking.board mentions colour) ; identity: abstained (colour is not an identity claim) ; vocabulary: abstained (colour is text, not a controlled term)"
ADB15516EW,ATTRIBUTE_LABEL 7,collection,Collection,,derived,yes,,,"dimensional: abstained (collection is text, not a physical quantity) ; constraint: abstained (no constraint in decking.board mentions collection) ; identity: abstained (collection is not an identity claim) ; vocabulary: abstained (collection is text, not a controlled term)"
ADB15516EW,ATTRIBUTE_VALUE 7,collection,Vintage,,extracted,no,,Vintage,"dimensional: abstained (collection is text, not a physical quantity) ; constraint: abstained (no constraint in decking.board mentions collection) ; identity: abstained (collection is not an identity claim) ; vocabulary: abstained (collection is text, not a controlled term)"
ADB15516EW,ATTRIBUTE_LABEL 8,board_type,Board Type,,derived,yes,,,"dimensional: abstained (board_type is nominal, not a physical quantity) ; constraint: abstained (no constraint in decking.board mentions board_type) ; identity: abstained (board_type is not an identity claim) ; vocabulary: 0.00 ('Azek' is not a term board_type accepts. This category allows 'deck board', 'fascia', 'riser', 'stair tread'. A plausible-sounding value outside the vocabulary is exactly the failure a confidence score does not catch.)"
ADB15516EW,ATTRIBUTE_VALUE 8,board_type,Azek,,extracted,no,,Azek,"dimensional: abstained (board_type is nominal, not a physical quantity) ; constraint: abstained (no constraint in decking.board mentions board_type) ; identity: abstained (board_type is not an identity claim) ; vocabulary: 0.00 ('Azek' is not a term board_type accepts. This category allows 'deck board', 'fascia', 'riser', 'stair tread'. A plausible-sounding value outside the vocabulary is exactly the failure a confidence score does not catch.)"
ADB15516EW,ATTRIBUTE_LABEL 9,surface_texture,Surface,,derived,yes,,,
ADB15516EW,UNSPSC,,30103604,,routed,yes,,Decking | Sq | Edge | Azek | TIMBERTECH | PVC,
ADB15516EW,LENGTH,length,16,,derived,yes,,16',"dimensional: 1.00 (16 foot is dimensionally valid for length) ; constraint: 1.00 (all 3 constraint(s) on length hold) ; identity: abstained (length is not an identity claim) ; vocabulary: abstained (length is quantity, not a controlled term)"
ADB15516EW,LENGTH_UOM,length,ft,,derived,yes,,,"dimensional: 1.00 (16 foot is dimensionally valid for length) ; constraint: 1.00 (all 3 constraint(s) on length hold) ; identity: abstained (length is not an identity claim) ; vocabulary: abstained (length is quantity, not a controlled term)"
ADB15516EW,WIDTH,nominal_width,6,,derived,yes,,6,"dimensional: 0.55 ('6' carries no unit; assuming millimeter. Unlabelled numbers are how inch/millimetre errors enter a catalog.) ; constraint: 1.00 (all 2 constraint(s) on nominal_width hold) ; identity: abstained (nominal_width is not an identity claim) ; vocabulary: abstained (nominal_width is quantity, not a controlled term)"
ADB15516EW,WIDTH_UOM,nominal_width,in,,derived,yes,,,"dimensional: 0.55 ('6' carries no unit; assuming millimeter. Unlabelled numbers are how inch/millimetre errors enter a catalog.) ; constraint: 1.00 (all 2 constraint(s) on nominal_width hold) ; identity: abstained (nominal_width is not an identity claim) ; vocabulary: abstained (nominal_width is quantity, not a controlled term)"
ADB15520EW,Dept,,Building Materials,,routed,yes,,Decking | Sq | Edge | Azek | TIMBERTECH | PVC,
ADB15520EW,Class,,Decking & Railing,,routed,yes,,Decking | Sq | Edge | Azek | TIMBERTECH | PVC,
ADB15520EW,Fine,,Composite & PVC Decking,,routed,yes,,Decking | Sq | Edge | Azek | TIMBERTECH | PVC,
ADB15520EW,Mfg_Part_Num,,ADB15520EW,,passthrough,yes,,,
ADB15520EW,Part_Desc,,1x6-20' English Walnut Sq Edge - Vintage Azek PVC Decking,,passthrough,yes,,,
ADB15520EW,E1_Brand,,TIMBERTECH,,passthrough,yes,,,
ADB15520EW,Unilog_Brand,,-- No Unilog Brand --,,passthrough,yes,,,
ADB15520EW,DIB_Brand,,-- No DIB Brand --,,passthrough,yes,,,
ADB15520EW,Part_Manuf,,Parksite (6151),,passthrough,yes,,,
ADB15520EW,MANUFACTURER_NAME,,Parksite,,passthrough,yes,,,
ADB15520EW,BRAND_NAME,,TIMBERTECH,,passthrough,yes,,,
ADB15520EW,MANUFACTURER_PART_NUMBER,,ADB15520EW,,passthrough,yes,,,
ADB15520EW,Classpath,,Building Materials>Decking & Porch>Deck Boards,,routed,yes,,Decking | Sq | Edge | Azek | TIMBERTECH | PVC,
ADB15520EW,MOBILE_DESC,,"Parksite TIMBERTECH, Composite Decking, ADB15520EW, 1 in Nominal Thickness",,composed,yes,,1,
ADB15520EW,INVOICE_DESC,,COMPOSITE DECKING 1IN 6IN 20FT PVC AZEK,,composed,yes,,1 | 6 | 20' | PVC | Azek,
ADB15520EW,SHORT_DESC,,"TIMBERTECH ADB15520EW Composite Decking, 1 in Nominal Thickness, 6 in Nominal Width, 20 ft Length, PVC",,composed,yes,,1 | 6 | 20' | PVC,
ADB15520EW,LONG_DESC1,,"TIMBERTECH Composite Decking, 1 in Nominal Thickness, 6 in Nominal Width, 20 ft Length, PVC, square edge Edge Profile, English Walnut, Vintage Collection, Azek Board Type",,composed,yes,,1 | 6 | 20' | PVC | Sq | English Walnut | Vintage | Azek,
ADB15520EW,RETAIL_DESC,,"Composite Decking, 1 in Nominal Thickness, 6 in Nominal Width, 20 ft Length, PVC, square edge Edge Profile",,composed,yes,,1 | 6 | 20' | PVC | Sq,
ADB15520EW,ITEM_FEATURES_1,,1 in,,composed,yes,,1,
ADB15520EW,ITEM_FEATURES_2,,6 in,,composed,yes,,6,
ADB15520EW,ITEM_FEATURES_3,,20 ft,,composed,yes,,20',
ADB15520EW,ATTRIBUTE_LABEL 1,nominal_thickness,Nominal Thickness,,derived,yes,,,"dimensional: 0.55 ('1' carries no unit; assuming millimeter. Unlabelled numbers are how inch/millimetre errors enter a catalog.) ; constraint: 1.00 (all 3 constraint(s) on nominal_thickness hold) ; identity: abstained (nominal_thickness is not an identity claim) ; vocabulary: abstained (nominal_thickness is quantity, not a controlled term)"
ADB15520EW,ATTRIBUTE_VALUE 1,nominal_thickness,1,,extracted,no,,1,"dimensional: 0.55 ('1' carries no unit; assuming millimeter. Unlabelled numbers are how inch/millimetre errors enter a catalog.) ; constraint: 1.00 (all 3 constraint(s) on nominal_thickness hold) ; identity: abstained (nominal_thickness is not an identity claim) ; vocabulary: abstained (nominal_thickness is quantity, not a controlled term)"
ADB15520EW,ATTRIBUTE_UOM 1,nominal_thickness,in,,derived,no,,,"dimensional: 0.55 ('1' carries no unit; assuming millimeter. Unlabelled numbers are how inch/millimetre errors enter a catalog.) ; constraint: 1.00 (all 3 constraint(s) on nominal_thickness hold) ; identity: abstained (nominal_thickness is not an identity claim) ; vocabulary: abstained (nominal_thickness is quantity, not a controlled term)"
ADB15520EW,ATTRIBUTE_LABEL 2,nominal_width,Nominal Width,,derived,yes,,,"dimensional: 0.55 ('6' carries no unit; assuming millimeter. Unlabelled numbers are how inch/millimetre errors enter a catalog.) ; constraint: 1.00 (all 2 constraint(s) on nominal_width hold) ; identity: abstained (nominal_width is not an identity claim) ; vocabulary: abstained (nominal_width is quantity, not a controlled term)"
ADB15520EW,ATTRIBUTE_VALUE 2,nominal_width,6,,extracted,no,,6,"dimensional: 0.55 ('6' carries no unit; assuming millimeter. Unlabelled numbers are how inch/millimetre errors enter a catalog.) ; constraint: 1.00 (all 2 constraint(s) on nominal_width hold) ; identity: abstained (nominal_width is not an identity claim) ; vocabulary: abstained (nominal_width is quantity, not a controlled term)"
ADB15520EW,ATTRIBUTE_UOM 2,nominal_width,in,,derived,no,,,"dimensional: 0.55 ('6' carries no unit; assuming millimeter. Unlabelled numbers are how inch/millimetre errors enter a catalog.) ; constraint: 1.00 (all 2 constraint(s) on nominal_width hold) ; identity: abstained (nominal_width is not an identity claim) ; vocabulary: abstained (nominal_width is quantity, not a controlled term)"
ADB15520EW,ATTRIBUTE_LABEL 3,length,Length,,derived,yes,,,"dimensional: 1.00 (20 foot is dimensionally valid for length) ; constraint: 1.00 (all 3 constraint(s) on length hold) ; identity: abstained (length is not an identity claim) ; vocabulary: abstained (length is quantity, not a controlled term)"
ADB15520EW,ATTRIBUTE_VALUE 3,length,20,,extracted,no,,20',"dimensional: 1.00 (20 foot is dimensionally valid for length) ; constraint: 1.00 (all 3 constraint(s) on length hold) ; identity: abstained (length is not an identity claim) ; vocabulary: abstained (length is quantity, not a controlled term)"
ADB15520EW,ATTRIBUTE_UOM 3,length,ft,,derived,no,,,"dimensional: 1.00 (20 foot is dimensionally valid for length) ; constraint: 1.00 (all 3 constraint(s) on length hold) ; identity: abstained (length is not an identity claim) ; vocabulary: abstained (length is quantity, not a controlled term)"
ADB15520EW,ATTRIBUTE_LABEL 4,material,Material,,derived,yes,,,"dimensional: abstained (material is nominal, not a physical quantity) ; constraint: abstained (no constraint in decking.board mentions material) ; identity: abstained (material is not an identity claim) ; vocabulary: 1.00 ('PVC' is a declared term for material)"
ADB15520EW,ATTRIBUTE_VALUE 4,material,PVC,,extracted,no,,PVC,"dimensional: abstained (material is nominal, not a physical quantity) ; constraint: abstained (no constraint in decking.board mentions material) ; identity: abstained (material is not an identity claim) ; vocabulary: 1.00 ('PVC' is a declared term for material)"
ADB15520EW,ATTRIBUTE_LABEL 5,edge_profile,Edge Profile,,derived,yes,,,"dimensional: abstained (edge_profile is nominal, not a physical quantity) ; constraint: abstained (no constraint in decking.board mentions edge_profile) ; identity: abstained (edge_profile is not an identity claim) ; vocabulary: 1.00 ('square edge' is a declared term for edge_profile)"
ADB15520EW,ATTRIBUTE_VALUE 5,edge_profile,square edge,,extracted,no,,Sq,"dimensional: abstained (edge_profile is nominal, not a physical quantity) ; constraint: abstained (no constraint in decking.board mentions edge_profile) ; identity: abstained (edge_profile is not an identity claim) ; vocabulary: 1.00 ('square edge' is a declared term for edge_profile)"
ADB15520EW,ATTRIBUTE_LABEL 6,colour,Color,,derived,yes,,,"dimensional: abstained (colour is text, not a physical quantity) ; constraint: abstained (no constraint in decking.board mentions colour) ; identity: abstained (colour is not an identity claim) ; vocabulary: abstained (colour is text, not a controlled term)"
ADB15520EW,ATTRIBUTE_VALUE 6,colour,English Walnut,,extracted,no,,English Walnut,"dimensional: abstained (colour is text, not a physical quantity) ; constraint: abstained (no constraint in decking.board mentions colour) ; identity: abstained (colour is not an identity claim) ; vocabulary: abstained (colour is text, not a controlled term)"
ADB15520EW,ATTRIBUTE_LABEL 7,collection,Collection,,derived,yes,,,"dimensional: abstained (collection is text, not a physical quantity) ; constraint: abstained (no constraint in decking.board mentions collection) ; identity: abstained (collection is not an identity claim) ; vocabulary: abstained (collection is text, not a controlled term)"
ADB15520EW,ATTRIBUTE_VALUE 7,collection,Vintage,,extracted,no,,Vintage,"dimensional: abstained (collection is text, not a physical quantity) ; constraint: abstained (no constraint in decking.board mentions collection) ; identity: abstained (collection is not an identity claim) ; vocabulary: abstained (collection is text, not a controlled term)"
ADB15520EW,ATTRIBUTE_LABEL 8,board_type,Board Type,,derived,yes,,,"dimensional: abstained (board_type is nominal, not a physical quantity) ; constraint: abstained (no constraint in decking.board mentions board_type) ; identity: abstained (board_type is not an identity claim) ; vocabulary: 0.00 ('Azek' is not a term board_type accepts. This category allows 'deck board', 'fascia', 'riser', 'stair tread'. A plausible-sounding value outside the vocabulary is exactly the failure a confidence score does not catch.)"
ADB15520EW,ATTRIBUTE_VALUE 8,board_type,Azek,,extracted,no,,Azek,"dimensional: abstained (board_type is nominal, not a physical quantity) ; constraint: abstained (no constraint in decking.board mentions board_type) ; identity: abstained (board_type is not an identity claim) ; vocabulary: 0.00 ('Azek' is not a term board_type accepts. This category allows 'deck board', 'fascia', 'riser', 'stair tread'. A plausible-sounding value outside the vocabulary is exactly the failure a confidence score does not catch.)"
ADB15520EW,ATTRIBUTE_LABEL 9,surface_texture,Surface,,derived,yes,,,
ADB15520EW,UNSPSC,,30103604,,routed,yes,,Decking | Sq | Edge | Azek | TIMBERTECH | PVC,
ADB15520EW,LENGTH,length,20,,derived,yes,,20',"dimensional: 1.00 (20 foot is dimensionally valid for length) ; constraint: 1.00 (all 3 constraint(s) on length hold) ; identity: abstained (length is not an identity claim) ; vocabulary: abstained (length is quantity, not a controlled term)"
ADB15520EW,LENGTH_UOM,length,ft,,derived,yes,,,"dimensional: 1.00 (20 foot is dimensionally valid for length) ; constraint: 1.00 (all 3 constraint(s) on length hold) ; identity: abstained (length is not an identity claim) ; vocabulary: abstained (length is quantity, not a controlled term)"
ADB15520EW,WIDTH,nominal_width,6,,derived,yes,,6,"dimensional: 0.55 ('6' carries no unit; assuming millimeter. Unlabelled numbers are how inch/millimetre errors enter a catalog.) ; constraint: 1.00 (all 2 constraint(s) on nominal_width hold) ; identity: abstained (nominal_width is not an identity claim) ; vocabulary: abstained (nominal_width is quantity, not a controlled term)"
ADB15520EW,WIDTH_UOM,nominal_width,in,,derived,yes,,,"dimensional: 0.55 ('6' carries no unit; assuming millimeter. Unlabelled numbers are how inch/millimetre errors enter a catalog.) ; constraint: 1.00 (all 2 constraint(s) on nominal_width hold) ; identity: abstained (nominal_width is not an identity claim) ; vocabulary: abstained (nominal_width is quantity, not a controlled term)"
ADB15516MH,Dept,,Building Materials,,routed,yes,,Decking | Sq | Edge | Azek | TIMBERTECH | PVC,
ADB15516MH,Class,,Decking & Railing,,routed,yes,,Decking | Sq | Edge | Azek | TIMBERTECH | PVC,
ADB15516MH,Fine,,Composite & PVC Decking,,routed,yes,,Decking | Sq | Edge | Azek | TIMBERTECH | PVC,
ADB15516MH,Mfg_Part_Num,,ADB15516MH,,passthrough,yes,,,
ADB15516MH,Part_Desc,,1x6-16' Mahogany Sq Edge - Vintage Azek PVC Decking,,passthrough,yes,,,
ADB15516MH,E1_Brand,,TIMBERTECH,,passthrough,yes,,,
ADB15516MH,Unilog_Brand,,-- No Unilog Brand --,,passthrough,yes,,,
ADB15516MH,DIB_Brand,,-- No DIB Brand --,,passthrough,yes,,,
ADB15516MH,Part_Manuf,,Parksite (6151),,passthrough,yes,,,
ADB15516MH,MANUFACTURER_NAME,,Parksite,,passthrough,yes,,,
ADB15516MH,BRAND_NAME,,TIMBERTECH,,passthrough,yes,,,
ADB15516MH,MANUFACTURER_PART_NUMBER,,ADB15516MH,,passthrough,yes,,,
ADB15516MH,Classpath,,Building Materials>Decking & Porch>Deck Boards,,routed,yes,,Decking | Sq | Edge | Azek | TIMBERTECH | PVC,
ADB15516MH,MOBILE_DESC,,"Parksite TIMBERTECH, Composite Decking, ADB15516MH, 1 in Nominal Thickness",,composed,yes,,1,
ADB15516MH,INVOICE_DESC,,COMPOSITE DECKING 1IN 6IN 16FT PVC AZEK,,composed,yes,,1 | 6 | 16 | PVC | Azek,
ADB15516MH,SHORT_DESC,,"TIMBERTECH ADB15516MH Composite Decking, 1 in Nominal Thickness, 6 in Nominal Width, 16 ft Length, PVC",,composed,yes,,1 | 6 | 16 | PVC,
ADB15516MH,LONG_DESC1,,"TIMBERTECH Composite Decking, 1 in Nominal Thickness, 6 in Nominal Width, 16 ft Length, PVC, square edge Edge Profile, Vintage, Azek Collection, Decking Board Type, Mahogany Surface",,composed,yes,,1 | 6 | 16 | PVC | Sq | Vintage | Azek | Decking | Mahogany,
ADB15516MH,RETAIL_DESC,,"Composite Decking, 1 in Nominal Thickness, 6 in Nominal Width, 16 ft Length, PVC, square edge Edge Profile, Vintage",,composed,yes,,1 | 6 | 16 | PVC | Sq | Vintage,
ADB15516MH,ITEM_FEATURES_1,,1 in,,composed,yes,,1,
ADB15516MH,ITEM_FEATURES_2,,6 in,,composed,yes,,6,
ADB15516MH,ITEM_FEATURES_3,,16 ft,,composed,yes,,16,
ADB15516MH,ATTRIBUTE_LABEL 1,nominal_thickness,Nominal Thickness,,derived,yes,,,"dimensional: 0.55 ('1' carries no unit; assuming millimeter. Unlabelled numbers are how inch/millimetre errors enter a catalog.) ; constraint: 1.00 (all 3 constraint(s) on nominal_thickness hold) ; identity: abstained (nominal_thickness is not an identity claim) ; vocabulary: abstained (nominal_thickness is quantity, not a controlled term)"
ADB15516MH,ATTRIBUTE_VALUE 1,nominal_thickness,1,,extracted,no,,1,"dimensional: 0.55 ('1' carries no unit; assuming millimeter. Unlabelled numbers are how inch/millimetre errors enter a catalog.) ; constraint: 1.00 (all 3 constraint(s) on nominal_thickness hold) ; identity: abstained (nominal_thickness is not an identity claim) ; vocabulary: abstained (nominal_thickness is quantity, not a controlled term)"
ADB15516MH,ATTRIBUTE_UOM 1,nominal_thickness,in,,derived,no,,,"dimensional: 0.55 ('1' carries no unit; assuming millimeter. Unlabelled numbers are how inch/millimetre errors enter a catalog.) ; constraint: 1.00 (all 3 constraint(s) on nominal_thickness hold) ; identity: abstained (nominal_thickness is not an identity claim) ; vocabulary: abstained (nominal_thickness is quantity, not a controlled term)"
ADB15516MH,ATTRIBUTE_LABEL 2,nominal_width,Nominal Width,,derived,yes,,,"dimensional: 0.55 ('6' carries no unit; assuming millimeter. Unlabelled numbers are how inch/millimetre errors enter a catalog.) ; constraint: 1.00 (all 2 constraint(s) on nominal_width hold) ; identity: abstained (nominal_width is not an identity claim) ; vocabulary: abstained (nominal_width is quantity, not a controlled term)"
ADB15516MH,ATTRIBUTE_VALUE 2,nominal_width,6,,extracted,no,,6,"dimensional: 0.55 ('6' carries no unit; assuming millimeter. Unlabelled numbers are how inch/millimetre errors enter a catalog.) ; constraint: 1.00 (all 2 constraint(s) on nominal_width hold) ; identity: abstained (nominal_width is not an identity claim) ; vocabulary: abstained (nominal_width is quantity, not a controlled term)"
ADB15516MH,ATTRIBUTE_UOM 2,nominal_width,in,,derived,no,,,"dimensional: 0.55 ('6' carries no unit; assuming millimeter. Unlabelled numbers are how inch/millimetre errors enter a catalog.) ; constraint: 1.00 (all 2 constraint(s) on nominal_width hold) ; identity: abstained (nominal_width is not an identity claim) ; vocabulary: abstained (nominal_width is quantity, not a controlled term)"
ADB15516MH,ATTRIBUTE_LABEL 3,length,Length,,derived,yes,,,"dimensional: 0.55 ('16' carries no unit; assuming millimeter. Unlabelled numbers are how inch/millimetre errors enter a catalog.) ; constraint: 1.00 (all 3 constraint(s) on length hold) ; identity: abstained (length is not an identity claim) ; vocabulary: abstained (length is quantity, not a controlled term)"
ADB15516MH,ATTRIBUTE_VALUE 3,length,16,,extracted,no,,16,"dimensional: 0.55 ('16' carries no unit; assuming millimeter. Unlabelled numbers are how inch/millimetre errors enter a catalog.) ; constraint: 1.00 (all 3 constraint(s) on length hold) ; identity: abstained (length is not an identity claim) ; vocabulary: abstained (length is quantity, not a controlled term)"
ADB15516MH,ATTRIBUTE_UOM 3,length,ft,,derived,no,,,"dimensional: 0.55 ('16' carries no unit; assuming millimeter. Unlabelled numbers are how inch/millimetre errors enter a catalog.) ; constraint: 1.00 (all 3 constraint(s) on length hold) ; identity: abstained (length is not an identity claim) ; vocabulary: abstained (length is quantity, not a controlled term)"
ADB15516MH,ATTRIBUTE_LABEL 4,material,Material,,derived,yes,,,"dimensional: abstained (material is nominal, not a physical quantity) ; constraint: abstained (no constraint in decking.board mentions material) ; identity: abstained (material is not an identity claim) ; vocabulary: 1.00 ('PVC' is a declared term for material)"
ADB15516MH,ATTRIBUTE_VALUE 4,material,PVC,,extracted,no,,PVC,"dimensional: abstained (material is nominal, not a physical quantity) ; constraint: abstained (no constraint in decking.board mentions material) ; identity: abstained (material is not an identity claim) ; vocabulary: 1.00 ('PVC' is a declared term for material)"
ADB15516MH,ATTRIBUTE_LABEL 5,edge_profile,Edge Profile,,derived,yes,,,"dimensional: abstained (edge_profile is nominal, not a physical quantity) ; constraint: abstained (no constraint in decking.board mentions edge_profile) ; identity: abstained (edge_profile is not an identity claim) ; vocabulary: 1.00 ('square edge' is a declared term for edge_profile)"
ADB15516MH,ATTRIBUTE_VALUE 5,edge_profile,square edge,,extracted,no,,Sq,"dimensional: abstained (edge_profile is nominal, not a physical quantity) ; constraint: abstained (no constraint in decking.board mentions edge_profile) ; identity: abstained (edge_profile is not an identity claim) ; vocabulary: 1.00 ('square edge' is a declared term for edge_profile)"
ADB15516MH,ATTRIBUTE_LABEL 6,colour,Color,,derived,yes,,,"dimensional: abstained (colour is text, not a physical quantity) ; constraint: abstained (no constraint in decking.board mentions colour) ; identity: abstained (colour is not an identity claim) ; vocabulary: abstained (colour is text, not a controlled term)"
ADB15516MH,ATTRIBUTE_VALUE 6,colour,Vintage,,extracted,no,,Vintage,"dimensional: abstained (colour is text, not a physical quantity) ; constraint: abstained (no constraint in decking.board mentions colour) ; identity: abstained (colour is not an identity claim) ; vocabulary: abstained (colour is text, not a controlled term)"
ADB15516MH,ATTRIBUTE_LABEL 7,collection,Collection,,derived,yes,,,"dimensional: abstained (collection is text, not a physical quantity) ; constraint: abstained (no constraint in decking.board mentions collection) ; identity: abstained (collection is not an identity claim) ; vocabulary: abstained (collection is text, not a controlled term)"
ADB15516MH,ATTRIBUTE_VALUE 7,collection,Azek,,extracted,no,,Azek,"dimensional: abstained (collection is text, not a physical quantity) ; constraint: abstained (no constraint in decking.board mentions collection) ; identity: abstained (collection is not an identity claim) ; vocabulary: abstained (collection is text, not a controlled term)"
ADB15516MH,ATTRIBUTE_LABEL 8,board_type,Board Type,,derived,yes,,,"dimensional: abstained (board_type is nominal, not a physical quantity) ; constraint: abstained (no constraint in decking.board mentions board_type) ; identity: abstained (board_type is not an identity claim) ; vocabulary: 0.00 ('Decking' is not a term board_type accepts. This category allows 'deck board', 'fascia', 'riser', 'stair tread'. A plausible-sounding value outside the vocabulary is exactly the failure a confidence score does not catch.)"
ADB15516MH,ATTRIBUTE_VALUE 8,board_type,Decking,,extracted,no,,Decking,"dimensional: abstained (board_type is nominal, not a physical quantity) ; constraint: abstained (no constraint in decking.board mentions board_type) ; identity: abstained (board_type is not an identity claim) ; vocabulary: 0.00 ('Decking' is not a term board_type accepts. This category allows 'deck board', 'fascia', 'riser', 'stair tread'. A plausible-sounding value outside the vocabulary is exactly the failure a confidence score does not catch.)"
ADB15516MH,ATTRIBUTE_LABEL 9,surface_texture,Surface,,derived,yes,,,"dimensional: abstained (surface_texture is nominal, not a physical quantity) ; constraint: abstained (no constraint in decking.board mentions surface_texture) ; identity: abstained (surface_texture is not an identity claim) ; vocabulary: 0.00 ('Mahogany' is not a term surface_texture accepts. This category allows 'embossed wood grain', 'brushed', 'smooth', 'variegated'. A plausible-sounding value outside the vocabulary is exactly the failure a confidence score does not catch.)"
ADB15516MH,ATTRIBUTE_VALUE 9,surface_texture,Mahogany,,extracted,no,,Mahogany,"dimensional: abstained (surface_texture is nominal, not a physical quantity) ; constraint: abstained (no constraint in decking.board mentions surface_texture) ; identity: abstained (surface_texture is not an identity claim) ; vocabulary: 0.00 ('Mahogany' is not a term surface_texture accepts. This category allows 'embossed wood grain', 'brushed', 'smooth', 'variegated'. A plausible-sounding value outside the vocabulary is exactly the failure a confidence score does not catch.)"
ADB15516MH,UNSPSC,,30103604,,routed,yes,,Decking | Sq | Edge | Azek | TIMBERTECH | PVC,
ADB15516MH,LENGTH,length,16,,derived,yes,,16,"dimensional: 0.55 ('16' carries no unit; assuming millimeter. Unlabelled numbers are how inch/millimetre errors enter a catalog.) ; constraint: 1.00 (all 3 constraint(s) on length hold) ; identity: abstained (length is not an identity claim) ; vocabulary: abstained (length is quantity, not a controlled term)"
ADB15516MH,LENGTH_UOM,length,ft,,derived,yes,,,"dimensional: 0.55 ('16' carries no unit; assuming millimeter. Unlabelled numbers are how inch/millimetre errors enter a catalog.) ; constraint: 1.00 (all 3 constraint(s) on length hold) ; identity: abstained (length is not an identity claim) ; vocabulary: abstained (length is quantity, not a controlled term)"
ADB15516MH,WIDTH,nominal_width,6,,derived,yes,,6,"dimensional: 0.55 ('6' carries no unit; assuming millimeter. Unlabelled numbers are how inch/millimetre errors enter a catalog.) ; constraint: 1.00 (all 2 constraint(s) on nominal_width hold) ; identity: abstained (nominal_width is not an identity claim) ; vocabulary: abstained (nominal_width is quantity, not a controlled term)"
ADB15516MH,WIDTH_UOM,nominal_width,in,,derived,yes,,,"dimensional: 0.55 ('6' carries no unit; assuming millimeter. Unlabelled numbers are how inch/millimetre errors enter a catalog.) ; constraint: 1.00 (all 2 constraint(s) on nominal_width hold) ; identity: abstained (nominal_width is not an identity claim) ; vocabulary: abstained (nominal_width is quantity, not a controlled term)"
